ts,probe_id,rssi,ping_ms,jitter_ms,loss_pct,dns_ms,down_mbps,up_mbps,label
1790696192.2844896,esp32-1,-56.0,37.16067,42.088,40.0,10.0,-1.0,,NORMAL
1790696200.6020613,esp32-1,-54.0,49.8842,4.766999,0.0,60.0,-1.0,,NORMAL
1790696776.4520314,esp32-1,-54.0,25.5945,20.81,20.0,174.0,-1.0,,NORMAL
1790696836.7757285,esp32-1,-57.0,24.644,16.57633,20.0,53.0,-1.0,,NORMAL
1790696875.7271068,esp32-1,-53.0,68.4646,88.41025,0.0,188.0,-1.0,,NORMAL
1790698093.1269732,esp32-1,-52.0,43.7034,6.112,0.0,263.0,-1.0,,NORMAL
1790698112.2727346,esp32-1,-54.0,47.6972,6.4345,0.0,54.0,-1.0,,NORMAL
1790698132.9926882,esp32-1,-59.0,67.8992,85.64825,0.0,193.0,-1.0,,NORMAL
1790698167.2411115,esp32-1,-57.0,46.4018,5.78675,0.0,52.0,-1.0,,NORMAL
1790698186.6796234,esp32-1,-56.0,26.66725,28.71633,20.0,922.0,-1.0,,NORMAL
1790698650.7246454,esp32-1,-57.0,22.48025,13.98767,20.0,45.0,-1.0,,NORMAL
1790699005.0877156,esp32-1,-62.0,63.5158,80.1175,0.0,5.0,-1.0,,NORMAL
1790699106.3103228,esp32-1,-61.0,153.834,366.828,20.0,39.0,-1.0,,NORMAL
1790699270.6755986,esp32-1,-58.0,22.5485,18.30833,20.0,40.0,-1.0,,NORMAL
1790699369.8950822,esp32-1,-58.0,43.0622,7.67275,0.0,53.0,-1.0,,NORMAL
1790699434.8815546,esp32-1,-59.0,49.3666,7.319499,0.0,54.0,-1.0,,NORMAL
1790699562.1402955,esp32-1,-56.0,33.196,30.903,40.0,17.0,-1.0,,NORMAL
1790699788.1938014,esp32-1,-57.0,159.6738,153.872,20.0,5.0,-1.0,,NORMAL
1790699867.087573,esp32-1,-57.0,45.2654,6.676,0.0,54.0,-1.0,,NORMAL
1790699925.9068391,esp32-1,-63.0,36.038,30.179,20.0,23.0,-1.0,,NORMAL
1790699985.8050478,esp32-1,-55.0,34.4485,9.287333,20.0,8.0,-1.0,,NORMAL
1790700235.9240265,esp32-1,-60.0,21.83725,17.76567,20.0,32.0,-1.0,,NORMAL
1790700430.8101084,esp32-1,-60.0,31.21575,26.73,20.0,11.0,-1.0,,NORMAL
1790700711.194702,esp32-1,-61.0,42.4008,9.67575,0.0,53.0,-1.0,,NORMAL
1790700810.9306304,esp32-1,-60.0,29.42425,26.143,20.0,32.0,-1.0,,NORMAL
1790700895.420468,esp32-1,-58.0,85.6012,54.37275,0.0,257.0,-1.0,,NORMAL
1790700995.9708006,esp32-1,-62.0,31.37325,28.53367,20.0,49.0,-1.0,,NORMAL
1790701406.925502,esp32-1,-58.0,97.71725,80.618,20.0,393.0,-1.0,,NORMAL
1790701567.8776903,esp32-1,-59.0,39.6198,6.241,0.0,54.0,-1.0,,NORMAL
1790701612.1881795,esp32-1,-58.0,39.3706,5.93475,0.0,161.0,-1.0,,NORMAL
1790701656.8838992,esp32-1,-58.0,38.5606,7.017749,0.0,166.0,-1.0,,NORMAL
1790701997.8942451,esp32-1,-63.0,42.1055,43.239,20.0,51.0,-1.0,,NORMAL
1790702082.686607,esp32-1,-67.0,47.4354,21.47275,0.0,178.0,-1.0,,NORMAL
1790702093.5507703,esp32-1,-65.0,36.47175,35.91467,20.0,37.0,-1.0,,NORMAL
1790702103.7912917,esp32-1,-64.0,31.665,28.33434,20.0,4.0,-1.0,,NORMAL
1790702259.1195135,esp32-1,-68.0,128.841,75.88734,20.0,6.0,-1.0,,NORMAL
1790702546.7316213,esp32-1,-60.0,26.5515,23.466,20.0,53.0,-1.0,,NORMAL
1790702615.6977508,esp32-1,-62.0,22.72775,19.40733,20.0,31.0,-1.0,,NORMAL
1790702729.87525,esp32-1,-62.0,40.761,6.824499,0.0,53.0,-1.0,,NORMAL
1790702735.9165258,esp32-1,-64.0,47.8608,11.31175,0.0,53.0,-1.0,,NORMAL
1790702831.7338867,esp32-1,-62.0,22.49375,17.77467,20.0,53.0,-1.0,,NORMAL
1790703274.9422033,esp32-1,-55.0,40.9068,6.87625,0.0,184.0,-1.0,,NORMAL
1790703346.0671372,esp32-1,-56.0,68.3642,77.8645,0.0,50.0,-1.0,,NORMAL
1790703386.0770483,esp32-1,-56.0,78.87825,145.638,20.0,3.0,-1.0,,NORMAL
1790703504.957198,esp32-1,-56.0,45.6738,5.783499,0.0,179.0,-1.0,,NORMAL
1790703519.9640896,esp32-1,-54.0,45.2976,6.27275,0.0,180.0,-1.0,,NORMAL
1790703716.1285443,esp32-1,-58.0,34.4765,13.71933,20.0,5.0,-1.0,,NORMAL
1790704100.7536669,esp32-1,-53.0,52.6616,14.55975,0.0,51.0,-1.0,,NORMAL
1790704270.7416227,esp32-1,-57.0,57.9402,32.209,0.0,51.0,-1.0,,NORMAL
1790704326.564841,esp32-1,-53.0,21.75475,17.203,20.0,38.0,-1.0,,NORMAL
1790704476.0766938,esp32-1,-57.0,47.7094,9.564749,0.0,276.0,-1.0,,NORMAL
1790704550.8881383,esp32-1,-57.0,47.1702,8.557749,0.0,54.0,-1.0,,NORMAL
1790704701.6460392,esp32-1,-56.0,47.53525,53.19,20.0,3.0,-1.0,,NORMAL
1790704826.5927663,esp32-1,-55.0,22.134,17.65433,20.0,36.0,-1.0,,NORMAL
1790704975.8982584,esp32-1,-57.0,56.05861,45.931,0.0,60.0,-1.0,,NORMAL
1790705391.8231957,esp32-1,-57.0,27.6255,24.293,20.0,273.0,-1.0,,NORMAL
1790705455.7754345,esp32-1,-54.0,48.0284,12.3285,0.0,29.0,-1.0,,NORMAL
1790705542.2009518,esp32-1,-58.0,36.5168,13.13925,0.0,722.0,-1.0,,NORMAL
1790705756.5214295,esp32-1,-59.0,46.8226,8.074002,0.0,52.0,-1.0,,NORMAL
1790705777.479893,esp32-1,-61.0,22.3915,17.14233,20.0,229.0,-1.0,,NORMAL
1790705987.2992785,esp32-1,-60.0,21.75,17.97133,20.0,44.0,-1.0,,NORMAL
1790706182.5681708,esp32-1,-58.0,96.515,75.81699,20.0,4.0,-1.0,,NORMAL
1790706332.6549146,esp32-1,-59.0,47.4064,7.226749,0.0,53.0,-1.0,,NORMAL
1790706611.495487,esp32-1,-59.0,37.576,6.312249,0.0,3.0,-1.0,,NORMAL
1790706646.7198527,esp32-1,-59.0,87.5322,60.11275,0.0,40.0,-1.0,,NORMAL
1790706792.4464157,esp32-1,-58.0,25.69825,22.248,20.0,53.0,-1.0,,NORMAL
1790706927.774106,esp32-1,-57.0,23.842,18.91067,20.0,177.0,-1.0,,NORMAL
1790707386.8575168,esp32-1,-58.0,43.1042,6.38725,0.0,219.0,-1.0,,NORMAL
1790707406.872154,esp32-1,-59.0,70.4978,23.38975,0.0,52.0,-1.0,,NORMAL
1790707503.4994547,esp32-1,-61.0,19.68033,13.1245,40.0,12.0,-1.0,,NORMAL
1790707517.8706098,esp32-1,-61.0,25.59275,19.34233,20.0,200.0,-1.0,,NORMAL
1790707721.9216683,esp32-1,-57.0,46.9362,4.505501,0.0,250.0,-1.0,,NORMAL
1790707757.702377,esp32-1,-60.0,24.37375,18.69333,20.0,43.0,-1.0,,NORMAL
1790707762.771112,esp32-1,-58.0,39.4804,9.256,0.0,52.0,-1.0,,NORMAL
1790707982.5759404,esp32-1,-59.0,22.2295,17.844,20.0,41.0,-1.0,,NORMAL
1790708013.5670311,esp32-1,-59.0,30.30567,26.578,40.0,19.0,-1.0,,NORMAL
1790708126.969989,esp32-1,-63.0,43.4426,6.84425,0.0,257.0,-1.0,,NORMAL
1790708296.9403925,esp32-1,-61.0,48.024,7.10175,0.0,222.0,-1.0,,NORMAL
1790708437.6641128,esp32-1,-63.0,24.56475,20.479,20.0,46.0,-1.0,,NORMAL
1790708467.853268,esp32-1,-63.0,22.4885,17.79833,20.0,278.0,-1.0,,NORMAL
1790708682.93494,esp32-1,-60.0,32.2425,9.756001,20.0,44.0,-1.0,,NORMAL
1790708707.600704,esp32-1,-57.0,22.527,18.362,20.0,38.0,-1.0,,NORMAL
1790708742.9285803,esp32-1,-62.0,27.04875,24.279,20.0,201.0,-1.0,,NORMAL
1790708849.6588771,esp32-1,-60.0,28.351,14.65433,20.0,53.0,-1.0,,NORMAL
1790708911.9970312,esp32-1,-60.0,41.9378,6.72875,0.0,266.0,-1.0,,NORMAL
1790708948.14763,esp32-1,-60.0,136.9925,160.512,20.0,3.0,-1.0,,NORMAL
1790708953.8059173,esp32-1,-58.0,23.96325,19.995,20.0,52.0,-1.0,,NORMAL
1790709226.9503918,esp32-1,-59.0,40.7602,6.665,0.0,253.0,-1.0,,NORMAL
1790709262.8826127,esp32-1,-60.0,47.976,4.47125,0.0,53.0,-1.0,,NORMAL
1790709466.882213,esp32-1,-62.0,39.7034,9.014001,0.0,182.0,-1.0,,NORMAL
1790709541.947644,esp32-1,-58.0,38.7678,6.12725,0.0,246.0,-1.0,,NORMAL
1790709547.109091,esp32-1,-59.0,86.62801,88.11175,0.0,53.0,-1.0,,NORMAL
1790709556.9111836,esp32-1,-57.0,38.857,6.48225,0.0,196.0,-1.0,,NORMAL
1790709687.632494,esp32-1,-61.0,25.7375,20.366,20.0,25.0,-1.0,,NORMAL
1790709827.8878758,esp32-1,-58.0,91.91725,152.837,20.0,3.0,-1.0,,NORMAL
1790709852.629172,esp32-1,-58.0,23.35425,19.20367,20.0,26.0,-1.0,,NORMAL
1790709937.882841,esp32-1,-57.0,40.154,7.23225,0.0,53.0,-1.0,,NORMAL
1790710352.978283,esp32-1,-60.0,68.2442,83.77225,0.0,52.0,-1.0,,NORMAL
1790710553.6077683,esp32-1,-58.0,20.15133,12.7735,40.0,3.0,-1.0,,NORMAL
1790710711.9615085,esp32-1,-60.0,42.52439,7.106501,0.0,156.0,-1.0,,NORMAL
1790711112.695248,esp32-1,-58.0,23.42075,17.72967,20.0,36.0,-1.0,,NORMAL
1790711202.6897557,esp32-1,-57.0,22.55125,16.02267,20.0,34.0,-1.0,,NORMAL
1790711238.770209,esp32-1,-60.0,25.77925,22.45667,20.0,57.0,-1.0,,NORMAL
1790711942.9967985,esp32-1,-62.0,47.6036,5.533,0.0,53.0,-1.0,,NORMAL
1790712222.1051133,esp32-1,-60.0,80.05479,59.23075,0.0,47.0,-1.0,,NORMAL
1790712271.9749951,esp32-1,-61.0,43.8028,6.333749,0.0,53.0,-1.0,,NORMAL
1790712367.7349668,esp32-1,-61.0,24.212,19.40466,20.0,27.0,-1.0,,NORMAL
1790712621.8997722,esp32-1,-60.0,46.6286,6.596748,0.0,52.0,-1.0,,NORMAL
1790712738.0477302,esp32-1,-58.0,79.424,67.76234,20.0,4.0,-1.0,,NORMAL
1790712992.7929547,esp32-1,-60.0,25.04225,21.62367,20.0,53.0,-1.0,,NORMAL
1790713038.7096603,esp32-1,-61.0,23.91467,13.183,40.0,3.0,-1.0,,NORMAL
1790713459.4102418,esp32-1,-60.0,23.9115,18.92333,20.0,127.0,-1.0,,NORMAL
1790713483.7205951,esp32-1,-62.0,88.71,117.0035,0.0,52.0,-1.0,,NORMAL
1790713990.264533,esp32-1,-60.0,81.4006,114.998,0.0,264.0,-1.0,,NORMAL
1790714030.865398,esp32-1,-61.0,23.76525,19.706,20.0,48.0,-1.0,,NORMAL
1790714145.147563,esp32-1,-59.0,87.3658,119.078,0.0,46.0,-1.0,,NORMAL
1790714190.134122,esp32-1,-63.0,44.382,6.36625,0.0,232.0,-1.0,,NORMAL
1790714606.4853635,esp32-1,-59.0,23.84825,18.2,20.0,40.0,-1.0,,NORMAL
1790714611.624316,esp32-1,-62.0,64.2635,71.55666,20.0,15.0,-1.0,,NORMAL
1790714893.1067686,esp32-1,-60.0,81.50974,168.221,20.0,3.0,-1.0,,NORMAL
1790715097.197019,esp32-1,-59.0,39.5478,6.39525,0.0,258.0,-1.0,,NORMAL
1790715373.9493923,esp32-1,-61.0,102.4484,112.0895,0.0,466.0,-1.0,,NORMAL
1790715824.510998,esp32-1,-62.0,26.99625,19.685,20.0,227.0,-1.0,,NORMAL
1790715925.2440238,esp32-1,-59.0,23.09433,27.035,40.0,8.0,-1.0,,NORMAL
1790716253.6455357,esp32-1,-60.0,73.85201,41.493,0.0,18.0,-1.0,,NORMAL
1790716870.1383028,esp32-1,-60.0,44.5216,5.803749,0.0,238.0,-1.0,,NORMAL
1790717120.9625363,esp32-1,-57.0,23.896,19.46633,20.0,243.0,-1.0,,NORMAL
1790717651.007042,esp32-1,-57.0,23.8395,18.88933,20.0,269.0,-1.0,,NORMAL
1790717710.903495,esp32-1,-58.0,22.481,15.625,20.0,4.0,-1.0,,NORMAL
1790718109.923133,esp32-1,-59.0,42.1842,6.99875,0.0,57.0,-1.0,,NORMAL
1790718340.0241942,esp32-1,-59.0,46.4378,6.338251,0.0,53.0,-1.0,,NORMAL
1790718525.8859477,esp32-1,-59.0,22.139,17.755,20.0,43.0,-1.0,,NORMAL
1790718565.1675208,esp32-1,-59.0,43.267,6.65175,0.0,272.0,-1.0,,NORMAL
1790718570.8479524,esp32-1,-60.0,23.55675,16.31133,20.0,33.0,-1.0,,NORMAL
1790718610.0670078,esp32-1,-58.0,42.826,6.849251,0.0,53.0,-1.0,,NORMAL
1790718636.295251,esp32-1,-59.0,25.82575,18.12367,20.0,52.0,-1.0,,NORMAL
1790718726.0896702,esp32-1,-56.0,25.17875,21.518,20.0,258.0,-1.0,,NORMAL
1790718755.8877666,esp32-1,-59.0,23.92375,13.677,20.0,52.0,-1.0,,NORMAL
1790718790.1617122,esp32-1,-58.0,40.6548,5.640001,0.0,271.0,-1.0,,NORMAL
1790718830.950411,esp32-1,-59.0,23.28525,18.65833,20.0,51.0,-1.0,,NORMAL
1790718835.1089182,esp32-1,-56.0,40.246,8.1855,0.0,215.0,-1.0,,NORMAL
1790718985.1926105,esp32-1,-57.0,38.306,7.1535,0.0,243.0,-1.0,,NORMAL
1790719205.9531128,esp32-1,-59.0,23.234,18.65633,20.0,29.0,-1.0,,NORMAL
1790719410.1472375,esp32-1,-57.0,63.6084,81.9925,0.0,38.0,-1.0,,NORMAL
1790719495.9631112,esp32-1,-58.0,21.793,17.11833,20.0,51.0,-1.0,,NORMAL
1790719645.845327,esp32-1,-60.0,23.1835,18.53567,20.0,37.0,-1.0,,NORMAL
1790719681.1097806,esp32-1,-59.0,27.28625,24.23233,20.0,156.0,-1.0,,NORMAL
1790719775.1692812,esp32-1,-58.0,42.2626,8.08875,0.0,237.0,-1.0,,NORMAL
1790719826.7919023,esp32-1,-60.0,21.24767,27.904,40.0,4.0,-1.0,,NORMAL
1790719880.2875826,esp32-1,-61.0,40.9628,6.63225,0.0,204.0,-1.0,,NORMAL
1790719997.0609677,esp32-1,-57.0,22.16475,17.413,20.0,55.0,-1.0,,NORMAL
1790720045.7023375,esp32-1,-58.0,36.0908,8.853251,0.0,777.0,-1.0,,NORMAL
1790720256.8098593,esp32-1,-58.0,20.997,12.6995,40.0,3.0,-1.0,,NORMAL
1790720760.866898,esp32-1,-59.0,24.92275,17.40433,20.0,2.0,-1.0,,NORMAL
1790720805.298953,esp32-1,-56.0,44.719,4.226,0.0,264.0,-1.0,,NORMAL
1790721181.2247708,esp32-1,-55.0,40.4748,6.318501,0.0,53.0,-1.0,,NORMAL
1790721806.1969275,esp32-1,-55.0,45.8798,5.577501,0.0,53.0,-1.0,,NORMAL
1790721830.3007596,esp32-1,-57.0,38.2068,6.768999,0.0,221.0,-1.0,,NORMAL
1790721871.019725,esp32-1,-58.0,23.5705,16.10233,20.0,40.0,-1.0,,NORMAL
1790721930.2345817,esp32-1,-62.0,51.14939,8.275751,0.0,51.0,-1.0,,NORMAL
1790721986.003431,esp32-1,-52.0,41.39175,64.22833,20.0,30.0,-1.0,,NORMAL
1790722216.9375038,esp32-1,-60.0,19.87933,25.757,40.0,4.0,-1.0,,NORMAL
1790722226.2564645,esp32-1,-59.0,41.1732,6.327999,0.0,57.0,-1.0,,NORMAL
1790722275.9256086,esp32-1,-60.0,57.8506,18.79475,0.0,747.0,-1.0,,NORMAL
1790722480.2797573,esp32-1,-59.0,38.8902,6.414501,0.0,254.0,-1.0,,NORMAL
1790722895.1280868,esp32-1,-61.0,47.49,6.173749,0.0,53.0,-1.0,,NORMAL
1790722976.11657,esp32-1,-63.0,22.04075,17.30234,20.0,180.0,-1.0,,NORMAL
1790723185.9873986,esp32-1,-58.0,22.24275,17.578,20.0,42.0,-1.0,,NORMAL
1790723315.4214623,esp32-1,-59.0,42.0906,6.16925,0.0,208.0,-1.0,,NORMAL
1790723536.0106852,esp32-1,-58.0,22.41025,16.171,20.0,51.0,-1.0,,NORMAL
1790723680.3982253,esp32-1,-59.0,44.2618,5.558,0.0,250.0,-1.0,,NORMAL
1790723845.2644937,esp32-1,-60.0,42.0114,7.9905,0.0,52.0,-1.0,,NORMAL
1790723905.1858916,esp32-1,-75.0,41.057,6.04875,0.0,53.0,-1.0,,NORMAL
1790723976.285533,esp32-1,-59.0,22.96825,18.445,20.0,213.0,-1.0,,NORMAL
1790724051.149332,esp32-1,-61.0,22.15675,16.18167,20.0,174.0,-1.0,,NORMAL
1790724141.0332277,esp32-1,-61.0,22.78275,16.66,20.0,44.0,-1.0,,NORMAL
1790724661.422806,esp32-1,-60.0,37.8218,6.10275,0.0,53.0,-1.0,,NORMAL
1790724675.4529424,esp32-1,-60.0,37.7606,22.90025,0.0,202.0,-1.0,,NORMAL
1790724692.2017877,esp32-1,-60.0,28.32925,25.67567,20.0,53.0,-1.0,,NORMAL
1790724716.2105355,esp32-1,-58.0,22.65,16.241,20.0,38.0,-1.0,,NORMAL
1790724860.3430955,esp32-1,-58.0,41.9488,5.649499,0.0,218.0,-1.0,,NORMAL
1790724871.2014542,esp32-1,-59.0,25.027,20.81667,20.0,184.0,-1.0,,NORMAL
1790725070.431169,esp32-1,-59.0,39.507,6.465999,0.0,251.0,-1.0,,NORMAL
1790725136.1668258,esp32-1,-59.0,27.30225,16.143,20.0,2.0,-1.0,,NORMAL
1790725386.238133,esp32-1,-58.0,34.2735,5.789,20.0,44.0,-1.0,,NORMAL
1790725740.399745,esp32-1,-60.0,44.0206,5.9915,0.0,232.0,-1.0,,NORMAL
1790725881.0803792,esp32-1,-58.0,22.09175,17.40867,20.0,32.0,-1.0,,NORMAL
1790725980.4424765,esp32-1,-57.0,40.7626,6.401,0.0,275.0,-1.0,,NORMAL
1790726205.417782,esp32-1,-60.0,79.877,61.98,0.0,51.0,-1.0,,NORMAL
1790726545.406742,esp32-1,-58.0,47.1668,5.87925,0.0,184.0,-1.0,,NORMAL
1790726796.4402113,esp32-1,-58.0,27.68725,24.46867,20.0,193.0,-1.0,,NORMAL
1790726866.129373,esp32-1,-59.0,21.5455,16.84133,20.0,37.0,-1.0,,NORMAL
1790727135.4610634,esp32-1,-58.0,47.4742,6.10525,0.0,212.0,-1.0,,NORMAL
1790727415.371765,esp32-1,-60.0,37.4798,6.530501,0.0,53.0,-1.0,,NORMAL
1790728046.1704576,esp32-1,-59.0,21.83175,17.24167,20.0,38.0,-1.0,,NORMAL
1790728051.353798,esp32-1,-59.0,26.97025,23.927,20.0,208.0,-1.0,,NORMAL
1790728201.3770792,esp32-1,-58.0,24.26075,20.15133,20.0,233.0,-1.0,,NORMAL
1790728511.450878,esp32-1,-58.0,44.5242,6.161251,0.0,53.0,-1.0,,NORMAL
1790728600.391506,esp32-1,-58.0,43.3918,8.197249,0.0,52.0,-1.0,,NORMAL
1790728735.3301113,esp32-1,-58.0,41.4742,6.293,0.0,52.0,-1.0,,NORMAL
1790728856.4003575,esp32-1,-59.0,39.7774,5.64225,0.0,53.0,-1.0,,NORMAL
1790728995.3541088,esp32-1,-59.0,44.6046,6.2085,0.0,52.0,-1.0,,NORMAL
1790729091.2091072,esp32-1,-58.0,23.10875,17.392,20.0,33.0,-1.0,,NORMAL
1790729487.2149813,esp32-1,-58.0,20.05567,12.6245,40.0,5.0,-1.0,,NORMAL
1790729496.474879,esp32-1,-58.0,47.2846,6.35725,0.0,54.0,-1.0,,NORMAL
1790729645.38489,esp32-1,-59.0,46.628,6.114501,0.0,52.0,-1.0,,NORMAL
1790729696.241481,esp32-1,-58.0,22.635,15.71933,20.0,49.0,-1.0,,NORMAL
1790729715.6040888,esp32-1,-60.0,38.8748,6.624251,0.0,224.0,-1.0,,NORMAL
1790729771.2485435,esp32-1,-59.0,24.5335,11.18067,20.0,36.0,-1.0,,NORMAL
1790729836.461497,esp32-1,-58.0,27.979,25.252,20.0,242.0,-1.0,,NORMAL
1790729851.4110985,esp32-1,-58.0,27.65325,23.17767,20.0,193.0,-1.0,,NORMAL
1790730061.267367,esp32-1,-58.0,23.6085,19.329,20.0,53.0,-1.0,,NORMAL
1790730460.3505328,esp32-1,-61.0,41.8898,5.575,0.0,3.0,-1.0,,NORMAL
1790730490.7248282,esp32-1,-61.0,61.97561,72.921,0.0,276.0,-1.0,,NORMAL
1790730495.8884158,esp32-1,-61.0,89.469,111.617,0.0,259.0,-1.0,,NORMAL
1790730846.2824285,esp32-1,-58.0,22.768,17.84433,20.0,37.0,-1.0,,NORMAL
1790731141.5015266,esp32-1,-59.0,39.5836,6.611001,0.0,53.0,-1.0,,NORMAL
1790731290.4112082,esp32-1,-58.0,37.83,6.169751,0.0,53.0,-1.0,,NORMAL
1790731426.4365594,esp32-1,-59.0,26.02175,22.261,20.0,53.0,-1.0,,NORMAL
1790731456.4362524,esp32-1,-60.0,25.602,21.89833,20.0,53.0,-1.0,,NORMAL
1790731486.3342285,esp32-1,-57.0,25.00175,21.41533,20.0,54.0,-1.0,,NORMAL
1790731630.728609,esp32-1,-59.0,46.5048,6.17575,0.0,270.0,-1.0,,NORMAL
1790731636.3674967,esp32-1,-58.0,22.63025,18.23867,20.0,53.0,-1.0,,NORMAL
1790731790.684059,esp32-1,-58.0,37.9606,6.19825,0.0,263.0,-1.0,,NORMAL
1790732235.7384524,esp32-1,-59.0,45.879,6.916749,0.0,253.0,-1.0,,NORMAL
1790732611.3485909,esp32-1,-59.0,22.42475,9.444667,20.0,3.0,-1.0,,NORMAL
1790732705.7650268,esp32-1,-58.0,45.7898,5.32675,0.0,270.0,-1.0,,NORMAL
1790732730.6538303,esp32-1,-59.0,38.8198,9.158251,0.0,189.0,-1.0,,NORMAL
1790732876.474415,esp32-1,-60.0,21.7185,17.08433,20.0,41.0,-1.0,,NORMAL
1790733065.4936469,esp32-1,-58.0,40.5622,6.650499,0.0,53.0,-1.0,,NORMAL
1790733090.9119768,esp32-1,-60.0,74.6286,98.18626,0.0,253.0,-1.0,,NORMAL
1790733240.8274257,esp32-1,-60.0,72.9566,111.7315,0.0,175.0,-1.0,,NORMAL
1790733385.515286,esp32-1,-61.0,43.1576,6.19425,0.0,53.0,-1.0,,NORMAL
1790733450.919603,esp32-1,-60.0,90.3086,146.619,0.0,214.0,-1.0,,NORMAL
1790733486.4054186,esp32-1,-60.0,22.48775,17.50033,20.0,63.0,-1.0,,NORMAL
1790733510.5950158,esp32-1,-60.0,48.1416,6.447499,0.0,3.0,-1.0,,NORMAL
1790734200.720261,esp32-1,-62.0,42.1026,6.59,0.0,228.0,-1.0,,NORMAL
1790734256.4869423,esp32-1,-60.0,24.08375,17.29233,20.0,53.0,-1.0,,NORMAL
1790734295.825135,esp32-1,-59.0,47.621,6.496,0.0,227.0,-1.0,,NORMAL
1790734415.8215723,esp32-1,-57.0,45.9668,6.079,0.0,247.0,-1.0,,NORMAL
1790734481.4314904,esp32-1,-60.0,21.91075,17.35267,20.0,48.0,-1.0,,NORMAL
1790734711.4501648,esp32-1,-56.0,25.0955,16.30567,20.0,53.0,-1.0,,NORMAL
1790735136.5746424,esp32-1,-61.0,54.702,57.78833,20.0,45.0,-1.0,,NORMAL
1790735211.4699185,esp32-1,-59.0,25.70325,17.50533,20.0,53.0,-1.0,,NORMAL
1790735591.61217,esp32-1,-60.0,27.7645,24.775,20.0,54.0,-1.0,,NORMAL
1790735817.5630646,esp32-1,-61.0,23.42625,17.387,20.0,54.0,-1.0,,NORMAL
1790735861.5530694,esp32-1,-60.0,23.31475,18.31233,20.0,50.0,-1.0,,NORMAL
1790735966.47926,esp32-1,-59.0,22.01375,16.38933,20.0,49.0,-1.0,,NORMAL
1790736131.595746,esp32-1,-61.0,22.41175,15.88766,20.0,40.0,-1.0,,NORMAL
1790736565.845143,esp32-1,-60.0,46.012,6.07375,0.0,240.0,-1.0,,NORMAL
1790736626.7654817,esp32-1,-59.0,45.3028,6.625,0.0,53.0,-1.0,,NORMAL
1790736756.6687343,esp32-1,-60.0,26.80375,23.47767,20.0,53.0,-1.0,,NORMAL
1790736885.6912253,esp32-1,-60.0,48.6528,6.805503,0.0,53.0,-1.0,,NORMAL
1790736902.4872174,esp32-1,-59.0,19.789,12.59,40.0,3.0,-1.0,,NORMAL
1790737011.626464,esp32-1,-59.0,22.569,18.217,20.0,114.0,-1.0,,NORMAL
1790737210.5957837,esp32-1,-60.0,38.8458,6.71525,0.0,3.0,-1.0,,NORMAL
1790737541.6495254,esp32-1,-60.0,24.04125,20.06634,20.0,124.0,-1.0,,NORMAL
1790737670.8821585,esp32-1,-60.0,46.8896,5.340251,0.0,235.0,-1.0,,NORMAL
1790737721.5545285,esp32-1,-57.0,23.976,20.55867,20.0,44.0,-1.0,,NORMAL
1790737985.7131658,esp32-1,-60.0,42.8262,5.959,0.0,53.0,-1.0,,NORMAL
1790738087.752055,esp32-1,-60.0,24.229,19.98933,20.0,53.0,-1.0,,NORMAL
1790738101.5246933,esp32-1,-61.0,23.9985,20.01,20.0,3.0,-1.0,,NORMAL
1790738180.7969208,esp32-1,-60.0,40.0332,6.6555,0.0,52.0,-1.0,,NORMAL
1790738281.5661788,esp32-1,-61.0,24.1885,18.529,20.0,40.0,-1.0,,NORMAL
1790738421.7413373,esp32-1,-59.0,53.66525,56.454,20.0,57.0,-1.0,,NORMAL
1790738517.604457,esp32-1,-60.0,21.70167,28.636,40.0,6.0,-1.0,,NORMAL
1790738955.7898855,esp32-1,-60.0,42.5272,6.9695,0.0,54.0,-1.0,,NORMAL
1790739030.8529613,esp32-1,-61.0,41.4428,6.5935,0.0,53.0,-1.0,,NORMAL
1790739311.6020515,esp32-1,-60.0,23.53575,18.33567,20.0,35.0,-1.0,,NORMAL
1790739350.757206,esp32-1,-61.0,43.7104,6.178501,0.0,54.0,-1.0,,NORMAL
1790739466.6520965,esp32-1,-61.0,26.0305,12.21767,20.0,51.0,-1.0,,NORMAL
1790739530.8096604,esp32-1,-61.0,41.4032,10.8755,0.0,55.0,-1.0,,NORMAL
1790739541.3354309,esp32-1,-58.0,136.7732,134.9538,0.0,52.0,-1.0,,NORMAL
1790739550.859141,esp32-1,-60.0,47.854,6.83225,0.0,54.0,-1.0,,NORMAL
1790739636.9177058,esp32-1,-59.0,39.8296,9.055999,0.0,62.0,-1.0,,NORMAL
1790739877.8352728,esp32-1,-60.0,26.54425,23.50967,20.0,53.0,-1.0,,NORMAL
1790740026.791845,esp32-1,-56.0,22.315,18.386,20.0,195.0,-1.0,,NORMAL
1790740161.7604666,esp32-1,-59.0,23.10775,18.454,20.0,155.0,-1.0,,NORMAL
1790740236.760893,esp32-1,-60.0,22.19825,17.96767,20.0,46.0,-1.0,,NORMAL
1790740261.8989155,esp32-1,-61.0,44.583,6.28975,0.0,53.0,-1.0,,NORMAL
1790740456.879846,esp32-1,-58.0,41.7204,6.871749,0.0,77.0,-1.0,,NORMAL
1790740641.990833,esp32-1,-58.0,47.034,6.32,0.0,53.0,-1.0,,NORMAL
1790740766.663934,esp32-1,-59.0,24.46125,19.34966,20.0,39.0,-1.0,,NORMAL
1790740877.761952,esp32-1,-58.0,28.068,24.711,20.0,53.0,-1.0,,NORMAL
1790741282.718385,esp32-1,-61.0,22.306,13.425,40.0,3.0,-1.0,,NORMAL
1790741721.877232,esp32-1,-58.0,23.873,19.74333,20.0,219.0,-1.0,,NORMAL
1790741796.887143,esp32-1,-58.0,22.7395,18.08667,20.0,179.0,-1.0,,NORMAL
1790741812.8903368,esp32-1,-58.0,22.56825,17.92667,20.0,53.0,-1.0,,NORMAL
1790741831.962987,esp32-1,-60.0,39.7524,7.79375,0.0,54.0,-1.0,,NORMAL
1790741871.7124343,esp32-1,-59.0,22.53075,17.67867,20.0,49.0,-1.0,,NORMAL
1790742356.688873,esp32-1,-60.0,22.42475,17.191,20.0,3.0,-1.0,,NORMAL
1790742480.9468288,esp32-1,-62.0,38.0974,6.248751,0.0,129.0,-1.0,,NORMAL
1790742721.861497,esp32-1,-61.0,24.536,20.187,20.0,155.0,-1.0,,NORMAL
1790742776.9434023,esp32-1,-62.0,47.9314,7.012499,0.0,53.0,-1.0,,NORMAL
1790742892.0429137,esp32-1,-61.0,39.4606,6.38275,0.0,53.0,-1.0,,NORMAL
1790742916.8903074,esp32-1,-60.0,22.47025,18.09067,20.0,48.0,-1.0,,NORMAL
1790743025.9588995,esp32-1,-60.0,37.5796,6.61275,0.0,144.0,-1.0,,NORMAL
1790743162.9139123,esp32-1,-60.0,26.311,23.17267,20.0,52.0,-1.0,,NORMAL
1790743191.9671998,esp32-1,-61.0,25.128,21.49467,20.0,236.0,-1.0,,NORMAL
1790743386.7700226,esp32-1,-65.0,23.76975,21.28767,20.0,46.0,-1.0,,NORMAL
1790743857.0519664,esp32-1,-64.0,24.74475,19.423,20.0,254.0,-1.0,,NORMAL
1790743876.023795,esp32-1,-62.0,64.187,79.92075,0.0,45.0,-1.0,,NORMAL
1790743882.041956,esp32-1,-62.0,48.9352,3.810501,0.0,53.0,-1.0,,NORMAL
1790744052.0517497,esp32-1,-60.0,22.612,18.06533,20.0,233.0,-1.0,,NORMAL
1790744115.9061356,esp32-1,-64.0,38.855,6.53075,0.0,53.0,-1.0,,NORMAL
1790744291.8029718,esp32-1,-64.0,23.13,16.532,20.0,33.0,-1.0,,NORMAL
1790744451.7622902,esp32-1,-61.0,21.64075,8.594666,20.0,4.0,-1.0,,NORMAL
1790744606.0628448,esp32-1,-59.0,46.1202,5.86,0.0,116.0,-1.0,,NORMAL
1790745889.654027,pc,-54.0,28.0,0.6666666666666666,0.0,0.7865428924560547,-1.0,,NORMAL
1790745904.6284924,pc,-52.0,29.0,3.333333333333333,0.0,9.155511856079102,-1.0,,NORMAL
1790745999.6669583,pc,-52.0,27.0,0.0,0.0,0.7314682006835938,-1.0,,NORMAL
1790746252.787392,pc,-54.0,29.5,3.0,0.0,10.82921028137207,-1.0,,NORMAL
1790746267.7970462,pc,-55.0,29.75,7.333333333333333,0.0,10.598182678222656,-1.0,,NORMAL
1790746317.7868042,pc,-54.0,27.75,1.3333333333333333,0.0,0.8490085601806641,-1.0,,NORMAL
1790746327.7788954,pc,-53.0,28.0,1.3333333333333333,0.0,9.345769882202148,-1.0,,NORMAL
1790746337.7842696,pc,-54.0,29.5,2.0,0.0,1.1022090911865234,-1.0,,NORMAL
1790746473.9850743,esp32-1,-8.0,24.57575,18.82433,20.0,270.0,-1.0,,NORMAL
1790746575.5646267,pc,-55.0,29.5,2.6666666666666665,0.0,0.8840560913085938,-1.0,,NORMAL
1790746583.348994,esp32-1,-16.0,74.652,48.05825,0.0,311.0,-1.0,,NORMAL
1790746585.572333,pc,-54.0,27.25,0.6666666666666666,0.0,10.499715805053713,-1.0,,NORMAL
1790746700.5587528,pc,-53.0,28.5,2.333333333333333,0.0,0.7793903350830078,-1.0,,NORMAL
1790746778.1233811,esp32-1,-38.0,40.9602,6.10275,0.0,179.0,-1.0,,NORMAL
1790747034.395573,pc,-52.0,61.5,49.0,0.0,0.8063316345214844,-1.0,,NORMAL
1790747039.3872738,pc,-50.0,141.25,104.33333333333331,0.0,0.7090568542480469,-1.0,,WIFI_WEAK
1790747039.865378,esp32-1,-43.0,20.17067,26.2285,40.0,5.0,-1.0,,WIFI_WEAK
1790747044.324289,esp32-1,-43.0,22.716,17.91767,20.0,490.0,-1.0,,WIFI_WEAK
1790747044.424427,pc,-50.0,166.25,179.0,0.0,0.6144046783447266,-1.0,,WIFI_WEAK
1790747048.0621302,esp32-1,-41.0,41.445,5.939249,0.0,53.0,-1.0,,WIFI_WEAK
1790747049.194751,pc,-50.0,29.5,1.6666666666666667,0.0,0.9717941284179688,-1.0,,WIFI_WEAK
1790747053.0760694,esp32-1,-43.0,48.1264,7.532001,0.0,53.0,-1.0,,WIFI_WEAK
1790747054.262301,pc,-51.0,94.0,169.33333333333334,0.0,10.672569274902344,-1.0,,WIFI_WEAK
1790747058.8649487,esp32-1,-43.0,24.2035,17.67633,20.0,52.0,-1.0,,WIFI_WEAK
1790747059.4725456,pc,-50.0,87.25,80.0,0.0,5.625486373901367,-1.0,,WIFI_WEAK
1790747063.0105164,esp32-1,-42.0,41.1338,6.429751,0.0,6.0,-1.0,,WIFI_WEAK
1790747070.7874017,pc,-52.0,28.5,2.333333333333333,0.0,1.317739486694336,12.76276848771136,,WIFI_WEAK
1790747071.4070709,esp32-1,-69.0,414.4526,219.648,40.0,33.0,-1.0,,WIFI_WEAK
1790747073.9736388,esp32-1,-77.0,24.80375,20.56267,20.0,53.0,-1.0,,WIFI_WEAK
1790747074.554222,pc,-50.0,136.75,147.0,0.0,10.293245315551758,-1.0,,WIFI_WEAK
1790747078.147157,esp32-1,-71.0,41.551,6.238,0.0,206.0,-1.0,,WIFI_WEAK
1790747079.237111,pc,-53.0,31.0,5.0,0.0,1.4455318450927734,-1.0,,WIFI_WEAK
1790747084.2195437,pc,-53.0,31.75,3.0,0.0,1.6574859619140625,-1.0,,WIFI_WEAK
1790747086.3728292,esp32-1,-93.0,58.077,32.1,60.0,466.0,-1.0,,WIFI_WEAK
1790747089.2616131,pc,-52.0,36.25,6.666666666666667,0.0,15.474081039428713,-1.0,,WIFI_WEAK
1790747090.9724796,esp32-1,-86.0,47.5815,32.947,60.0,5.0,-1.0,,WIFI_WEAK
1790747093.4333217,esp32-1,-83.0,41.366,5.33875,0.0,374.0,-1.0,,WIFI_WEAK
1790747094.2344854,pc,-50.0,108.5,108.0,0.0,0.921010971069336,-1.0,,WIFI_WEAK
1790747099.0815983,esp32-1,-82.0,48.1664,21.74475,0.0,52.0,-1.0,,WIFI_WEAK
1790747099.2448475,pc,-53.0,33.75,6.666666666666667,0.0,0.8296966552734375,-1.0,,WIFI_WEAK
1790747103.9776723,esp32-1,-86.0,29.17125,20.42633,20.0,33.0,-1.0,,WIFI_WEAK
1790747104.5569036,pc,-51.0,107.0,100.33333333333331,0.0,10.194778442382812,-1.0,,WIFI_WEAK
1790747108.177835,esp32-1,-81.0,62.0334,38.0455,0.0,53.0,-1.0,,WIFI_WEAK
1790747109.262082,pc,-51.0,90.75,85.0,0.0,0.8413791656494141,-1.0,,WIFI_WEAK
1790747114.2217093,pc,-51.0,39.5,16.0,0.0,0.7717609405517578,-1.0,,WIFI_WEAK
1790747118.8207514,esp32-1,-84.0,50.5296,5.794749,0.0,42.0,-1.0,,WIFI_WEAK
1790747119.596,pc,-56.0,103.75,51.0,0.0,172.36828804016113,-1.0,,WIFI_WEAK
1790747120.4081967,esp32-1,-84.0,101.375,145.5932,0.0,583.0,-1.0,,WIFI_WEAK
1790747120.898727,esp32-1,-84.0,50.5296,5.794749,0.0,42.0,-1.0,,WIFI_WEAK
1790747124.2181756,pc,-50.0,124.25,124.0,0.0,0.7357597351074219,-1.0,,WIFI_WEAK
1790747124.6381853,esp32-1,-85.0,46.8596,5.153501,0.0,259.0,-1.0,,WIFI_WEAK
1790747129.2423675,pc,-54.0,34.75,18.33333333333333,0.0,0.7505416870117188,-1.0,,WIFI_WEAK
1790747130.6017475,esp32-1,-87.0,38.09875,39.87067,20.0,4.0,-1.0,,WIFI_WEAK
1790747134.2284093,pc,-50.0,35.75,10.0,0.0,8.543729782104492,-1.0,,WIFI_WEAK
1790747134.9037938,esp32-1,-85.0,39.703,13.6095,0.0,229.0,-1.0,,WIFI_WEAK
1790747139.2271996,pc,-52.0,28.75,2.0,0.0,0.7193088531494141,-1.0,,WIFI_WEAK
1790747139.8193166,esp32-1,-83.0,46.761,5.25925,0.0,53.0,-1.0,,WIFI_WEAK
1790747144.2350662,pc,-52.0,32.0,6.333333333333333,0.0,4.609107971191406,-1.0,,WIFI_WEAK
1790747145.4957037,esp32-1,-82.0,42.63425,41.39967,20.0,13.0,-1.0,,WIFI_WEAK
1790747149.2399597,pc,-53.0,32.0,10.0,0.0,9.31859016418457,-1.0,,WIFI_WEAK
1790747152.6679804,esp32-1,-85.0,39.6656,7.6805,0.0,3.0,-1.0,,WIFI_WEAK
1790747154.2170112,pc,-53.0,34.0,8.666666666666666,0.0,0.7319450378417969,-1.0,,WIFI_WEAK
1790747154.975543,esp32-1,-83.0,46.6342,4.72575,0.0,3.0,-1.0,,WIFI_WEAK
1790747155.6912897,esp32-1,-85.0,39.6656,7.6805,0.0,3.0,-1.0,,WIFI_WEAK
1790747159.2136345,pc,-50.0,35.5,9.666666666666666,0.0,1.3713836669921875,-1.0,,WIFI_WEAK
1790747159.69825,esp32-1,-84.0,53.3298,38.89925,0.0,52.0,-1.0,,WIFI_WEAK
1790747164.220205,pc,-52.0,27.5,1.3333333333333333,0.0,9.804248809814451,-1.0,,WIFI_WEAK
1790747164.8325984,esp32-1,-82.0,39.4856,6.029,0.0,52.0,-1.0,,WIFI_WEAK
1790747169.2405417,pc,-52.0,83.5,145.66666666666666,0.0,0.978708267211914,-1.0,,WIFI_WEAK
1790747169.9295385,esp32-1,-84.0,46.2616,6.269499,0.0,54.0,-1.0,,WIFI_WEAK
1790747174.2096052,pc,-50.0,30.0,1.3333333333333333,0.0,0.7395744323730469,-1.0,,WIFI_WEAK
1790747174.7097178,esp32-1,-82.0,53.1604,35.81325,0.0,301.0,-1.0,,WIFI_WEAK
1790747179.2321916,pc,-51.0,31.75,6.666666666666667,0.0,15.059709548950195,-1.0,,WIFI_WEAK
1790747179.719479,esp32-1,-88.0,39.5194,6.03875,0.0,53.0,-1.0,,WIFI_WEAK
1790747184.3014398,pc,-50.0,34.0,10.0,0.0,43.55192184448242,-1.0,,WIFI_WEAK
1790747187.323281,esp32-1,-84.0,46.1732,8.507998,0.0,373.0,-1.0,,WIFI_WEAK
1790747189.2104406,pc,-51.0,27.75,1.0,0.0,0.7035732269287109,-1.0,,WIFI_WEAK
1790747194.295706,pc,-50.0,33.75,8.0,0.0,14.619588851928713,-1.0,,WIFI_WEAK
1790747199.2505274,pc,-53.0,32.75,8.0,0.0,0.9088516235351562,-1.0,,WIFI_WEAK
1790747201.0557833,esp32-1,-84.0,32.882,0.0,80.0,34.0,-1.0,,WIFI_WEAK
1790747204.253739,pc,-53.0,41.75,35.333333333333336,0.0,0.6134510040283203,-1.0,,WIFI_WEAK
1790747208.8092897,esp32-1,-84.0,46.1732,8.507998,0.0,373.0,-1.0,,WIFI_WEAK
1790747209.4020026,pc,-53.0,90.25,100.33333333333331,0.0,12.12143898010254,-1.0,,WIFI_WEAK
1790747214.2499297,pc,-53.0,62.25,93.66666666666669,0.0,5.129814147949219,-1.0,,WIFI_WEAK
1790747219.2052507,pc,-53.0,95.25,183.0,0.0,0.7331371307373047,-1.0,,WIFI_WEAK
1790747224.260306,pc,-53.0,81.0,145.0,0.0,0.7927417755126953,-1.0,,WIFI_WEAK
1790747229.242529,pc,-50.0,94.75,177.66666666666666,0.0,0.7309913635253906,-1.0,,WIFI_WEAK
1790747234.2508042,pc,-53.0,98.25,183.0,0.0,0.9088516235351562,-1.0,,WIFI_WEAK
1790747236.8205156,esp32-1,-81.0,66.96267,18.222,40.0,37.0,-1.0,,WIFI_WEAK
1790747237.6626766,esp32-1,-84.0,46.1732,8.507998,0.0,373.0,-1.0,,WIFI_WEAK
1790747237.8699274,esp32-1,-81.0,18.7435,26.423,60.0,67.0,-1.0,,WIFI_WEAK
1790747238.4699528,esp32-1,-87.0,62.94267,79.412,40.0,7.0,-1.0,,WIFI_WEAK
1790747239.0679915,esp32-1,-85.0,56.227,0.0,80.0,8.0,-1.0,,WIFI_WEAK
1790747239.2345335,pc,-50.0,146.5,203.0,0.0,9.635210037231444,-1.0,,WIFI_WEAK
1790747239.9058952,esp32-1,-81.0,18.7435,26.423,60.0,67.0,-1.0,,WIFI_WEAK
1790747242.970194,esp32-1,-82.0,18.7435,26.423,100.0,3704.0,-1.0,,WIFI_WEAK
1790747244.213029,esp32-1,-83.0,55.068,14.9565,0.0,53.0,-1.0,,WIFI_WEAK
1790747244.2508304,pc,-51.0,105.5,205.0,0.0,0.8988380432128906,-1.0,,WIFI_WEAK
1790747249.209414,pc,-53.0,29.5,2.6666666666666665,0.0,0.7646083831787109,-1.0,,WIFI_WEAK
1790747251.140319,esp32-1,-90.0,33.79875,24.62667,20.0,52.0,-1.0,,WIFI_WEAK
1790747254.2738547,pc,-52.0,28.5,1.6666666666666667,0.0,12.98975944519043,-1.0,,WIFI_WEAK
1790747254.7574632,esp32-1,-89.0,47.766,5.3405,0.0,255.0,-1.0,,WIFI_WEAK
1790747259.275545,pc,-53.0,29.25,3.0,0.0,0.7228851318359375,-1.0,,WIFI_WEAK
1790747259.9466684,esp32-1,-83.0,25.78925,16.715,20.0,47.0,-1.0,,WIFI_WEAK
1790747264.0567057,esp32-1,-82.0,41.4682,6.172,0.0,51.0,-1.0,,WIFI_WEAK
1790747264.2505927,pc,-53.0,46.25,43.0,0.0,6.267547607421875,-1.0,,WIFI_WEAK
1790747269.2774432,pc,-52.0,84.5,102.66666666666669,0.0,15.631914138793944,-1.0,,WIFI_WEAK
1790747271.41142,esp32-1,-85.0,35.73767,6.188499,40.0,431.0,-1.0,,WIFI_WEAK
1790747274.2465906,pc,-53.0,61.5,87.0,0.0,0.7433891296386719,-1.0,,WIFI_WEAK
1790747276.1208868,esp32-1,-81.0,32.426,5.622001,40.0,10.0,-1.0,,WIFI_WEAK
1790747279.2493038,pc,-52.0,68.75,106.66666666666669,0.0,1.3196468353271484,-1.0,,WIFI_WEAK
1790747282.0575385,esp32-1,-85.0,33.172,2.542002,60.0,6.0,-1.0,,WIFI_WEAK
1790747284.2573044,pc,-52.0,139.0,297.0,0.0,11.143207550048828,-1.0,,WIFI_WEAK
1790747289.2681265,pc,-51.0,83.0,143.33333333333334,0.0,0.7412433624267578,-1.0,,WIFI_WEAK
1790747290.0527763,esp32-1,-87.0,38.639,51.382,60.0,460.0,-1.0,,WIFI_WEAK
1790747292.3376186,esp32-1,-89.0,43.7558,8.939251,0.0,54.0,-1.0,,WIFI_WEAK
1790747294.2185478,pc,-50.0,87.25,156.0,0.0,0.7605552673339844,-1.0,,WIFI_WEAK
1790747299.2947776,pc,-53.0,93.75,171.0,0.0,10.081768035888672,-1.0,,WIFI_WEAK
1790747300.495189,esp32-1,-81.0,602.0363,434.444,40.0,741.0,-1.0,,WIFI_WEAK
1790747301.7408702,esp32-1,-92.0,50.2652,7.256751,0.0,53.0,-1.0,,WIFI_WEAK
1790747304.2483313,pc,-53.0,43.0,39.0,0.0,12.544870376586914,-1.0,,WIFI_WEAK
1790747309.2550523,pc,-51.0,28.75,3.0,0.0,0.8945465087890625,-1.0,,WIFI_WEAK
1790747314.2716248,pc,-53.0,28.25,1.6666666666666667,0.0,10.264873504638672,-1.0,,WIFI_WEAK
1790747315.134032,esp32-1,-86.0,30.093,1.398,40.0,51.0,-1.0,,WIFI_WEAK
1790747315.7880092,esp32-1,-81.0,27.36175,22.50266,20.0,52.0,-1.0,,WIFI_WEAK
1790747319.2487705,pc,-52.0,75.0,62.333333333333336,0.0,1.021623611450195,-1.0,,WIFI_WEAK
1790747324.2399805,pc,-53.0,28.0,2.333333333333333,0.0,0.7646083831787109,-1.0,,WIFI_WEAK
1790747325.9923315,esp32-1,-87.0,119.361,53.545,40.0,3107.0,-1.0,,WIFI_WEAK
1790747327.1802182,esp32-1,-86.0,48.0188,16.8355,0.0,7.0,-1.0,,WIFI_WEAK
1790747329.2273252,pc,-50.0,112.25,107.0,0.0,9.445667266845703,-1.0,,WIFI_WEAK
1790747332.951623,esp32-1,-87.0,35.16775,27.81333,20.0,8.0,-1.0,,WIFI_WEAK
1790747334.245445,pc,-53.0,154.75,333.0,0.0,0.7276535034179688,-1.0,,WIFI_WEAK
1790747339.2729182,pc,-51.0,28.75,3.333333333333333,0.0,10.23244857788086,-1.0,,WIFI_WEAK
1790747342.3385932,esp32-1,-87.0,37.191,12.1455,40.0,3489.0,-1.0,,WIFI_WEAK
1790747344.2473898,pc,-53.0,29.5,3.0,0.0,0.7474422454833984,-1.0,,WIFI_WEAK
1790747345.343387,esp32-1,-89.0,34.45333,34.9205,40.0,10.0,-1.0,,WIFI_WEAK
1790747349.2693715,pc,-53.0,28.25,2.333333333333333,0.0,0.7359981536865234,-1.0,,WIFI_WEAK
1790747350.065713,esp32-1,-80.0,62.9896,61.06075,0.0,910.0,-1.0,,WIFI_WEAK
1790747353.7393756,esp32-1,-90.0,52.5542,14.3105,0.0,44.0,-1.0,,WIFI_WEAK
1790747354.2588131,pc,-52.0,32.25,6.666666666666667,0.0,0.7252693176269531,-1.0,,WIFI_WEAK
1790747359.248794,pc,-53.0,28.0,1.0,0.0,11.210918426513672,-1.0,,WIFI_WEAK
1790747364.2446551,pc,-53.0,29.75,2.333333333333333,0.0,0.7309913635253906,-1.0,,WIFI_WEAK
1790747364.910309,esp32-1,-82.0,55.221,24.658,60.0,1112.0,-1.0,,WIFI_WEAK
1790747369.25715,pc,-53.0,27.25,1.3333333333333333,0.0,0.7584095001220703,-1.0,,WIFI_WEAK
1790747369.9529524,esp32-1,-82.0,45.3395,32.761,60.0,571.0,-1.0,,WIFI_WEAK
1790747380.6177204,pc,-50.0,32.25,5.666666666666667,0.0,11.980533599853516,13.238731718844733,,WIFI_WEAK
1790747384.0886073,pc,-53.0,69.0,59.0,0.0,0.9601116180419922,-1.0,,WIFI_WEAK
1790747388.9951246,esp32-1,-87.0,35.647,0.0,80.0,9.0,-1.0,,WIFI_WEAK
1790747389.099445,pc,-50.0,33.5,10.666666666666666,0.0,18.34869384765625,-1.0,,WIFI_WEAK
1790747389.6272762,esp32-1,-82.0,851.336,0.0,80.0,3807.0,-1.0,,WIFI_WEAK
1790747394.12967,pc,-52.0,38.75,15.666666666666666,0.0,0.7088184356689453,-1.0,,WIFI_WEAK
1790747395.3393185,esp32-1,-80.0,88.31824,57.64867,20.0,3665.0,-1.0,,WIFI_WEAK
1790747399.1697552,pc,-52.0,51.0,29.0,0.0,1.3203620910644531,-1.0,,WIFI_WEAK
1790747404.0243645,esp32-1,-83.0,31.62333,4.111,40.0,3168.0,-1.0,,WIFI_WEAK
1790747404.09521,pc,-50.0,29.25,1.6666666666666667,0.0,10.158061981201172,-1.0,,WIFI_WEAK
1790747406.6859848,esp32-1,-83.0,57.5194,7.627748,0.0,62.0,-1.0,,WIFI_WEAK
1790747409.084541,pc,-53.0,162.25,119.33333333333331,0.0,0.7450580596923828,-1.0,,WIFI_WEAK
1790747410.4691043,esp32-1,-89.0,64.3586,17.7315,0.0,53.0,-1.0,,WIFI_WEAK
1790747414.1162488,pc,-51.0,34.75,10.333333333333334,0.0,10.584354400634766,-1.0,,WIFI_WEAK
1790747419.1303885,pc,-52.0,40.75,16.0,0.0,10.045766830444336,-1.0,,WIFI_WEAK
1790747424.08406,pc,-52.0,31.75,3.333333333333333,0.0,0.9424686431884766,-1.0,,WIFI_WEAK
1790747425.4407146,esp32-1,-90.0,43.54,0.0,80.0,667.0,-1.0,,WIFI_WEAK
1790747426.036895,esp32-1,-85.0,58.47467,36.915,40.0,183.0,-1.0,,WIFI_WEAK
1790747426.343371,esp32-1,-85.0,58.47467,36.915,40.0,183.0,-1.0,,WIFI_WEAK
1790747427.3923533,esp32-1,-89.0,48.8794,7.01,0.0,53.0,-1.0,,WIFI_WEAK
1790747429.085934,pc,-53.0,31.25,2.333333333333333,0.0,0.72479248046875,-1.0,,WIFI_WEAK
1790747432.5880246,esp32-1,-84.0,60.0644,28.97,0.0,33.0,-1.0,,WIFI_WEAK
1790747434.1047964,pc,-50.0,88.75,102.66666666666669,0.0,13.17906379699707,-1.0,,WIFI_WEAK
1790747438.3634746,esp32-1,-83.0,42.8842,8.83875,0.0,1013.0,-1.0,,WIFI_WEAK
1790747439.092919,pc,-51.0,33.25,6.333333333333333,0.0,0.7355213165283203,-1.0,,WIFI_WEAK
1790747443.5634415,esp32-1,-90.0,95.9715,53.59667,20.0,7.0,-1.0,,WIFI_WEAK
1790747444.199678,pc,-53.0,47.5,26.666666666666668,0.0,60.56475639343262,-1.0,,WIFI_WEAK
1790747449.1031425,pc,-50.0,30.0,3.0,0.0,10.431528091430664,-1.0,,WIFI_WEAK
1790747454.0759623,pc,-53.0,31.75,4.333333333333333,0.0,0.8685588836669922,-1.0,,WIFI_WEAK
1790747457.676443,esp32-1,-83.0,38.285,15.203,20.0,7.0,-1.0,,WIFI_WEAK
1790747458.4506817,esp32-1,-86.0,29.596,0.0,80.0,10.0,-1.0,,WIFI_WEAK
1790747459.1080008,pc,-51.0,73.0,103.0,0.0,0.8440017700195312,-1.0,,WIFI_WEAK
1790747461.905495,esp32-1,-92.0,56.1588,4.505751,0.0,39.0,-1.0,,WIFI_WEAK
1790747464.077026,pc,-50.0,27.75,0.6666666666666666,0.0,13.895273208618164,-1.0,,WIFI_WEAK
1790747469.0874572,pc,-50.0,28.25,2.0,0.0,24.7802734375,-1.0,,WIFI_WEAK
1790747474.0945446,pc,-52.0,28.25,1.6666666666666667,0.0,0.759124755859375,-1.0,,WIFI_WEAK
1790747479.0609264,pc,-53.0,28.5,2.0,0.0,9.61589813232422,-1.0,,WIFI_WEAK
1790747482.8765645,esp32-1,-91.0,28.5,2.0,100.0,21.0,-1.0,,WIFI_WEAK
1790747483.3025537,esp32-1,-91.0,28.5,2.0,100.0,649.0,-1.0,,WIFI_WEAK
1790747484.0080748,esp32-1,-91.0,28.5,2.0,100.0,21.0,-1.0,,WIFI_WEAK
1790747484.1005094,pc,-52.0,40.25,15.0,0.0,0.9067058563232422,-1.0,,WIFI_WEAK
1790747489.066996,pc,-50.0,31.25,4.333333333333333,0.0,0.8928775787353516,-1.0,,WIFI_WEAK
1790747493.527412,esp32-1,-84.0,73.401,0.0,80.0,10.0,-1.0,,WIFI_WEAK
1790747494.122002,pc,-53.0,28.0,1.0,0.0,13.863325119018556,-1.0,,WIFI_WEAK
1790747495.4073207,esp32-1,-86.0,30.64825,28.204,20.0,27.0,-1.0,,WIFI_WEAK
1790747499.087972,pc,-53.0,94.0,159.0,0.0,5.352497100830078,-1.0,,WIFI_WEAK
1790747499.65058,esp32-1,-82.0,40.9316,12.4285,0.0,167.0,-1.0,,WIFI_WEAK
1790747504.1190972,pc,-58.0,29.75,2.333333333333333,0.0,0.7114410400390625,-1.0,,WIFI_WEAK
1790747504.566905,esp32-1,-84.0,47.6918,8.618501,0.0,53.0,-1.0,,WIFI_WEAK
1790747509.1097744,pc,-58.0,27.5,1.3333333333333333,0.0,15.119791030883787,-1.0,,WIFI_WEAK
1790747510.5346785,esp32-1,-85.0,68.0835,70.936,20.0,3.0,-1.0,,WIFI_WEAK
1790747514.093289,pc,-50.0,31.25,3.0,0.0,0.8552074432373047,-1.0,,WIFI_WEAK
1790747514.5335538,esp32-1,-90.0,40.8646,6.02325,0.0,52.0,-1.0,,WIFI_WEAK
1790747519.0884695,pc,-52.0,30.5,8.333333333333334,0.0,1.115560531616211,-1.0,,WIFI_WEAK
1790747519.5535378,esp32-1,-89.0,47.6278,6.406249,0.0,52.0,-1.0,,WIFI_WEAK
1790747524.1130648,pc,-55.0,28.0,2.0,0.0,10.386466979980469,-1.0,,WIFI_WEAK
1790747525.4721248,esp32-1,-86.0,24.2705,19.01833,20.0,51.0,-1.0,,WIFI_WEAK
1790747529.0815363,pc,-53.0,27.5,0.6666666666666666,0.0,0.6937980651855469,-1.0,,WIFI_WEAK
1790747529.732694,esp32-1,-90.0,40.559,8.69275,0.0,56.0,-1.0,,WIFI_WEAK
1790747534.0871854,pc,-53.0,28.5,3.6666666666666665,0.0,0.8327960968017578,-1.0,,WIFI_WEAK
1790747534.7494044,esp32-1,-90.0,47.4942,6.142251,0.0,258.0,-1.0,,WIFI_WEAK
1790747539.0537996,pc,-54.0,28.0,1.0,0.0,8.237123489379883,-1.0,,WIFI_WEAK
1790747543.3894758,esp32-1,-84.0,27.49325,19.604,20.0,524.0,-1.0,,WIFI_WEAK
1790747544.1377609,pc,-52.0,37.0,12.333333333333334,0.0,7.162809371948242,-1.0,,WIFI_WEAK
1790747544.6615603,esp32-1,-89.0,49.5864,24.1825,0.0,8.0,-1.0,,WIFI_WEAK
1790747549.0679142,pc,-53.0,73.0,60.66666666666666,0.0,0.8957386016845703,-1.0,,WIFI_WEAK
1790747550.672665,esp32-1,-85.0,67.9425,136.8417,20.0,46.0,-1.0,,WIFI_WEAK
1790747554.1109755,pc,-54.0,73.25,60.66666666666666,0.0,10.76674461364746,-1.0,,WIFI_WEAK
1790747555.412883,esp32-1,-90.0,25.23775,11.36533,20.0,44.0,-1.0,,WIFI_WEAK
1790747559.048988,pc,-53.0,29.5,5.0,0.0,0.7879734039306641,-1.0,,WIFI_WEAK
1790747559.5258286,esp32-1,-90.0,40.3238,5.81325,0.0,53.0,-1.0,,WIFI_WEAK
1790747564.108054,pc,-53.0,29.0,2.6666666666666665,0.0,0.7250308990478516,-1.0,,WIFI_WEAK
1790747564.8960173,esp32-1,-92.0,47.5224,6.285002,0.0,264.0,-1.0,,WIFI_WEAK
1790747569.1546426,pc,-53.0,35.5,10.333333333333334,0.0,10.817527770996094,-1.0,,WIFI_WEAK
1790747570.6315904,esp32-1,-89.0,50.78975,90.57067,20.0,51.0,-1.0,,WIFI_WEAK
1790747574.063943,pc,-53.0,57.5,38.0,0.0,0.7700920104980469,-1.0,,WIFI_WEAK
1790747575.6908755,esp32-1,-86.0,40.5586,8.100999,0.0,53.0,-1.0,,WIFI_WEAK
1790747579.0695417,pc,-54.0,72.0,59.333333333333336,0.0,0.7503032684326172,-1.0,,WIFI_WEAK
1790747579.8482442,esp32-1,-88.0,47.4478,5.631501,0.0,211.0,-1.0,,WIFI_WEAK
1790747584.120443,pc,-53.0,27.75,1.0,0.0,13.042211532592772,-1.0,,WIFI_WEAK
1790747586.6135044,esp32-1,-89.0,39.5215,31.5,20.0,933.0,-1.0,,WIFI_WEAK
1790747589.0786948,pc,-52.0,60.5,59.333333333333336,0.0,7.291555404663086,-1.0,,WIFI_WEAK
1790747591.3744192,esp32-1,-88.0,32.39734,0.375,40.0,21.0,-1.0,,WIFI_WEAK
1790747594.0937214,pc,-53.0,28.5,1.3333333333333333,0.0,0.8373260498046875,-1.0,,WIFI_WEAK
1790747594.9008162,esp32-1,-87.0,47.281,8.407249,0.0,263.0,-1.0,,WIFI_WEAK
1790747599.0973706,pc,-54.0,123.5,130.0,0.0,9.144067764282228,-1.0,,WIFI_WEAK
1790747600.4253707,esp32-1,-88.0,27.14175,23.03933,20.0,38.0,-1.0,,WIFI_WEAK
1790747604.1013217,pc,-53.0,36.25,11.0,0.0,1.933574676513672,-1.0,,WIFI_WEAK
1790747605.6533542,esp32-1,-88.0,63.812,120.3517,20.0,26.0,-1.0,,WIFI_WEAK
1790747609.0582118,pc,-54.0,62.0,46.66666666666666,0.0,0.7965564727783203,-1.0,,WIFI_WEAK
1790747609.7936656,esp32-1,-91.0,47.225,6.00875,0.0,216.0,-1.0,,WIFI_WEAK
1790747614.1230798,pc,-53.0,29.25,2.0,0.0,13.152599334716797,-1.0,,WIFI_WEAK
1790747615.485308,esp32-1,-92.0,28.692,12.267,20.0,32.0,-1.0,,WIFI_WEAK
1790747619.0535932,pc,-54.0,27.0,0.0,0.0,0.7398128509521484,-1.0,,WIFI_WEAK
1790747619.7858768,esp32-1,-90.0,40.1742,6.9065,0.0,184.0,-1.0,,WIFI_WEAK
1790747624.096644,pc,-54.0,28.0,0.6666666666666666,0.0,0.7245540618896484,-1.0,,WIFI_WEAK
1790747624.766389,esp32-1,-91.0,46.8758,4.85025,0.0,268.0,-1.0,,WIFI_WEAK
1790747629.0837512,pc,-52.0,29.0,2.333333333333333,0.0,18.50605010986328,-1.0,,WIFI_WEAK
1790747630.5360515,esp32-1,-88.0,25.159,19.94333,20.0,44.0,-1.0,,WIFI_WEAK
1790747634.056424,pc,-53.0,34.5,9.0,0.0,0.7832050323486328,-1.0,,WIFI_WEAK
1790747635.4539282,esp32-1,-90.0,76.7428,52.5075,0.0,688.0,-1.0,,WIFI_WEAK
1790747639.0887344,pc,-53.0,72.25,117.66666666666669,0.0,0.9007453918457032,-1.0,,WIFI_WEAK
1790747640.614369,esp32-1,-88.0,61.297,26.98667,20.0,5.0,-1.0,,WIFI_WEAK
1790747644.0640788,pc,-53.0,109.0,113.33333333333331,0.0,11.501789093017578,-1.0,,WIFI_WEAK
1790747645.4410534,esp32-1,-85.0,27.0085,20.16933,20.0,39.0,-1.0,,WIFI_WEAK
1790747649.1070306,pc,-51.0,136.0,128.66666666666666,0.0,3.795623779296875,-1.0,,WIFI_WEAK
1790747650.6105268,esp32-1,-88.0,30.81625,15.13233,20.0,184.0,-1.0,,WIFI_WEAK
1790747654.0970862,pc,-54.0,50.25,28.666666666666668,0.0,0.7538795471191406,-1.0,,WIFI_WEAK
1790747654.698171,esp32-1,-89.0,66.9222,67.0005,0.0,53.0,-1.0,,WIFI_WEAK
1790747659.1200342,pc,-53.0,29.5,1.3333333333333333,0.0,9.515047073364258,-1.0,,WIFI_WEAK
1790747660.423578,esp32-1,-90.0,23.755,18.36667,20.0,49.0,-1.0,,WIFI_WEAK
1790747664.0733747,pc,-54.0,28.75,3.333333333333333,0.0,0.9527206420898438,-1.0,,WIFI_WEAK
1790747665.5568535,esp32-1,-89.0,45.21475,67.70334,20.0,4.0,-1.0,,WIFI_WEAK
1790747669.1134653,pc,-53.0,37.75,15.333333333333334,0.0,0.7336139678955078,-1.0,,WIFI_WEAK
1790747669.957579,esp32-1,-90.0,46.5912,6.04725,0.0,53.0,-1.0,,WIFI_WEAK
1790747674.1156712,pc,-53.0,28.0,1.0,0.0,11.068344116210938,-1.0,,WIFI_WEAK
1790747675.414976,esp32-1,-89.0,24.22275,15.18867,20.0,48.0,-1.0,,WIFI_WEAK
1790747679.0972333,pc,-52.0,30.5,4.666666666666667,0.0,0.9059906005859376,-1.0,,WIFI_WEAK
1790747680.513489,esp32-1,-87.0,31.28675,3.761002,20.0,10.0,-1.0,,WIFI_WEAK
1790747685.3651545,esp32-1,-86.0,41.5408,25.21475,0.0,860.0,-1.0,,WIFI_WEAK
1790747688.9958832,pc,-53.0,29.25,4.0,0.0,0.766754150390625,17.10119699765571,,WIFI_WEAK
1790747690.0342083,esp32-1,-90.0,53.3082,17.7225,0.0,364.0,-1.0,,WIFI_WEAK
1790747692.695253,pc,-54.0,169.75,155.0,0.0,0.7231235504150391,-1.0,,WIFI_WEAK
1790747694.6407795,esp32-1,-90.0,39.353,9.85,0.0,53.0,-1.0,,WIFI_WEAK
1790747697.686711,pc,-53.0,29.75,2.333333333333333,0.0,244.9069023132324,-1.0,,WIFI_WEAK
1790747700.5947485,esp32-1,-85.0,50.70325,70.46867,20.0,3.0,-1.0,,WIFI_WEAK
1790747702.4426649,pc,-53.0,31.25,5.333333333333333,0.0,0.9238719940185548,-1.0,,WIFI_WEAK
1790747706.5212705,esp32-1,-90.0,30.41667,2.817498,40.0,4.0,-1.0,,WIFI_WEAK
1790747707.4649775,pc,-53.0,31.75,6.333333333333333,0.0,14.389276504516602,-1.0,,WIFI_WEAK
1790747709.5388734,esp32-1,-86.0,46.8998,16.4945,0.0,13.0,-1.0,,WIFI_WEAK
1790747712.4405208,pc,-53.0,29.0,2.333333333333333,0.0,4.263877868652344,-1.0,,WIFI_WEAK
1790747714.5549238,esp32-1,-89.0,46.0114,6.355,0.0,55.0,-1.0,,WIFI_WEAK
1790747717.4370332,pc,-51.0,27.25,1.6666666666666667,0.0,0.7188320159912109,-1.0,,WIFI_WEAK
1790747720.445664,esp32-1,-86.0,28.37175,17.1,20.0,29.0,-1.0,,WIFI_WEAK
1790747722.451002,pc,-53.0,28.75,1.3333333333333333,0.0,10.178565979003906,-1.0,,WIFI_WEAK
1790747725.5133038,esp32-1,-89.0,59.7345,39.88767,20.0,5.0,-1.0,,WIFI_WEAK
1790747727.4266782,pc,-54.0,30.25,7.333333333333333,0.0,0.9510517120361328,-1.0,,WIFI_WEAK
1790747729.7920566,esp32-1,-88.0,45.62,6.566501,0.0,53.0,-1.0,,WIFI_WEAK
1790747732.429552,pc,-53.0,29.0,2.333333333333333,0.0,0.7424354553222656,-1.0,,WIFI_WEAK
1790747735.5027387,esp32-1,-88.0,24.99025,16.61367,20.0,39.0,-1.0,,WIFI_WEAK
1790747737.4160686,pc,-54.0,28.5,1.0,0.0,8.525848388671875,-1.0,,WIFI_WEAK
1790747739.800871,esp32-1,-89.0,38.8082,6.045,0.0,205.0,-1.0,,WIFI_WEAK
1790747742.4321032,pc,-54.0,27.5,0.6666666666666666,0.0,0.8683204650878906,-1.0,,WIFI_WEAK
1790747744.5665529,esp32-1,-87.0,51.2582,33.25725,0.0,24.0,-1.0,,WIFI_WEAK
1790747747.4280095,pc,-54.0,28.0,1.3333333333333333,0.0,0.8761882781982422,-1.0,,WIFI_WEAK
1790747750.4111598,esp32-1,-85.0,24.40475,20.455,20.0,41.0,-1.0,,WIFI_WEAK
1790747752.5451312,pc,-54.0,27.75,1.0,0.0,92.70548820495604,-1.0,,WIFI_WEAK
1790747754.7516353,esp32-1,-89.0,38.5568,6.6575,0.0,155.0,-1.0,,WIFI_WEAK
1790747757.4399688,pc,-53.0,28.0,1.0,0.0,0.9765625,-1.0,,WIFI_WEAK
1790747760.643362,esp32-1,-88.0,45.4376,5.807501,0.0,55.0,-1.0,,WIFI_WEAK
1790747762.4082696,pc,-54.0,28.0,1.3333333333333333,0.0,0.8766651153564453,-1.0,,WIFI_WEAK
1790747766.377648,esp32-1,-86.0,27.38633,34.742,40.0,15.0,-1.0,,WIFI_WEAK
1790747767.4634676,pc,-54.0,34.0,12.333333333333334,0.0,23.79584312438965,-1.0,,WIFI_WEAK
1790747770.5352497,esp32-1,-88.0,29.21575,24.97367,20.0,55.0,-1.0,,WIFI_WEAK
1790747772.4002943,pc,-54.0,27.75,1.3333333333333333,0.0,0.7925033569335938,-1.0,,WIFI_WEAK
1790747774.618,esp32-1,-88.0,52.473,15.22425,0.0,15.0,-1.0,,WIFI_WEAK
1790747777.4274783,pc,-53.0,28.0,1.3333333333333333,0.0,1.0578632354736328,-1.0,,WIFI_WEAK
1790747780.6603265,esp32-1,-90.0,26.116,21.814,20.0,31.0,-1.0,,WIFI_WEAK
1790747782.4590538,pc,-52.0,62.25,41.66666666666666,0.0,10.065555572509766,-1.0,,WIFI_WEAK
1790747784.827391,esp32-1,-88.0,58.8796,34.27375,0.0,260.0,-1.0,,WIFI_WEAK
1790747787.4379132,pc,-54.0,30.25,5.333333333333333,0.0,0.7407665252685547,-1.0,,WIFI_WEAK
1790747789.7737205,esp32-1,-86.0,45.0234,6.148501,0.0,53.0,-1.0,,WIFI_WEAK
1790747792.4568374,pc,-53.0,27.75,1.0,0.0,1.0242462158203125,-1.0,,WIFI_WEAK
1790747796.487448,esp32-1,-92.0,37.34275,34.95967,20.0,925.0,-1.0,,WIFI_WEAK
1790747797.4601552,pc,-54.0,33.75,9.0,0.0,10.404348373413086,-1.0,,WIFI_WEAK
1790747800.528426,esp32-1,-90.0,29.0285,25.093,20.0,54.0,-1.0,,WIFI_WEAK
1790747802.4386013,pc,-53.0,40.25,17.333333333333332,0.0,0.8037090301513672,-1.0,,WIFI_WEAK
1790747805.3417034,esp32-1,-85.0,42.089,23.9945,0.0,863.0,-1.0,,WIFI_WEAK
1790747807.4176962,pc,-54.0,46.5,24.666666666666668,0.0,0.7565021514892578,-1.0,,WIFI_WEAK
1790747809.5922322,esp32-1,-89.0,51.6612,2.586501,0.0,52.0,-1.0,,WIFI_WEAK
1790747812.4126148,pc,-54.0,52.25,33.333333333333336,0.0,9.731531143188477,-1.0,,WIFI_WEAK
1790747814.7567203,esp32-1,-92.0,79.0174,53.6325,0.0,55.0,-1.0,,WIFI_WEAK
1790747817.463817,pc,-52.0,61.5,46.0,0.0,0.8149147033691406,-1.0,,WIFI_WEAK
1790747821.0339978,esp32-1,-90.0,143.0618,104.8777,20.0,143.0,-1.0,,WIFI_WEAK
1790747822.4155009,pc,-52.0,106.75,159.0,0.0,4.518032073974609,-1.0,,WIFI_WEAK
1790747826.6409814,esp32-1,-88.0,63.89075,42.87633,20.0,782.0,-1.0,,WIFI_WEAK
1790747827.4711866,pc,-54.0,76.25,66.66666666666667,0.0,11.890172958374023,-1.0,,WIFI_WEAK
1790747830.5167508,esp32-1,-89.0,49.10325,24.319,20.0,19.0,-1.0,,WIFI_WEAK
1790747832.459251,pc,-53.0,84.0,76.0,0.0,10.00690460205078,-1.0,,WIFI_WEAK
1790747834.9336011,esp32-1,-88.0,45.1392,9.596,0.0,50.0,-1.0,,WIFI_WEAK
1790747837.4538426,pc,-53.0,103.0,85.66666666666667,0.0,0.7946491241455078,-1.0,,WIFI_WEAK
1790747842.481036,pc,-53.0,28.75,1.3333333333333333,0.0,14.122724533081056,-1.0,,WIFI_WEAK
1790747843.498675,esp32-1,-81.0,59.35175,13.868,20.0,6.0,-1.0,,WIFI_WEAK
1790747846.5047414,esp32-1,-86.0,27.20075,18.54133,20.0,53.0,-1.0,,WIFI_WEAK
1790747847.434311,pc,-52.0,32.75,9.0,0.0,0.6966590881347656,-1.0,,WIFI_WEAK
1790747850.8051867,esp32-1,-88.0,43.6658,7.0965,0.0,55.0,-1.0,,WIFI_WEAK
1790747852.447326,pc,-53.0,27.5,1.0,0.0,0.7390975952148438,-1.0,,WIFI_WEAK
1790747855.892461,esp32-1,-91.0,44.31175,40.287,20.0,438.0,-1.0,,WIFI_WEAK
1790747857.4243045,pc,-55.0,27.75,0.3333333333333333,0.0,9.24539566040039,-1.0,,WIFI_WEAK
1790747860.5361102,esp32-1,-86.0,30.13625,25.78967,20.0,39.0,-1.0,,WIFI_WEAK
1790747862.6705432,pc,-54.0,86.5,77.66666666666667,0.0,0.7207393646240234,-1.0,,WIFI_WEAK
1790747865.9656343,esp32-1,-87.0,104.524,96.32,20.0,5.0,-1.0,,WIFI_WEAK
1790747867.4638069,pc,-55.0,47.75,50.0,0.0,0.9183883666992188,-1.0,,WIFI_WEAK
1790747870.442033,esp32-1,-88.0,26.55425,14.84567,20.0,22.0,-1.0,,WIFI_WEAK
1790747872.4393024,pc,-54.0,27.75,1.3333333333333333,0.0,10.423898696899414,-1.0,,WIFI_WEAK
1790747875.4894288,esp32-1,-89.0,26.40025,14.79733,20.0,56.0,-1.0,,WIFI_WEAK
1790747877.4194214,pc,-52.0,29.0,3.333333333333333,0.0,0.8783340454101562,-1.0,,WIFI_WEAK
1790747880.7118902,esp32-1,-84.0,43.1332,8.841249,0.0,55.0,-1.0,,WIFI_WEAK
1790747882.4597402,pc,-53.0,28.5,3.0,0.0,4.75311279296875,-1.0,,WIFI_WEAK
1790747885.4265697,esp32-1,-90.0,22.65775,16.665,20.0,34.0,-1.0,,WIFI_WEAK
1790747887.4499238,pc,-53.0,29.0,1.3333333333333333,0.0,9.246826171875,-1.0,,WIFI_WEAK
1790747890.4514017,esp32-1,-87.0,26.5915,20.28267,20.0,52.0,-1.0,,WIFI_WEAK
1790747892.4599526,pc,-55.0,28.75,1.3333333333333333,0.0,0.8213520050048828,-1.0,,WIFI_WEAK
1790747894.5338025,esp32-1,-89.0,43.0772,6.31725,0.0,52.0,-1.0,,WIFI_WEAK
1790747897.4174194,pc,-55.0,30.25,2.6666666666666665,0.0,0.7760524749755859,-1.0,,WIFI_WEAK
1790747901.5027356,esp32-1,-89.0,23.658,20.16,40.0,10.0,-1.0,,WIFI_WEAK
1790747902.4413416,pc,-55.0,30.5,3.0,0.0,10.405302047729492,-1.0,,WIFI_WEAK
1790747905.6487696,esp32-1,-85.0,82.3455,95.02567,20.0,34.0,-1.0,,WIFI_WEAK
1790747907.4641953,pc,-56.0,32.0,5.333333333333333,0.0,6.920337677001953,-1.0,,WIFI_WEAK
1790747910.7179763,esp32-1,-87.0,43.059,6.055999,0.0,55.0,-1.0,,WIFI_WEAK
1790747912.443515,pc,-56.0,40.0,31.0,0.0,9.74726676940918,-1.0,,WIFI_WEAK
1790747916.4819992,esp32-1,-86.0,23.09067,28.4875,40.0,7.0,-1.0,,WIFI_WEAK
1790747917.6045806,pc,-56.0,74.5,61.66666666666666,0.0,8.574962615966797,-1.0,,WIFI_WEAK
1790747921.4717124,esp32-1,-86.0,44.113,42.84134,20.0,898.0,-1.0,,WIFI_WEAK
1790747922.4662826,pc,-56.0,29.5,5.0,0.0,0.7684230804443359,-1.0,,WIFI_WEAK
1790747925.566098,esp32-1,-89.0,38.072,50.94233,20.0,38.0,-1.0,,WIFI_WEAK
1790747927.4582355,pc,-56.0,27.5,2.333333333333333,0.0,0.6909370422363281,-1.0,,WIFI_WEAK
1790747929.575053,esp32-1,-89.0,58.6828,53.88325,0.0,6.0,-1.0,,WIFI_WEAK
1790747932.4420643,pc,-56.0,28.5,2.333333333333333,0.0,11.2762451171875,-1.0,,WIFI_WEAK
1790747936.3909016,esp32-1,-90.0,23.6055,18.037,20.0,978.0,-1.0,,WIFI_WEAK
1790747937.425929,pc,-56.0,33.0,7.0,0.0,0.7600784301757812,-1.0,,WIFI_WEAK
1790747939.769667,esp32-1,-90.0,83.6808,112.0652,0.0,54.0,-1.0,,WIFI_WEAK
1790747942.424986,pc,-56.0,33.25,12.666666666666666,0.0,0.7908344268798828,-1.0,,WIFI_WEAK
1790747945.0416489,esp32-1,-91.0,69.6852,56.22325,0.0,53.0,-1.0,,WIFI_WEAK
1790747947.469582,pc,-56.0,69.25,92.33333333333331,0.0,10.121345520019531,-1.0,,WIFI_WEAK
1790747951.4810245,esp32-1,-91.0,45.5745,46.83633,20.0,900.0,-1.0,,WIFI_WEAK
1790747952.4656131,pc,-54.0,27.0,1.0,0.0,10.919809341430664,-1.0,,WIFI_WEAK
1790747955.6252832,esp32-1,-88.0,42.2192,5.69125,0.0,53.0,-1.0,,WIFI_WEAK
1790747957.4423084,pc,-54.0,34.5,17.333333333333332,0.0,0.7455348968505859,-1.0,,WIFI_WEAK
1790747961.4224155,esp32-1,-88.0,31.708,3.7635,40.0,53.0,-1.0,,WIFI_WEAK
1790747962.433593,pc,-54.0,59.5,76.0,0.0,9.226560592651367,-1.0,,WIFI_WEAK
1790747965.504675,esp32-1,-83.0,25.36225,18.77133,20.0,53.0,-1.0,,WIFI_WEAK
1790747967.458735,pc,-53.0,51.75,63.66666666666666,0.0,0.8132457733154297,-1.0,,WIFI_WEAK
1790747969.5661683,esp32-1,-88.0,41.7778,10.07975,0.0,53.0,-1.0,,WIFI_WEAK
1790747972.4610703,pc,-56.0,56.0,77.0,0.0,0.9434223175048828,-1.0,,WIFI_WEAK
1790747975.659083,esp32-1,-88.0,42.446,39.71033,20.0,53.0,-1.0,,WIFI_WEAK
1790747977.435447,pc,-54.0,70.25,111.66666666666669,0.0,13.992786407470703,-1.0,,WIFI_WEAK
1790747981.375198,esp32-1,-87.0,45.9735,46.846,20.0,897.0,-1.0,,WIFI_WEAK
1790747982.4997077,pc,-54.0,75.5,127.66666666666669,0.0,0.8280277252197266,-1.0,,WIFI_WEAK
1790747984.704923,esp32-1,-89.0,41.606,7.125498,0.0,226.0,-1.0,,WIFI_WEAK
1790747987.4310043,pc,-55.0,81.25,142.66666666666666,0.0,0.7231235504150391,-1.0,,WIFI_WEAK
1790747989.875618,esp32-1,-85.0,48.6616,6.974249,0.0,213.0,-1.0,,WIFI_WEAK
1790747997.1516657,pc,-55.0,89.75,157.66666666666666,0.0,14.30821418762207,17.94960302729628,,WIFI_WEAK
1790747997.6020474,esp32-1,-91.0,60.86075,57.666,20.0,1833.0,-1.0,,WIFI_WEAK
1790747999.769984,esp32-1,-86.0,46.6036,4.551749,0.0,255.0,-1.0,,WIFI_WEAK
1790748000.739934,pc,-54.0,94.75,90.33333333333331,0.0,0.8974075317382812,-1.0,,WIFI_WEAK
1790748005.7939095,pc,-55.0,65.75,52.0,0.0,0.8232593536376953,-1.0,,WIFI_WEAK
1790748005.8505962,esp32-1,-86.0,23.97525,18.122,20.0,45.0,-1.0,,WIFI_WEAK
1790748010.8034637,esp32-1,-88.0,39.4924,6.98725,0.0,59.0,-1.0,,WIFI_WEAK
1790748010.8380451,pc,-56.0,79.75,70.0,0.0,0.7300376892089844,-1.0,,WIFI_WEAK
1790748015.0610464,esp32-1,-85.0,46.6074,24.25325,0.0,209.0,-1.0,,WIFI_WEAK
1790748015.628667,pc,-55.0,49.5,48.0,0.0,0.7538795471191406,-1.0,,WIFI_WEAK
1790748020.4953666,esp32-1,-93.0,23.781,18.30533,20.0,47.0,-1.0,,WIFI_WEAK
1790748020.6396034,pc,-54.0,31.75,6.0,0.0,6.629228591918945,-1.0,,WIFI_WEAK
1790748024.586447,esp32-1,-88.0,39.3762,5.832999,0.0,54.0,-1.0,,WIFI_WEAK
1790748025.6156998,pc,-54.0,28.0,1.6666666666666667,0.0,10.53309440612793,-1.0,,WIFI_WEAK
1790748030.3527982,esp32-1,-79.0,41.5444,12.72425,0.0,862.0,-1.0,,WIFI_WEAK
1790748030.904463,pc,-54.0,102.5,98.66666666666669,0.0,0.70953369140625,-1.0,,WIFI_WEAK
1790748035.4095335,esp32-1,-41.0,22.81475,16.79967,20.0,50.0,-1.0,,WIFI_WEAK
1790748035.6091137,pc,-50.0,28.25,2.6666666666666665,0.0,5.582332611083984,-1.0,,WIFI_WEAK
1790748040.456669,esp32-1,-25.0,35.655,51.41034,20.0,32.0,-1.0,,WIFI_WEAK
1790748040.630277,pc,-54.0,28.25,0.3333333333333333,0.0,11.122941970825195,-1.0,,WIFI_WEAK
1790748045.4744194,esp32-1,-34.0,42.496,10.52125,0.0,858.0,-1.0,,WIFI_WEAK
1790748045.5873384,pc,-50.0,34.0,10.333333333333334,0.0,0.7600784301757812,-1.0,,WIFI_WEAK
1790748050.40966,esp32-1,-32.0,24.557,19.81633,20.0,41.0,-1.0,,WIFI_WEAK
1790748050.6403563,pc,-50.0,27.75,1.3333333333333333,0.0,0.7674694061279297,-1.0,,WIFI_WEAK
1790748054.6956131,esp32-1,-32.0,38.8118,7.71875,0.0,179.0,-1.0,,WIFI_WEAK
1790748055.5812123,pc,-50.0,29.75,3.0,0.0,9.543895721435549,-1.0,,WIFI_WEAK
1790748060.553677,esp32-1,-32.0,66.46625,89.88433,20.0,4.0,-1.0,,WIFI_WEAK
1790748060.6184738,pc,-50.0,29.5,2.333333333333333,0.0,1.3971328735351562,-1.0,,WIFI_WEAK
1790748125.9674685,esp32-1,-34.0,24.926,19.38833,20.0,238.0,-1.0,,NORMAL
1790748290.6301966,pc,-50.0,30.75,2.6666666666666665,0.0,8.874893188476562,-1.0,,NORMAL
1790748415.6667094,esp32-1,-35.0,76.7865,63.74266,20.0,4.0,-1.0,,NORMAL
1790748612.9386816,pc,-51.0,28.5,2.6666666666666665,0.0,12.49980926513672,16.888880696676242,,NORMAL
1790748615.0441437,esp32-1,-34.0,65.0678,73.36976,0.0,54.0,-1.0,,NORMAL
1790748751.446946,pc,-51.0,42.75,21.0,0.0,5.191326141357422,-1.0,,NORMAL
1790748915.578875,esp32-1,-33.0,38.2465,56.54767,20.0,30.0,-1.0,,NORMAL
1790748929.7904,esp32-1,-35.0,46.2898,4.8825,0.0,252.0,-1.0,,NORMAL
1790749015.2462766,pc,-51.0,33.75,4.666666666666667,0.0,0.9319782257080078,-1.0,,NORMAL
1790749049.852829,esp32-1,-34.0,89.1274,59.816,0.0,40.0,-1.0,,NORMAL
1790749080.2510777,pc,-50.0,33.25,3.333333333333333,0.0,9.855985641479492,-1.0,,NORMAL
1790749105.2597532,pc,-50.0,32.5,4.0,0.0,1.2695789337158203,-1.0,,NORMAL
1790749145.2550318,pc,-50.0,31.5,1.6666666666666667,0.0,0.7643699645996094,-1.0,,NORMAL
1790749206.3927464,esp32-1,-35.0,24.29567,32.392,40.0,5.0,-1.0,,NORMAL
1790749258.9192123,pc,-50.0,29.0,3.0,0.0,0.8718967437744141,-1.0,,NORMAL
1790749333.921066,pc,-51.0,72.0,58.0,0.0,1.256704330444336,-1.0,,NORMAL
1790749468.921529,pc,-50.0,32.25,5.333333333333333,0.0,14.816999435424805,-1.0,,NORMAL
1790749653.5550382,pc,-51.0,44.75,21.0,0.0,0.7174015045166016,-1.0,,NORMAL
1790749658.584422,pc,-50.0,28.75,2.0,0.0,14.263629913330078,-1.0,,NORMAL
1790749719.690421,esp32-1,-36.0,64.3526,85.6385,0.0,33.0,-1.0,,NORMAL
1790749794.7991638,esp32-1,-33.0,38.7818,6.910501,0.0,262.0,-1.0,,NORMAL
1790749859.8773117,esp32-1,-33.0,46.4152,6.0005,0.0,249.0,-1.0,,NORMAL
1790749930.6306212,esp32-1,-33.0,73.8166,50.89175,0.0,755.0,-1.0,,NORMAL
1790749942.5111935,pc,-51.0,30.75,3.0,0.0,13.726234436035156,-1.0,,NORMAL
1790750027.5134163,pc,-51.0,88.25,135.66666666666666,0.0,0.78582763671875,-1.0,,NORMAL
1790750050.6659892,esp32-1,-35.0,28.6165,23.76967,20.0,57.0,-1.0,,NORMAL
1790750095.907112,esp32-1,-34.0,40.7042,6.39625,0.0,187.0,-1.0,,NORMAL
1790750224.0900998,pc,-50.0,45.5,28.0,0.0,28.419017791748047,-1.0,,NORMAL
1790750320.902849,esp32-1,-35.0,43.9298,6.7275,0.0,245.0,-1.0,,NORMAL
1790750526.6214223,esp32-1,-34.0,83.8288,51.79625,0.0,699.0,-1.0,,NORMAL
1790750561.529209,esp32-1,-33.0,22.909,15.43667,20.0,49.0,-1.0,,NORMAL
1790750580.9973783,esp32-1,-35.0,40.2834,11.4355,0.0,259.0,-1.0,,NORMAL
1790750600.964994,esp32-1,-35.0,46.9724,5.6055,0.0,193.0,-1.0,,NORMAL
1790750616.6326082,esp32-1,-35.0,85.9332,54.27525,0.0,691.0,-1.0,,NORMAL
1790750626.663895,pc,-50.0,45.0,22.666666666666668,0.0,0.7655620574951172,-1.0,,NORMAL
1790750666.661893,pc,-51.0,27.75,0.3333333333333333,0.0,1.2664794921875,-1.0,,NORMAL
1790750761.6261013,esp32-1,-35.0,44.382,7.907,20.0,52.0,-1.0,,NORMAL
1790750792.9893131,esp32-1,-34.0,29.63825,12.159,20.0,1007.0,-1.0,,NORMAL
1790750953.6148584,pc,-52.0,28.25,1.3333333333333333,0.0,10.214567184448242,-1.0,,NORMAL
1790750983.6430469,pc,-51.0,38.75,7.666666666666667,0.0,11.85297966003418,-1.0,,CONGESTION
1790750985.8913877,esp32-1,-34.0,32.68725,22.23667,20.0,1017.0,-1.0,,CONGESTION
1790750987.7104676,esp32-1,-34.0,29.25125,6.580334,20.0,18.0,-1.0,,CONGESTION
1790750988.677311,pc,-51.0,33.5,5.333333333333333,0.0,0.8475780487060547,-1.0,,CONGESTION
1790750991.841371,esp32-1,-34.0,47.3396,17.477,0.0,50.0,-1.0,,CONGESTION
1790750993.588813,pc,-50.0,31.5,2.333333333333333,0.0,0.972270965576172,-1.0,,CONGESTION
1790750998.598442,pc,-51.0,50.0,41.66666666666666,0.0,0.7886886596679688,-1.0,,CONGESTION
1790751001.910251,esp32-1,-35.0,44.26275,36.622,20.0,994.0,-1.0,,CONGESTION
1790751003.2220356,esp32-1,-35.0,56.1708,16.13775,0.0,48.0,-1.0,,CONGESTION
1790751003.6305878,pc,-51.0,38.25,3.6666666666666665,0.0,0.8451938629150391,-1.0,,CONGESTION
1790751008.6068327,pc,-51.0,34.5,4.0,0.0,0.8172988891601562,-1.0,,CONGESTION
1790751012.0849333,esp32-1,-35.0,97.8474,55.15875,0.0,413.0,-1.0,,CONGESTION
1790751013.6015434,pc,-50.0,43.5,21.0,0.0,0.7932186126708984,-1.0,,CONGESTION
1790751016.0580218,esp32-1,-34.0,45.73525,52.47533,20.0,721.0,-1.0,,CONGESTION
1790751018.6074944,pc,-51.0,30.0,3.0,0.0,0.7364749908447266,-1.0,,CONGESTION
1790751020.431172,esp32-1,-35.0,244.828,493.9015,0.0,14.0,-1.0,,CONGESTION
1790751023.701806,pc,-50.0,32.25,2.6666666666666665,0.0,82.4589729309082,-1.0,,CONGESTION
1790751026.5660813,esp32-1,-35.0,49.9656,15.02675,0.0,670.0,-1.0,,CONGESTION
1790751028.3653543,esp32-1,-35.0,62.8204,24.086,0.0,60.0,-1.0,,CONGESTION
1790751028.618645,pc,-50.0,42.25,10.666666666666666,0.0,10.318279266357422,-1.0,,CONGESTION
1790751030.185552,esp32-1,-35.0,49.9656,15.02675,0.0,670.0,-1.0,,CONGESTION
1790751033.7623022,pc,-51.0,90.5,74.0,0.0,0.7138252258300781,-1.0,,CONGESTION
1790751034.1445837,esp32-1,-35.0,33.7805,41.067,20.0,28.0,-1.0,,CONGESTION
1790751038.6265187,pc,-51.0,38.25,15.666666666666666,0.0,50.07338523864746,-1.0,,CONGESTION
1790751043.2473943,esp32-1,-35.0,87.764,78.47433,20.0,1141.0,-1.0,,CONGESTION
1790751043.9545486,pc,-51.0,111.25,107.0,0.0,10.982275009155272,-1.0,,CONGESTION
1790751045.4667242,esp32-1,-34.0,95.70251,172.8217,20.0,199.0,-1.0,,CONGESTION
1790751045.8203993,esp32-1,-35.0,87.764,78.47433,20.0,1141.0,-1.0,,CONGESTION
1790751048.6191747,pc,-53.0,32.25,4.666666666666667,0.0,0.7634162902832031,-1.0,,CONGESTION
1790751052.6180356,esp32-1,-34.0,106.6088,128.5708,0.0,322.0,-1.0,,CONGESTION
1790751053.644105,pc,-52.0,34.5,6.0,0.0,44.72780227661133,-1.0,,CONGESTION
1790751055.7991986,esp32-1,-35.0,29.4115,24.56167,20.0,745.0,-1.0,,CONGESTION
1790751057.5185778,esp32-1,-34.0,106.6088,128.5708,0.0,322.0,-1.0,,CONGESTION
1790751058.662712,pc,-52.0,60.0,33.666666666666664,0.0,0.7266998291015625,-1.0,,CONGESTION
1790751061.0335245,esp32-1,-34.0,44.704,14.83667,20.0,682.0,-1.0,,CONGESTION
1790751063.620762,pc,-52.0,35.0,5.0,0.0,1.0616779327392578,-1.0,,CONGESTION
1790751065.415116,esp32-1,-33.0,131.8957,259.756,20.0,21.0,-1.0,,CONGESTION
1790751068.6571584,pc,-53.0,31.75,4.666666666666667,0.0,42.48690605163574,-1.0,,CONGESTION
1790751070.2442932,esp32-1,-34.0,29.62625,22.10367,20.0,248.0,-1.0,,CONGESTION
1790751073.6868167,pc,-50.0,38.25,18.666666666666668,0.0,67.86775588989258,-1.0,,CONGESTION
1790751075.2492669,esp32-1,-34.0,88.311,58.93266,20.0,49.0,-1.0,,CONGESTION
1790751078.76026,pc,-51.0,37.5,10.666666666666666,0.0,129.28485870361328,-1.0,,CONGESTION
1790751079.929213,esp32-1,-34.0,123.9222,166.1713,0.0,247.0,-1.0,,CONGESTION
1790751080.259818,esp32-1,-33.0,131.8957,259.756,20.0,21.0,-1.0,,CONGESTION
1790751082.020254,esp32-1,-34.0,29.62625,22.10367,20.0,248.0,-1.0,,CONGESTION
1790751083.6001408,pc,-51.0,35.0,6.333333333333333,0.0,0.7126331329345703,-1.0,,CONGESTION
1790751085.5370104,esp32-1,-34.0,88.311,58.93266,20.0,49.0,-1.0,,CONGESTION
1790751088.6878676,esp32-1,-34.0,272.7198,549.8254,20.0,45.0,-1.0,,CONGESTION
1790751090.4422424,esp32-1,-34.0,88.311,58.93266,20.0,49.0,-1.0,,CONGESTION
1790751094.0428488,esp32-1,-34.0,24.60133,21.0785,40.0,200.0,-1.0,,CONGESTION
1790751098.6139765,esp32-1,-35.0,33.931,29.1615,40.0,48.0,-1.0,,CONGESTION
1790751103.563727,pc,-52.0,41.0,8.333333333333334,0.0,0.7522106170654297,5.601804570929936,,CONGESTION
1790751106.991635,pc,-51.0,102.5,99.66666666666669,0.0,0.7460117340087891,-1.0,,CONGESTION
1790751107.3295646,esp32-1,-34.0,112.802,88.83724,0.0,216.0,-1.0,,CONGESTION
1790751109.1207478,esp32-1,-35.0,69.8334,53.08325,0.0,600.0,-1.0,,CONGESTION
1790751112.083329,pc,-50.0,107.75,122.33333333333331,0.0,0.7698535919189453,-1.0,,CONGESTION
1790751113.179684,esp32-1,-34.0,112.802,88.83724,0.0,216.0,-1.0,,CONGESTION
1790751116.9860058,pc,-50.0,44.75,27.0,0.0,0.8590221405029297,-1.0,,CONGESTION
1790751117.0669675,esp32-1,-34.0,46.5448,10.03325,0.0,196.0,-1.0,,CONGESTION
1790751121.970699,pc,-51.0,40.75,9.0,0.0,0.7815361022949219,-1.0,,CONGESTION
1790751127.016237,pc,-52.0,65.5,36.333333333333336,0.0,0.7970333099365234,-1.0,,CONGESTION
1790751127.0524948,esp32-1,-34.0,37.843,39.89767,20.0,33.0,-1.0,,CONGESTION
1790751128.1176157,esp32-1,-34.0,121.2142,154.0765,0.0,38.0,-1.0,,CONGESTION
1790751132.044827,pc,-51.0,46.75,19.666666666666668,0.0,0.8211135864257812,-1.0,,CONGESTION
1790751133.5420835,esp32-1,-34.0,112.802,88.83724,0.0,216.0,-1.0,,CONGESTION
1790751136.1624436,esp32-1,-34.0,53.3964,8.244248,0.0,48.0,-1.0,,CONGESTION
1790751137.9840302,pc,-51.0,85.66666666666667,73.0,25.0,0.8404254913330078,-1.0,,CONGESTION
1790751139.4086125,esp32-1,-34.0,112.802,88.83724,0.0,216.0,-1.0,,CONGESTION
1790751142.0190585,pc,-51.0,51.25,36.0,0.0,0.7686614990234375,-1.0,,CONGESTION
1790751144.636682,esp32-1,-34.0,56.60825,36.87166,20.0,389.0,-1.0,,CONGESTION
1790751147.016713,pc,-52.0,159.5,90.33333333333331,0.0,1.091718673706055,-1.0,,CONGESTION
1790751149.5550768,esp32-1,-35.0,211.8838,169.3557,20.0,58.0,-1.0,,CONGESTION
1790751152.027833,pc,-50.0,116.75,91.66666666666669,0.0,9.468555450439451,-1.0,,CONGESTION
1790751154.700582,esp32-1,-34.0,188.759,200.8405,0.0,50.0,-1.0,,CONGESTION
1790751156.505891,esp32-1,-34.0,112.802,88.83724,0.0,216.0,-1.0,,CONGESTION
1790751157.8425126,esp32-1,-34.0,46.5448,10.03325,0.0,196.0,-1.0,,CONGESTION
1790751158.64276,pc,-50.0,318.0,349.0,25.0,0.8530616760253906,-1.0,,CONGESTION
1790751162.3205094,esp32-1,-34.0,63.41225,91.76034,20.0,24.0,-1.0,,CONGESTION
1790751162.8396971,pc,-51.0,90.0,69.5,25.0,0.7216930389404297,-1.0,,CONGESTION
1790751163.3952167,esp32-1,-34.0,46.5448,10.03325,0.0,196.0,-1.0,,CONGESTION
1790751164.03164,esp32-1,-34.0,37.843,39.89767,20.0,33.0,-1.0,,CONGESTION
1790751165.3412206,esp32-1,-34.0,56.60825,36.87166,20.0,389.0,-1.0,,CONGESTION
1790751167.1388106,pc,-51.0,96.5,130.0,0.0,10.319232940673828,-1.0,,CONGESTION
1790751168.563782,esp32-1,-35.0,211.8838,169.3557,20.0,58.0,-1.0,,CONGESTION
1790751172.9095547,pc,-51.0,50.0,33.0,25.0,26.063203811645508,-1.0,,CONGESTION
1790751176.0939152,esp32-1,-35.0,102.7866,125.524,0.0,814.0,-1.0,,CONGESTION
1790751177.132347,pc,-51.0,38.25,8.333333333333334,0.0,0.7345676422119141,-1.0,,CONGESTION
1790751177.8511093,esp32-1,-34.0,103.4964,172.6503,0.0,715.0,-1.0,,CONGESTION
1790751178.9940567,esp32-1,-35.0,211.8838,169.3557,20.0,58.0,-1.0,,CONGESTION
1790751182.2291274,pc,-52.0,71.25,60.0,0.0,9.294748306274414,-1.0,,CONGESTION
1790751182.618643,esp32-1,-35.0,102.7866,125.524,0.0,814.0,-1.0,,CONGESTION
1790751184.6541183,esp32-1,-34.0,120.1875,240.213,20.0,9.0,-1.0,,CONGESTION
1790751185.2982924,esp32-1,-35.0,102.7866,125.524,0.0,814.0,-1.0,,CONGESTION
1790751187.2108717,pc,-52.0,101.75,127.33333333333331,0.0,0.74005126953125,-1.0,,CONGESTION
1790751189.834386,esp32-1,-34.0,158.2973,282.8753,20.0,11.0,-1.0,,CONGESTION
1790751192.3363552,pc,-52.0,152.0,270.0,0.0,0.7145404815673828,-1.0,,CONGESTION
1790751197.3770218,pc,-52.0,122.25,114.66666666666669,0.0,9.586095809936523,-1.0,,CONGESTION
1790751197.64956,esp32-1,-34.0,107.2325,182.0787,20.0,285.0,-1.0,,CONGESTION
1790751199.676203,esp32-1,-34.0,122.0157,239.2583,20.0,53.0,-1.0,,CONGESTION
1790751202.2929037,pc,-52.0,140.0,171.66666666666666,0.0,0.7398128509521484,-1.0,,CONGESTION
1790751207.372365,pc,-53.0,101.75,94.0,0.0,0.7257461547851562,-1.0,,CONGESTION
1790751212.621238,esp32-1,-35.0,54.7825,57.267,20.0,801.0,-1.0,,CONGESTION
1790751213.3102367,pc,-51.0,38.0,18.33333333333333,0.0,1189.525127410889,-1.0,,CONGESTION
1790751217.0919154,pc,-52.0,54.75,53.66666666666666,0.0,0.7343292236328125,-1.0,,CONGESTION
1790751217.709532,esp32-1,-34.0,55.291,12.346,0.0,378.0,-1.0,,CONGESTION
1790751222.1211638,pc,-50.0,44.5,14.0,0.0,0.7431507110595703,-1.0,,CONGESTION
1790751222.793358,esp32-1,-34.0,112.4312,176.2437,0.0,280.0,-1.0,,CONGESTION
1790751223.9343903,esp32-1,-34.0,61.0432,60.3445,0.0,203.0,-1.0,,CONGESTION
1790751224.8791726,esp32-1,-34.0,107.2325,182.0787,20.0,285.0,-1.0,,CONGESTION
1790751227.1159563,pc,-51.0,38.0,19.0,0.0,10.954141616821287,-1.0,,CONGESTION
1790751228.5707755,esp32-1,-35.0,54.7825,57.267,20.0,801.0,-1.0,,CONGESTION
1790751230.322132,esp32-1,-33.0,152.2154,263.676,0.0,28.0,-1.0,,CONGESTION
1790751231.1975186,esp32-1,-35.0,54.7825,57.267,20.0,801.0,-1.0,,CONGESTION
1790751232.1130238,pc,-51.0,55.25,29.33333333333333,0.0,0.7791519165039062,-1.0,,CONGESTION
1790751232.741125,esp32-1,-34.0,55.291,12.346,0.0,378.0,-1.0,,CONGESTION
1790751233.8676276,esp32-1,-34.0,112.4312,176.2437,0.0,280.0,-1.0,,CONGESTION
1790751237.1062467,pc,-52.0,48.5,10.0,0.0,0.7486343383789062,-1.0,,CONGESTION
1790751238.9391053,esp32-1,-34.0,49.4414,10.9295,0.0,53.0,-1.0,,CONGESTION
1790751240.9971652,esp32-1,-33.0,62.73899,22.63775,0.0,34.0,-1.0,,CONGESTION
1790751242.119658,pc,-51.0,40.5,11.333333333333334,0.0,10.710716247558594,-1.0,,CONGESTION
1790751243.785714,esp32-1,-34.0,49.4414,10.9295,0.0,53.0,-1.0,,CONGESTION
1790751247.117156,pc,-51.0,103.75,95.66666666666669,0.0,34.372806549072266,-1.0,,CONGESTION
1790751249.5015285,esp32-1,-34.0,32.35975,25.19033,20.0,1129.0,-1.0,,CONGESTION
1790751252.1068988,pc,-51.0,37.25,12.333333333333334,0.0,0.7359981536865234,-1.0,,CONGESTION
1790751254.7956996,esp32-1,-34.0,65.54475,99.997,20.0,40.0,-1.0,,CONGESTION
1790751257.1727383,pc,-51.0,110.0,193.33333333333331,0.0,11.102914810180664,-1.0,,CONGESTION
1790751259.2927923,esp32-1,-34.0,143.2026,225.4577,0.0,25.0,-1.0,,CONGESTION
1790751261.2726202,esp32-1,-32.0,64.7226,40.63625,0.0,31.0,-1.0,,CONGESTION
1790751262.1635697,pc,-50.0,76.5,58.66666666666666,0.0,1.135110855102539,-1.0,,CONGESTION
1790751262.2347596,esp32-1,-34.0,65.54475,99.997,20.0,40.0,-1.0,,CONGESTION
1790751265.7389452,esp32-1,-34.0,143.2026,225.4577,0.0,25.0,-1.0,,CONGESTION
1790751267.1802137,pc,-50.0,98.75,98.33333333333331,0.0,0.7531642913818359,-1.0,,CONGESTION
1790751270.643335,esp32-1,-34.0,70.1768,58.84175,0.0,1066.0,-1.0,,CONGESTION
1790751272.1779704,pc,-52.0,88.5,86.66666666666667,0.0,60.48297882080078,-1.0,,CONGESTION
1790751275.003275,esp32-1,-34.0,101.397,55.9095,0.0,873.0,-1.0,,CONGESTION
1790751276.8680842,esp32-1,-34.0,51.9748,31.986,0.0,57.0,-1.0,,CONGESTION
1790751277.1605086,pc,-52.0,51.75,25.666666666666668,0.0,0.8778572082519531,-1.0,,CONGESTION
1790751278.6333833,esp32-1,-34.0,143.2026,225.4577,0.0,25.0,-1.0,,CONGESTION
1790751282.2634995,pc,-50.0,88.75,44.333333333333336,0.0,0.77056884765625,-1.0,,CONGESTION
1790751282.423021,esp32-1,-34.0,70.1768,58.84175,0.0,1066.0,-1.0,,CONGESTION
1790751284.110417,esp32-1,-34.0,64.67425,72.33466,20.0,18.0,-1.0,,CONGESTION
1790751284.979416,esp32-1,-34.0,70.1768,58.84175,0.0,1066.0,-1.0,,CONGESTION
1790751285.4982028,esp32-1,-34.0,101.397,55.9095,0.0,873.0,-1.0,,CONGESTION
1790751287.936586,pc,-50.0,41.66666666666666,27.5,25.0,11.003732681274414,-1.0,,CONGESTION
1790751290.0270889,esp32-1,-34.0,100.1018,69.58275,0.0,39.0,-1.0,,CONGESTION
1790751292.1109772,pc,-51.0,31.0,1.6666666666666667,0.0,11.510610580444336,-1.0,,CONGESTION
1790751294.3136568,esp32-1,-35.0,43.6368,8.66525,0.0,54.0,-1.0,,CONGESTION
1790751297.099718,pc,-50.0,75.25,106.0,0.0,1.392364501953125,-1.0,,CONGESTION
1790751299.2770536,esp32-1,-35.0,57.3975,58.01633,20.0,44.0,-1.0,,CONGESTION
1790751302.870189,pc,-53.0,40.333333333333336,17.0,25.0,13.704776763916016,-1.0,,CONGESTION
1790751303.5881498,esp32-1,-33.0,60.9706,57.78275,0.0,505.0,-1.0,,CONGESTION
1790751307.0899022,pc,-50.0,40.5,11.666666666666666,0.0,0.7624626159667969,-1.0,,CONGESTION
1790751308.7534935,esp32-1,-33.0,136.7884,73.63825,0.0,153.0,-1.0,,CONGESTION
1790751312.1223762,pc,-51.0,94.25,83.66666666666667,0.0,0.84686279296875,-1.0,,CONGESTION
1790751316.7024972,esp32-1,-35.0,25.72625,21.277,20.0,39.0,-1.0,,CONGESTION
1790751317.3517854,pc,-55.0,128.0,132.0,0.0,38.43951225280762,-1.0,,CONGESTION
1790751320.7396543,esp32-1,-35.0,31.17725,15.32067,20.0,873.0,-1.0,,CONGESTION
1790751322.1202097,pc,-55.0,138.25,194.33333333333331,0.0,13.407468795776367,-1.0,,CONGESTION
1790751325.0582457,esp32-1,-34.0,161.1888,256.3773,20.0,41.0,-1.0,,CONGESTION
1790751327.1108224,pc,-50.0,99.75,97.66666666666669,0.0,0.7109642028808594,-1.0,,CONGESTION
1790751328.5490336,esp32-1,-35.0,25.72625,21.277,20.0,39.0,-1.0,,CONGESTION
1790751330.1921537,esp32-1,-40.0,54.5508,16.52,0.0,231.0,-1.0,,CONGESTION
1790751331.143675,esp32-1,-35.0,25.72625,21.277,20.0,39.0,-1.0,,CONGESTION
1790751331.759251,esp32-1,-35.0,31.17725,15.32067,20.0,873.0,-1.0,,CONGESTION
1790751332.310615,pc,-50.0,151.25,156.66666666666666,0.0,0.7579326629638672,-1.0,,CONGESTION
1790751336.5740645,esp32-1,-33.0,89.78821,109.0202,0.0,173.0,-1.0,,CONGESTION
1790751337.016263,esp32-1,-35.0,31.17725,15.32067,20.0,873.0,-1.0,,CONGESTION
1790751337.1076114,pc,-51.0,38.5,10.333333333333334,0.0,10.705947875976562,-1.0,,CONGESTION
1790751342.1233296,pc,-53.0,37.75,4.666666666666667,0.0,0.74005126953125,-1.0,,CONGESTION
1790751343.5836449,esp32-1,-35.0,48.0714,25.6635,0.0,696.0,-1.0,,CONGESTION
1790751347.020655,esp32-1,-36.0,56.57025,31.418,20.0,660.0,-1.0,,CONGESTION
1790751347.176667,pc,-53.0,45.25,22.666666666666668,0.0,77.86941528320312,-1.0,,CONGESTION
1790751350.5521357,esp32-1,-35.0,48.0714,25.6635,0.0,696.0,-1.0,,CONGESTION
1790751352.1321905,pc,-50.0,35.5,3.6666666666666665,0.0,9.429693222045898,-1.0,,CONGESTION
1790751354.589099,esp32-1,-40.0,40.0872,7.47775,0.0,217.0,-1.0,,CONGESTION
1790751357.1862109,pc,-50.0,112.75,165.0,0.0,0.7762908935546875,-1.0,,CONGESTION
1790751360.5483603,esp32-1,-40.0,41.34075,32.14767,20.0,277.0,-1.0,,CONGESTION
1790751361.7271109,esp32-1,-35.0,57.7,9.862501,0.0,9.0,-1.0,,CONGESTION
1790751362.3435988,pc,-51.0,106.75,62.333333333333336,0.0,63.562631607055664,-1.0,,CONGESTION
1790751366.139017,esp32-1,-35.0,48.0714,25.6635,0.0,696.0,-1.0,,CONGESTION
1790751367.1412811,pc,-51.0,72.0,93.0,0.0,10.712862014770508,-1.0,,CONGESTION
1790751370.7971723,esp32-1,-34.0,92.0735,149.954,20.0,13.0,-1.0,,CONGESTION
1790751371.8167353,esp32-1,-33.0,50.4872,12.96225,0.0,19.0,-1.0,,CONGESTION
1790751372.4749656,pc,-51.0,173.25,96.33333333333331,0.0,72.9513168334961,-1.0,,CONGESTION
1790751374.7594442,esp32-1,-35.0,48.0714,25.6635,0.0,696.0,-1.0,,CONGESTION
1790751375.554217,esp32-1,-40.0,40.0872,7.47775,0.0,217.0,-1.0,,CONGESTION
1790751377.1056995,pc,-52.0,161.25,162.0,0.0,0.7686614990234375,-1.0,,CONGESTION
1790751378.6394763,esp32-1,-40.0,41.34075,32.14767,20.0,277.0,-1.0,,CONGESTION
1790751381.6476982,esp32-1,-34.0,134.8726,212.567,0.0,39.0,-1.0,,CONGESTION
1790751382.4034674,pc,-52.0,134.5,129.33333333333334,0.0,11.10243797302246,-1.0,,CONGESTION
1790751383.0547876,esp32-1,-40.0,41.34075,32.14767,20.0,277.0,-1.0,,CONGESTION
1790751385.7953768,esp32-1,-34.0,92.0735,149.954,20.0,13.0,-1.0,,CONGESTION
1790751387.1383686,pc,-50.0,163.0,215.66666666666663,0.0,0.7653236389160156,-1.0,,CONGESTION
1790751390.4997532,esp32-1,-34.0,57.7956,31.618,0.0,275.0,-1.0,,CONGESTION
1790751392.1518428,pc,-50.0,109.5,97.0,0.0,0.7326602935791016,-1.0,,CONGESTION
1790751395.8435194,esp32-1,-34.0,26.4545,20.30333,20.0,37.0,-1.0,,CONGESTION
1790751397.134333,pc,-50.0,108.25,207.33333333333331,0.0,10.216474533081056,-1.0,,CONGESTION
1790751398.127692,esp32-1,-33.0,78.687,98.72833,20.0,44.0,-1.0,,CONGESTION
1790751402.1209002,pc,-50.0,31.5,1.3333333333333333,0.0,0.7839202880859375,-1.0,,CONGESTION
1790751402.6905086,esp32-1,-35.0,48.3548,6.542002,0.0,720.0,-1.0,,CONGESTION
1790751410.7536445,esp32-1,-35.0,31.79625,13.59533,20.0,28.0,-1.0,,CONGESTION
1790751416.185212,esp32-1,-34.0,210.7688,210.9785,0.0,285.0,-1.0,,CONGESTION
1790751416.9989696,esp32-1,-35.0,31.79625,13.59533,20.0,28.0,-1.0,,CONGESTION
1790751418.9452174,pc,-51.0,35.0,16.333333333333332,0.0,0.7529258728027344,7.0937252342880415,,CONGESTION
1790751422.4540353,pc,-52.0,68.25,51.0,0.0,32.71126747131348,-1.0,,CONGESTION
1790751427.4299414,pc,-52.0,49.5,20.33333333333333,0.0,0.9267330169677734,-1.0,,CONGESTION
1790751428.838595,esp32-1,-33.0,45.5105,42.023,20.0,240.0,-1.0,,CONGESTION
1790751431.3061173,esp32-1,-34.0,56.99775,18.65,20.0,43.0,-1.0,,CONGESTION
1790751432.4903617,pc,-51.0,73.0,60.66666666666666,0.0,0.8924007415771484,-1.0,,CONGESTION
1790751433.338911,esp32-1,-34.0,39.43175,26.885,20.0,9.0,-1.0,,CONGESTION
1790751437.427111,pc,-52.0,98.25,132.0,0.0,0.6840229034423828,-1.0,,CONGESTION
1790751438.7375038,esp32-1,-34.0,63.6035,79.007,20.0,30.0,-1.0,,CONGESTION
1790751442.4049554,pc,-53.0,86.5,140.33333333333334,0.0,0.7991790771484375,-1.0,,CONGESTION
1790751443.348874,esp32-1,-35.0,202.7352,393.0612,0.0,56.0,-1.0,,CONGESTION
1790751446.6681778,esp32-1,-34.0,63.6035,79.007,20.0,30.0,-1.0,,CONGESTION
1790751447.4662652,pc,-54.0,101.75,163.0,0.0,0.7567405700683594,-1.0,,CONGESTION
1790751448.7764149,esp32-1,-35.0,41.02025,23.52467,20.0,37.0,-1.0,,CONGESTION
1790751452.4194884,pc,-54.0,119.75,197.0,0.0,1.5332698822021484,-1.0,,CONGESTION
1790751454.103242,esp32-1,-34.0,63.6035,79.007,20.0,30.0,-1.0,,CONGESTION
1790751455.884884,esp32-1,-34.0,76.8634,81.8625,0.0,238.0,-1.0,,CONGESTION
1790751457.327709,esp32-1,-34.0,63.6035,79.007,20.0,30.0,-1.0,,CONGESTION
1790751457.435042,pc,-56.0,116.75,136.0,0.0,26.975631713867188,-1.0,,CONGESTION
1790751460.903966,esp32-1,-34.0,97.8062,69.66075,0.0,260.0,-1.0,,CONGESTION
1790751462.4813497,pc,-58.0,93.25,138.33333333333334,0.0,45.90439796447754,-1.0,,CONGESTION
1790751466.9431937,esp32-1,-34.0,39.22975,29.563,20.0,719.0,-1.0,,CONGESTION
1790751467.5188394,pc,-54.0,55.75,29.0,0.0,0.8559226989746094,-1.0,,CONGESTION
1790751472.4816368,pc,-52.0,56.75,33.0,0.0,62.1492862701416,-1.0,,CONGESTION
1790751473.543449,esp32-1,-34.0,53.7086,36.06275,0.0,296.0,-1.0,,CONGESTION
1790751477.4265168,pc,-54.0,39.25,10.666666666666666,0.0,10.396242141723633,-1.0,,CONGESTION
1790751477.915757,esp32-1,-34.0,43.9502,12.469,0.0,56.0,-1.0,,CONGESTION
1790751481.148535,esp32-1,-34.0,53.7086,36.06275,0.0,296.0,-1.0,,CONGESTION
1790751482.4307315,pc,-51.0,113.75,200.0,0.0,0.728607177734375,-1.0,,CONGESTION
1790751483.348087,esp32-1,-34.0,34.0755,36.53133,20.0,262.0,-1.0,,CONGESTION
1790751486.599324,esp32-1,-34.0,53.7086,36.06275,0.0,296.0,-1.0,,CONGESTION
1790751487.4328809,pc,-51.0,31.0,1.6666666666666667,0.0,0.8187294006347656,-1.0,,CONGESTION
1790751489.0647607,esp32-1,-34.0,304.4908,478.3145,0.0,61.0,-1.0,,CONGESTION
1790751492.083681,esp32-1,-34.0,53.7086,36.06275,0.0,296.0,-1.0,,CONGESTION
1790751492.6263893,pc,-54.0,144.75,152.66666666666666,0.0,9.398221969604492,-1.0,,CONGESTION
1790751495.3827589,esp32-1,-35.0,42.27775,42.322,20.0,50.0,-1.0,,CONGESTION
1790751497.4218333,pc,-51.0,37.5,14.333333333333334,0.0,0.7510185241699219,-1.0,,CONGESTION
1790751498.5919385,esp32-1,-34.0,53.7086,36.06275,0.0,296.0,-1.0,,CONGESTION
1790751502.5055676,pc,-54.0,107.5,123.33333333333331,0.0,0.7374286651611328,-1.0,,CONGESTION
1790751503.6130824,esp32-1,-34.0,91.43725,45.78033,20.0,262.0,-1.0,,CONGESTION
1790751505.8735385,esp32-1,-33.0,32.56575,27.67533,20.0,21.0,-1.0,,CONGESTION
1790751506.5998092,esp32-1,-34.0,53.7086,36.06275,0.0,296.0,-1.0,,CONGESTION
1790751507.436244,pc,-53.0,58.5,21.666666666666668,0.0,10.594606399536133,-1.0,,CONGESTION
1790751508.831503,esp32-1,-34.0,91.43725,45.78033,20.0,262.0,-1.0,,CONGESTION
1790751510.5461962,esp32-1,-33.0,49.4318,21.40675,0.0,251.0,-1.0,,CONGESTION
1790751512.4195328,pc,-52.0,52.25,26.33333333333333,0.0,0.8258819580078125,-1.0,,CONGESTION
1790751516.5123425,esp32-1,-34.0,33.1605,24.97633,20.0,15.0,-1.0,,CONGESTION
1790751517.4017766,pc,-52.0,42.0,14.0,0.0,0.8096694946289062,-1.0,,CONGESTION
1790751522.4692328,pc,-52.0,40.75,11.0,0.0,13.80014419555664,-1.0,,CONGESTION
1790751523.1339543,esp32-1,-33.0,55.05519,42.99825,0.0,271.0,-1.0,,CONGESTION
1790751527.4219322,pc,-52.0,37.25,17.666666666666668,0.0,0.7958412170410156,-1.0,,CONGESTION
1790751528.661791,esp32-1,-34.0,45.5434,8.33075,0.0,631.0,-1.0,,CONGESTION
1790751532.416577,pc,-52.0,47.75,19.0,0.0,0.7722377777099609,-1.0,,CONGESTION
1790751532.9280477,esp32-1,-34.0,34.475,24.405,40.0,223.0,-1.0,,CONGESTION
1790751534.0626976,esp32-1,-34.0,45.5434,8.33075,0.0,631.0,-1.0,,CONGESTION
1790751536.5520327,esp32-1,-35.0,100.0134,58.084,0.0,265.0,-1.0,,CONGESTION
1790751537.450859,pc,-52.0,101.0,73.0,0.0,12.412786483764648,-1.0,,CONGESTION
1790751542.4731674,pc,-51.0,42.5,18.0,0.0,48.95448684692383,-1.0,,CONGESTION
1790751544.9436915,esp32-1,-36.0,29.039,27.82267,20.0,106.0,-1.0,,CONGESTION
1790751547.5622237,pc,-51.0,92.25,124.33333333333331,0.0,0.7307529449462891,-1.0,,CONGESTION
1790751548.1350217,esp32-1,-34.0,87.68525,137.28,20.0,35.0,-1.0,,CONGESTION
1790751548.970811,esp32-1,-36.0,29.039,27.82267,20.0,106.0,-1.0,,CONGESTION
1790751551.4360678,esp32-1,-34.0,72.41679,41.28375,0.0,240.0,-1.0,,CONGESTION
1790751552.5389442,pc,-51.0,92.5,82.0,0.0,10.959386825561523,-1.0,,CONGESTION
1790751557.5290668,pc,-51.0,116.25,114.66666666666669,0.0,0.77056884765625,-1.0,,CONGESTION
1790751559.330186,esp32-1,-33.0,59.15075,75.51667,20.0,50.0,-1.0,,CONGESTION
1790751562.583414,pc,-52.0,89.75,74.0,0.0,0.7381439208984375,-1.0,,CONGESTION
1790751563.6508615,esp32-1,-33.0,75.4892,56.79325,0.0,242.0,-1.0,,CONGESTION
1790751567.408785,pc,-52.0,40.75,13.666666666666666,0.0,9.208440780639648,-1.0,,CONGESTION
1790751568.6347754,esp32-1,-34.0,39.8122,11.98975,0.0,241.0,-1.0,,CONGESTION
1790751572.3029027,esp32-1,-34.0,44.1785,54.35067,20.0,326.0,-1.0,,CONGESTION
1790751572.4198434,pc,-53.0,46.5,13.666666666666666,0.0,0.928640365600586,-1.0,,CONGESTION
1790751573.835743,esp32-1,-33.0,59.15075,75.51667,20.0,50.0,-1.0,,CONGESTION
1790751577.4220502,pc,-53.0,58.75,22.33333333333333,0.0,0.7507801055908203,-1.0,,CONGESTION
1790751579.3407614,esp32-1,-33.0,75.4892,56.79325,0.0,242.0,-1.0,,CONGESTION
1790751582.5967207,pc,-52.0,71.0,54.66666666666666,0.0,10.079622268676758,-1.0,,CONGESTION
1790751583.0706358,esp32-1,-34.0,39.8122,11.98975,0.0,241.0,-1.0,,CONGESTION
1790751585.1674955,esp32-1,-34.0,51.024,77.98933,20.0,267.0,-1.0,,CONGESTION
1790751587.4619336,pc,-50.0,147.25,263.0,0.0,0.7569789886474609,-1.0,,CONGESTION
1790751589.8880775,esp32-1,-34.0,71.645,80.61468,20.0,38.0,-1.0,,CONGESTION
1790751592.820857,pc,-52.0,140.0,154.66666666666666,0.0,0.7178783416748047,-1.0,,CONGESTION
1790751593.920858,esp32-1,-34.0,39.8122,11.98975,0.0,241.0,-1.0,,CONGESTION
1790751597.428334,pc,-50.0,93.0,55.66666666666666,0.0,9.30500030517578,-1.0,,CONGESTION
1790751598.3900635,esp32-1,-34.0,51.024,77.98933,20.0,267.0,-1.0,,CONGESTION
1790751600.2803574,esp32-1,-34.0,74.25575,58.26933,20.0,57.0,-1.0,,CONGESTION
1790751602.1769967,esp32-1,-34.0,51.024,77.98933,20.0,267.0,-1.0,,CONGESTION
1790751602.7354171,pc,-51.0,107.25,103.33333333333331,0.0,0.7395744323730469,-1.0,,CONGESTION
1790751607.4626,pc,-51.0,99.5,90.0,0.0,44.66104507446289,-1.0,,CONGESTION
1790751608.9317057,esp32-1,-34.0,102.4036,114.0135,0.0,296.0,-1.0,,CONGESTION
1790751612.4617443,pc,-51.0,59.25,35.0,0.0,13.7786865234375,-1.0,,CONGESTION
1790751612.9653704,esp32-1,-34.0,26.677,27.252,40.0,5.0,-1.0,,CONGESTION
1790751614.1054046,esp32-1,-34.0,51.024,77.98933,20.0,267.0,-1.0,,CONGESTION
1790751614.7386258,esp32-1,-34.0,102.4036,114.0135,0.0,296.0,-1.0,,CONGESTION
1790751617.1819296,esp32-1,-34.0,53.63075,63.586,20.0,45.0,-1.0,,CONGESTION
1790751617.7250605,pc,-52.0,83.75,47.333333333333336,0.0,181.9512844085693,-1.0,,CONGESTION
1790751622.507929,pc,-52.0,178.5,351.6666666666667,0.0,76.78341865539551,-1.0,,CONGESTION
1790751623.1998,esp32-1,-34.0,23.56467,31.816,40.0,259.0,-1.0,,CONGESTION
1790751626.2704196,esp32-1,-34.0,50.6584,12.8485,0.0,244.0,-1.0,,CONGESTION
1790751627.4399796,pc,-51.0,47.75,39.66666666666666,0.0,10.29515266418457,-1.0,,CONGESTION
1790751631.0805683,esp32-1,-35.0,67.628,34.32175,0.0,12.0,-1.0,,CONGESTION
1790751632.525118,pc,-51.0,175.25,242.66666666666663,0.0,60.376882553100586,-1.0,,CONGESTION
1790751634.8242185,esp32-1,-34.0,50.6584,12.8485,0.0,244.0,-1.0,,CONGESTION
1790751636.6286662,esp32-1,-34.0,176.6918,234.8015,0.0,30.0,-1.0,,CONGESTION
1790751637.5650656,pc,-53.0,97.0,53.0,0.0,0.7584095001220703,-1.0,,CONGESTION
1790751642.4306734,pc,-50.0,151.25,150.33333333333334,0.0,10.914802551269531,-1.0,,CONGESTION
1790751642.5982354,esp32-1,-34.0,50.6584,12.8485,0.0,244.0,-1.0,,CONGESTION
1790751645.3400557,esp32-1,-34.0,82.69825,40.56633,20.0,144.0,-1.0,,CONGESTION
1790751647.402456,pc,-50.0,176.25,370.3333333333333,0.0,1.4557838439941406,-1.0,,CONGESTION
1790751651.0448678,esp32-1,-34.0,41.01525,18.38133,20.0,31.0,-1.0,,CONGESTION
1790751652.428628,pc,-55.0,43.25,14.666666666666666,0.0,0.7550716400146484,-1.0,,CONGESTION
1790751654.517726,esp32-1,-35.0,78.1586,56.73025,0.0,161.0,-1.0,,CONGESTION
1790751657.4024513,pc,-55.0,35.0,5.0,0.0,10.255575180053713,-1.0,,CONGESTION
1790751659.881299,esp32-1,-34.0,57.32325,38.90633,20.0,59.0,-1.0,,CONGESTION
1790751662.463272,pc,-52.0,30.75,3.6666666666666665,0.0,35.12430191040039,-1.0,,CONGESTION
1790751664.894522,esp32-1,-33.0,44.008,19.62367,20.0,19.0,-1.0,,CONGESTION
1790751667.3967378,pc,-51.0,52.5,32.0,0.0,0.7693767547607422,-1.0,,CONGESTION
1790751672.1345594,esp32-1,-34.0,161.0532,316.8193,0.0,179.0,-1.0,,CONGESTION
1790751672.5118637,pc,-50.0,46.0,21.0,0.0,10.070323944091797,-1.0,,CONGESTION
1790751675.7213194,esp32-1,-35.0,38.4095,30.247,20.0,197.0,-1.0,,CONGESTION
1790751677.583688,pc,-52.0,178.25,298.3333333333333,0.0,84.98430252075195,-1.0,,CONGESTION
1790751680.073906,esp32-1,-35.0,37.78275,17.04267,20.0,151.0,-1.0,,CONGESTION
1790751682.4869845,pc,-52.0,211.0,460.0,0.0,53.59411239624024,-1.0,,CONGESTION
1790751684.644271,esp32-1,-34.0,166.2202,284.6712,0.0,49.0,-1.0,,CONGESTION
1790751687.5991943,pc,-52.0,90.0,83.66666666666667,0.0,11.384963989257812,-1.0,,CONGESTION
1790751690.4636347,esp32-1,-34.0,59.23025,76.40466,20.0,53.0,-1.0,,CONGESTION
1790751692.5200438,pc,-51.0,82.75,90.33333333333331,0.0,73.82750511169434,-1.0,,CONGESTION
1790751696.1370544,esp32-1,-34.0,32.51125,23.874,20.0,213.0,-1.0,,CONGESTION
1790751697.4348595,pc,-51.0,109.75,198.66666666666663,0.0,0.8060932159423828,-1.0,,CONGESTION
1790751701.956556,esp32-1,-34.0,50.62933,26.3885,40.0,834.0,-1.0,,CONGESTION
1790751702.510995,pc,-52.0,91.25,80.0,0.0,9.409427642822266,-1.0,,CONGESTION
1790751705.1380095,esp32-1,-33.0,56.655,19.05567,20.0,14.0,-1.0,,CONGESTION
1790751708.4278853,pc,-51.0,34.333333333333336,11.5,25.0,0.7421970367431641,-1.0,,CONGESTION
1790751709.5918272,esp32-1,-35.0,113.8832,97.4255,0.0,59.0,-1.0,,CONGESTION
1790751712.4170678,pc,-52.0,47.75,32.333333333333336,0.0,0.7474422454833984,-1.0,,CONGESTION
1790751717.4844365,pc,-52.0,40.75,14.333333333333334,0.0,11.081933975219728,-1.0,,CONGESTION
1790751717.5830789,esp32-1,-33.0,142.1694,197.152,0.0,169.0,-1.0,,CONGESTION
1790751720.2037091,esp32-1,-33.0,60.54425,45.42,20.0,46.0,-1.0,,CONGESTION
1790751723.693622,esp32-1,-33.0,142.1694,197.152,0.0,169.0,-1.0,,CONGESTION
1790751725.7618947,esp32-1,-34.0,86.01476,152.3913,20.0,47.0,-1.0,,CONGESTION
1790751727.0533166,esp32-1,-33.0,142.1694,197.152,0.0,169.0,-1.0,,CONGESTION
1790751730.733389,esp32-1,-34.0,56.8202,14.35275,0.0,316.0,-1.0,,CONGESTION
1790751743.5572276,pc,-51.0,59.25,33.666666666666664,0.0,0.7326602935791016,3.974551940637378,,CONGESTION
1790751744.5723488,esp32-1,-35.0,31.9855,26.03567,20.0,646.0,-1.0,,CONGESTION
1790751746.0527902,esp32-1,-34.0,93.599,115.608,0.0,64.0,-1.0,,CONGESTION
1790751747.022242,pc,-50.0,145.5,104.66666666666669,0.0,0.7567405700683594,-1.0,,CONGESTION
1790751748.2308228,esp32-1,-33.0,58.4882,26.81375,0.0,280.0,-1.0,,CONGESTION
1790751748.8541155,esp32-1,-35.0,31.9855,26.03567,20.0,646.0,-1.0,,CONGESTION
1790751752.0361843,pc,-50.0,37.75,10.0,0.0,10.234594345092772,-1.0,,CONGESTION
1790751756.4129915,esp32-1,-34.0,42.6138,18.0655,0.0,37.0,-1.0,,CONGESTION
1790751757.0338943,pc,-51.0,55.75,22.666666666666668,0.0,0.7510185241699219,-1.0,,CONGESTION
1790751758.0243385,esp32-1,-34.0,67.6998,47.155,0.0,278.0,-1.0,,CONGESTION
1790751759.606379,esp32-1,-34.0,42.6138,18.0655,0.0,37.0,-1.0,,CONGESTION
1790751762.9941792,pc,-53.0,128.66666666666666,120.5,25.0,54.93640899658203,-1.0,,CONGESTION
1790751764.3583364,esp32-1,-34.0,45.538,47.017,20.0,450.0,-1.0,,CONGESTION
1790751767.052874,pc,-53.0,187.0,175.0,0.0,10.330915451049805,-1.0,,CONGESTION
1790751772.2356718,esp32-1,-34.0,38.324,7.765499,40.0,291.0,-1.0,,CONGESTION
1790751772.9381635,pc,-54.0,124.66666666666669,156.5,25.0,0.7560253143310547,-1.0,,CONGESTION
1790751775.5714934,esp32-1,-34.0,35.30275,24.66967,20.0,20.0,-1.0,,CONGESTION
1790751778.5418043,pc,-50.0,540.6666666666666,311.0,25.0,0.932931900024414,-1.0,,CONGESTION
1790751781.320814,esp32-1,-34.0,38.324,7.765499,40.0,291.0,-1.0,,CONGESTION
1790751782.0713923,pc,-52.0,104.75,55.333333333333336,0.0,9.311199188232422,-1.0,,CONGESTION
1790751786.4151807,esp32-1,-35.0,74.281,63.1805,0.0,57.0,-1.0,,CONGESTION
1790751788.0491178,esp32-1,-35.0,148.1836,142.45,0.0,26.0,-1.0,,CONGESTION
1790751788.9641693,pc,-50.0,169.0,250.0,50.0,0.9465217590332032,-1.0,,CONGESTION
1790751789.3724785,esp32-1,-34.0,38.324,7.765499,40.0,291.0,-1.0,,CONGESTION
1790751792.806938,esp32-1,-35.0,74.281,63.1805,0.0,57.0,-1.0,,CONGESTION
1790751793.4175687,pc,-50.0,129.66666666666666,55.5,25.0,0.5779266357421875,-1.0,,CONGESTION
1790751797.4486237,pc,-50.0,135.75,60.0,0.0,20.86520195007324,-1.0,,CONGESTION
1790751797.9017267,esp32-1,-33.0,91.4218,134.5462,0.0,556.0,-1.0,,CONGESTION
1790751800.0912356,esp32-1,-34.0,48.202,19.9075,0.0,764.0,-1.0,,CONGESTION
1790751800.865433,esp32-1,-33.0,91.4218,134.5462,0.0,556.0,-1.0,,CONGESTION
1790751802.4093266,pc,-53.0,95.0,160.66666666666666,0.0,27.2064208984375,-1.0,,CONGESTION
1790751805.432395,esp32-1,-34.0,58.8065,35.44433,20.0,306.0,-1.0,,CONGESTION
1790751807.4012527,pc,-53.0,52.0,29.666666666666668,0.0,0.7569789886474609,-1.0,,CONGESTION
1790751812.1537085,esp32-1,-34.0,94.1832,111.724,0.0,48.0,-1.0,,CONGESTION
1790751813.4049928,pc,-50.0,34.333333333333336,14.5,25.0,10.283231735229492,-1.0,,CONGESTION
1790751815.8201315,esp32-1,-34.0,72.7035,76.869,20.0,720.0,-1.0,,CONGESTION
1790751818.3862844,esp32-1,-34.0,94.1832,111.724,0.0,48.0,-1.0,,CONGESTION
1790751818.3985147,pc,-50.0,71.33333333333333,82.0,25.0,0.6551742553710938,-1.0,,CONGESTION
1790751820.1174622,esp32-1,-34.0,42.7512,20.90725,0.0,182.0,-1.0,,CONGESTION
1790751822.598089,pc,-51.0,159.25,212.33333333333331,0.0,0.7123947143554688,-1.0,,CONGESTION
1790751827.4041705,pc,-52.0,36.75,8.666666666666666,0.0,0.7309913635253906,-1.0,,CONGESTION
1790751829.2612214,esp32-1,-34.0,28.87933,39.1415,40.0,62.0,-1.0,,CONGESTION
1790751833.1951537,esp32-1,-34.0,107.3966,144.7583,0.0,407.0,-1.0,,CONGESTION
1790751833.4137745,pc,-50.0,35.666666666666664,3.5,25.0,0.6468296051025391,-1.0,,CONGESTION
1790751835.5532117,esp32-1,-34.0,139.9262,220.327,0.0,231.0,-1.0,,CONGESTION
1790751836.0921636,esp32-1,-34.0,28.87933,39.1415,40.0,62.0,-1.0,,CONGESTION
1790751836.528451,esp32-1,-34.0,107.3966,144.7583,0.0,407.0,-1.0,,CONGESTION
1790751837.5553465,pc,-50.0,109.75,107.66666666666669,0.0,0.9000301361083984,-1.0,,CONGESTION
1790751841.073892,esp32-1,-33.0,22.96125,18.56333,20.0,206.0,-1.0,,CONGESTION
1790751842.4163167,pc,-51.0,86.25,137.33333333333334,0.0,0.7686614990234375,-1.0,,CONGESTION
1790751845.2765272,esp32-1,-32.0,63.7248,83.6675,0.0,38.0,-1.0,,CONGESTION
1790751882.750116,pc,-51.0,33.25,4.333333333333333,0.0,321.5186595916748,-1.0,,NORMAL
1790751945.8881187,esp32-1,-35.0,61.7958,77.6785,0.0,177.0,-1.0,,NORMAL
1790751947.424969,pc,-51.0,33.5,3.333333333333333,0.0,0.7524490356445312,-1.0,,NORMAL
1790751972.4255135,pc,-50.0,115.5,142.0,0.0,0.8609294891357422,-1.0,,NORMAL
1790752055.1968524,esp32-1,-33.0,38.49975,28.788,20.0,1018.0,-1.0,,NORMAL
1790752097.9102387,pc,-50.0,99.5,183.33333333333331,0.0,0.6535053253173828,-1.0,,NORMAL
1790752137.1230814,esp32-1,-34.0,24.42575,20.43333,20.0,50.0,-1.0,,NORMAL
1790752142.8831816,pc,-50.0,34.0,8.333333333333334,0.0,0.7383823394775391,-1.0,,NORMAL
1790752187.19889,esp32-1,-35.0,40.7422,6.639,0.0,54.0,-1.0,,NORMAL
1790752221.6064477,esp32-1,-37.0,90.8312,60.18275,0.0,41.0,-1.0,,NORMAL
1790752341.3237572,esp32-1,-36.0,45.6594,4.843749,0.0,54.0,-1.0,,NORMAL
1790752462.3592308,esp32-1,-34.0,23.79675,20.06733,20.0,48.0,-1.0,,NORMAL
1790752534.4686203,pc,-50.0,92.0,93.0,0.0,11.307001113891602,-1.0,,NORMAL
1790752579.495789,pc,-50.0,29.75,3.0,0.0,12.232303619384766,-1.0,,PACKET_LOSS
1790752582.069862,esp32-1,-33.0,22.64175,17.48567,20.0,44.0,-1.0,,PACKET_LOSS
1790752585.4240606,pc,-51.0,27.33333333333333,1.0,25.0,0.8943080902099609,-1.0,,PACKET_LOSS
1790752587.187744,esp32-1,-35.0,202.432,432.0285,0.0,265.0,-1.0,,PACKET_LOSS
1790752589.569441,pc,-51.0,29.25,1.6666666666666667,0.0,81.59065246582031,-1.0,,PACKET_LOSS
1790752592.2158494,esp32-1,-33.0,67.2775,40.75366,20.0,4.0,-1.0,,PACKET_LOSS
1790752594.4681523,pc,-52.0,29.0,4.666666666666667,0.0,3.090143203735352,-1.0,,PACKET_LOSS
1790752597.1269388,esp32-1,-33.0,33.481,36.26266,20.0,3.0,-1.0,,PACKET_LOSS
1790752600.3589416,pc,-51.0,104.66666666666669,210.5,25.0,0.6718635559082031,-1.0,,PACKET_LOSS
1790752602.9592762,esp32-1,-34.0,241.4,592.4727,20.0,6.0,-1.0,,PACKET_LOSS
1790752604.487189,pc,-51.0,42.75,36.66666666666666,0.0,8.217811584472656,-1.0,,PACKET_LOSS
1790752606.2468972,esp32-1,-34.0,75.0428,46.55875,0.0,4.0,-1.0,,PACKET_LOSS
1790752610.3851166,pc,-50.0,34.666666666666664,10.5,25.0,0.7905960083007812,-1.0,,PACKET_LOSS
1790752611.993413,esp32-1,-34.0,22.43475,18.053,20.0,42.0,-1.0,,PACKET_LOSS
1790752615.4645724,pc,-50.0,59.333333333333336,85.0,25.0,5.908727645874023,-1.0,,PACKET_LOSS
1790752617.9129808,esp32-1,-35.0,243.6885,584.8589,20.0,3.0,-1.0,,PACKET_LOSS
1790752619.599533,pc,-50.0,61.75,43.66666666666666,0.0,0.6906986236572266,-1.0,,PACKET_LOSS
1790752621.6978006,esp32-1,-35.0,85.30901,109.2305,0.0,257.0,-1.0,,PACKET_LOSS
1790752624.5787363,pc,-51.0,60.75,43.333333333333336,0.0,0.7236003875732422,-1.0,,PACKET_LOSS
1790752627.1266296,esp32-1,-34.0,22.57625,17.986,20.0,40.0,-1.0,,PACKET_LOSS
1790752629.6689754,pc,-50.0,181.25,320.0,0.0,0.7376670837402344,-1.0,,PACKET_LOSS
1790752632.9617174,esp32-1,-34.0,243.3528,587.6783,20.0,3.0,-1.0,,PACKET_LOSS
1790752635.3923025,pc,-50.0,47.333333333333336,27.5,25.0,0.7441043853759766,-1.0,,PACKET_LOSS
1790752636.2409923,esp32-1,-34.0,43.9624,6.239501,0.0,52.0,-1.0,,PACKET_LOSS
1790752639.6830657,pc,-50.0,84.5,77.0,0.0,0.8285045623779297,-1.0,,PACKET_LOSS
1790752641.994732,esp32-1,-35.0,23.51275,14.014,20.0,36.0,-1.0,,PACKET_LOSS
1790752644.7720516,pc,-50.0,115.25,142.33333333333334,0.0,0.7948875427246094,-1.0,,PACKET_LOSS
1790752647.8431084,esp32-1,-36.0,244.5468,601.8137,20.0,3.0,-1.0,,PACKET_LOSS
1790752650.411735,pc,-50.0,32.333333333333336,5.5,25.0,0.8502006530761719,-1.0,,PACKET_LOSS
1790752651.357561,esp32-1,-34.0,44.0236,6.27375,0.0,263.0,-1.0,,PACKET_LOSS
1790752655.3806667,pc,-50.0,31.0,1.0,25.0,0.7300376892089844,-1.0,,PACKET_LOSS
1790752657.132715,esp32-1,-34.0,22.76525,18.41133,20.0,38.0,-1.0,,PACKET_LOSS
1790752659.4536405,pc,-50.0,90.75,158.0,0.0,1.2896060943603516,-1.0,,PACKET_LOSS
1790752662.9710667,esp32-1,-33.0,245.5995,605.3197,20.0,3.0,-1.0,,PACKET_LOSS
1790752667.0800252,esp32-1,-34.0,38.21425,58.204,20.0,47.0,-1.0,,PACKET_LOSS
1790752671.6235497,pc,-51.0,28.0,0.0,50.0,16.885757446289062,16.152672027802282,,PACKET_LOSS
1790752671.670797,esp32-1,-34.0,94.486,88.26575,0.0,262.0,-1.0,,PACKET_LOSS
1790752675.0699022,pc,-51.0,86.5,76.33333333333333,0.0,0.8859634399414062,-1.0,,PACKET_LOSS
1790752676.5927024,esp32-1,-34.0,40.2704,6.39625,0.0,522.0,-1.0,,PACKET_LOSS
1790752680.1154878,pc,-52.0,75.0,58.66666666666666,0.0,0.9887218475341796,-1.0,,PACKET_LOSS
1790752681.35442,esp32-1,-33.0,47.1442,4.071751,0.0,251.0,-1.0,,PACKET_LOSS
1790752685.0660222,pc,-53.0,28.0,2.333333333333333,0.0,0.935077667236328,-1.0,,PACKET_LOSS
1790752687.1988556,esp32-1,-33.0,22.91175,18.66133,20.0,233.0,-1.0,,PACKET_LOSS
1790752690.0608978,pc,-51.0,27.25,0.3333333333333333,0.0,0.7092952728271484,-1.0,,PACKET_LOSS
1790752691.6258583,esp32-1,-35.0,40.2736,6.33825,0.0,53.0,-1.0,,PACKET_LOSS
1790752695.0997465,pc,-50.0,62.25,47.0,0.0,6.164789199829102,-1.0,,PACKET_LOSS
1790752696.276749,esp32-1,-34.0,76.739,43.30425,0.0,7.0,-1.0,,PACKET_LOSS
1790752700.1648169,pc,-52.0,42.5,20.33333333333333,0.0,37.60051727294922,-1.0,,PACKET_LOSS
1790752702.2925415,esp32-1,-34.0,22.891,18.608,20.0,189.0,-1.0,,PACKET_LOSS
1790752705.0503182,pc,-51.0,109.25,196.0,0.0,0.8275508880615234,-1.0,,PACKET_LOSS
1790752706.5859962,esp32-1,-35.0,81.2834,118.3895,0.0,270.0,-1.0,,PACKET_LOSS
1790752710.0535996,pc,-52.0,70.75,50.0,0.0,0.9105205535888672,-1.0,,PACKET_LOSS
1790752711.7104094,esp32-1,-34.0,87.3698,56.71275,0.0,286.0,-1.0,,PACKET_LOSS
1790752715.0913727,pc,-51.0,88.75,81.0,0.0,10.09821891784668,-1.0,,PACKET_LOSS
1790752717.138734,esp32-1,-34.0,22.5615,17.51067,20.0,53.0,-1.0,,PACKET_LOSS
1790752720.069706,pc,-51.0,29.25,2.333333333333333,0.0,0.8027553558349609,-1.0,,PACKET_LOSS
1790752721.5935216,esp32-1,-34.0,73.7726,48.28425,0.0,353.0,-1.0,,PACKET_LOSS
1790752725.0549796,pc,-50.0,58.5,40.66666666666666,0.0,1.4109611511230469,-1.0,,PACKET_LOSS
1790752726.4074538,esp32-1,-33.0,46.9482,6.409249,0.0,52.0,-1.0,,PACKET_LOSS
1790752730.037037,pc,-50.0,58.5,81.0,0.0,9.370088577270508,-1.0,,PACKET_LOSS
1790752732.1922865,esp32-1,-33.0,22.359,17.89033,20.0,187.0,-1.0,,PACKET_LOSS
1790752735.025713,pc,-50.0,28.0,1.3333333333333333,0.0,0.8628368377685547,-1.0,,PACKET_LOSS
1790752736.4934185,esp32-1,-35.0,39.6762,6.150501,0.0,276.0,-1.0,,PACKET_LOSS
1790752740.057233,pc,-51.0,33.75,6.333333333333333,0.0,8.642196655273438,-1.0,,PACKET_LOSS
1790752741.7159052,esp32-1,-33.0,87.34081,109.8083,0.0,260.0,-1.0,,PACKET_LOSS
1790752745.054174,pc,-50.0,95.0,85.33333333333333,0.0,9.16767120361328,-1.0,,PACKET_LOSS
1790752747.019926,esp32-1,-34.0,22.669,15.61333,20.0,51.0,-1.0,,PACKET_LOSS
1790752750.0371883,pc,-50.0,29.25,4.0,0.0,0.8587837219238281,-1.0,,PACKET_LOSS
1790752751.8860188,esp32-1,-36.0,182.2148,382.3043,0.0,3.0,-1.0,,PACKET_LOSS
1790752755.0624592,pc,-50.0,31.25,4.0,0.0,0.8974075317382812,-1.0,,PACKET_LOSS
1790752756.565191,esp32-1,-34.0,46.4442,6.278501,0.0,53.0,-1.0,,PACKET_LOSS
1790752760.9483223,pc,-50.0,59.333333333333336,41.0,25.0,11.980772018432615,-1.0,,PACKET_LOSS
1790752762.1974957,esp32-1,-36.0,22.18525,17.672,20.0,192.0,-1.0,,PACKET_LOSS
1790752765.870205,pc,-50.0,114.66666666666669,124.0,25.0,0.9818077087402344,-1.0,,PACKET_LOSS
1790752767.1119554,esp32-1,-35.0,182.762,385.3812,0.0,3.0,-1.0,,PACKET_LOSS
1790752770.0547612,pc,-51.0,97.5,90.66666666666669,0.0,0.8397102355957031,-1.0,,PACKET_LOSS
1790752771.617989,esp32-1,-34.0,87.447,113.771,0.0,264.0,-1.0,,PACKET_LOSS
1790752775.0640757,pc,-52.0,105.25,103.66666666666669,0.0,0.7069110870361328,-1.0,,PACKET_LOSS
1790752777.365828,esp32-1,-33.0,21.87625,17.61133,20.0,53.0,-1.0,,PACKET_LOSS
1790752780.0641809,pc,-51.0,28.75,1.3333333333333333,0.0,13.755559921264648,-1.0,,PACKET_LOSS
1790752781.305599,esp32-1,-35.0,39.1878,8.076,0.0,233.0,-1.0,,PACKET_LOSS
1790752785.9556353,pc,-51.0,30.666666666666668,3.0,25.0,1.2691020965576172,-1.0,,PACKET_LOSS
1790752787.4354427,esp32-1,-34.0,85.52901,61.21167,20.0,4.0,-1.0,,PACKET_LOSS
1790752790.8523364,pc,-51.0,30.0,3.0,25.0,0.7219314575195312,-1.0,,PACKET_LOSS
1790752792.4056373,esp32-1,-34.0,21.6605,17.03767,20.0,52.0,-1.0,,PACKET_LOSS
1790752795.0717528,pc,-50.0,29.5,1.6666666666666667,0.0,10.215044021606444,-1.0,,PACKET_LOSS
1790752796.257065,esp32-1,-34.0,39.0556,6.16075,0.0,184.0,-1.0,,PACKET_LOSS
1790752801.2144084,esp32-1,-35.0,45.9526,5.501002,0.0,53.0,-1.0,,PACKET_LOSS
1790752801.85974,pc,-50.0,27.0,0.0,50.0,1.3363361358642578,-1.0,,PACKET_LOSS
1790752805.382666,pc,-52.0,67.0,52.333333333333336,0.0,4.8694610595703125,-1.0,,PACKET_LOSS
1790752807.0570934,esp32-1,-34.0,22.06025,17.182,20.0,51.0,-1.0,,PACKET_LOSS
1790752810.3763156,pc,-50.0,95.0,90.66666666666669,0.0,10.918855667114258,-1.0,,PACKET_LOSS
1790752811.2475405,esp32-1,-35.0,38.733,6.485,0.0,53.0,-1.0,,PACKET_LOSS
1790752815.8953128,pc,-50.0,27.33333333333333,0.5,25.0,1.2714862823486328,-1.0,,PACKET_LOSS
1790752816.3185124,esp32-1,-34.0,45.9692,6.013,0.0,52.0,-1.0,,PACKET_LOSS
1790752820.3987677,pc,-50.0,31.0,4.333333333333333,0.0,5.542755126953125,-1.0,,PACKET_LOSS
1790752822.1068685,esp32-1,-33.0,21.60425,16.78233,20.0,51.0,-1.0,,PACKET_LOSS
1790752825.957051,pc,-52.0,138.66666666666666,166.0,25.0,12.106895446777344,-1.0,,PACKET_LOSS
1790752826.459736,esp32-1,-34.0,38.6122,6.351001,0.0,188.0,-1.0,,PACKET_LOSS
1790752830.37037,pc,-52.0,27.5,0.3333333333333333,0.0,0.8955001831054688,-1.0,,PACKET_LOSS
1790752831.216925,esp32-1,-35.0,45.8668,6.082501,0.0,3.0,-1.0,,PACKET_LOSS
1790752835.3554864,pc,-51.0,27.75,1.3333333333333333,0.0,1.3644695281982422,-1.0,,PACKET_LOSS
1790752837.0345085,esp32-1,-35.0,22.37175,16.14533,20.0,56.0,-1.0,,PACKET_LOSS
1790752840.3602278,pc,-51.0,91.75,85.0,0.0,0.7276535034179688,-1.0,,PACKET_LOSS
1790752841.3087378,esp32-1,-36.0,38.7474,6.53025,0.0,241.0,-1.0,,PACKET_LOSS
1790752846.1497788,pc,-51.0,94.33333333333331,99.5,25.0,11.148691177368164,-1.0,,PACKET_LOSS
1790752847.2212873,esp32-1,-36.0,87.13326,65.97334,20.0,4.0,-1.0,,PACKET_LOSS
1790752852.1690905,esp32-1,-32.0,22.4765,18.154,20.0,201.0,-1.0,,PACKET_LOSS
1790752852.2350774,pc,-50.0,191.0,328.0,50.0,0.8320808410644531,-1.0,,PACKET_LOSS
1790752856.3054368,esp32-1,-33.0,38.5586,6.93425,0.0,193.0,-1.0,,PACKET_LOSS
1790752856.400658,pc,-50.0,71.66666666666667,62.0,25.0,0.7371902465820312,-1.0,,PACKET_LOSS
1790752861.4244022,esp32-1,-35.0,45.5198,5.770499,0.0,175.0,-1.0,,PACKET_LOSS
1790752861.4476688,pc,-50.0,43.0,20.0,25.0,11.688470840454102,-1.0,,PACKET_LOSS
1790752866.4242318,pc,-50.0,32.666666666666664,2.0,25.0,0.7174015045166016,-1.0,,PACKET_LOSS
1790752867.0585904,esp32-1,-36.0,22.23525,16.12433,20.0,49.0,-1.0,,PACKET_LOSS
1790752870.6980138,pc,-51.0,30.75,3.333333333333333,0.0,0.7717609405517578,-1.0,,PACKET_LOSS
1790752871.6813304,esp32-1,-34.0,56.4092,28.6355,0.0,440.0,-1.0,,PACKET_LOSS
1790752876.4106596,pc,-54.0,27.666666666666668,0.5,25.0,9.721040725708008,-1.0,,PACKET_LOSS
1790752877.2851307,esp32-1,-35.0,87.92924,67.074,20.0,8.0,-1.0,,PACKET_LOSS
1790752881.442831,pc,-50.0,105.66666666666669,119.5,25.0,0.8778572082519531,-1.0,,PACKET_LOSS
1790752882.3155367,esp32-1,-35.0,92.333,76.68733,20.0,4.0,-1.0,,PACKET_LOSS
1790752886.4515324,pc,-51.0,31.0,3.5,25.0,0.7371902465820312,-1.0,,PACKET_LOSS
1790752886.8504655,esp32-1,-36.0,183.1454,194.5888,0.0,3.0,-1.0,,PACKET_LOSS
1790752890.9612608,pc,-51.0,108.75,102.33333333333331,0.0,10.831117630004885,-1.0,,PACKET_LOSS
1790752891.5315824,esp32-1,-34.0,65.70701,81.71725,0.0,53.0,-1.0,,PACKET_LOSS
1790752895.843815,pc,-51.0,105.25,149.66666666666666,0.0,4.068136215209961,-1.0,,PACKET_LOSS
1790752897.0632665,esp32-1,-35.0,22.4405,17.47633,20.0,45.0,-1.0,,PACKET_LOSS
1790752900.691183,pc,-51.0,75.75,125.33333333333331,0.0,1.0328292846679688,-1.0,,PACKET_LOSS
1790752901.370594,esp32-1,-34.0,38.4228,6.370999,0.0,250.0,-1.0,,PACKET_LOSS
1790752906.4057117,esp32-1,-32.0,45.0876,6.386749,0.0,234.0,-1.0,,PACKET_LOSS
1790752907.4371884,pc,-50.0,31.5,3.0,50.0,20.20573616027832,-1.0,,PACKET_LOSS
1790752910.89069,pc,-52.0,83.5,46.66666666666666,0.0,0.8521080017089844,-1.0,,PACKET_LOSS
1790752911.2969818,esp32-1,-32.0,51.882,0.931251,0.0,156.0,-1.0,,PACKET_LOSS
1790752916.4168365,esp32-1,-34.0,38.2708,6.451251,0.0,201.0,-1.0,,PACKET_LOSS
1790752916.6009848,pc,-51.0,27.33333333333333,1.0,25.0,159.75666046142578,-1.0,,PACKET_LOSS
1790752921.155655,esp32-1,-32.0,44.834,6.13,0.0,53.0,-1.0,,PACKET_LOSS
1790752921.7087743,pc,-51.0,172.66666666666666,140.5,25.0,1.4653205871582031,-1.0,,PACKET_LOSS
1790752926.410055,pc,-51.0,28.33333333333333,0.5,25.0,0.8099079132080078,-1.0,,PACKET_LOSS
1790752927.018331,esp32-1,-34.0,22.36975,17.87233,20.0,45.0,-1.0,,PACKET_LOSS
1790752931.3609214,pc,-51.0,99.33333333333331,217.0,25.0,5.330324172973633,-1.0,,PACKET_LOSS
1790752931.8050034,esp32-1,-32.0,185.9198,140.4523,0.0,2.0,-1.0,,PACKET_LOSS
1790752935.868647,pc,-51.0,89.0,162.0,0.0,0.7541179656982422,-1.0,,PACKET_LOSS
1790752936.4060664,esp32-1,-33.0,44.8832,6.328249,0.0,238.0,-1.0,,PACKET_LOSS
1790752940.890393,pc,-51.0,30.25,2.333333333333333,0.0,15.570640563964844,-1.0,,PACKET_LOSS
1790752942.1199727,esp32-1,-36.0,21.973,16.61733,20.0,45.0,-1.0,,PACKET_LOSS
1790752946.3428757,pc,-51.0,37.66666666666666,16.0,25.0,0.6067752838134766,-1.0,,PACKET_LOSS
1790752947.2399588,esp32-1,-35.0,66.34525,74.58233,20.0,4.0,-1.0,,PACKET_LOSS
1790752951.3366926,esp32-1,-33.0,67.474,80.4545,0.0,42.0,-1.0,,PACKET_LOSS
1790752951.439549,pc,-50.0,30.0,2.0,25.0,1.339435577392578,-1.0,,PACKET_LOSS
1790752956.9155178,pc,-51.0,28.33333333333333,2.0,25.0,15.143394470214844,-1.0,,PACKET_LOSS
1790752957.484133,esp32-1,-33.0,21.989,17.262,20.0,45.0,-1.0,,PACKET_LOSS
1790752960.8987582,pc,-50.0,79.75,68.66666666666667,0.0,0.7112026214599609,-1.0,,PACKET_LOSS
1790752961.68056,esp32-1,-33.0,99.34019,97.96574,0.0,225.0,-1.0,,PACKET_LOSS
1790752965.9064827,pc,-51.0,45.5,21.666666666666668,0.0,1.3501644134521484,-1.0,,PACKET_LOSS
1790752966.988238,esp32-1,-33.0,24.00675,14.35733,20.0,3.0,-1.0,,PACKET_LOSS
1790752971.4101903,pc,-50.0,29.0,3.0,25.0,0.7467269897460938,-1.0,,PACKET_LOSS
1790752972.0107205,esp32-1,-32.0,21.7645,15.85867,20.0,44.0,-1.0,,PACKET_LOSS
1790752977.3467982,esp32-1,-34.0,28.02925,23.979,20.0,209.0,-1.0,,PACKET_LOSS
1790752981.6991813,pc,-50.0,28.33333333333333,1.5,25.0,0.9229183197021484,15.823112251855015,,PACKET_LOSS
1790752982.261408,esp32-1,-35.0,109.7984,109.203,0.0,191.0,-1.0,,PACKET_LOSS
1790752985.1419077,pc,-51.0,158.5,270.3333333333333,0.0,4.9495697021484375,-1.0,,PACKET_LOSS
1790752987.2809606,esp32-1,-34.0,23.90875,19.12267,20.0,259.0,-1.0,,PACKET_LOSS
1790752990.172393,pc,-51.0,28.0,1.6666666666666667,0.0,12.941837310791016,-1.0,,PACKET_LOSS
1790752991.9129612,esp32-1,-31.0,188.8534,142.1595,0.0,3.0,-1.0,,PACKET_LOSS
1790752995.210418,pc,-51.0,106.25,105.33333333333331,0.0,0.9241104125976562,-1.0,,PACKET_LOSS
1790752997.244176,esp32-1,-33.0,91.27225,68.265,20.0,4.0,-1.0,,PACKET_LOSS
1790753001.8841128,pc,-51.0,123.0,192.0,50.0,0.78582763671875,-1.0,,PACKET_LOSS
1790753002.6409795,esp32-1,-32.0,23.95225,19.80633,20.0,53.0,-1.0,,PACKET_LOSS
1790753005.3288715,pc,-51.0,65.5,50.66666666666666,0.0,11.75379753112793,-1.0,,PACKET_LOSS
1790753007.250726,esp32-1,-35.0,205.502,444.1848,0.0,193.0,-1.0,,PACKET_LOSS
1790753010.305231,pc,-51.0,28.5,1.3333333333333333,0.0,0.8056163787841797,-1.0,,PACKET_LOSS
1790753011.278854,esp32-1,-33.0,73.36,37.83675,0.0,28.0,-1.0,,PACKET_LOSS
1790753015.9155092,pc,-51.0,31.666666666666668,11.0,25.0,0.8795261383056641,-1.0,,PACKET_LOSS
1790753017.2857308,esp32-1,-33.0,23.8505,19.69267,20.0,264.0,-1.0,,PACKET_LOSS
1790753020.883595,pc,-51.0,30.0,4.5,25.0,13.398408889770508,-1.0,,PACKET_LOSS
1790753021.4840364,esp32-1,-34.0,40.9062,6.227,0.0,249.0,-1.0,,PACKET_LOSS
1790753026.600413,esp32-1,-34.0,84.0576,52.66425,0.0,303.0,-1.0,,PACKET_LOSS
1790753027.881329,pc,-51.0,31.0,0.0,75.0,1.2955665588378906,-1.0,,PACKET_LOSS
1790753031.3307867,pc,-51.0,65.5,53.66666666666666,0.0,0.7688999176025391,-1.0,,PACKET_LOSS
1790753032.1941805,esp32-1,-35.0,23.738,19.75533,20.0,214.0,-1.0,,PACKET_LOSS
1790753036.4332204,esp32-1,-35.0,40.6812,6.83925,0.0,201.0,-1.0,,PACKET_LOSS
1790753036.9958813,pc,-52.0,48.0,31.0,25.0,10.879755020141602,-1.0,,PACKET_LOSS
1790753041.6574786,esp32-1,-35.0,38.4222,12.29675,0.0,530.0,-1.0,,PACKET_LOSS
1790753042.230102,pc,-53.0,131.0,150.0,25.0,0.8990764617919922,-1.0,,PACKET_LOSS
1790753047.3914433,esp32-1,-34.0,54.2506,15.0385,0.0,53.0,-1.0,,PACKET_LOSS
1790753047.8477106,pc,-52.0,28.5,1.0,50.0,0.8831024169921875,-1.0,,PACKET_LOSS
1790753051.300253,pc,-52.0,86.5,125.0,0.0,0.9179115295410156,-1.0,,PACKET_LOSS
1790753051.8973846,esp32-1,-36.0,40.6964,6.19475,0.0,53.0,-1.0,,PACKET_LOSS
1790753056.94099,pc,-51.0,27.666666666666668,0.5,25.0,0.7939338684082031,-1.0,,PACKET_LOSS
1790753057.452141,esp32-1,-34.0,47.8246,6.971749,0.0,53.0,-1.0,,PACKET_LOSS
1790753061.902287,pc,-51.0,30.33333333333333,10.0,25.0,4.0607452392578125,-1.0,,PACKET_LOSS
1790753062.3952754,esp32-1,-34.0,24.00925,19.66734,20.0,216.0,-1.0,,PACKET_LOSS
1790753066.140412,esp32-1,-33.0,40.9968,6.327,0.0,52.0,-1.0,,PACKET_LOSS
1790753066.302946,pc,-51.0,84.0,150.33333333333334,0.0,5.722999572753906,-1.0,,PACKET_LOSS
1790753071.3418546,pc,-51.0,89.75,162.0,0.0,0.8540153503417969,-1.0,,PACKET_LOSS
1790753071.8170564,esp32-1,-32.0,68.446,86.707,0.0,186.0,-1.0,,PACKET_LOSS
1790753076.9380343,pc,-51.0,27.33333333333333,0.5,25.0,0.8203983306884766,-1.0,,PACKET_LOSS
1790753077.5508423,esp32-1,-33.0,23.804,19.709,20.0,53.0,-1.0,,PACKET_LOSS
1790753081.32466,pc,-51.0,27.75,1.0,0.0,0.7500648498535156,-1.0,,PACKET_LOSS
1790753081.959043,esp32-1,-34.0,210.7444,456.8278,0.0,25.0,-1.0,,PACKET_LOSS
1790753086.941327,pc,-51.0,98.66666666666669,164.0,25.0,1.2354850769042969,-1.0,,PACKET_LOSS
1790753087.4536097,esp32-1,-33.0,75.5015,158.729,20.0,17.0,-1.0,,PACKET_LOSS
1790753091.3237944,pc,-50.0,42.25,15.0,0.0,0.7674694061279297,-1.0,,PACKET_LOSS
1790753093.2057729,esp32-1,-35.0,23.6535,19.46067,20.0,53.0,-1.0,,PACKET_LOSS
1790753096.3075998,pc,-50.0,39.0,9.666666666666666,0.0,0.7150173187255859,-1.0,,PACKET_LOSS
1790753096.954222,esp32-1,-34.0,195.7348,161.204,0.0,3.0,-1.0,,PACKET_LOSS
1790753101.3118515,esp32-1,-34.0,70.3822,82.09675,0.0,41.0,-1.0,,PACKET_LOSS
1790753101.3296082,pc,-52.0,45.25,25.666666666666668,0.0,0.7421970367431641,-1.0,,PACKET_LOSS
1790753106.3579552,pc,-50.0,33.5,8.666666666666666,0.0,58.43758583068848,-1.0,,PACKET_LOSS
1790753107.4006035,esp32-1,-35.0,23.3445,18.07067,20.0,275.0,-1.0,,PACKET_LOSS
1790753111.3541074,esp32-1,-35.0,82.1482,57.63875,0.0,51.0,-1.0,,PACKET_LOSS
1790753111.946719,pc,-50.0,30.0,2.5,25.0,0.9431838989257812,-1.0,,PACKET_LOSS
1790753116.31258,pc,-50.0,28.0,1.6666666666666667,0.0,9.682893753051758,-1.0,,PACKET_LOSS
1790753116.8354244,esp32-1,-33.0,47.3226,6.008251,0.0,245.0,-1.0,,PACKET_LOSS
1790753121.2984052,pc,-51.0,29.75,4.333333333333333,0.0,0.988483428955078,-1.0,,PACKET_LOSS
1790753122.280534,esp32-1,-33.0,23.337,18.202,20.0,226.0,-1.0,,PACKET_LOSS
1790753126.8617089,pc,-51.0,28.666666666666668,2.0,25.0,0.9555816650390624,-1.0,,PACKET_LOSS
1790753127.3216958,esp32-1,-36.0,213.8818,464.2055,0.0,5.0,-1.0,,PACKET_LOSS
1790753131.322693,esp32-1,-34.0,47.1112,6.4365,0.0,195.0,-1.0,,PACKET_LOSS
1790753131.3305333,pc,-51.0,28.25,2.6666666666666665,0.0,15.354394912719728,-1.0,,PACKET_LOSS
1790753136.9282196,pc,-51.0,28.0,1.0,25.0,0.8893013000488281,-1.0,,PACKET_LOSS
1790753137.3591895,esp32-1,-34.0,22.9945,18.38433,20.0,177.0,-1.0,,PACKET_LOSS
1790753141.8885448,esp32-1,-35.0,199.077,216.9,0.0,3.0,-1.0,,PACKET_LOSS
1790753142.8549323,pc,-51.0,28.5,3.0,50.0,0.7104873657226562,-1.0,,PACKET_LOSS
1790753146.3114762,pc,-50.0,82.25,67.0,0.0,10.386943817138672,-1.0,,PACKET_LOSS
1790753147.2760563,esp32-1,-33.0,94.9675,73.72633,20.0,4.0,-1.0,,PACKET_LOSS
1790753151.9216175,pc,-51.0,28.33333333333333,1.0,25.0,1.413583755493164,-1.0,,PACKET_LOSS
1790753152.4051144,esp32-1,-33.0,22.8165,16.768,20.0,231.0,-1.0,,PACKET_LOSS
1790753156.3110695,esp32-1,-34.0,39.8992,6.486249,0.0,217.0,-1.0,,PACKET_LOSS
1790753156.3412647,pc,-51.0,31.0,5.0,0.0,0.7505416870117188,-1.0,,PACKET_LOSS
1790753161.3400412,pc,-52.0,31.0,2.0,0.0,10.63227653503418,-1.0,,PACKET_LOSS
1790753162.239442,esp32-1,-35.0,46.7838,6.2045,0.0,53.0,-1.0,,PACKET_LOSS
1790753166.2030427,esp32-1,-35.0,53.7456,4.078251,0.0,52.0,-1.0,,PACKET_LOSS
1790753166.3746438,pc,-50.0,52.5,22.0,0.0,0.598907470703125,-1.0,,PACKET_LOSS
1790753171.3460474,pc,-51.0,49.25,11.333333333333334,0.0,0.9610652923583984,-1.0,,PACKET_LOSS
1790753171.9149866,esp32-1,-35.0,103.851,90.1565,0.0,40.0,-1.0,,PACKET_LOSS
1790753176.219525,esp32-1,-34.0,47.0444,7.0625,0.0,52.0,-1.0,,PACKET_LOSS
1790753176.3474996,pc,-51.0,47.25,12.333333333333334,0.0,12.958526611328123,-1.0,,PACKET_LOSS
1790753181.4035776,pc,-51.0,70.25,12.0,0.0,0.7312297821044922,-1.0,,PACKET_LOSS
1790753182.2583845,esp32-1,-34.0,213.6022,80.436,0.0,3.0,-1.0,,PACKET_LOSS
1790753187.4400566,esp32-1,-34.0,237.373,227.9903,0.0,155.0,-1.0,,PACKET_LOSS
1790753188.0363853,pc,-51.0,83.5,79.0,50.0,155.07960319519043,-1.0,,PACKET_LOSS
1790753191.4745486,esp32-1,-33.0,46.5476,6.127749,0.0,205.0,-1.0,,PACKET_LOSS
1790753191.4865243,pc,-50.0,62.5,47.0,0.0,10.072469711303713,-1.0,,PACKET_LOSS
1790753196.522368,pc,-50.0,33.75,15.666666666666666,0.0,1.3263225555419922,-1.0,,PACKET_LOSS
1790753197.515983,esp32-1,-34.0,22.23825,17.699,20.0,186.0,-1.0,,PACKET_LOSS
1790753201.40827,esp32-1,-34.0,84.20461,62.218,0.0,36.0,-1.0,,PACKET_LOSS
1790753201.5145936,pc,-50.0,34.25,6.666666666666667,0.0,0.7600784301757812,-1.0,,PACKET_LOSS
1790753206.220417,esp32-1,-32.0,46.5338,6.3095,0.0,52.0,-1.0,,PACKET_LOSS
1790753206.7878532,pc,-51.0,101.75,96.33333333333331,0.0,11.249542236328123,-1.0,,PACKET_LOSS
1790753212.1606069,esp32-1,-34.0,22.54375,17.936,20.0,50.0,-1.0,,PACKET_LOSS
1790753212.7343457,pc,-51.0,164.66666666666666,150.5,25.0,1.3666152954101562,-1.0,,PACKET_LOSS
1790753217.0073972,esp32-1,-35.0,205.2996,169.7408,0.0,5.0,-1.0,,PACKET_LOSS
1790753217.6885855,pc,-52.0,136.33333333333334,122.0,25.0,18.98455619812012,-1.0,,PACKET_LOSS
1790753221.2722583,esp32-1,-35.0,46.2558,6.30075,0.0,53.0,-1.0,,PACKET_LOSS
1790753221.8459618,pc,-50.0,108.25,107.66666666666669,0.0,16.50381088256836,-1.0,,PACKET_LOSS
1790753227.2139723,esp32-1,-34.0,21.95575,17.31367,20.0,192.0,-1.0,,PACKET_LOSS
1790753228.3904524,pc,-51.0,120.0,176.0,50.0,2.866983413696289,-1.0,,PACKET_LOSS
1790753231.3091552,esp32-1,-32.0,39.426,6.85275,0.0,178.0,-1.0,,PACKET_LOSS
1790753231.8725874,pc,-51.0,65.0,49.333333333333336,0.0,0.7510185241699219,-1.0,,PACKET_LOSS
1790753236.4299371,esp32-1,-35.0,45.9868,5.941249,0.0,263.0,-1.0,,PACKET_LOSS
1790753237.4422843,pc,-51.0,33.0,4.5,25.0,13.21125030517578,-1.0,,PACKET_LOSS
1790753242.2787268,esp32-1,-34.0,22.09525,16.79567,20.0,244.0,-1.0,,PACKET_LOSS
1790753242.631387,pc,-51.0,36.0,6.0,25.0,160.03823280334473,-1.0,,PACKET_LOSS
1790753247.419547,pc,-52.0,27.33333333333333,0.5,25.0,0.7300376892089844,-1.0,,PACKET_LOSS
1790753247.929539,esp32-1,-33.0,27.648,0.436,20.0,612.0,-1.0,,PACKET_LOSS
1790753251.3425932,esp32-1,-33.0,45.9342,5.765501,0.0,215.0,-1.0,,PACKET_LOSS
1790753251.889577,pc,-50.0,42.5,20.33333333333333,0.0,10.139942169189451,-1.0,,PACKET_LOSS
1790753256.8407707,pc,-50.0,98.75,94.33333333333331,0.0,0.8873939514160156,-1.0,,PACKET_LOSS
1790753257.4227152,esp32-1,-33.0,21.659,16.70067,20.0,196.0,-1.0,,PACKET_LOSS
1790753261.8598225,pc,-51.0,28.25,1.3333333333333333,0.0,1.4777183532714844,-1.0,,PACKET_LOSS
1790753262.3379936,esp32-1,-34.0,207.9484,226.852,0.0,3.0,-1.0,,PACKET_LOSS
1790753266.3922114,esp32-1,-32.0,45.9224,5.83325,0.0,268.0,-1.0,,PACKET_LOSS
1790753266.984806,pc,-51.0,58.25,38.0,0.0,10.020017623901367,-1.0,,PACKET_LOSS
1790753271.8609676,pc,-51.0,29.75,1.0,0.0,1.374006271362305,-1.0,,PACKET_LOSS
1790753272.3285086,esp32-1,-33.0,21.62075,16.886,20.0,52.0,-1.0,,PACKET_LOSS
1790753276.3244226,esp32-1,-35.0,39.062,6.07675,0.0,235.0,-1.0,,PACKET_LOSS
1790753276.8557067,pc,-50.0,39.0,17.666666666666668,0.0,0.7567405700683594,-1.0,,PACKET_LOSS
1790753282.3065317,esp32-1,-34.0,86.08725,64.04267,20.0,4.0,-1.0,,PACKET_LOSS
1790753287.527856,esp32-1,-35.0,69.47975,63.289,20.0,231.0,-1.0,,PACKET_LOSS
1790753289.773594,pc,-51.0,28.75,2.0,0.0,0.7569789886474609,10.589442671111714,,PACKET_LOSS
1790753291.37141,esp32-1,-33.0,45.1548,6.1985,0.0,256.0,-1.0,,PACKET_LOSS
1790753293.930971,pc,-50.0,73.33333333333333,69.5,25.0,1.358747482299805,-1.0,,PACKET_LOSS
1790753297.02102,esp32-1,-34.0,22.12,18.414,20.0,46.0,-1.0,,PACKET_LOSS
1790753298.23589,pc,-50.0,29.25,2.6666666666666665,0.0,14.796018600463867,-1.0,,PACKET_LOSS
1790753301.6970716,esp32-1,-33.0,72.702,49.1145,0.0,359.0,-1.0,,PACKET_LOSS
1790753303.2252288,pc,-50.0,39.25,31.666666666666668,0.0,0.7669925689697266,-1.0,,PACKET_LOSS
1790753306.3378766,esp32-1,-33.0,45.141,6.252501,0.0,208.0,-1.0,,PACKET_LOSS
1790753308.8874004,pc,-52.0,27.666666666666668,1.0,25.0,0.8473396301269531,-1.0,,PACKET_LOSS
1790753312.1076615,esp32-1,-34.0,22.928,19.97933,20.0,3.0,-1.0,,PACKET_LOSS
1790753313.2365994,pc,-51.0,29.75,5.333333333333333,0.0,5.074262619018555,-1.0,,PACKET_LOSS
1790753316.4068468,esp32-1,-34.0,38.0418,6.305249,0.0,176.0,-1.0,,PACKET_LOSS
1790753318.1932058,pc,-50.0,35.25,8.666666666666666,0.0,0.7822513580322266,-1.0,,PACKET_LOSS
1790753321.5286877,esp32-1,-34.0,45.5594,6.665001,0.0,259.0,-1.0,,PACKET_LOSS
1790753323.2056465,pc,-52.0,45.5,47.0,0.0,0.8885860443115234,-1.0,,PACKET_LOSS
1790753327.0257652,esp32-1,-35.0,22.4595,14.953,20.0,44.0,-1.0,,PACKET_LOSS
1790753328.2413943,pc,-51.0,29.25,1.6666666666666667,0.0,9.516716003417969,-1.0,,PACKET_LOSS
1790753331.3874269,esp32-1,-34.0,38.051,7.076999,0.0,230.0,-1.0,,PACKET_LOSS
1790753333.222597,pc,-51.0,28.75,1.0,0.0,0.7297992706298828,-1.0,,PACKET_LOSS
1790753337.6272504,esp32-1,-34.0,227.954,402.0402,0.0,583.0,-1.0,,PACKET_LOSS
1790753338.2335298,pc,-50.0,31.0,4.666666666666667,0.0,0.7541179656982422,-1.0,,PACKET_LOSS
1790753342.0398705,esp32-1,-35.0,23.1475,20.68367,20.0,41.0,-1.0,,PACKET_LOSS
1790753344.879618,pc,-51.0,37.5,19.0,50.0,0.7836818695068359,-1.0,,PACKET_LOSS
1790753346.3078923,esp32-1,-35.0,63.2986,37.90775,0.0,27.0,-1.0,,PACKET_LOSS
1790753348.300002,pc,-52.0,67.25,44.0,0.0,0.8957386016845703,-1.0,,PACKET_LOSS
1790753351.3803384,esp32-1,-34.0,85.78201,118.0525,0.0,52.0,-1.0,,PACKET_LOSS
1790753353.890453,pc,-51.0,30.33333333333333,2.0,25.0,8.922100067138672,-1.0,,PACKET_LOSS
1790753357.1637652,esp32-1,-36.0,21.81875,17.146,20.0,45.0,-1.0,,PACKET_LOSS
1790753358.319188,pc,-51.0,29.75,2.6666666666666665,0.0,0.7936954498291016,-1.0,,PACKET_LOSS
1790753362.3112674,esp32-1,-34.0,37.5362,6.12825,0.0,53.0,-1.0,,PACKET_LOSS
1790753363.318361,pc,-51.0,29.0,1.6666666666666667,0.0,0.8854866027832031,-1.0,,PACKET_LOSS
1790753367.097692,esp32-1,-34.0,230.2616,405.6223,0.0,49.0,-1.0,,PACKET_LOSS
1790753368.3311322,pc,-51.0,27.5,0.6666666666666666,0.0,0.8251667022705078,-1.0,,PACKET_LOSS
1790753373.2415106,esp32-1,-36.0,45.10275,7.910333,20.0,53.0,-1.0,,PACKET_LOSS
1790753373.387723,pc,-50.0,37.75,9.333333333333334,0.0,1.322031021118164,-1.0,,PACKET_LOSS
1790753377.2346716,esp32-1,-32.0,28.23075,21.377,20.0,182.0,-1.0,,PACKET_LOSS
1790753378.904043,pc,-51.0,101.66666666666669,109.0,25.0,10.128498077392578,-1.0,,PACKET_LOSS
1790753381.393393,esp32-1,-34.0,44.3704,6.355751,0.0,272.0,-1.0,,PACKET_LOSS
1790753384.8803356,pc,-51.0,30.0,6.0,50.0,1.3217926025390625,-1.0,,PACKET_LOSS
1790753387.0706756,esp32-1,-33.0,21.89675,16.494,20.0,43.0,-1.0,,PACKET_LOSS
1790753388.3286684,pc,-51.0,150.25,200.66666666666663,0.0,0.6213188171386719,-1.0,,PACKET_LOSS
1790753392.0593252,esp32-1,-34.0,29.9245,28.04033,20.0,44.0,-1.0,,PACKET_LOSS
1790753393.874631,pc,-51.0,124.33333333333331,146.0,25.0,8.199691772460938,-1.0,,PACKET_LOSS
1790753396.419577,esp32-1,-35.0,43.9596,6.02875,0.0,224.0,-1.0,,PACKET_LOSS
1790753398.942659,pc,-50.0,51.66666666666666,37.0,25.0,0.7445812225341797,-1.0,,PACKET_LOSS
1790753402.1186156,esp32-1,-34.0,21.778,17.61366,20.0,43.0,-1.0,,PACKET_LOSS
1790753403.9289176,pc,-51.0,29.666666666666668,4.0,25.0,10.15019416809082,-1.0,,PACKET_LOSS
1790753407.3430471,esp32-1,-34.0,27.70575,24.68533,20.0,187.0,-1.0,,PACKET_LOSS
1790753410.8985677,pc,-53.0,28.0,0.0,75.0,1.3301372528076172,-1.0,,PACKET_LOSS
1790753411.5402398,esp32-1,-34.0,43.9086,6.207251,0.0,276.0,-1.0,,PACKET_LOSS
1790753414.871472,pc,-53.0,72.0,66.5,25.0,0.7913112640380859,-1.0,,PACKET_LOSS
1790753417.027926,esp32-1,-33.0,21.531,16.95667,20.0,43.0,-1.0,,PACKET_LOSS
1790753419.903346,pc,-52.0,115.0,250.5,25.0,7.188320159912109,-1.0,,PACKET_LOSS
1790753422.251008,esp32-1,-35.0,27.45875,23.738,20.0,241.0,-1.0,,PACKET_LOSS
1790753424.3484554,pc,-50.0,41.5,14.0,0.0,9.74726676940918,-1.0,,PACKET_LOSS
1790753427.2414331,esp32-1,-34.0,85.5135,66.44733,20.0,4.0,-1.0,,PACKET_LOSS
1790753429.3607378,pc,-52.0,30.25,2.333333333333333,0.0,13.773679733276367,-1.0,,PACKET_LOSS
1790753449.359549,pc,-51.0,49.0,28.33333333333333,0.0,0.7541179656982422,-1.0,,NORMAL
1790753516.5206344,esp32-1,-35.0,42.6142,6.292751,0.0,52.0,-1.0,,NORMAL
1790753542.2803094,esp32-1,-33.0,26.158,23.08367,20.0,259.0,-1.0,,NORMAL
1790753546.724403,esp32-1,-34.0,42.1922,6.8055,0.0,248.0,-1.0,,NORMAL
1790753554.3390396,pc,-51.0,32.5,6.0,0.0,3.741025924682617,-1.0,,NORMAL
1790753562.2305596,esp32-1,-34.0,42.1844,6.1495,0.0,53.0,-1.0,,NORMAL
1790753564.3484998,pc,-51.0,27.25,0.3333333333333333,0.0,12.816429138183594,-1.0,,NORMAL
1790753598.430635,esp32-1,-36.0,69.4296,89.20474,0.0,216.0,-1.0,,NORMAL
1790753637.1365285,esp32-1,-35.0,22.20025,17.256,20.0,39.0,-1.0,,NORMAL
1790753867.7441187,pc,-52.0,82.0,72.0,0.0,3.165006637573242,-1.0,,NORMAL
1790753882.3112943,esp32-1,-33.0,23.5855,18.72733,20.0,238.0,-1.0,,NORMAL
1790753901.3056607,esp32-1,-34.0,40.4928,6.12525,0.0,176.0,-1.0,,NORMAL
1790753931.4515967,esp32-1,-73.0,46.0292,6.120999,0.0,253.0,-1.0,,NORMAL
1790753937.0545094,esp32-1,-33.0,22.4925,18.616,20.0,50.0,-1.0,,NORMAL
1790753941.4798713,esp32-1,-33.0,39.0802,6.2,0.0,221.0,-1.0,,NORMAL
1790754051.477611,pc,-51.0,27.75,1.0,0.0,0.7162094116210938,-1.0,,NORMAL
1790754066.3121605,esp32-1,-34.0,45.1644,9.666499,0.0,52.0,-1.0,,NORMAL
1790754137.2293527,esp32-1,-34.0,27.67325,23.92,20.0,199.0,-1.0,,NORMAL
1790754309.8861225,pc,-50.0,136.0,141.33333333333334,0.0,5000.0,-1.0,,DNS_PROBLEM
1790754312.1859188,esp32-1,-32.0,21.626,16.85167,20.0,46.0,-1.0,,DNS_PROBLEM
1790754318.0207818,esp32-1,-33.0,68.87575,79.73034,20.0,450.0,-1.0,,DNS_PROBLEM
1790754321.3162737,esp32-1,-33.0,74.1142,43.33175,0.0,8.0,-1.0,,DNS_PROBLEM
1790754326.9203932,pc,-52.0,61.75,46.0,0.0,5000.0,-1.0,,DNS_PROBLEM
1790754327.4442334,esp32-1,-36.0,21.53175,16.80067,20.0,45.0,-1.0,,DNS_PROBLEM
1790754330.346221,pc,-52.0,61.25,46.333333333333336,0.0,5000.0,-1.0,,DNS_PROBLEM
1790754331.3954997,esp32-1,-33.0,37.616,6.25125,0.0,275.0,-1.0,,DNS_PROBLEM
1790754335.36507,pc,-51.0,55.0,37.66666666666666,0.0,5000.0,-1.0,,DNS_PROBLEM
1790754336.2111506,esp32-1,-34.0,44.223,6.26475,0.0,54.0,-1.0,,DNS_PROBLEM
1790754342.1889365,esp32-1,-33.0,23.097,19.01233,20.0,38.0,-1.0,,DNS_PROBLEM
1790754347.206396,esp32-1,-33.0,28.01775,23.67133,20.0,52.0,-1.0,,DNS_PROBLEM
1790754351.2040246,esp32-1,-34.0,44.042,6.196999,0.0,52.0,-1.0,,DNS_PROBLEM
1790754352.475145,pc,-51.0,42.75,18.33333333333333,0.0,5000.0,-1.0,,DNS_PROBLEM
1790754355.9352942,pc,-52.0,81.75,44.66666666666666,0.0,5000.0,-1.0,,DNS_PROBLEM
1790754357.1374917,esp32-1,-34.0,22.78675,17.46967,20.0,39.0,-1.0,,DNS_PROBLEM
1790754360.9554484,pc,-51.0,56.25,72.33333333333333,0.0,5000.0,-1.0,,DNS_PROBLEM
1790754362.3217587,esp32-1,-32.0,27.8765,23.46333,20.0,272.0,-1.0,,DNS_PROBLEM
1790754365.955023,pc,-51.0,67.5,90.33333333333331,0.0,5000.0,-1.0,,DNS_PROBLEM
1790754366.4591298,esp32-1,-34.0,43.849,6.507,0.0,259.0,-1.0,,DNS_PROBLEM
1790754372.064929,esp32-1,-34.0,22.17975,17.34,20.0,40.0,-1.0,,DNS_PROBLEM
1790754377.3473916,esp32-1,-34.0,27.59375,22.64233,20.0,52.0,-1.0,,DNS_PROBLEM
1790754381.3081012,esp32-1,-33.0,43.8072,6.028501,0.0,52.0,-1.0,,DNS_PROBLEM
1790754382.9927003,pc,-52.0,74.5,126.33333333333331,0.0,5000.0,-1.0,,DNS_PROBLEM
1790754386.43932,pc,-52.0,74.75,61.0,0.0,5000.0,-1.0,,DNS_PROBLEM
1790754387.1440115,esp32-1,-34.0,23.4685,16.61833,20.0,35.0,-1.0,,DNS_PROBLEM
1790754391.4273205,pc,-50.0,30.5,6.666666666666667,0.0,5000.0,-1.0,,DNS_PROBLEM
1790754392.2618394,esp32-1,-32.0,27.41925,24.532,20.0,175.0,-1.0,,DNS_PROBLEM
1790754396.2580428,esp32-1,-32.0,43.905,6.368,0.0,52.0,-1.0,,DNS_PROBLEM
1790754402.0583816,esp32-1,-33.0,21.9005,17.28933,20.0,40.0,-1.0,,DNS_PROBLEM
1790754407.344504,esp32-1,-33.0,27.04275,21.532,20.0,229.0,-1.0,,DNS_PROBLEM
1790754408.524706,pc,-51.0,30.0,7.666666666666667,0.0,5000.0,-1.0,,DNS_PROBLEM
1790754411.9885576,pc,-51.0,127.75,132.66666666666666,0.0,5000.0,-1.0,,DNS_PROBLEM
1790754412.484476,esp32-1,-33.0,82.234,62.43533,20.0,7.0,-1.0,,DNS_PROBLEM
1790754416.9870062,pc,-51.0,27.75,2.0,0.0,5000.0,-1.0,,DNS_PROBLEM
1790754417.4065423,esp32-1,-32.0,22.19925,17.808,20.0,37.0,-1.0,,DNS_PROBLEM
1790754421.9645953,pc,-50.0,36.0,11.666666666666666,0.0,5000.0,-1.0,,DNS_PROBLEM
1790754422.416077,esp32-1,-33.0,26.79875,21.292,20.0,181.0,-1.0,,DNS_PROBLEM
1790754426.2051332,esp32-1,-35.0,43.4362,6.32225,0.0,54.0,-1.0,,DNS_PROBLEM
1790754426.9994287,pc,-51.0,28.25,1.3333333333333333,0.0,5000.0,-1.0,,DNS_PROBLEM
1790754432.104771,esp32-1,-33.0,22.35325,17.89033,20.0,36.0,-1.0,,DNS_PROBLEM
1790754437.7833934,esp32-1,-32.0,26.72475,23.62267,20.0,53.0,-1.0,,DNS_PROBLEM
1790754442.6475728,esp32-1,-34.0,71.069,136.7153,20.0,6.0,-1.0,,DNS_PROBLEM
1790754444.028123,pc,-51.0,51.25,63.66666666666666,0.0,5000.0,-1.0,,DNS_PROBLEM
1790754447.1534235,esp32-1,-34.0,21.799,17.054,20.0,38.0,-1.0,,DNS_PROBLEM
1790754447.7275994,pc,-50.0,119.5,121.33333333333331,0.0,5000.0,-1.0,,DNS_PROBLEM
1790754452.280579,esp32-1,-34.0,26.54475,23.45267,20.0,186.0,-1.0,,DNS_PROBLEM
1790754456.473216,esp32-1,-32.0,42.968,6.198499,0.0,274.0,-1.0,,DNS_PROBLEM
1790754462.1068156,esp32-1,-35.0,21.6225,16.89233,20.0,40.0,-1.0,,DNS_PROBLEM
1790754464.895337,pc,-51.0,119.5,122.66666666666669,0.0,5000.0,-1.0,,DNS_PROBLEM
1790754467.343631,esp32-1,-35.0,26.23425,22.98067,20.0,240.0,-1.0,,DNS_PROBLEM
1790754468.3445284,pc,-51.0,61.5,46.66666666666666,0.0,5000.0,-1.0,,DNS_PROBLEM
1790754471.376006,esp32-1,-34.0,42.816,6.443749,0.0,226.0,-1.0,,DNS_PROBLEM
1790754477.158067,esp32-1,-34.0,23.10125,18.81233,20.0,31.0,-1.0,,DNS_PROBLEM
1790754482.0963178,esp32-1,-34.0,25.9475,18.209,20.0,52.0,-1.0,,DNS_PROBLEM
1790754485.3870237,pc,-50.0,27.5,0.6666666666666666,0.0,5000.0,-1.0,,DNS_PROBLEM
1790754486.4235115,esp32-1,-33.0,42.412,6.773249,0.0,178.0,-1.0,,DNS_PROBLEM
1790754488.8394225,pc,-50.0,98.75,57.0,0.0,5000.0,-1.0,,DNS_PROBLEM
1790754492.0635867,esp32-1,-34.0,22.6605,16.737,20.0,32.0,-1.0,,DNS_PROBLEM
1790754497.3428578,esp32-1,-35.0,25.56775,21.336,20.0,245.0,-1.0,,DNS_PROBLEM
1790754501.6582303,esp32-1,-32.0,42.1336,6.192251,0.0,231.0,-1.0,,DNS_PROBLEM
1790754505.8733628,pc,-50.0,29.75,2.6666666666666665,0.0,5000.0,-1.0,,DNS_PROBLEM
1790754507.061615,esp32-1,-35.0,22.91575,18.67567,20.0,29.0,-1.0,,DNS_PROBLEM
1790754509.331756,pc,-50.0,188.5,121.33333333333331,0.0,5000.0,-1.0,,DNS_PROBLEM
1790754512.238102,esp32-1,-34.0,25.53125,22.45,20.0,195.0,-1.0,,DNS_PROBLEM
1790754514.4058344,pc,-50.0,50.25,28.0,0.0,5000.0,-1.0,,DNS_PROBLEM
1790754516.6342218,esp32-1,-34.0,68.104,38.727,0.0,25.0,-1.0,,DNS_PROBLEM
1790754522.3194978,esp32-1,-33.0,44.075,42.74733,20.0,47.0,-1.0,,DNS_PROBLEM
1790754527.1941717,esp32-1,-36.0,25.2575,20.18,20.0,156.0,-1.0,,DNS_PROBLEM
1790754531.4003172,pc,-50.0,27.75,1.6666666666666667,0.0,5000.0,10.146503910830292,,DNS_PROBLEM
1790754532.3768284,esp32-1,-32.0,42.0738,6.52325,0.0,53.0,-1.0,,DNS_PROBLEM
1790754534.8500009,pc,-50.0,87.5,44.66666666666666,0.0,5000.0,10.146503910830292,,DNS_PROBLEM
1790754536.347139,esp32-1,-35.0,48.9396,4.83075,0.0,52.0,-1.0,,DNS_PROBLEM
1790754539.856229,pc,-50.0,50.25,29.33333333333333,0.0,5000.0,10.146503910830292,,DNS_PROBLEM
1790754542.3347678,esp32-1,-35.0,25.212,21.60233,20.0,53.0,-1.0,,DNS_PROBLEM
1790754544.8599012,pc,-50.0,52.5,59.66666666666666,0.0,5000.0,10.146503910830292,,DNS_PROBLEM
1790754546.3809502,esp32-1,-34.0,64.0508,80.10451,0.0,45.0,-1.0,,DNS_PROBLEM
1790754552.4223974,esp32-1,-33.0,22.1575,17.498,20.0,31.0,-1.0,,DNS_PROBLEM
1790754557.549076,esp32-1,-34.0,24.88275,21.405,20.0,253.0,-1.0,,DNS_PROBLEM
1790754561.3924887,esp32-1,-34.0,41.7006,6.14925,0.0,240.0,-1.0,,DNS_PROBLEM
1790754561.8742354,pc,-50.0,116.25,115.33333333333331,0.0,5000.0,10.146503910830292,,DNS_PROBLEM
1790754565.2890902,pc,-50.0,154.25,95.0,0.0,5000.0,10.146503910830292,,DNS_PROBLEM
1790754567.1688385,esp32-1,-34.0,22.17,15.232,20.0,30.0,-1.0,,DNS_PROBLEM
1790754572.548235,esp32-1,-33.0,24.6155,18.91233,20.0,204.0,-1.0,,DNS_PROBLEM
1790754576.3851335,esp32-1,-32.0,69.256,40.61425,0.0,17.0,-1.0,,DNS_PROBLEM
1790754577.3142233,pc,-50.0,29.25,1.3333333333333333,0.0,5000.0,10.146503910830292,,DNS_PROBLEM
1790754580.762629,pc,-51.0,62.0,46.333333333333336,0.0,5000.0,10.146503910830292,,DNS_PROBLEM
1790754581.5697649,esp32-1,-33.0,68.8914,79.94476,0.0,277.0,-1.0,,DNS_PROBLEM
1790754585.7460444,pc,-51.0,39.75,16.666666666666668,0.0,5000.0,10.146503910830292,,DNS_PROBLEM
1790754587.343717,esp32-1,-32.0,24.5355,20.81267,20.0,258.0,-1.0,,DNS_PROBLEM
1790754591.4526515,esp32-1,-33.0,41.4188,6.278,0.0,244.0,-1.0,,DNS_PROBLEM
1790754598.3467815,esp32-1,-33.0,41.72725,43.39766,20.0,53.0,-1.0,,DNS_PROBLEM
1790754602.3422265,esp32-1,-34.0,24.407,20.50633,20.0,210.0,-1.0,,DNS_PROBLEM
1790754602.7712414,pc,-51.0,87.25,79.0,0.0,5000.0,10.146503910830292,,DNS_PROBLEM
1790754606.2459092,pc,-51.0,110.25,107.33333333333331,0.0,5000.0,10.146503910830292,,DNS_PROBLEM
1790754606.90173,esp32-1,-34.0,41.4088,6.26875,0.0,195.0,-1.0,,DNS_PROBLEM
1790754611.6123486,esp32-1,-34.0,68.82561,83.4715,0.0,179.0,-1.0,,DNS_PROBLEM
1790754617.350098,esp32-1,-34.0,24.2635,20.292,20.0,262.0,-1.0,,DNS_PROBLEM
1790754621.405253,esp32-1,-34.0,41.3014,6.390001,0.0,248.0,-1.0,,DNS_PROBLEM
1790754623.324585,pc,-50.0,46.5,22.666666666666668,0.0,5000.0,10.146503910830292,,DNS_PROBLEM
1790754626.806149,pc,-50.0,63.75,47.0,0.0,5000.0,10.146503910830292,,DNS_PROBLEM
1790754628.013848,esp32-1,-34.0,20.785,21.4965,40.0,6.0,-1.0,,DNS_PROBLEM
1790754632.3420768,esp32-1,-34.0,24.0045,20.133,20.0,214.0,-1.0,,DNS_PROBLEM
1790754637.213443,esp32-1,-34.0,32.20225,10.793,20.0,4.0,-1.0,,DNS_PROBLEM
1790754641.4120347,esp32-1,-34.0,47.7304,6.613501,0.0,184.0,-1.0,,DNS_PROBLEM
1790754643.8512285,pc,-51.0,109.5,113.0,0.0,5000.0,10.146503910830292,,DNS_PROBLEM
1790754647.3027556,pc,-50.0,106.0,52.66666666666666,0.0,5000.0,10.146503910830292,,DNS_PROBLEM
1790754648.2730136,esp32-1,-34.0,23.78725,19.75633,20.0,53.0,-1.0,,DNS_PROBLEM
1790754652.273584,esp32-1,-34.0,62.45175,40.98367,20.0,4.0,-1.0,,DNS_PROBLEM
1790754657.2641037,esp32-1,-34.0,74.6725,157.5937,20.0,21.0,-1.0,,DNS_PROBLEM
1790754662.403257,esp32-1,-34.0,23.3815,19.11767,20.0,219.0,-1.0,,DNS_PROBLEM
1790754664.3747864,pc,-51.0,29.25,3.0,0.0,5000.0,10.146503910830292,,DNS_PROBLEM
1790754666.6775608,esp32-1,-33.0,71.3784,44.6585,0.0,368.0,-1.0,,DNS_PROBLEM
1790754667.829223,pc,-51.0,90.5,83.66666666666667,0.0,5000.0,10.146503910830292,,DNS_PROBLEM
1790754671.5182374,esp32-1,-34.0,68.2422,84.61275,0.0,188.0,-1.0,,DNS_PROBLEM
1790754672.8444836,pc,-51.0,92.0,172.66666666666666,0.0,5000.0,10.146503910830292,,DNS_PROBLEM
1790754677.35607,esp32-1,-33.0,23.392,19.03633,20.0,272.0,-1.0,,DNS_PROBLEM
1790754681.2037492,esp32-1,-33.0,40.582,6.582,0.0,52.0,-1.0,,DNS_PROBLEM
1790754686.279374,esp32-1,-34.0,47.362,6.515001,0.0,52.0,-1.0,,DNS_PROBLEM
1790754690.128324,pc,-51.0,92.5,84.33333333333333,0.0,5000.0,10.146503910830292,,DNS_PROBLEM
1790754692.3412116,esp32-1,-34.0,23.13125,19.07367,20.0,223.0,-1.0,,DNS_PROBLEM
1790754693.549273,pc,-50.0,62.25,47.0,0.0,5000.0,10.146503910830292,,DNS_PROBLEM
1790754696.300021,esp32-1,-33.0,40.284,6.533499,0.0,53.0,-1.0,,DNS_PROBLEM
1790754698.5507617,pc,-50.0,107.25,211.0,0.0,5000.0,10.146503910830292,,DNS_PROBLEM
1790754701.4198785,esp32-1,-33.0,70.627,82.90976,0.0,38.0,-1.0,,DNS_PROBLEM
1790754703.5906007,pc,-50.0,28.25,3.333333333333333,0.0,5000.0,10.146503910830292,,DNS_PROBLEM
1790754707.1553247,esp32-1,-36.0,22.975,15.80233,20.0,52.0,-1.0,,DNS_PROBLEM
1790754711.4549658,esp32-1,-33.0,82.4102,58.79125,0.0,50.0,-1.0,,DNS_PROBLEM
1790754716.6697216,esp32-1,-34.0,86.2672,54.60625,0.0,295.0,-1.0,,DNS_PROBLEM
1790754720.625514,pc,-51.0,68.5,106.33333333333331,0.0,5000.0,10.146503910830292,,DNS_PROBLEM
1790754722.2693205,esp32-1,-33.0,22.91725,18.654,20.0,228.0,-1.0,,DNS_PROBLEM
1790754724.096948,pc,-50.0,63.0,47.333333333333336,0.0,5000.0,10.146503910830292,,DNS_PROBLEM
1790754726.3658557,esp32-1,-33.0,40.1098,10.9045,0.0,215.0,-1.0,,DNS_PROBLEM
1790754731.7843258,esp32-1,-32.0,67.388,86.48875,0.0,52.0,-1.0,,DNS_PROBLEM
1790754737.262762,esp32-1,-33.0,22.657,17.76567,20.0,179.0,-1.0,,DNS_PROBLEM
1790754741.1322455,pc,-51.0,51.0,58.66666666666666,0.0,5000.0,10.146503910830292,,DNS_PROBLEM
1790754741.6103427,esp32-1,-32.0,40.1082,6.51025,0.0,268.0,-1.0,,DNS_PROBLEM
1790754744.576716,pc,-51.0,60.25,44.333333333333336,0.0,5000.0,10.146503910830292,,DNS_PROBLEM
1790754746.486307,esp32-1,-34.0,46.6138,6.132,0.0,252.0,-1.0,,DNS_PROBLEM
1790754752.2766733,esp32-1,-32.0,22.40675,17.82867,20.0,233.0,-1.0,,DNS_PROBLEM
1790754756.450832,esp32-1,-33.0,39.6308,6.20525,0.0,220.0,-1.0,,DNS_PROBLEM
1790754761.3392944,esp32-1,-33.0,76.6292,43.62925,0.0,5.0,-1.0,,DNS_PROBLEM
1790754761.651225,pc,-50.0,27.0,0.0,0.0,5000.0,10.146503910830292,,DNS_PROBLEM
1790754765.0771856,pc,-50.0,60.75,45.0,0.0,5000.0,10.146503910830292,,DNS_PROBLEM
1790754768.0059316,esp32-1,-33.0,20.503,11.3695,40.0,3.0,-1.0,,DNS_PROBLEM
1790754771.4254692,esp32-1,-34.0,39.765,7.23025,0.0,273.0,-1.0,,DNS_PROBLEM
1790754776.4418151,esp32-1,-34.0,87.5486,107.9258,0.0,53.0,-1.0,,DNS_PROBLEM
1790754782.153441,pc,-51.0,30.0,5.0,0.0,5000.0,10.146503910830292,,DNS_PROBLEM
1790754782.5685952,esp32-1,-34.0,22.2565,17.642,20.0,238.0,-1.0,,DNS_PROBLEM
1790754785.574273,pc,-51.0,61.0,45.333333333333336,0.0,5000.0,10.146503910830292,,DNS_PROBLEM
1790754786.3731186,esp32-1,-34.0,39.358,6.887499,0.0,224.0,-1.0,,DNS_PROBLEM
1790754792.356034,esp32-1,-33.0,71.3225,128.1017,20.0,3.0,-1.0,,DNS_PROBLEM
1790754797.1686454,esp32-1,-33.0,22.28075,14.98633,20.0,51.0,-1.0,,DNS_PROBLEM
1790754801.4682064,esp32-1,-33.0,59.9882,56.47326,0.0,175.0,-1.0,,DNS_PROBLEM
1790754802.6621647,pc,-51.0,27.75,0.6666666666666666,0.0,5000.0,10.146503910830292,,DNS_PROBLEM
1790754806.1133893,pc,-51.0,62.0,45.333333333333336,0.0,5000.0,10.146503910830292,,DNS_PROBLEM
1790754806.650226,esp32-1,-33.0,87.5676,110.5585,0.0,258.0,-1.0,,DNS_PROBLEM
1790754812.2861378,esp32-1,-33.0,21.888,17.22133,20.0,242.0,-1.0,,DNS_PROBLEM
1790754816.452283,esp32-1,-33.0,39.4324,6.057,0.0,228.0,-1.0,,DNS_PROBLEM
1790754821.487227,esp32-1,-33.0,46.1274,5.6425,0.0,52.0,-1.0,,DNS_PROBLEM
1790754823.1783352,pc,-50.0,28.75,5.333333333333333,0.0,5000.0,10.146503910830292,,DNS_PROBLEM
1790754826.694633,pc,-50.0,74.75,61.66666666666666,0.0,5000.0,10.146503910830292,,DNS_PROBLEM
1790754827.2319489,esp32-1,-32.0,21.7985,17.48433,20.0,193.0,-1.0,,DNS_PROBLEM
1790754831.5792112,esp32-1,-32.0,64.5044,38.161,0.0,27.0,-1.0,,DNS_PROBLEM
1790754836.649835,esp32-1,-32.0,129.5694,170.618,0.0,46.0,-1.0,,DNS_PROBLEM
1790754842.1342564,esp32-1,-33.0,22.23825,17.953,20.0,49.0,-1.0,,DNS_PROBLEM
1790754843.7105758,pc,-51.0,29.75,3.333333333333333,0.0,5000.0,10.146503910830292,,DNS_PROBLEM
1790754846.7582192,esp32-1,-34.0,38.9006,6.818249,0.0,233.0,-1.0,,DNS_PROBLEM
1790754847.325835,pc,-51.0,107.75,100.0,0.0,5000.0,10.146503910830292,,DNS_PROBLEM
1790754852.1676552,esp32-1,-35.0,41.89875,69.47201,20.0,38.0,-1.0,,DNS_PROBLEM
1790754857.1000671,esp32-1,-33.0,22.58825,17.73,20.0,47.0,-1.0,,DNS_PROBLEM
1790754861.6826572,esp32-1,-33.0,38.8552,6.166,0.0,185.0,-1.0,,DNS_PROBLEM
1790754864.1951969,pc,-51.0,28.25,1.0,0.0,5000.0,10.146503910830292,,DNS_PROBLEM
1790754866.8031611,esp32-1,-34.0,45.5194,5.700249,0.0,271.0,-1.0,,DNS_PROBLEM
1790754867.680694,pc,-51.0,106.75,160.0,0.0,5000.0,10.146503910830292,,DNS_PROBLEM
1790754872.088703,esp32-1,-33.0,22.567,16.221,20.0,51.0,-1.0,,DNS_PROBLEM
1790754876.325702,esp32-1,-34.0,38.5984,6.534999,0.0,52.0,-1.0,,DNS_PROBLEM
1790754881.491776,esp32-1,-34.0,45.406,6.07375,0.0,222.0,-1.0,,DNS_PROBLEM
1790754884.7002811,pc,-50.0,80.5,139.66666666666666,0.0,5000.0,10.146503910830292,,DNS_PROBLEM
1790754887.3845704,esp32-1,-33.0,23.111,18.24267,20.0,44.0,-1.0,,DNS_PROBLEM
1790754888.1827652,pc,-50.0,66.75,51.0,0.0,5000.0,10.146503910830292,,DNS_PROBLEM
1790754891.3785253,esp32-1,-34.0,38.399,12.05225,0.0,189.0,-1.0,,DNS_PROBLEM
1790754893.1430922,pc,-50.0,28.5,0.6666666666666666,0.0,5000.0,10.146503910830292,,DNS_PROBLEM
1790754896.4400065,esp32-1,-33.0,89.87621,61.85601,0.0,36.0,-1.0,,DNS_PROBLEM
1790754898.163278,pc,-50.0,27.5,1.6666666666666667,0.0,5000.0,10.146503910830292,,DNS_PROBLEM
1790754902.0940711,esp32-1,-33.0,22.54225,16.42933,20.0,45.0,-1.0,,DNS_PROBLEM
1790754903.1620057,pc,-50.0,34.75,17.0,0.0,5000.0,10.146503910830292,,DNS_PROBLEM
1790754906.4482665,esp32-1,-33.0,38.3508,6.15525,0.0,243.0,-1.0,,DNS_PROBLEM
1790754911.4818516,esp32-1,-34.0,44.9744,6.26775,0.0,226.0,-1.0,,DNS_PROBLEM
1790754917.1849442,esp32-1,-33.0,22.02,17.62466,20.0,47.0,-1.0,,DNS_PROBLEM
1790754920.2972422,pc,-50.0,51.0,28.33333333333333,0.0,5000.0,10.146503910830292,,DNS_PROBLEM
1790754921.2818408,esp32-1,-33.0,38.1634,7.565001,0.0,52.0,-1.0,,DNS_PROBLEM
1790754923.7565691,pc,-51.0,92.5,44.0,0.0,5000.0,10.146503910830292,,DNS_PROBLEM
1790754926.3332083,esp32-1,-34.0,69.8654,37.93725,0.0,31.0,-1.0,,DNS_PROBLEM
1790754928.7286477,pc,-51.0,114.25,63.66666666666666,0.0,5000.0,10.146503910830292,,DNS_PROBLEM
1790754932.1352406,esp32-1,-32.0,21.716,16.861,20.0,51.0,-1.0,,DNS_PROBLEM
1790754936.8474205,esp32-1,-34.0,76.989,55.18775,0.0,339.0,-1.0,,DNS_PROBLEM
1790754942.4055338,esp32-1,-33.0,87.77375,66.99433,20.0,5.0,-1.0,,DNS_PROBLEM
1790754945.814851,pc,-51.0,30.25,3.333333333333333,0.0,5000.0,10.146503910830292,,DNS_PROBLEM
1790754947.0865233,esp32-1,-34.0,22.30325,17.14433,20.0,44.0,-1.0,,DNS_PROBLEM
1790754949.237769,pc,-50.0,64.0,49.0,0.0,5000.0,10.146503910830292,,DNS_PROBLEM
1790754951.3478582,esp32-1,-33.0,37.8784,7.003749,0.0,199.0,-1.0,,DNS_PROBLEM
1790754954.281791,pc,-51.0,29.25,1.6666666666666667,0.0,5000.0,10.146503910830292,,DNS_PROBLEM
1790754957.0604572,esp32-1,-33.0,24.91575,15.03733,20.0,3.0,-1.0,,DNS_PROBLEM
1790754959.267867,pc,-50.0,33.0,2.333333333333333,0.0,5000.0,10.146503910830292,,DNS_PROBLEM
1790754962.0907102,esp32-1,-33.0,21.9835,17.22267,20.0,44.0,-1.0,,DNS_PROBLEM
1790754964.2661395,pc,-50.0,29.75,3.6666666666666665,0.0,5000.0,10.146503910830292,,DNS_PROBLEM
1790754966.207463,esp32-1,-33.0,37.6296,6.5105,0.0,53.0,-1.0,,DNS_PROBLEM
1790754972.3351028,esp32-1,-32.0,44.6114,6.330501,0.0,53.0,-1.0,,DNS_PROBLEM
1790754977.1933873,esp32-1,-32.0,22.67825,18.207,20.0,41.0,-1.0,,DNS_PROBLEM
1790754981.3255017,pc,-51.0,34.0,8.666666666666666,0.0,5000.0,10.146503910830292,,DNS_PROBLEM
1790754983.1327648,esp32-1,-35.0,19.63433,25.2635,40.0,4.0,-1.0,,DNS_PROBLEM
1790754984.7827494,pc,-51.0,62.75,50.66666666666666,0.0,5000.0,10.146503910830292,,DNS_PROBLEM
1790754986.373458,esp32-1,-36.0,44.269,5.981749,0.0,187.0,-1.0,,DNS_PROBLEM
1790754989.7859356,pc,-50.0,76.5,65.66666666666667,0.0,5000.0,10.146503910830292,,DNS_PROBLEM
1790754992.0903313,esp32-1,-33.0,22.07675,17.689,20.0,42.0,-1.0,,DNS_PROBLEM
1790754997.3709517,esp32-1,-35.0,27.87075,23.74567,20.0,255.0,-1.0,,DNS_PROBLEM
1790755001.4266868,esp32-1,-35.0,44.3144,6.04975,0.0,241.0,-1.0,,DNS_PROBLEM
1790755006.8252037,pc,-50.0,28.0,1.6666666666666667,0.0,5000.0,10.146503910830292,,DNS_PROBLEM
1790755007.3357706,esp32-1,-35.0,21.612,16.64067,20.0,42.0,-1.0,,DNS_PROBLEM
1790755010.2967098,pc,-50.0,128.0,215.33333333333331,0.0,5000.0,10.146503910830292,,DNS_PROBLEM
1790755012.2187052,esp32-1,-36.0,27.675,24.889,20.0,51.0,-1.0,,DNS_PROBLEM
1790755017.130519,esp32-1,-34.0,23.825,11.448,20.0,2.0,-1.0,,DNS_PROBLEM
1790755022.151285,esp32-1,-34.0,23.2215,16.14867,20.0,36.0,-1.0,,DNS_PROBLEM
1790755027.3183713,pc,-51.0,31.25,8.333333333333334,0.0,5000.0,10.146503910830292,,DNS_PROBLEM
1790755027.679736,esp32-1,-36.0,27.5195,22.373,20.0,259.0,-1.0,,DNS_PROBLEM
1790755030.7658594,pc,-51.0,62.5,47.0,0.0,5000.0,10.146503910830292,,DNS_PROBLEM
1790755031.7861853,esp32-1,-33.0,164.2806,107.9272,0.0,5.0,-1.0,,DNS_PROBLEM
1790755037.262423,esp32-1,-33.0,21.87975,17.56933,20.0,215.0,-1.0,,DNS_PROBLEM
1790755042.1265745,esp32-1,-34.0,27.08475,23.93,20.0,52.0,-1.0,,DNS_PROBLEM
1790755046.4203937,esp32-1,-34.0,64.1666,85.28175,0.0,52.0,-1.0,,DNS_PROBLEM
1790755047.8418217,pc,-51.0,27.0,1.0,0.0,5000.0,10.146503910830292,,DNS_PROBLEM
1790755051.285214,pc,-51.0,61.5,45.0,0.0,5000.0,10.146503910830292,,DNS_PROBLEM
1790755052.1524942,esp32-1,-33.0,23.9945,19.987,20.0,32.0,-1.0,,DNS_PROBLEM
1790755057.3342595,esp32-1,-35.0,26.97375,23.317,20.0,266.0,-1.0,,DNS_PROBLEM
1790755061.2309277,esp32-1,-33.0,43.348,6.08925,0.0,53.0,-1.0,,DNS_PROBLEM
1790755067.2939212,esp32-1,-34.0,83.28275,146.8993,20.0,3.0,-1.0,,DNS_PROBLEM
1790755068.3534026,pc,-51.0,29.75,7.333333333333333,0.0,5000.0,10.146503910830292,,DNS_PROBLEM
1790755071.7894907,pc,-51.0,108.75,81.0,0.0,5000.0,10.146503910830292,,DNS_PROBLEM
1790755072.3692503,esp32-1,-34.0,26.5665,23.16767,20.0,217.0,-1.0,,DNS_PROBLEM
1790755076.6851158,esp32-1,-36.0,73.1922,43.73625,0.0,359.0,-1.0,,DNS_PROBLEM
1790755082.079631,esp32-1,-32.0,21.78975,17.19967,20.0,38.0,-1.0,,DNS_PROBLEM
1790755087.381839,esp32-1,-34.0,26.22325,21.28067,20.0,272.0,-1.0,,DNS_PROBLEM
1790755088.8638592,pc,-51.0,81.5,144.0,0.0,5000.0,10.146503910830292,,DNS_PROBLEM
1790755091.2741334,esp32-1,-33.0,42.9098,7.698501,0.0,53.0,-1.0,,DNS_PROBLEM
1790755092.3192844,pc,-51.0,62.25,46.66666666666666,0.0,5000.0,10.146503910830292,,DNS_PROBLEM
1790755097.08525,esp32-1,-34.0,22.619,17.04367,20.0,33.0,-1.0,,DNS_PROBLEM
1790755102.3753026,esp32-1,-34.0,26.01525,22.51767,20.0,221.0,-1.0,,DNS_PROBLEM
1790755106.3257978,esp32-1,-34.0,43.315,6.695,0.0,51.0,-1.0,,DNS_PROBLEM
1790755109.6859672,pc,-51.0,107.5,108.33333333333331,0.0,5000.0,10.146503910830292,,DNS_PROBLEM
1790755112.1620922,esp32-1,-34.0,23.82775,18.56367,20.0,28.0,-1.0,,DNS_PROBLEM
1790755113.1180017,pc,-50.0,63.0,47.66666666666666,0.0,5000.0,10.146503910830292,,DNS_PROBLEM
1790755117.3457315,esp32-1,-34.0,25.91625,22.457,20.0,276.0,-1.0,,DNS_PROBLEM
1790755118.1374073,pc,-50.0,28.25,1.3333333333333333,0.0,5000.0,10.146503910830292,,DNS_PROBLEM
1790755121.435296,esp32-1,-35.0,84.6082,58.3735,0.0,52.0,-1.0,,DNS_PROBLEM
1790755127.082911,esp32-1,-35.0,22.2675,17.96467,20.0,33.0,-1.0,,DNS_PROBLEM
1790755132.2965424,esp32-1,-35.0,25.5355,21.81567,20.0,228.0,-1.0,,DNS_PROBLEM
1790755135.212216,pc,-51.0,27.5,2.333333333333333,0.0,5000.0,10.146503910830292,,DNS_PROBLEM
1790755136.3862102,esp32-1,-34.0,42.452,6.55575,0.0,213.0,-1.0,,DNS_PROBLEM
1790755138.6779344,pc,-50.0,195.75,122.33333333333331,0.0,5000.0,10.146503910830292,,DNS_PROBLEM
1790755142.1660502,esp32-1,-34.0,22.34825,17.87867,20.0,31.0,-1.0,,DNS_PROBLEM
1790755143.6547098,pc,-51.0,59.0,82.0,0.0,5000.0,10.146503910830292,,DNS_PROBLEM
1790755147.2581434,esp32-1,-34.0,25.47725,22.062,20.0,178.0,-1.0,,DNS_PROBLEM
1790755151.485094,esp32-1,-35.0,41.9388,6.340499,0.0,267.0,-1.0,,DNS_PROBLEM
1790755157.133072,esp32-1,-34.0,21.3735,16.731,20.0,33.0,-1.0,,DNS_PROBLEM
1790755160.7316537,pc,-51.0,64.0,97.33333333333331,0.0,5000.0,10.146503910830292,,DNS_PROBLEM
1790755162.3008988,esp32-1,-34.0,25.53325,21.92867,20.0,232.0,-1.0,,DNS_PROBLEM
1790755164.1746202,pc,-51.0,60.5,44.0,0.0,5000.0,10.146503910830292,,DNS_PROBLEM
1790755166.6987398,esp32-1,-34.0,42.1788,6.69825,0.0,217.0,-1.0,,DNS_PROBLEM
1790755172.0853014,esp32-1,-33.0,21.96625,15.74133,20.0,30.0,-1.0,,DNS_PROBLEM
1790755177.1881163,esp32-1,-34.0,25.1515,21.20567,20.0,53.0,-1.0,,DNS_PROBLEM
1790755181.2419472,pc,-50.0,54.0,66.33333333333333,0.0,5000.0,10.146503910830292,,DNS_PROBLEM
1790755181.9003985,esp32-1,-35.0,85.6086,61.31625,0.0,39.0,-1.0,,DNS_PROBLEM
1790755184.7115252,pc,-51.0,87.75,77.33333333333333,0.0,5000.0,10.146503910830292,,DNS_PROBLEM
1790755187.092847,esp32-1,-34.0,22.862,18.31367,20.0,27.0,-1.0,,DNS_PROBLEM
1790755189.7042692,pc,-51.0,92.25,87.0,0.0,5000.0,10.146503910830292,,DNS_PROBLEM
1790755191.5250926,esp32-1,-34.0,34.8712,6.634501,0.0,239.0,-1.0,,DNS_PROBLEM
1790755196.4019244,esp32-1,-35.0,41.579,7.187251,0.0,223.0,-1.0,,DNS_PROBLEM
1790755201.2651303,esp32-1,-34.0,48.6562,8.809251,0.0,53.0,-1.0,,DNS_PROBLEM
1790755206.8413212,pc,-51.0,30.0,4.0,0.0,5000.0,10.146503910830292,,DNS_PROBLEM
1790755207.8084586,esp32-1,-35.0,24.6335,20.95767,20.0,187.0,-1.0,,DNS_PROBLEM
1790755210.305303,pc,-51.0,86.25,45.66666666666666,0.0,5000.0,10.146503910830292,,DNS_PROBLEM
1790755211.326166,esp32-1,-34.0,61.9964,72.43575,0.0,52.0,-1.0,,DNS_PROBLEM
1790755215.272258,pc,-51.0,29.75,4.666666666666667,0.0,5000.0,10.146503910830292,,DNS_PROBLEM
1790755217.126203,esp32-1,-34.0,22.29175,17.703,20.0,26.0,-1.0,,DNS_PROBLEM
1790755222.1120858,esp32-1,-35.0,24.42425,20.51933,20.0,53.0,-1.0,,DNS_PROBLEM
1790755226.4010491,esp32-1,-34.0,41.5248,6.05375,0.0,228.0,-1.0,,DNS_PROBLEM
1790755232.340243,pc,-51.0,30.75,7.666666666666667,0.0,5000.0,10.146503910830292,,DNS_PROBLEM
1790755233.1006403,esp32-1,-33.0,20.675,26.9985,40.0,4.0,-1.0,,DNS_PROBLEM
1790755235.762436,pc,-51.0,63.0,47.66666666666666,0.0,5000.0,10.146503910830292,,DNS_PROBLEM
1790755237.2630138,esp32-1,-35.0,24.32275,20.471,20.0,193.0,-1.0,,DNS_PROBLEM
1790755242.1133292,esp32-1,-35.0,21.7185,9.205667,20.0,3.0,-1.0,,DNS_PROBLEM
1790755246.722848,esp32-1,-34.0,88.99821,115.8848,0.0,265.0,-1.0,,DNS_PROBLEM
1790755252.3097355,esp32-1,-35.0,24.20925,17.06467,20.0,246.0,-1.0,,DNS_PROBLEM
1790755252.876641,pc,-52.0,55.5,36.66666666666666,0.0,5000.0,10.146503910830292,,DNS_PROBLEM
1790755256.3462555,esp32-1,-35.0,40.935,5.926751,0.0,53.0,-1.0,,DNS_PROBLEM
1790755256.3703074,pc,-52.0,65.0,50.333333333333336,0.0,5000.0,10.146503910830292,,DNS_PROBLEM
1790755261.3461287,pc,-52.0,28.25,1.3333333333333333,0.0,5000.0,10.146503910830292,,DNS_PROBLEM
1790755261.919211,esp32-1,-35.0,47.6442,6.195248,0.0,217.0,-1.0,,DNS_PROBLEM
1790755267.4055314,esp32-1,-34.0,23.7425,18.82467,20.0,198.0,-1.0,,DNS_PROBLEM
1790755271.297639,esp32-1,-35.0,40.8292,5.92425,0.0,53.0,-1.0,,DNS_PROBLEM
1790755277.077627,esp32-1,-34.0,21.70075,16.89567,20.0,27.0,-1.0,,DNS_PROBLEM
1790755278.4104414,pc,-51.0,27.5,0.6666666666666666,0.0,5000.0,10.146503910830292,,DNS_PROBLEM
1790755281.2344882,esp32-1,-35.0,33.8446,6.676,0.0,53.0,-1.0,,DNS_PROBLEM
1790755281.8782566,pc,-51.0,113.0,114.66666666666669,0.0,5000.0,10.146503910830292,,DNS_PROBLEM
1790755286.2207725,esp32-1,-35.0,40.6366,8.323751,0.0,52.0,-1.0,,DNS_PROBLEM
1790755291.431304,esp32-1,-34.0,47.6248,6.133501,0.0,221.0,-1.0,,DNS_PROBLEM
1790755297.2070682,esp32-1,-34.0,23.209,19.509,20.0,53.0,-1.0,,DNS_PROBLEM
1790755298.8847885,pc,-51.0,27.25,0.3333333333333333,0.0,5000.0,10.146503910830292,,DNS_PROBLEM
1790755301.3715894,esp32-1,-35.0,40.57821,6.140501,0.0,189.0,-1.0,,DNS_PROBLEM
1790755302.357262,pc,-51.0,62.25,47.333333333333336,0.0,5000.0,10.146503910830292,,DNS_PROBLEM
1790755306.4771564,esp32-1,-35.0,47.4718,6.204499,0.0,275.0,-1.0,,DNS_PROBLEM
1790755312.3279476,esp32-1,-33.0,22.97625,18.80967,20.0,257.0,-1.0,,DNS_PROBLEM
1790755317.4053063,esp32-1,-36.0,40.1308,6.959751,0.0,53.0,-1.0,,DNS_PROBLEM
1790755319.3478687,pc,-52.0,29.0,0.6666666666666666,0.0,5000.0,10.146503910830292,,DNS_PROBLEM
1790755321.50896,esp32-1,-34.0,46.993,6.377749,0.0,226.0,-1.0,,DNS_PROBLEM
1790755322.7807872,pc,-52.0,136.75,245.33333333333331,0.0,5000.0,10.146503910830292,,DNS_PROBLEM
1790755327.8312516,pc,-52.0,28.25,2.0,0.0,5000.0,10.146503910830292,,DNS_PROBLEM
1790755327.927935,esp32-1,-35.0,21.6655,17.16633,20.0,638.0,-1.0,,DNS_PROBLEM
1790755331.5119014,esp32-1,-36.0,40.222,6.6055,0.0,193.0,-1.0,,DNS_PROBLEM
1790755336.5306294,esp32-1,-35.0,67.67,73.51125,0.0,177.0,-1.0,,DNS_PROBLEM
1790755342.1617384,esp32-1,-33.0,22.952,18.435,20.0,53.0,-1.0,,DNS_PROBLEM
1790755344.8392315,pc,-52.0,101.25,191.33333333333331,0.0,5000.0,10.146503910830292,,DNS_PROBLEM
1790755346.47558,esp32-1,-36.0,40.3742,6.1015,0.0,247.0,-1.0,,DNS_PROBLEM
1790755348.2999415,pc,-52.0,64.25,48.66666666666666,0.0,5000.0,10.146503910830292,,DNS_PROBLEM
1790755351.7892585,esp32-1,-36.0,82.7328,50.61925,0.0,314.0,-1.0,,DNS_PROBLEM
1790755357.422135,esp32-1,-34.0,82.33224,133.3873,20.0,3.0,-1.0,,DNS_PROBLEM
1790755362.142753,esp32-1,-33.0,21.6995,8.379333,20.0,3.0,-1.0,,DNS_PROBLEM
1790755365.3512876,pc,-52.0,45.5,46.0,0.0,5000.0,10.146503910830292,,DNS_PROBLEM
1790755366.3290014,esp32-1,-34.0,46.7678,6.072,0.0,53.0,-1.0,,DNS_PROBLEM
1790755368.809266,pc,-51.0,108.5,61.333333333333336,0.0,5000.0,10.146503910830292,,DNS_PROBLEM
1790755372.340391,esp32-1,-35.0,22.66725,18.074,20.0,265.0,-1.0,,DNS_PROBLEM
1790755373.8496664,pc,-51.0,116.75,144.66666666666666,0.0,5000.0,10.146503910830292,,DNS_PROBLEM
1790755376.4222383,esp32-1,-35.0,39.6756,6.513,0.0,252.0,-1.0,,DNS_PROBLEM
1790755378.8081412,pc,-51.0,143.0,88.66666666666667,0.0,5000.0,10.146503910830292,,DNS_PROBLEM
1790755381.5080364,esp32-1,-33.0,46.51521,6.032,0.0,235.0,-1.0,,DNS_PROBLEM
1790755387.3625462,esp32-1,-34.0,22.38525,17.87833,20.0,216.0,-1.0,,DNS_PROBLEM
1790755391.382042,esp32-1,-34.0,39.8044,6.3425,0.0,202.0,-1.0,,DNS_PROBLEM
1790755395.8314395,pc,-51.0,98.5,188.33333333333331,0.0,5000.0,10.146503910830292,,DNS_PROBLEM
1790755396.4415507,esp32-1,-34.0,68.9394,78.89075,0.0,44.0,-1.0,,DNS_PROBLEM
1790755399.2702303,pc,-51.0,64.25,45.333333333333336,0.0,5000.0,10.146503910830292,,DNS_PROBLEM
1790755402.785329,esp32-1,-34.0,21.5785,16.78133,20.0,638.0,-1.0,,DNS_PROBLEM
1790755406.9314504,esp32-1,-34.0,80.1544,57.75025,0.0,258.0,-1.0,,DNS_PROBLEM
1790755412.2862928,esp32-1,-35.0,79.39825,149.0887,20.0,3.0,-1.0,,DNS_PROBLEM
1790755416.3266215,pc,-50.0,50.25,57.333333333333336,0.0,5000.0,10.146503910830292,,DNS_PROBLEM
1790755417.3633566,esp32-1,-35.0,22.07125,17.41,20.0,221.0,-1.0,,DNS_PROBLEM
1790755419.7767534,pc,-50.0,105.25,73.66666666666667,0.0,5000.0,10.146503910830292,,DNS_PROBLEM
1790755421.3193345,esp32-1,-35.0,39.3404,6.148251,0.0,52.0,-1.0,,DNS_PROBLEM
1790755424.7584364,pc,-51.0,68.75,53.333333333333336,0.0,5000.0,10.146503910830292,,DNS_PROBLEM
1790755426.4000623,esp32-1,-35.0,46.1228,6.181501,0.0,191.0,-1.0,,DNS_PROBLEM
1790755429.7391777,pc,-51.0,79.75,70.0,0.0,5000.0,10.146503910830292,,DNS_PROBLEM
1790755432.115669,esp32-1,-34.0,22.41125,18.01167,20.0,49.0,-1.0,,DNS_PROBLEM
1790755522.9323,pc,-50.0,47.75,26.33333333333333,0.0,3.864765167236328,-1.0,,NORMAL
1790755546.559001,esp32-1,-34.0,45.7282,6.3855,0.0,206.0,-1.0,,NORMAL
1790755582.1139357,esp32-1,-33.0,23.1825,16.889,20.0,45.0,-1.0,,NORMAL
1790755613.1562412,pc,-52.0,79.0,69.66666666666667,0.0,20.92266082763672,-1.0,,NORMAL
1790755657.0063777,esp32-1,-34.0,47.9952,7.336999,0.0,255.0,-1.0,,NORMAL
1790755659.232128,pc,-52.0,27.5,0.6666666666666666,0.0,1.242876052856445,-1.0,,NORMAL
1790755699.221115,pc,-50.0,96.25,94.33333333333331,0.0,0.8232593536376953,-1.0,,NORMAL
