ts,probe_id,rssi,ping_ms,jitter_ms,loss_pct,dns_ms,down_mbps,up_mbps,label
1790696110.6036458,esp32-1,-53.0,51.9076,9.957001,0.0,48.0,-1.0,,NORMAL
1790696116.7274737,esp32-1,-53.0,27.95125,23.01733,20.0,158.0,-1.0,,NORMAL
1790696121.2627053,esp32-1,-52.0,29.77325,22.76667,20.0,4.0,-1.0,,NORMAL
1790696126.6831715,esp32-1,-55.0,302.4286,680.0908,0.0,30.0,-1.0,,NORMAL
1790696131.4717872,esp32-1,-57.0,27.986,25.46267,20.0,152.0,-1.0,,NORMAL
1790696135.473276,esp32-1,-56.0,44.269,5.844751,0.0,54.0,-1.0,,NORMAL
1790696142.1221144,esp32-1,-53.0,215.524,520.8864,20.0,3.0,-1.0,,NORMAL
1790696146.7639813,esp32-1,-55.0,27.7725,24.05867,20.0,52.0,-1.0,,NORMAL
1790696151.353447,esp32-1,-57.0,45.762,28.26133,20.0,13.0,-1.0,,NORMAL
1790696156.2163417,esp32-1,-56.0,203.0046,392.5887,0.0,11.0,-1.0,,NORMAL
1790696160.5816984,esp32-1,-56.0,64.1964,39.76225,0.0,18.0,-1.0,,NORMAL
1790696165.946088,esp32-1,-58.0,148.6578,251.829,0.0,42.0,-1.0,,NORMAL
1790696170.7519875,esp32-1,-54.0,91.7964,115.5908,0.0,53.0,-1.0,,NORMAL
1790696176.531096,esp32-1,-55.0,27.249,23.22333,20.0,165.0,-1.0,,NORMAL
1790696180.4227102,esp32-1,-55.0,43.5502,6.640251,0.0,55.0,-1.0,,NORMAL
1790696186.184192,esp32-1,-57.0,194.8118,399.4182,0.0,56.0,-1.0,,NORMAL
1790696192.2844896,esp32-1,-56.0,37.16067,42.088,40.0,10.0,-1.0,,NORMAL
1790696195.3966305,esp32-1,-55.0,44.8174,18.02125,0.0,15.0,-1.0,,NORMAL
1790696200.6020613,esp32-1,-54.0,49.8842,4.766999,0.0,60.0,-1.0,,NORMAL
1790696206.4505847,esp32-1,-53.0,29.13,24.30267,20.0,47.0,-1.0,,NORMAL
1790696210.5287561,esp32-1,-54.0,43.076,6.138999,0.0,53.0,-1.0,,NORMAL
1790696217.1434646,esp32-1,-58.0,232.9802,571.594,20.0,73.0,-1.0,,NORMAL
1790696221.2507138,esp32-1,-56.0,26.2755,23.20767,20.0,3.0,-1.0,,NORMAL
1790696225.5240507,esp32-1,-57.0,68.0378,38.05575,0.0,28.0,-1.0,,NORMAL
1790696230.6219769,esp32-1,-56.0,49.4978,9.005251,0.0,61.0,-1.0,,NORMAL
1790696236.3467038,esp32-1,-56.0,33.33425,9.410001,20.0,26.0,-1.0,,NORMAL
1790696240.7278318,esp32-1,-56.0,63.2078,43.03,0.0,240.0,-1.0,,NORMAL
1790696246.0194867,esp32-1,-55.0,83.2652,45.12525,0.0,315.0,-1.0,,NORMAL
1790696252.0263758,esp32-1,-55.0,56.2776,25.71375,0.0,200.0,-1.0,,NORMAL
1790696255.4841523,esp32-1,-56.0,42.8052,7.1555,0.0,55.0,-1.0,,NORMAL
1790696260.6621532,esp32-1,-57.0,92.6978,69.46225,0.0,45.0,-1.0,,NORMAL
1790696266.651835,esp32-1,-57.0,35.9212,11.12475,0.0,89.0,-1.0,,NORMAL
1790696270.532356,esp32-1,-58.0,64.7314,44.42825,0.0,48.0,-1.0,,NORMAL
1790696275.583365,esp32-1,-55.0,49.7954,12.81525,0.0,56.0,-1.0,,NORMAL
1790696281.4968762,esp32-1,-54.0,59.80325,31.681,20.0,3.0,-1.0,,NORMAL
1790696285.4762566,esp32-1,-53.0,63.4932,83.911,0.0,3.0,-1.0,,NORMAL
1790696293.9291363,esp32-1,-56.0,49.2974,31.16275,0.0,65.0,-1.0,,NORMAL
1790696295.7357259,esp32-1,-60.0,56.5676,27.72475,0.0,255.0,-1.0,,NORMAL
1790696296.3484612,esp32-1,-56.0,49.2974,31.16275,0.0,65.0,-1.0,,NORMAL
1790696301.8080955,esp32-1,-55.0,63.3786,6.81825,0.0,53.0,-1.0,,NORMAL
1790696306.080719,esp32-1,-58.0,44.934,14.23625,0.0,96.0,-1.0,,NORMAL
1790696311.4990537,esp32-1,-54.0,26.04925,15.352,20.0,166.0,-1.0,,NORMAL
1790696315.4555466,esp32-1,-57.0,42.671,6.223249,0.0,55.0,-1.0,,NORMAL
1790696322.4022355,esp32-1,-55.0,213.8824,463.9597,0.0,53.0,-1.0,,NORMAL
1790696326.4158947,esp32-1,-56.0,25.64825,22.44767,20.0,167.0,-1.0,,NORMAL
1790696331.4418736,esp32-1,-57.0,59.741,28.1455,0.0,974.0,-1.0,,NORMAL
1790696337.303915,esp32-1,-54.0,254.6462,626.727,20.0,6.0,-1.0,,NORMAL
1790696341.420676,esp32-1,-57.0,25.56925,22.19666,20.0,169.0,-1.0,,NORMAL
1790696345.5987759,esp32-1,-57.0,42.1018,6.6325,0.0,53.0,-1.0,,NORMAL
1790696352.1838925,esp32-1,-57.0,255.7212,632.9107,20.0,5.0,-1.0,,NORMAL
1790696357.444522,esp32-1,-57.0,25.83425,18.80766,20.0,52.0,-1.0,,NORMAL
1790696360.4584763,esp32-1,-58.0,41.9746,6.658751,0.0,52.0,-1.0,,NORMAL
1790696366.3859878,esp32-1,-57.0,217.0126,469.9365,0.0,37.0,-1.0,,NORMAL
1790696372.4777377,esp32-1,-55.0,24.7915,21.273,20.0,53.0,-1.0,,NORMAL
1790696375.456494,esp32-1,-56.0,41.9364,6.17025,0.0,2.0,-1.0,,NORMAL
1790696382.5661726,esp32-1,-59.0,259.0332,639.5187,20.0,235.0,-1.0,,NORMAL
1790696386.3590114,esp32-1,-58.0,24.77725,20.987,20.0,52.0,-1.0,,NORMAL
1790696390.454931,esp32-1,-53.0,41.7836,9.13475,0.0,52.0,-1.0,,NORMAL
1790696397.159229,esp32-1,-54.0,246.824,439.534,20.0,8.0,-1.0,,NORMAL
1790696401.3245862,esp32-1,-56.0,34.35875,25.118,20.0,15.0,-1.0,,NORMAL
1790696405.7672648,esp32-1,-57.0,72.481,50.4855,0.0,152.0,-1.0,,NORMAL
1790696410.526847,esp32-1,-57.0,48.0562,12.8685,0.0,3.0,-1.0,,NORMAL
1790696416.3661563,esp32-1,-71.0,24.18225,20.232,20.0,53.0,-1.0,,NORMAL
1790696421.584837,esp32-1,-58.0,41.0592,6.50675,0.0,52.0,-1.0,,NORMAL
1790696426.0942223,esp32-1,-54.0,89.0866,120.8952,0.0,54.0,-1.0,,NORMAL
1790696430.5150042,esp32-1,-60.0,54.6508,19.578,0.0,54.0,-1.0,,NORMAL
1790696436.6661532,esp32-1,-56.0,58.32,35.002,20.0,22.0,-1.0,,NORMAL
1790696440.528091,esp32-1,-53.0,43.224,19.74025,0.0,79.0,-1.0,,NORMAL
1790696446.328737,esp32-1,-57.0,24.0595,21.10933,20.0,53.0,-1.0,,NORMAL
1790696450.463442,esp32-1,-55.0,40.8256,7.62925,0.0,16.0,-1.0,,NORMAL
1790696455.4912481,esp32-1,-57.0,47.4214,5.604251,0.0,6.0,-1.0,,NORMAL
1790696462.5913763,esp32-1,-59.0,33.56033,37.1945,40.0,11.0,-1.0,,NORMAL
1790696465.5291188,esp32-1,-68.0,60.7834,21.80275,0.0,54.0,-1.0,,NORMAL
1790696470.530131,esp32-1,-55.0,47.5048,5.888,0.0,53.0,-1.0,,NORMAL
1790696476.3692698,esp32-1,-55.0,29.07725,27.04067,20.0,31.0,-1.0,,NORMAL
1790696481.5931923,esp32-1,-59.0,40.5152,7.255499,0.0,68.0,-1.0,,NORMAL
1790696485.488842,esp32-1,-55.0,47.4536,4.972751,0.0,53.0,-1.0,,NORMAL
1790696492.3985257,esp32-1,-56.0,23.6675,17.68266,20.0,63.0,-1.0,,NORMAL
1790696496.4932375,esp32-1,-60.0,96.43101,73.35625,0.0,792.0,-1.0,,NORMAL
1790696500.6267736,esp32-1,-59.0,47.1212,4.861751,0.0,56.0,-1.0,,NORMAL
1790696505.8659112,esp32-1,-55.0,123.6292,107.4212,0.0,13.0,-1.0,,NORMAL
1790696512.4202828,esp32-1,-59.0,45.03267,13.1465,40.0,5.0,-1.0,,NORMAL
1790696515.6971705,esp32-1,-56.0,46.87099,5.840499,0.0,54.0,-1.0,,NORMAL
1790696521.4063282,esp32-1,-57.0,71.85921,34.88425,0.0,463.0,-1.0,,NORMAL
1790696526.2413404,esp32-1,-60.0,142.9812,246.9017,0.0,226.0,-1.0,,NORMAL
1790696530.8022733,esp32-1,-57.0,46.6994,9.8755,0.0,56.0,-1.0,,NORMAL
1790696536.3005702,esp32-1,-57.0,23.05725,20.946,20.0,51.0,-1.0,,NORMAL
1790696541.5531,esp32-1,-55.0,39.8022,6.843249,0.0,72.0,-1.0,,NORMAL
1790696545.8469656,esp32-1,-53.0,88.3052,111.7558,0.0,53.0,-1.0,,NORMAL
1790696551.4337714,esp32-1,-57.0,23.46175,15.22467,20.0,181.0,-1.0,,NORMAL
1790696556.5847023,esp32-1,-53.0,80.9525,67.54034,20.0,6.0,-1.0,,NORMAL
1790696561.4652767,esp32-1,-56.0,231.5868,465.4125,0.0,114.0,-1.0,,NORMAL
1790696566.4846253,esp32-1,-54.0,22.76075,18.17033,20.0,185.0,-1.0,,NORMAL
1790696571.5570316,esp32-1,-55.0,39.9042,6.50875,0.0,74.0,-1.0,,NORMAL
1790696575.4443493,esp32-1,-60.0,48.0484,8.0065,0.0,46.0,-1.0,,NORMAL
1790696581.6406898,esp32-1,-57.0,23.1045,20.40433,20.0,48.0,-1.0,,NORMAL
1790696585.6130655,esp32-1,-54.0,83.24821,88.32175,0.0,39.0,-1.0,,NORMAL
1790696590.447826,esp32-1,-54.0,46.2168,6.292001,0.0,56.0,-1.0,,NORMAL
1790696595.5678113,esp32-1,-54.0,53.2196,53.3065,0.0,53.0,-1.0,,NORMAL
1790696601.3017893,esp32-1,-54.0,22.5935,9.075666,20.0,3.0,-1.0,,NORMAL
1790696605.6153953,esp32-1,-57.0,46.0806,7.199251,0.0,53.0,-1.0,,NORMAL
1790696611.4399092,esp32-1,-59.0,24.0895,16.473,20.0,42.0,-1.0,,NORMAL
1790696616.5822184,esp32-1,-56.0,39.292,7.74475,0.0,76.0,-1.0,,NORMAL
1790696620.448536,esp32-1,-57.0,45.7194,6.49075,0.0,53.0,-1.0,,NORMAL
1790696626.4407032,esp32-1,-56.0,25.2325,20.28367,20.0,178.0,-1.0,,NORMAL
1790696631.572737,esp32-1,-59.0,42.0276,6.232499,0.0,63.0,-1.0,,NORMAL
1790696636.5300095,esp32-1,-57.0,43.39075,42.61267,20.0,48.0,-1.0,,NORMAL
1790696640.872416,esp32-1,-58.0,97.1146,103.1715,0.0,52.0,-1.0,,NORMAL
1790696645.6435604,esp32-1,-56.0,41.9714,6.15125,0.0,53.0,-1.0,,NORMAL
1790696651.3764865,esp32-1,-60.0,22.372,18.58433,20.0,30.0,-1.0,,NORMAL
1790696656.497041,esp32-1,-57.0,27.597,24.38433,20.0,165.0,-1.0,,NORMAL
1790696661.2659552,esp32-1,-56.0,23.51875,11.45067,20.0,3.0,-1.0,,NORMAL
1790696666.4307015,esp32-1,-57.0,24.2175,16.40567,20.0,32.0,-1.0,,NORMAL
1790696671.5511963,esp32-1,-59.0,27.47925,23.46933,20.0,166.0,-1.0,,NORMAL
1790696676.437885,esp32-1,-60.0,23.998,18.13467,20.0,179.0,-1.0,,NORMAL
1790696681.2995079,esp32-1,-61.0,22.36625,18.39,20.0,40.0,-1.0,,NORMAL
1790696687.430279,esp32-1,-62.0,26.90125,19.821,20.0,53.0,-1.0,,NORMAL
1790696690.449536,esp32-1,-55.0,43.5456,6.16025,0.0,53.0,-1.0,,NORMAL
1790696696.434051,esp32-1,-55.0,22.4775,18.63467,20.0,36.0,-1.0,,NORMAL
1790696701.4688904,esp32-1,-55.0,26.6835,23.41767,20.0,156.0,-1.0,,NORMAL
1790696705.6519935,esp32-1,-54.0,43.3736,7.34275,0.0,53.0,-1.0,,NORMAL
1790696711.2914326,esp32-1,-54.0,22.74575,18.708,20.0,35.0,-1.0,,NORMAL
1790696716.4443076,esp32-1,-54.0,23.08275,19.144,20.0,183.0,-1.0,,NORMAL
1790696720.7049437,esp32-1,-54.0,63.6862,69.5845,0.0,180.0,-1.0,,NORMAL
1790696726.3373327,esp32-1,-54.0,21.66075,17.658,20.0,36.0,-1.0,,NORMAL
1790696731.4588647,esp32-1,-55.0,26.37625,22.19733,20.0,53.0,-1.0,,NORMAL
1790696735.5544302,esp32-1,-55.0,42.8832,6.13425,0.0,52.0,-1.0,,NORMAL
1790696741.2890923,esp32-1,-60.0,206.282,161.3455,0.0,3.0,-1.0,,NORMAL
1790696746.5105157,esp32-1,-56.0,25.902,19.859,20.0,172.0,-1.0,,NORMAL
1790696751.4844458,esp32-1,-54.0,42.3966,6.44375,0.0,54.0,-1.0,,NORMAL
1790696756.3417423,esp32-1,-52.0,22.661,17.414,20.0,34.0,-1.0,,NORMAL
1790696761.4463186,esp32-1,-57.0,25.48375,21.76666,20.0,172.0,-1.0,,NORMAL
1790696765.7835681,esp32-1,-54.0,42.4592,6.320751,0.0,60.0,-1.0,,NORMAL
1790696771.3939567,esp32-1,-57.0,21.882,16.38333,20.0,34.0,-1.0,,NORMAL
1790696776.4520314,esp32-1,-54.0,25.5945,20.81,20.0,174.0,-1.0,,NORMAL
1790696780.7623165,esp32-1,-54.0,65.3194,80.253,0.0,40.0,-1.0,,NORMAL
1790696786.2782357,esp32-1,-57.0,22.29,17.029,20.0,31.0,-1.0,,NORMAL
1790696791.56958,esp32-1,-55.0,35.4174,7.43775,0.0,54.0,-1.0,,NORMAL
1790696796.4211338,esp32-1,-54.0,61.286,38.00566,20.0,8.0,-1.0,,NORMAL
1790696801.3990123,esp32-1,-56.0,22.04975,17.511,20.0,31.0,-1.0,,NORMAL
1790696806.52001,esp32-1,-55.0,24.9015,21.28467,20.0,176.0,-1.0,,NORMAL
1790696811.4887068,esp32-1,-59.0,41.6982,5.9425,0.0,64.0,-1.0,,NORMAL
1790696816.2873275,esp32-1,-56.0,21.8905,16.74933,20.0,33.0,-1.0,,NORMAL
1790696821.575143,esp32-1,-57.0,25.5745,19.85533,20.0,176.0,-1.0,,NORMAL
1790696825.5288916,esp32-1,-58.0,41.3892,6.64675,0.0,65.0,-1.0,,NORMAL
1790696830.583488,esp32-1,-55.0,48.5468,5.258999,0.0,53.0,-1.0,,NORMAL
1790696836.7757285,esp32-1,-57.0,24.644,16.57633,20.0,53.0,-1.0,,NORMAL
1790696841.7508268,esp32-1,-55.0,41.409,6.089749,0.0,65.0,-1.0,,NORMAL
1790696846.3535228,esp32-1,-56.0,21.99175,17.31633,20.0,29.0,-1.0,,NORMAL
1790696851.7832463,esp32-1,-56.0,24.207,15.69367,20.0,181.0,-1.0,,NORMAL
1790696856.752934,esp32-1,-56.0,41.2168,6.40925,0.0,54.0,-1.0,,NORMAL
1790696861.4079423,esp32-1,-56.0,21.89675,17.278,20.0,27.0,-1.0,,NORMAL
1790696867.4953687,esp32-1,-56.0,24.07,18.63,20.0,53.0,-1.0,,NORMAL
1790696871.6475809,esp32-1,-56.0,41.2424,6.609249,0.0,68.0,-1.0,,NORMAL
1790696875.7271068,esp32-1,-53.0,68.4646,88.41025,0.0,188.0,-1.0,,NORMAL
1790696881.3284323,esp32-1,-58.0,23.725,19.59367,20.0,52.0,-1.0,,NORMAL
1790696885.5748358,esp32-1,-55.0,40.7366,5.88275,0.0,73.0,-1.0,,NORMAL
1790696890.59436,esp32-1,-56.0,47.7738,6.1185,0.0,53.0,-1.0,,NORMAL
1790696897.6987576,esp32-1,-56.0,23.93925,19.54633,20.0,53.0,-1.0,,NORMAL
1790696901.4509246,esp32-1,-55.0,51.5824,19.491,0.0,1022.0,-1.0,,NORMAL
1790696905.54443,esp32-1,-57.0,47.4048,4.390749,0.0,54.0,-1.0,,NORMAL
1790696911.3800988,esp32-1,-58.0,23.55625,16.52966,20.0,53.0,-1.0,,NORMAL
1790696916.5556896,esp32-1,-55.0,40.6084,6.134749,0.0,53.0,-1.0,,NORMAL
1790696920.5050607,esp32-1,-56.0,47.4216,6.14875,0.0,54.0,-1.0,,NORMAL
1790696926.53726,esp32-1,-56.0,23.10425,17.76767,20.0,187.0,-1.0,,NORMAL
1790696931.6024318,esp32-1,-55.0,40.5004,6.742751,0.0,53.0,-1.0,,NORMAL
1790696936.367027,esp32-1,-57.0,22.2885,16.754,20.0,2.0,-1.0,,NORMAL
1790696941.4482763,esp32-1,-56.0,23.123,19.018,20.0,179.0,-1.0,,NORMAL
1790696945.890559,esp32-1,-53.0,40.3874,6.593499,0.0,53.0,-1.0,,NORMAL
1790696950.5041664,esp32-1,-55.0,47.3166,6.0085,0.0,52.0,-1.0,,NORMAL
1790696956.4389963,esp32-1,-53.0,23.38225,20.13633,20.0,50.0,-1.0,,NORMAL
1790696960.4229527,esp32-1,-55.0,40.4492,6.9485,0.0,52.0,-1.0,,NORMAL
1790696965.5682788,esp32-1,-55.0,77.2086,43.86025,0.0,4.0,-1.0,,NORMAL
1790696971.3907752,esp32-1,-56.0,23.38525,19.615,20.0,49.0,-1.0,,NORMAL
1790696976.56056,esp32-1,-56.0,39.9436,6.545001,0.0,79.0,-1.0,,NORMAL
1790696980.5040593,esp32-1,-56.0,46.6442,6.562501,0.0,54.0,-1.0,,NORMAL
1790696987.414591,esp32-1,-56.0,22.6115,17.011,20.0,53.0,-1.0,,NORMAL
1790696991.6030998,esp32-1,-56.0,39.7188,7.60875,0.0,79.0,-1.0,,NORMAL
1790696995.4685547,esp32-1,-55.0,46.4536,6.58325,0.0,61.0,-1.0,,NORMAL
1790697001.308759,esp32-1,-54.0,22.28975,17.64733,20.0,52.0,-1.0,,NORMAL
1790697005.5544598,esp32-1,-55.0,39.5834,6.791501,0.0,81.0,-1.0,,NORMAL
1790697010.479862,esp32-1,-52.0,46.273,9.215749,0.0,56.0,-1.0,,NORMAL
1790697017.0776346,esp32-1,-53.0,211.1088,511.286,20.0,3.0,-1.0,,NORMAL
1790697020.7511606,esp32-1,-52.0,39.483,6.5265,0.0,231.0,-1.0,,NORMAL
1790698090.8024335,esp32-1,-57.0,41.1918,6.181001,0.0,53.0,-1.0,,NORMAL
1790698091.3870425,esp32-1,-52.0,46.0058,10.7155,0.0,54.0,-1.0,,NORMAL
1790698091.8688338,esp32-1,-54.0,47.2818,6.180251,0.0,196.0,-1.0,,NORMAL
1790698092.30406,esp32-1,-52.0,21.54625,9.051001,20.0,4.0,-1.0,,NORMAL
1790698093.1269732,esp32-1,-52.0,43.7034,6.112,0.0,263.0,-1.0,,NORMAL
1790698093.633895,esp32-1,-54.0,46.4184,6.2325,0.0,52.0,-1.0,,NORMAL
1790698094.5587857,esp32-1,-55.0,71.13025,147.9427,20.0,35.0,-1.0,,NORMAL
1790698095.1701436,esp32-1,-55.0,47.5356,11.33375,0.0,201.0,-1.0,,NORMAL
1790698095.8602483,esp32-1,-54.0,39.0734,28.0375,0.0,49.0,-1.0,,NORMAL
1790698096.5227427,esp32-1,-53.0,88.6302,115.259,0.0,203.0,-1.0,,NORMAL
1790698097.2212424,esp32-1,-53.0,28.697,26.21133,20.0,53.0,-1.0,,NORMAL
1790698097.698837,esp32-1,-53.0,47.4834,6.218,0.0,79.0,-1.0,,NORMAL
1790698098.350293,esp32-1,-56.0,42.6154,6.57025,0.0,54.0,-1.0,,NORMAL
1790698098.838693,esp32-1,-56.0,70.3846,81.7135,0.0,41.0,-1.0,,NORMAL
1790698099.5900464,esp32-1,-54.0,47.664,6.25875,0.0,52.0,-1.0,,NORMAL
1790698100.0522149,esp32-1,-56.0,47.4166,7.186999,0.0,262.0,-1.0,,NORMAL
1790698100.4634628,esp32-1,-55.0,92.45,70.29101,20.0,4.0,-1.0,,NORMAL
1790698100.9752648,esp32-1,-55.0,25.869,22.35567,20.0,215.0,-1.0,,NORMAL
1790698101.5409164,esp32-1,-55.0,101.6823,197.0434,20.0,6.0,-1.0,,NORMAL
1790698102.0573223,esp32-1,-55.0,27.3985,23.50466,20.0,276.0,-1.0,,NORMAL
1790698102.5114863,esp32-1,-56.0,85.468,108.459,0.0,256.0,-1.0,,NORMAL
1790698103.0142403,esp32-1,-57.0,174.1292,219.28,20.0,3.0,-1.0,,NORMAL
1790698103.595049,esp32-1,-56.0,23.39675,19.59833,20.0,51.0,-1.0,,NORMAL
1790698104.4892812,esp32-1,-53.0,47.6592,6.85675,0.0,54.0,-1.0,,NORMAL
1790698104.979368,esp32-1,-56.0,22.172,17.82967,20.0,25.0,-1.0,,NORMAL
1790698105.5499809,esp32-1,-54.0,87.8774,110.9942,0.0,53.0,-1.0,,NORMAL
1790698105.9934075,esp32-1,-55.0,47.5146,6.335252,0.0,53.0,-1.0,,NORMAL
1790698106.5045824,esp32-1,-55.0,88.46475,64.384,20.0,4.0,-1.0,,NORMAL
1790698107.1509416,esp32-1,-59.0,39.2498,6.3105,0.0,201.0,-1.0,,NORMAL
1790698107.7073226,esp32-1,-56.0,38.4838,6.201749,0.0,187.0,-1.0,,NORMAL
1790698108.2207007,esp32-1,-56.0,41.2468,6.369,0.0,123.0,-1.0,,NORMAL
1790698108.8409846,esp32-1,-56.0,23.085,18.913,20.0,52.0,-1.0,,NORMAL
1790698109.580087,esp32-1,-56.0,71.95225,151.1033,20.0,31.0,-1.0,,NORMAL
1790698110.2226634,esp32-1,-55.0,47.5762,6.075501,0.0,53.0,-1.0,,NORMAL
1790698110.8387108,esp32-1,-57.0,47.529,6.43225,0.0,53.0,-1.0,,NORMAL
1790698111.3288836,esp32-1,-56.0,47.3712,6.41575,0.0,53.0,-1.0,,NORMAL
1790698112.2727346,esp32-1,-54.0,47.6972,6.4345,0.0,54.0,-1.0,,NORMAL
1790698112.8863177,esp32-1,-58.0,47.4336,4.131751,0.0,53.0,-1.0,,NORMAL
1790698113.6021907,esp32-1,-59.0,42.6188,9.702501,0.0,5.0,-1.0,,NORMAL
1790698114.5242739,esp32-1,-55.0,41.0166,6.139501,0.0,201.0,-1.0,,NORMAL
1790698115.140912,esp32-1,-55.0,29.12375,27.35833,20.0,180.0,-1.0,,NORMAL
1790698115.6174672,esp32-1,-56.0,42.3882,6.55975,0.0,53.0,-1.0,,NORMAL
1790698116.1396568,esp32-1,-56.0,48.109,17.5895,0.0,52.0,-1.0,,NORMAL
1790698116.6746337,esp32-1,-56.0,48.7128,11.73725,0.0,48.0,-1.0,,NORMAL
1790698117.1887727,esp32-1,-56.0,47.009,9.659999,0.0,53.0,-1.0,,NORMAL
1790698117.6652932,esp32-1,-57.0,71.3082,81.28325,0.0,37.0,-1.0,,NORMAL
1790698118.2101762,esp32-1,-54.0,47.4504,5.9575,0.0,276.0,-1.0,,NORMAL
1790698118.689279,esp32-1,-57.0,44.014,10.2395,0.0,53.0,-1.0,,NORMAL
1790698119.5468724,esp32-1,-56.0,47.1288,5.869501,0.0,53.0,-1.0,,NORMAL
1790698120.0555837,esp32-1,-58.0,89.9778,120.66,0.0,235.0,-1.0,,NORMAL
1790698120.5663447,esp32-1,-56.0,22.10775,17.12933,20.0,47.0,-1.0,,NORMAL
1790698121.0459635,esp32-1,-57.0,47.7106,7.724502,0.0,53.0,-1.0,,NORMAL
1790698121.5744376,esp32-1,-57.0,49.575,5.138749,0.0,248.0,-1.0,,NORMAL
1790698122.1016543,esp32-1,-57.0,25.827,8.389,20.0,205.0,-1.0,,NORMAL
1790698122.721104,esp32-1,-54.0,39.45066,40.0645,40.0,15.0,-1.0,,NORMAL
1790698123.2141376,esp32-1,-57.0,36.13867,9.890499,40.0,47.0,-1.0,,NORMAL
1790698123.846318,esp32-1,-58.0,140.5654,168.8913,0.0,89.0,-1.0,,NORMAL
1790698124.6115084,esp32-1,-59.0,38.5715,33.75067,20.0,276.0,-1.0,,NORMAL
1790698125.17477,esp32-1,-57.0,81.685,75.55525,0.0,269.0,-1.0,,NORMAL
1790698125.6571927,esp32-1,-60.0,50.988,26.6765,0.0,32.0,-1.0,,NORMAL
1790698126.1793318,esp32-1,-58.0,47.3492,14.57775,0.0,219.0,-1.0,,NORMAL
1790698126.7023127,esp32-1,-52.0,24.127,17.00233,20.0,649.0,-1.0,,NORMAL
1790698127.32954,esp32-1,-55.0,46.08625,37.21833,20.0,182.0,-1.0,,NORMAL
1790698127.8065805,esp32-1,-60.0,42.174,6.092,0.0,57.0,-1.0,,NORMAL
1790698128.6263092,esp32-1,-57.0,39.17475,14.846,20.0,5.0,-1.0,,NORMAL
1790698129.1458712,esp32-1,-59.0,36.7872,6.262001,0.0,225.0,-1.0,,NORMAL
1790698129.6524067,esp32-1,-56.0,22.85325,15.31367,20.0,52.0,-1.0,,NORMAL
1790698130.165167,esp32-1,-60.0,47.5046,6.035252,0.0,187.0,-1.0,,NORMAL
1790698130.7228248,esp32-1,-61.0,82.4588,122.0695,0.0,54.0,-1.0,,NORMAL
1790698131.1908324,esp32-1,-62.0,42.5528,12.17675,0.0,490.0,-1.0,,NORMAL
1790698131.837439,esp32-1,-60.0,46.8614,6.0605,0.0,232.0,-1.0,,NORMAL
1790698132.3379643,esp32-1,-54.0,21.95525,17.13167,20.0,51.0,-1.0,,NORMAL
1790698132.9926882,esp32-1,-59.0,67.8992,85.64825,0.0,193.0,-1.0,,NORMAL
1790698133.6747353,esp32-1,-56.0,39.8738,5.533499,0.0,277.0,-1.0,,NORMAL
1790698134.299641,esp32-1,-55.0,44.1624,8.697501,0.0,49.0,-1.0,,NORMAL
1790698134.9026365,esp32-1,-57.0,47.5772,16.6815,0.0,53.0,-1.0,,NORMAL
1790698135.6235356,esp32-1,-57.0,47.4992,10.3685,0.0,53.0,-1.0,,NORMAL
1790698136.2739425,esp32-1,-60.0,47.1526,7.566502,0.0,59.0,-1.0,,NORMAL
1790698136.7831144,esp32-1,-58.0,28.9285,21.736,20.0,14.0,-1.0,,NORMAL
1790698137.245721,esp32-1,-55.0,43.0206,7.81475,0.0,279.0,-1.0,,NORMAL
1790698137.8772204,esp32-1,-57.0,78.15099,156.998,20.0,5.0,-1.0,,NORMAL
1790698138.4299796,esp32-1,-60.0,43.5862,6.284001,0.0,235.0,-1.0,,NORMAL
1790698138.9958088,esp32-1,-61.0,52.3512,9.732001,0.0,52.0,-1.0,,NORMAL
1790698139.7626264,esp32-1,-56.0,68.14,85.7775,0.0,191.0,-1.0,,NORMAL
1790698140.331392,esp32-1,-57.0,40.1964,6.2625,0.0,276.0,-1.0,,NORMAL
1790698140.9494555,esp32-1,-56.0,44.0022,9.998749,0.0,54.0,-1.0,,NORMAL
1790698141.559632,esp32-1,-57.0,46.8348,3.884999,0.0,258.0,-1.0,,NORMAL
1790698142.173748,esp32-1,-58.0,47.5488,9.060249,0.0,54.0,-1.0,,NORMAL
1790698142.8905034,esp32-1,-59.0,23.0185,20.07467,20.0,21.0,-1.0,,NORMAL
1790698143.5043743,esp32-1,-57.0,47.5388,6.209499,0.0,52.0,-1.0,,NORMAL
1790698144.222237,esp32-1,-56.0,47.739,12.667,0.0,266.0,-1.0,,NORMAL
1790698145.0400355,esp32-1,-57.0,45.914,6.817751,0.0,57.0,-1.0,,NORMAL
1790698145.758768,esp32-1,-56.0,48.9304,15.29275,0.0,44.0,-1.0,,NORMAL
1790698146.37441,esp32-1,-59.0,47.8038,26.0695,0.0,49.0,-1.0,,NORMAL
1790698147.091239,esp32-1,-57.0,48.5746,4.662001,0.0,49.0,-1.0,,NORMAL
1790698147.602529,esp32-1,-58.0,47.94621,8.708499,0.0,13.0,-1.0,,NORMAL
1790698148.0734196,esp32-1,-54.0,34.2208,5.417999,0.0,56.0,-1.0,,NORMAL
1790698148.6282063,esp32-1,-56.0,46.7692,6.19775,0.0,52.0,-1.0,,NORMAL
1790698149.2393842,esp32-1,-55.0,49.3678,14.714,0.0,43.0,-1.0,,NORMAL
1790698149.7558324,esp32-1,-56.0,47.5454,18.24525,0.0,52.0,-1.0,,NORMAL
1790698150.5720453,esp32-1,-58.0,47.4322,5.91725,0.0,53.0,-1.0,,NORMAL
1790698151.1855729,esp32-1,-58.0,31.855,14.69733,20.0,14.0,-1.0,,NORMAL
1790698151.8024445,esp32-1,-58.0,46.793,23.15975,0.0,28.0,-1.0,,NORMAL
1790698152.296201,esp32-1,-58.0,48.75,24.83,0.0,44.0,-1.0,,NORMAL
1790698155.7937596,esp32-1,-63.0,48.0164,5.964499,0.0,52.0,-1.0,,NORMAL
1790698156.276359,esp32-1,-56.0,48.9354,13.547,0.0,45.0,-1.0,,NORMAL
1790698156.8130667,esp32-1,-57.0,47.7328,13.7725,0.0,54.0,-1.0,,NORMAL
1790698157.3317478,esp32-1,-57.0,21.8715,17.28167,20.0,27.0,-1.0,,NORMAL
1790698157.809266,esp32-1,-58.0,62.0724,30.27875,0.0,750.0,-1.0,,NORMAL
1790698158.3241491,esp32-1,-59.0,99.1938,79.77825,0.0,50.0,-1.0,,NORMAL
1790698158.9683936,esp32-1,-59.0,47.3546,21.4885,0.0,207.0,-1.0,,NORMAL
1790698159.5818272,esp32-1,-58.0,81.15859,76.87724,0.0,41.0,-1.0,,NORMAL
1790698160.4034836,esp32-1,-59.0,53.08525,52.882,20.0,231.0,-1.0,,NORMAL
1790698161.2490017,esp32-1,-56.0,42.9558,10.544,0.0,250.0,-1.0,,NORMAL
1790698161.7018604,esp32-1,-61.0,42.6535,17.46733,20.0,53.0,-1.0,,NORMAL
1790698162.2305887,esp32-1,-60.0,47.3558,6.584749,0.0,55.0,-1.0,,NORMAL
1790698162.8663502,esp32-1,-61.0,71.1712,80.21425,0.0,36.0,-1.0,,NORMAL
1790698163.3474076,esp32-1,-68.0,23.15325,16.51967,20.0,20.0,-1.0,,NORMAL
1790698163.848932,esp32-1,-62.0,47.5148,14.1535,0.0,256.0,-1.0,,NORMAL
1790698164.3668902,esp32-1,-61.0,48.1266,7.319,0.0,53.0,-1.0,,NORMAL
1790698165.010482,esp32-1,-55.0,47.2644,6.6975,0.0,219.0,-1.0,,NORMAL
1790698165.7286482,esp32-1,-58.0,24.82775,11.90633,20.0,53.0,-1.0,,NORMAL
1790698166.2085133,esp32-1,-54.0,68.02039,82.25825,0.0,53.0,-1.0,,NORMAL
1790698166.7125008,esp32-1,-55.0,47.606,6.343999,0.0,264.0,-1.0,,NORMAL
1790698167.2411115,esp32-1,-57.0,46.4018,5.78675,0.0,52.0,-1.0,,NORMAL
1790698167.7364883,esp32-1,-56.0,47.5098,7.812749,0.0,52.0,-1.0,,NORMAL
1790698168.3257523,esp32-1,-55.0,47.58941,6.90375,0.0,53.0,-1.0,,NORMAL
1790698168.8680105,esp32-1,-56.0,68.1282,84.263,0.0,191.0,-1.0,,NORMAL
1790698169.3776371,esp32-1,-54.0,40.5064,6.48275,0.0,52.0,-1.0,,NORMAL
1790698169.9703968,esp32-1,-55.0,47.4894,5.442999,0.0,53.0,-1.0,,NORMAL
1790698170.5080907,esp32-1,-55.0,84.8076,53.601,0.0,326.0,-1.0,,NORMAL
1790698171.357967,esp32-1,-57.0,37.5586,8.25775,0.0,225.0,-1.0,,NORMAL
1790698171.8321095,esp32-1,-56.0,23.18475,16.63667,20.0,54.0,-1.0,,NORMAL
1790698172.348522,esp32-1,-56.0,88.3904,76.88074,0.0,179.0,-1.0,,NORMAL
1790698173.0010316,esp32-1,-57.0,42.8646,6.860499,0.0,264.0,-1.0,,NORMAL
1790698173.470629,esp32-1,-56.0,81.142,153.505,20.0,4.0,-1.0,,NORMAL
1790698174.1239917,esp32-1,-58.0,44.5304,6.1295,0.0,53.0,-1.0,,NORMAL
1790698174.6058788,esp32-1,-56.0,47.3006,6.145501,0.0,206.0,-1.0,,NORMAL
1790698175.118048,esp32-1,-58.0,28.085,25.79867,20.0,124.0,-1.0,,NORMAL
1790698175.6370752,esp32-1,-55.0,23.01225,18.57833,20.0,267.0,-1.0,,NORMAL
1790698176.2767265,esp32-1,-58.0,45.6004,5.816001,0.0,248.0,-1.0,,NORMAL
1790698176.749412,esp32-1,-57.0,22.878,26.6895,40.0,3.0,-1.0,,NORMAL
1790698177.6061642,esp32-1,-58.0,42.7394,6.520999,0.0,53.0,-1.0,,NORMAL
1790698178.1197143,esp32-1,-56.0,69.792,79.81825,0.0,44.0,-1.0,,NORMAL
1790698178.60656,esp32-1,-56.0,47.6372,6.19175,0.0,53.0,-1.0,,NORMAL
1790698179.1030746,esp32-1,-55.0,47.2016,5.603002,0.0,108.0,-1.0,,NORMAL
1790698179.654485,esp32-1,-57.0,27.08125,23.21,20.0,535.0,-1.0,,NORMAL
1790698180.272198,esp32-1,-57.0,22.942,20.587,20.0,52.0,-1.0,,NORMAL
1790698180.7806249,esp32-1,-55.0,68.175,85.74426,0.0,101.0,-1.0,,NORMAL
1790698181.291324,esp32-1,-53.0,38.011,6.380001,0.0,53.0,-1.0,,NORMAL
1790698181.7659094,esp32-1,-56.0,47.1952,6.5925,0.0,54.0,-1.0,,NORMAL
1790698182.2832093,esp32-1,-53.0,47.203,5.776749,0.0,242.0,-1.0,,NORMAL
1790698182.8067038,esp32-1,-56.0,23.9095,16.91767,20.0,33.0,-1.0,,NORMAL
1790698183.3067813,esp32-1,-56.0,77.2952,99.15274,0.0,7.0,-1.0,,NORMAL
1790698183.8514478,esp32-1,-55.0,47.5204,6.2715,0.0,184.0,-1.0,,NORMAL
1790698184.332936,esp32-1,-54.0,41.741,6.933999,0.0,55.0,-1.0,,NORMAL
1790698184.8792644,esp32-1,-56.0,47.0988,6.61425,0.0,249.0,-1.0,,NORMAL
1790698185.3878598,esp32-1,-53.0,21.78125,17.386,20.0,34.0,-1.0,,NORMAL
1790698186.1743226,esp32-1,-53.0,67.94225,139.8797,20.0,51.0,-1.0,,NORMAL
1790698186.6796234,esp32-1,-56.0,26.66725,28.71633,20.0,922.0,-1.0,,NORMAL
1790698187.1980524,esp32-1,-58.0,89.4938,123.7855,0.0,51.0,-1.0,,NORMAL
1790698187.7192645,esp32-1,-54.0,47.437,6.793251,0.0,251.0,-1.0,,NORMAL
1790698188.2244384,esp32-1,-56.0,42.614,38.00667,20.0,67.0,-1.0,,NORMAL
1790698188.7806425,esp32-1,-52.0,44.7324,5.611251,0.0,52.0,-1.0,,NORMAL
1790698189.38208,esp32-1,-55.0,43.9726,10.3085,0.0,994.0,-1.0,,NORMAL
1790698189.9996212,esp32-1,-55.0,47.6634,6.7305,0.0,4.0,-1.0,,NORMAL
1790698190.7161877,esp32-1,-55.0,26.95575,23.79167,20.0,132.0,-1.0,,NORMAL
1790698191.4410534,esp32-1,-54.0,22.71975,17.91033,20.0,48.0,-1.0,,NORMAL
1790698191.9172232,esp32-1,-55.0,47.0958,6.20125,0.0,259.0,-1.0,,NORMAL
1790698192.5593486,esp32-1,-56.0,47.2834,5.731,0.0,52.0,-1.0,,NORMAL
1790698193.037792,esp32-1,-55.0,47.5704,5.980001,0.0,178.0,-1.0,,NORMAL
1790698193.888042,esp32-1,-56.0,43.5912,8.844,0.0,54.0,-1.0,,NORMAL
1790698194.507399,esp32-1,-55.0,46.6348,6.44575,0.0,244.0,-1.0,,NORMAL
1790698195.1419885,esp32-1,-55.0,21.684,16.58267,20.0,42.0,-1.0,,NORMAL
1790698195.6563497,esp32-1,-56.0,47.1592,5.94275,0.0,204.0,-1.0,,NORMAL
1790698196.248015,esp32-1,-56.0,37.8182,8.971999,0.0,186.0,-1.0,,NORMAL
1790698196.8907287,esp32-1,-55.0,41.3126,6.355749,0.0,52.0,-1.0,,NORMAL
1790698197.3021288,esp32-1,-52.0,81.54001,167.961,20.0,556.0,-1.0,,NORMAL
1790698197.814879,esp32-1,-53.0,27.56475,24.14333,20.0,228.0,-1.0,,NORMAL
1790698198.393658,esp32-1,-55.0,22.2935,17.83867,20.0,53.0,-1.0,,NORMAL
1790698199.0074966,esp32-1,-58.0,47.78899,6.219499,0.0,188.0,-1.0,,NORMAL
1790698201.057214,esp32-1,-58.0,22.3125,18.04033,20.0,31.0,-1.0,,NORMAL
1790698206.8959663,esp32-1,-59.0,246.4807,605.6104,20.0,2.0,-1.0,,NORMAL
1790698210.3756685,esp32-1,-55.0,41.79,6.337501,0.0,52.0,-1.0,,NORMAL
1790698509.9144747,esp32-1,-56.0,43.0718,11.8355,0.0,69.0,-1.0,,NORMAL
1790698515.8464649,esp32-1,-53.0,22.39625,16.509,20.0,131.0,-1.0,,NORMAL
1790698519.8918803,esp32-1,-54.0,39.8116,6.6125,0.0,53.0,-1.0,,NORMAL
1790698525.578154,esp32-1,-53.0,24.98625,22.825,20.0,9.0,-1.0,,NORMAL
1790698530.085557,esp32-1,-64.0,53.4266,53.01525,0.0,197.0,-1.0,,NORMAL
1790698534.792899,esp32-1,-57.0,39.5242,6.19375,0.0,53.0,-1.0,,NORMAL
1790698540.1180885,esp32-1,-56.0,46.291,10.067,0.0,264.0,-1.0,,NORMAL
1790698545.629136,esp32-1,-55.0,27.66275,11.98767,20.0,29.0,-1.0,,NORMAL
1790698549.7296119,esp32-1,-56.0,39.1322,6.837,0.0,54.0,-1.0,,NORMAL
1790698554.917952,esp32-1,-57.0,45.9894,6.3125,0.0,217.0,-1.0,,NORMAL
1790698560.6114013,esp32-1,-55.0,23.72,14.608,20.0,46.0,-1.0,,NORMAL
1790698565.1106887,esp32-1,-57.0,101.671,184.1382,0.0,3.0,-1.0,,NORMAL
1790698569.9804518,esp32-1,-54.0,45.7334,5.294999,0.0,271.0,-1.0,,NORMAL
1790698575.6178646,esp32-1,-56.0,23.076,18.63733,20.0,48.0,-1.0,,NORMAL
1790698580.6995587,esp32-1,-55.0,55.2708,27.84825,0.0,949.0,-1.0,,NORMAL
1790698585.939907,esp32-1,-56.0,45.7118,5.884749,0.0,53.0,-1.0,,NORMAL
1790698590.6269152,esp32-1,-59.0,23.9495,14.422,20.0,42.0,-1.0,,NORMAL
1790698595.0561657,esp32-1,-54.0,61.7072,82.06975,0.0,41.0,-1.0,,NORMAL
1790698599.7736056,esp32-1,-56.0,45.371,6.908501,0.0,53.0,-1.0,,NORMAL
1790698605.664625,esp32-1,-56.0,22.11275,17.79733,20.0,49.0,-1.0,,NORMAL
1790698609.8606732,esp32-1,-55.0,38.6528,6.483749,0.0,54.0,-1.0,,NORMAL
1790698615.931918,esp32-1,-56.0,45.3056,5.460249,0.0,54.0,-1.0,,NORMAL
1790698620.61148,esp32-1,-60.0,22.64875,18.41167,20.0,46.0,-1.0,,NORMAL
1790698624.741458,esp32-1,-57.0,38.4324,6.7095,0.0,54.0,-1.0,,NORMAL
1790698630.0318556,esp32-1,-55.0,65.9844,76.47625,0.0,53.0,-1.0,,NORMAL
1790698635.7617807,esp32-1,-58.0,22.82675,19.08533,20.0,45.0,-1.0,,NORMAL
1790698639.721367,esp32-1,-61.0,38.3194,6.3415,0.0,54.0,-1.0,,NORMAL
1790698645.7104309,esp32-1,-54.0,81.10139,50.9125,0.0,825.0,-1.0,,NORMAL
1790698650.7246454,esp32-1,-57.0,22.48025,13.98767,20.0,45.0,-1.0,,NORMAL
1790698654.7209096,esp32-1,-55.0,38.1872,6.78825,0.0,53.0,-1.0,,NORMAL
1790698659.8281538,esp32-1,-54.0,44.9192,26.0065,0.0,53.0,-1.0,,NORMAL
1790698665.6125603,esp32-1,-58.0,22.081,17.444,20.0,44.0,-1.0,,NORMAL
1790698671.7599936,esp32-1,-57.0,28.6475,25.70133,20.0,53.0,-1.0,,NORMAL
1790698676.0117538,esp32-1,-56.0,44.669,6.8645,0.0,53.0,-1.0,,NORMAL
1790698680.620363,esp32-1,-53.0,23.091,21.57133,20.0,41.0,-1.0,,NORMAL
1790698684.7364786,esp32-1,-55.0,38.1262,7.295249,0.0,54.0,-1.0,,NORMAL
1790698689.9336395,esp32-1,-54.0,44.3806,6.23875,0.0,193.0,-1.0,,NORMAL
1790698695.6731818,esp32-1,-56.0,22.863,17.33034,20.0,41.0,-1.0,,NORMAL
1790698701.8198216,esp32-1,-54.0,27.9725,25.134,20.0,54.0,-1.0,,NORMAL
1790698704.8852432,esp32-1,-57.0,44.5934,6.06775,0.0,53.0,-1.0,,NORMAL
1790698710.7245727,esp32-1,-55.0,24.52225,19.828,20.0,33.0,-1.0,,NORMAL
1790698715.7401412,esp32-1,-57.0,28.02775,25.56933,20.0,53.0,-1.0,,NORMAL
1790698719.8369014,esp32-1,-56.0,44.0438,6.43125,0.0,53.0,-1.0,,NORMAL
1790698725.6723433,esp32-1,-57.0,24.5015,19.472,20.0,32.0,-1.0,,NORMAL
1790698730.7450318,esp32-1,-55.0,27.7545,20.01233,20.0,120.0,-1.0,,NORMAL
1790698734.9523487,esp32-1,-55.0,43.8838,7.06975,0.0,54.0,-1.0,,NORMAL
1790698741.0340126,esp32-1,-58.0,22.4295,16.72833,20.0,40.0,-1.0,,NORMAL
1790698745.2369745,esp32-1,-58.0,139.8066,270.7682,0.0,53.0,-1.0,,NORMAL
1790698750.5818305,esp32-1,-57.0,22.282,17.64433,20.0,6.0,-1.0,,NORMAL
1790698755.6797452,esp32-1,-56.0,22.019,16.58067,20.0,41.0,-1.0,,NORMAL
1790698760.8653018,esp32-1,-55.0,27.172,23.09633,20.0,117.0,-1.0,,NORMAL
1790698764.7982326,esp32-1,-56.0,43.6052,6.647751,0.0,54.0,-1.0,,NORMAL
1790698770.7379165,esp32-1,-59.0,24.6355,19.998,20.0,28.0,-1.0,,NORMAL
1790698775.7634056,esp32-1,-56.0,27.022,21.56567,20.0,120.0,-1.0,,NORMAL
1790698779.8438811,esp32-1,-56.0,43.5672,6.905749,0.0,53.0,-1.0,,NORMAL
1790698785.6134834,esp32-1,-56.0,24.50725,21.938,20.0,28.0,-1.0,,NORMAL
1790698790.8055873,esp32-1,-54.0,26.871,23.93833,20.0,121.0,-1.0,,NORMAL
1790698794.9014707,esp32-1,-57.0,43.0944,10.023,0.0,56.0,-1.0,,NORMAL
1790698800.6085982,esp32-1,-57.0,21.67575,17.50867,20.0,38.0,-1.0,,NORMAL
1790698806.4065619,esp32-1,-56.0,138.6864,268.1418,0.0,54.0,-1.0,,NORMAL
1790698810.877197,esp32-1,-57.0,79.47501,61.14867,20.0,4.0,-1.0,,NORMAL
1790698815.6043618,esp32-1,-58.0,23.9165,18.88467,20.0,28.0,-1.0,,NORMAL
1790698820.8082724,esp32-1,-59.0,25.82875,22.55833,20.0,124.0,-1.0,,NORMAL
1790698826.1347046,esp32-1,-56.0,83.6846,111.592,0.0,57.0,-1.0,,NORMAL
1790698830.8521013,esp32-1,-57.0,88.85341,60.36675,0.0,786.0,-1.0,,NORMAL
1790698835.636684,esp32-1,-56.0,29.93225,25.12034,20.0,38.0,-1.0,,NORMAL
1790698839.857005,esp32-1,-57.0,42.584,6.22525,0.0,54.0,-1.0,,NORMAL
1790698845.6075976,esp32-1,-58.0,21.48925,16.77,20.0,37.0,-1.0,,NORMAL
1790698850.810733,esp32-1,-55.0,25.90925,21.96267,20.0,124.0,-1.0,,NORMAL
1790698854.8050783,esp32-1,-56.0,42.523,6.64125,0.0,53.0,-1.0,,NORMAL
1790698860.7453678,esp32-1,-56.0,21.659,17.27367,20.0,51.0,-1.0,,NORMAL
1790698865.3654501,esp32-1,-58.0,138.9934,262.485,0.0,49.0,-1.0,,NORMAL
1790698870.1709387,esp32-1,-57.0,115.6696,114.9747,0.0,2.0,-1.0,,NORMAL
1790698876.209596,esp32-1,-61.0,48.81,7.86325,0.0,54.0,-1.0,,NORMAL
1790698880.8254943,esp32-1,-61.0,25.44675,20.306,20.0,126.0,-1.0,,NORMAL
1790698884.7810755,esp32-1,-58.0,42.1366,6.3485,0.0,60.0,-1.0,,NORMAL
1790698890.6514883,esp32-1,-59.0,22.9825,18.583,20.0,28.0,-1.0,,NORMAL
1790698896.7403357,esp32-1,-61.0,24.96475,20.36,20.0,54.0,-1.0,,NORMAL
1790698899.7698486,esp32-1,-58.0,42.1384,6.573999,0.0,55.0,-1.0,,NORMAL
1790698906.570831,esp32-1,-57.0,21.664,27.8415,40.0,5.0,-1.0,,NORMAL
1790698911.6934838,esp32-1,-56.0,24.881,21.26667,20.0,53.0,-1.0,,NORMAL
1790698914.8168864,esp32-1,-60.0,41.8048,6.5205,0.0,54.0,-1.0,,NORMAL
1790698919.8323474,esp32-1,-59.0,48.56,7.421502,0.0,53.0,-1.0,,NORMAL
1790698925.4787743,esp32-1,-58.0,137.3214,267.8965,0.0,241.0,-1.0,,NORMAL
1790698929.8681707,esp32-1,-55.0,41.472,6.2335,0.0,53.0,-1.0,,NORMAL
1790698934.7892375,esp32-1,-58.0,48.387,6.802998,0.0,53.0,-1.0,,NORMAL
1790698940.742784,esp32-1,-58.0,24.5945,20.90466,20.0,134.0,-1.0,,NORMAL
1790698944.8229637,esp32-1,-58.0,41.5776,6.99275,0.0,53.0,-1.0,,NORMAL
1790698951.556987,esp32-1,-58.0,20.36733,26.5475,40.0,8.0,-1.0,,NORMAL
1790698955.7856712,esp32-1,-56.0,24.3155,20.39,20.0,133.0,-1.0,,NORMAL
1790698959.7519248,esp32-1,-64.0,41.1508,6.661749,0.0,53.0,-1.0,,NORMAL
1790698966.6271324,esp32-1,-70.0,21.43967,21.556,40.0,4.0,-1.0,,NORMAL
1790698970.8303208,esp32-1,-67.0,23.92725,17.588,20.0,135.0,-1.0,,NORMAL
1790698974.8239884,esp32-1,-62.0,40.9436,6.276,0.0,53.0,-1.0,,NORMAL
1790698980.1450078,esp32-1,-59.0,47.6504,5.833999,0.0,270.0,-1.0,,NORMAL
1790698985.4425778,esp32-1,-62.0,136.548,266.5583,0.0,251.0,-1.0,,NORMAL
1790698990.1020539,esp32-1,-63.0,40.5654,6.926,0.0,57.0,-1.0,,NORMAL
1790698995.8184202,esp32-1,-62.0,81.3206,48.40325,0.0,827.0,-1.0,,NORMAL
1790699000.0709925,esp32-1,-61.0,54.3962,22.31,0.0,54.0,-1.0,,NORMAL
1790699005.0877156,esp32-1,-62.0,63.5158,80.1175,0.0,5.0,-1.0,,NORMAL
1790699010.032002,esp32-1,-64.0,47.3078,6.20475,0.0,274.0,-1.0,,NORMAL
1790699015.6393843,esp32-1,-63.0,24.17925,19.10267,20.0,50.0,-1.0,,NORMAL
1790699019.7536101,esp32-1,-62.0,40.6024,6.684,0.0,55.0,-1.0,,NORMAL
1790699024.776698,esp32-1,-62.0,47.5858,6.4045,0.0,52.0,-1.0,,NORMAL
1790699030.83777,esp32-1,-63.0,23.258,18.52033,20.0,139.0,-1.0,,NORMAL
1790699034.7480743,esp32-1,-60.0,40.3888,7.186249,0.0,54.0,-1.0,,NORMAL
1790699040.8244095,esp32-1,-61.0,22.3365,18.516,20.0,21.0,-1.0,,NORMAL
1790699044.956031,esp32-1,-60.0,91.4124,138.2643,0.0,4.0,-1.0,,NORMAL
1790699049.762396,esp32-1,-63.0,40.1974,7.274001,0.0,54.0,-1.0,,NORMAL
1790699054.9573872,esp32-1,-62.0,46.9636,5.24825,0.0,230.0,-1.0,,NORMAL
1790699061.0950396,esp32-1,-62.0,22.6705,18.31333,20.0,53.0,-1.0,,NORMAL
1790699064.7492182,esp32-1,-62.0,39.9672,6.33275,0.0,53.0,-1.0,,NORMAL
1790699071.0794492,esp32-1,-61.0,46.6888,5.78125,0.0,54.0,-1.0,,NORMAL
1790699075.9955592,esp32-1,-61.0,22.3595,17.275,20.0,53.0,-1.0,,NORMAL
1790699081.0589762,esp32-1,-61.0,86.51425,74.95133,20.0,4.0,-1.0,,NORMAL
1790699084.9628856,esp32-1,-61.0,46.41,6.85975,0.0,236.0,-1.0,,NORMAL
1790699091.7184362,esp32-1,-62.0,28.99333,9.355999,40.0,4.0,-1.0,,NORMAL
1790699094.843211,esp32-1,-61.0,39.5522,6.462749,0.0,55.0,-1.0,,NORMAL
1790699099.859193,esp32-1,-61.0,46.48,6.002,0.0,53.0,-1.0,,NORMAL
1790699106.3103228,esp32-1,-61.0,153.834,366.828,20.0,39.0,-1.0,,NORMAL
1790699111.5386796,esp32-1,-61.0,259.3712,333.4997,20.0,2.0,-1.0,,NORMAL
1790699114.9649363,esp32-1,-62.0,46.1338,4.798751,0.0,242.0,-1.0,,NORMAL
1790699120.6349006,esp32-1,-62.0,22.2455,17.41833,20.0,51.0,-1.0,,NORMAL
1790699124.842093,esp32-1,-62.0,39.2688,7.386499,0.0,54.0,-1.0,,NORMAL
1790699129.677873,esp32-1,-65.0,36.5138,10.00925,0.0,2.0,-1.0,,NORMAL
1790699135.7004657,esp32-1,-64.0,23.37575,15.86733,20.0,45.0,-1.0,,NORMAL
1790699139.7518742,esp32-1,-66.0,33.9108,11.29725,0.0,81.0,-1.0,,NORMAL
1790699144.9175534,esp32-1,-59.0,45.6734,6.207,0.0,53.0,-1.0,,NORMAL
1790699150.7544742,esp32-1,-58.0,52.7725,88.46533,20.0,31.0,-1.0,,NORMAL
1790699156.694063,esp32-1,-59.0,264.0437,337.9967,20.0,3.0,-1.0,,NORMAL
1790699159.7874765,esp32-1,-61.0,45.3334,6.19625,0.0,53.0,-1.0,,NORMAL
1790699166.2132022,esp32-1,-60.0,153.157,366.8954,20.0,38.0,-1.0,,NORMAL
1790699170.002198,esp32-1,-58.0,81.6666,59.68675,0.0,42.0,-1.0,,NORMAL
1790699175.0357263,esp32-1,-61.0,86.2,106.0413,0.0,53.0,-1.0,,NORMAL
1790699180.7936063,esp32-1,-58.0,23.839,19.87767,20.0,159.0,-1.0,,NORMAL
1790699184.7512863,esp32-1,-61.0,38.3344,6.447001,0.0,54.0,-1.0,,NORMAL
1790699189.8702793,esp32-1,-63.0,45.0072,6.30575,0.0,54.0,-1.0,,NORMAL
1790699195.7108421,esp32-1,-60.0,23.9625,17.912,20.0,38.0,-1.0,,NORMAL
1790699200.7325943,esp32-1,-62.0,29.05975,23.929,20.0,53.0,-1.0,,NORMAL
1790699204.828043,esp32-1,-62.0,44.9778,6.102749,0.0,54.0,-1.0,,NORMAL
1790699210.7388887,esp32-1,-63.0,40.36025,40.514,20.0,76.0,-1.0,,NORMAL
1790699211.2569878,esp32-1,-62.0,44.9778,6.102749,0.0,54.0,-1.0,,NORMAL
1790699214.747425,esp32-1,-59.0,38.102,6.00925,0.0,53.0,-1.0,,NORMAL
1790699220.8025916,esp32-1,-61.0,75.6994,43.16975,0.0,857.0,-1.0,,NORMAL
1790699226.1516275,esp32-1,-62.0,153.2045,367.999,20.0,33.0,-1.0,,NORMAL
1790699229.7485888,esp32-1,-62.0,37.8592,7.04125,0.0,53.0,-1.0,,NORMAL
1790699235.2384508,esp32-1,-61.0,85.8652,108.2885,0.0,259.0,-1.0,,NORMAL
1790699240.7635777,esp32-1,-59.0,22.42375,15.753,20.0,44.0,-1.0,,NORMAL
1790699245.8899865,esp32-1,-59.0,28.82075,25.411,20.0,119.0,-1.0,,NORMAL
1790699250.8026652,esp32-1,-62.0,76.31419,46.129,0.0,854.0,-1.0,,NORMAL
1790699255.6357944,esp32-1,-61.0,23.09875,19.85633,20.0,41.0,-1.0,,NORMAL
1790699260.8338919,esp32-1,-59.0,28.214,25.38,20.0,120.0,-1.0,,NORMAL
1790699264.8010328,esp32-1,-59.0,44.4094,6.186751,0.0,54.0,-1.0,,NORMAL
1790699270.6755986,esp32-1,-58.0,22.5485,18.30833,20.0,40.0,-1.0,,NORMAL
1790699275.8876777,esp32-1,-57.0,28.08225,25.329,20.0,120.0,-1.0,,NORMAL
1790699279.8840413,esp32-1,-58.0,44.1378,6.081999,0.0,54.0,-1.0,,NORMAL
1790699286.2299247,esp32-1,-58.0,152.8272,366.798,20.0,31.0,-1.0,,NORMAL
1790699290.8385499,esp32-1,-57.0,27.4815,24.813,20.0,156.0,-1.0,,NORMAL
1790699294.77295,esp32-1,-53.0,43.9836,6.2015,0.0,53.0,-1.0,,NORMAL
1790699300.6772673,esp32-1,-56.0,21.89775,17.08133,20.0,40.0,-1.0,,NORMAL
1790699304.8673856,esp32-1,-56.0,37.2298,7.824,0.0,54.0,-1.0,,NORMAL
1790699309.8887165,esp32-1,-53.0,43.6086,6.175751,0.0,55.0,-1.0,,NORMAL
1790699315.7298284,esp32-1,-58.0,22.05475,18.34667,20.0,40.0,-1.0,,NORMAL
1790699320.7416978,esp32-1,-56.0,27.25425,24.79233,20.0,53.0,-1.0,,NORMAL
1790699324.775088,esp32-1,-56.0,43.5672,6.240749,0.0,54.0,-1.0,,NORMAL
1790699330.6771693,esp32-1,-53.0,21.6025,17.00333,20.0,41.0,-1.0,,NORMAL
1790699335.8959286,esp32-1,-58.0,26.98275,23.91267,20.0,126.0,-1.0,,NORMAL
1790699339.8914154,esp32-1,-57.0,43.2476,6.215751,0.0,53.0,-1.0,,NORMAL
1790699346.4433708,esp32-1,-56.0,172.0437,343.6123,20.0,5.0,-1.0,,NORMAL
1790699350.437378,esp32-1,-59.0,138.9636,264.2453,0.0,194.0,-1.0,,NORMAL
1790699355.045251,esp32-1,-59.0,63.7194,73.99025,0.0,178.0,-1.0,,NORMAL
1790699360.01905,esp32-1,-58.0,50.132,19.21575,0.0,263.0,-1.0,,NORMAL
1790699366.5730734,esp32-1,-61.0,26.6415,23.61867,20.0,53.0,-1.0,,NORMAL
1790699369.8950822,esp32-1,-58.0,43.0622,7.67275,0.0,53.0,-1.0,,NORMAL
1790699375.6280425,esp32-1,-59.0,22.7465,16.165,20.0,35.0,-1.0,,NORMAL
1790699380.7565975,esp32-1,-61.0,26.08275,23.36167,20.0,129.0,-1.0,,NORMAL
1790699385.9809866,esp32-1,-60.0,63.2048,82.80774,0.0,53.0,-1.0,,NORMAL
1790699390.6820295,esp32-1,-60.0,23.70775,18.871,20.0,28.0,-1.0,,NORMAL
1790699394.74149,esp32-1,-60.0,35.9454,6.5175,0.0,53.0,-1.0,,NORMAL
1790699399.9057412,esp32-1,-61.0,42.6196,6.062,0.0,53.0,-1.0,,NORMAL
1790699405.2556906,esp32-1,-57.0,111.0188,115.9312,0.0,18.0,-1.0,,NORMAL
1790699411.1656036,esp32-1,-60.0,25.77675,22.31633,20.0,134.0,-1.0,,NORMAL
1790699414.8540225,esp32-1,-60.0,42.4394,7.244999,0.0,54.0,-1.0,,NORMAL
1790699420.6877723,esp32-1,-56.0,22.6605,18.81933,20.0,30.0,-1.0,,NORMAL
1790699426.0118048,esp32-1,-56.0,25.829,22.52067,20.0,132.0,-1.0,,NORMAL
1790699429.7723367,esp32-1,-58.0,42.3084,6.58475,0.0,53.0,-1.0,,NORMAL
1790699434.8815546,esp32-1,-59.0,49.3666,7.319499,0.0,54.0,-1.0,,NORMAL
1790699441.2770624,esp32-1,-62.0,91.02275,81.613,20.0,3.0,-1.0,,NORMAL
1790699444.8555908,esp32-1,-55.0,42.309,21.89375,0.0,62.0,-1.0,,NORMAL
1790699450.801454,esp32-1,-53.0,42.48375,58.46033,20.0,52.0,-1.0,,NORMAL
1790699454.9069161,esp32-1,-57.0,58.4812,14.883,0.0,47.0,-1.0,,NORMAL
1790699460.0241737,esp32-1,-54.0,42.4528,11.1515,0.0,52.0,-1.0,,NORMAL
1790699464.866095,esp32-1,-57.0,49.3692,20.2775,0.0,10.0,-1.0,,NORMAL
1790699469.8395169,esp32-1,-58.0,61.7728,35.52075,0.0,7.0,-1.0,,NORMAL
1790699474.9619937,esp32-1,-58.0,41.8306,11.35125,0.0,54.0,-1.0,,NORMAL
1790699479.9862952,esp32-1,-57.0,73.00361,79.778,0.0,34.0,-1.0,,NORMAL
1790699486.0546126,esp32-1,-61.0,76.19025,93.89767,20.0,189.0,-1.0,,NORMAL
1790699489.9282954,esp32-1,-59.0,68.3022,28.98975,0.0,25.0,-1.0,,NORMAL
1790699496.821614,esp32-1,-60.0,264.1443,619.5634,20.0,12.0,-1.0,,NORMAL
1790699501.866583,esp32-1,-59.0,30.35675,14.25066,20.0,235.0,-1.0,,NORMAL
1790699505.7962909,esp32-1,-59.0,43.77825,62.91766,20.0,3.0,-1.0,,NORMAL
1790699509.9389887,esp32-1,-61.0,51.428,19.23925,0.0,38.0,-1.0,,NORMAL
1790699516.0496612,esp32-1,-56.0,55.2134,18.70925,0.0,56.0,-1.0,,NORMAL
1790699520.9458003,esp32-1,-56.0,72.20725,76.413,20.0,4.0,-1.0,,NORMAL
1790699524.8911002,esp32-1,-59.0,48.0062,5.964999,0.0,54.0,-1.0,,NORMAL
1790699531.7767181,esp32-1,-57.0,92.86075,66.78533,20.0,812.0,-1.0,,NORMAL
1790699534.9167893,esp32-1,-57.0,45.5606,17.40325,0.0,38.0,-1.0,,NORMAL
1790699539.964901,esp32-1,-56.0,72.3522,85.35525,0.0,42.0,-1.0,,NORMAL
1790699544.9111423,esp32-1,-61.0,54.6566,22.43625,0.0,53.0,-1.0,,NORMAL
1790699549.818756,esp32-1,-57.0,40.992,8.62425,0.0,59.0,-1.0,,NORMAL
1790699555.3091202,esp32-1,-56.0,47.381,4.304749,0.0,158.0,-1.0,,NORMAL
1790699562.1402957,esp32-1,-56.0,33.196,30.903,40.0,17.0,-1.0,,NORMAL
1790699565.7987866,esp32-1,-54.0,24.07325,9.859667,20.0,5.0,-1.0,,NORMAL
1790699569.961456,esp32-1,-59.0,47.6012,23.76525,0.0,56.0,-1.0,,NORMAL
1790699576.14565,esp32-1,-56.0,128.112,152.716,20.0,47.0,-1.0,,NORMAL
1790699580.9525259,esp32-1,-57.0,31.784,25.338,20.0,54.0,-1.0,,NORMAL
1790699584.8871949,esp32-1,-58.0,51.1642,21.49025,0.0,51.0,-1.0,,NORMAL
1790699590.9708896,esp32-1,-61.0,50.555,57.72833,20.0,51.0,-1.0,,NORMAL
1790699600.828064,esp32-1,-57.0,31.738,32.667,20.0,53.0,-1.0,,NORMAL
1790699602.2487204,esp32-1,-57.0,52.3174,29.448,0.0,58.0,-1.0,,NORMAL
1790699607.468864,esp32-1,-57.0,120.203,217.1973,0.0,60.0,-1.0,,NORMAL
1790699612.3386283,esp32-1,-58.0,87.66859,58.5175,0.0,45.0,-1.0,,NORMAL
1790699618.8961768,esp32-1,-59.0,31.775,12.048,40.0,5.0,-1.0,,NORMAL
1790699623.193975,esp32-1,-58.0,142.8127,318.2216,20.0,13.0,-1.0,,NORMAL
1790699628.162672,esp32-1,-58.0,85.7585,64.679,20.0,11.0,-1.0,,NORMAL
1790699632.3602233,esp32-1,-60.0,51.6858,3.322249,0.0,207.0,-1.0,,NORMAL
1790699638.1344633,esp32-1,-58.0,134.6003,228.0936,20.0,14.0,-1.0,,NORMAL
1790699642.8253937,esp32-1,-55.0,97.55699,44.2355,0.0,735.0,-1.0,,NORMAL
1790699648.655493,esp32-1,-57.0,28.58567,29.3215,40.0,8.0,-1.0,,NORMAL
1790699652.571242,esp32-1,-56.0,122.1028,120.059,0.0,42.0,-1.0,,NORMAL
1790699658.2760003,esp32-1,-58.0,40.956,38.27633,20.0,38.0,-1.0,,NORMAL
1790699662.2145922,esp32-1,-56.0,50.8972,18.134,0.0,220.0,-1.0,,NORMAL
1790699667.8017938,esp32-1,-57.0,136.4688,257.6415,0.0,530.0,-1.0,,NORMAL
1790699671.938053,esp32-1,-57.0,68.7188,34.00375,0.0,34.0,-1.0,,NORMAL
1790699678.9094267,esp32-1,-55.0,25.026,33.546,40.0,11.0,-1.0,,NORMAL
1790699682.4417467,esp32-1,-57.0,139.9532,234.9685,0.0,54.0,-1.0,,NORMAL
1790699687.1739628,esp32-1,-57.0,41.979,23.399,0.0,241.0,-1.0,,NORMAL
1790699692.779631,esp32-1,-60.0,26.81625,22.88833,20.0,26.0,-1.0,,NORMAL
1790699697.5881305,esp32-1,-60.0,168.6444,284.3563,0.0,11.0,-1.0,,NORMAL
1790699701.9951017,esp32-1,-58.0,64.7604,78.24001,0.0,52.0,-1.0,,NORMAL
1790699707.831111,esp32-1,-60.0,24.845,20.65034,20.0,31.0,-1.0,,NORMAL
1790699712.9055884,esp32-1,-58.0,95.0554,133.2647,0.0,738.0,-1.0,,NORMAL
1790699716.941053,esp32-1,-58.0,44.6592,6.92375,0.0,49.0,-1.0,,NORMAL
1790699722.7833905,esp32-1,-57.0,22.576,17.24733,20.0,38.0,-1.0,,NORMAL
1790699727.5958538,esp32-1,-60.0,139.2928,269.34,0.0,198.0,-1.0,,NORMAL
1790699732.00065,esp32-1,-59.0,43.4924,8.123251,0.0,53.0,-1.0,,NORMAL
1790699737.1514485,esp32-1,-57.0,50.3848,7.181749,0.0,279.0,-1.0,,NORMAL
1790699743.2605948,esp32-1,-57.0,174.0582,356.9297,20.0,13.0,-1.0,,NORMAL
1790699746.868129,esp32-1,-58.0,45.729,11.25175,0.0,44.0,-1.0,,NORMAL
1790699751.908438,esp32-1,-56.0,49.9864,11.7305,0.0,55.0,-1.0,,NORMAL
1790699758.2492387,esp32-1,-57.0,168.4727,380.4,20.0,6.0,-1.0,,NORMAL
1790699762.0140002,esp32-1,-58.0,43.0184,8.7865,0.0,53.0,-1.0,,NORMAL
1790699767.9941957,esp32-1,-55.0,49.8824,5.38,0.0,53.0,-1.0,,NORMAL
1790699772.1804392,esp32-1,-58.0,81.7106,64.295,0.0,42.0,-1.0,,NORMAL
1790699777.0719752,esp32-1,-55.0,43.2078,6.87625,0.0,242.0,-1.0,,NORMAL
1790699784.1870275,esp32-1,-59.0,54.725,85.35134,20.0,1005.0,-1.0,,NORMAL
1790699788.1938014,esp32-1,-57.0,159.6738,153.872,20.0,5.0,-1.0,,NORMAL
1790699791.7844353,esp32-1,-61.0,45.7996,6.203749,0.0,5.0,-1.0,,NORMAL
1790699796.9206157,esp32-1,-58.0,52.6994,11.8225,0.0,52.0,-1.0,,NORMAL
1790699802.14219,esp32-1,-58.0,77.95,61.43775,0.0,72.0,-1.0,,NORMAL
1790699806.957835,esp32-1,-57.0,45.7882,8.8845,0.0,54.0,-1.0,,NORMAL
1790699813.4107397,esp32-1,-59.0,91.87825,24.17,20.0,10.0,-1.0,,NORMAL
1790699817.812494,esp32-1,-58.0,144.0442,251.9525,0.0,40.0,-1.0,,NORMAL
1790699822.2146206,esp32-1,-59.0,45.9446,6.272751,0.0,286.0,-1.0,,NORMAL
1790699826.9588778,esp32-1,-57.0,52.7916,11.47075,0.0,54.0,-1.0,,NORMAL
1790699832.6328802,esp32-1,-55.0,162.0302,311.83,0.0,53.0,-1.0,,NORMAL
1790699836.7951868,esp32-1,-60.0,45.244,5.8325,0.0,3.0,-1.0,,NORMAL
1790699842.8979907,esp32-1,-64.0,77.122,123.8207,20.0,34.0,-1.0,,NORMAL
1790699847.1989615,esp32-1,-61.0,106.8964,99.028,0.0,4.0,-1.0,,NORMAL
1790699851.909091,esp32-1,-61.0,47.0754,33.652,0.0,54.0,-1.0,,NORMAL
1790699857.7475948,esp32-1,-57.0,22.3655,17.166,20.0,46.0,-1.0,,NORMAL
1790699862.0541053,esp32-1,-63.0,58.7492,32.40751,0.0,201.0,-1.0,,NORMAL
1790699867.087573,esp32-1,-57.0,45.2654,6.676,0.0,54.0,-1.0,,NORMAL
1790699872.8054318,esp32-1,-59.0,23.19575,19.074,20.0,43.0,-1.0,,NORMAL
1790699877.1039016,esp32-1,-58.0,109.447,81.6985,0.0,3.0,-1.0,,NORMAL
1790699882.021225,esp32-1,-59.0,44.9804,6.325249,0.0,51.0,-1.0,,NORMAL
1790699887.874197,esp32-1,-66.0,22.11775,15.79333,20.0,48.0,-1.0,,NORMAL
1790699898.9142134,esp32-1,-59.0,38.0368,5.942,0.0,56.0,-1.0,,NORMAL
1790699900.063279,esp32-1,-61.0,46.1,19.11625,0.0,47.0,-1.0,,NORMAL
1790699906.0036328,esp32-1,-59.0,45.53875,11.05467,20.0,54.0,-1.0,,NORMAL
1790699911.119938,esp32-1,-64.0,36.09725,8.831667,20.0,27.0,-1.0,,NORMAL
1790699915.0420306,esp32-1,-61.0,67.9956,25.1115,0.0,43.0,-1.0,,NORMAL
1790699921.0841658,esp32-1,-60.0,63.4635,27.38033,20.0,4.0,-1.0,,NORMAL
1790699925.9068391,esp32-1,-63.0,36.038,30.179,20.0,23.0,-1.0,,NORMAL
1790699930.1656635,esp32-1,-59.0,46.0504,6.976501,0.0,48.0,-1.0,,NORMAL
1790699936.0825691,esp32-1,-61.0,44.45425,36.456,20.0,57.0,-1.0,,NORMAL
1790699940.985462,esp32-1,-57.0,29.86075,13.94,20.0,45.0,-1.0,,NORMAL
1790699944.94767,esp32-1,-59.0,44.2742,7.60075,0.0,53.0,-1.0,,NORMAL
1790699951.862126,esp32-1,-58.0,21.14933,24.9395,40.0,7.0,-1.0,,NORMAL
1790699955.3561208,esp32-1,-61.0,80.1754,102.1467,0.0,49.0,-1.0,,NORMAL
1790699961.1794136,esp32-1,-59.0,43.78425,43.01233,20.0,41.0,-1.0,,NORMAL
1790699965.1685624,esp32-1,-59.0,52.0606,19.823,0.0,47.0,-1.0,,NORMAL
1790699971.9314375,esp32-1,-59.0,39.34066,49.3735,40.0,6.0,-1.0,,NORMAL
1790699976.0302143,esp32-1,-58.0,44.1424,6.1965,0.0,53.0,-1.0,,NORMAL
1790699981.7746954,esp32-1,-59.0,34.225,26.051,20.0,998.0,-1.0,,NORMAL
1790699985.8050478,esp32-1,-55.0,34.4485,9.287333,20.0,8.0,-1.0,,NORMAL
1790699990.05813,esp32-1,-56.0,45.0132,8.04775,0.0,47.0,-1.0,,NORMAL
1790699996.726534,esp32-1,-61.0,28.23833,9.602,40.0,6.0,-1.0,,NORMAL
1790700001.251677,esp32-1,-57.0,35.87375,26.78533,20.0,26.0,-1.0,,NORMAL
1790700004.9337518,esp32-1,-56.0,49.1674,15.58575,0.0,23.0,-1.0,,NORMAL
1790700011.8688757,esp32-1,-54.0,27.81767,35.5045,40.0,18.0,-1.0,,NORMAL
1790700015.8133564,esp32-1,-58.0,31.4385,19.22233,20.0,40.0,-1.0,,NORMAL
1790700020.1656363,esp32-1,-60.0,43.2754,7.49575,0.0,257.0,-1.0,,NORMAL
1790700025.909866,esp32-1,-56.0,22.732,16.768,20.0,34.0,-1.0,,NORMAL
1790700030.8239014,esp32-1,-58.0,26.78,20.96733,20.0,65.0,-1.0,,NORMAL
1790700035.7952478,esp32-1,-58.0,53.801,21.046,0.0,870.0,-1.0,,NORMAL
1790700040.8469808,esp32-1,-56.0,23.9095,20.19867,20.0,28.0,-1.0,,NORMAL
1790700045.8152883,esp32-1,-59.0,26.5975,14.79167,20.0,52.0,-1.0,,NORMAL
1790700050.26959,esp32-1,-57.0,42.6746,5.97875,0.0,264.0,-1.0,,NORMAL
1790700055.7624514,esp32-1,-56.0,22.3225,16.63,20.0,35.0,-1.0,,NORMAL
1790700060.9226003,esp32-1,-56.0,25.86175,17.89667,20.0,55.0,-1.0,,NORMAL
1790700065.1605337,esp32-1,-61.0,42.6688,6.541251,0.0,56.0,-1.0,,NORMAL
1790700070.4401338,esp32-1,-59.0,90.427,147.9053,0.0,198.0,-1.0,,NORMAL
1790700076.7443862,esp32-1,-56.0,224.6055,548.3539,20.0,13.0,-1.0,,NORMAL
1790700080.1676483,esp32-1,-58.0,44.1436,5.979501,0.0,259.0,-1.0,,NORMAL
1790700085.7841935,esp32-1,-59.0,25.00075,18.78934,20.0,30.0,-1.0,,NORMAL
1790700090.819901,esp32-1,-57.0,28.156,24.83134,20.0,54.0,-1.0,,NORMAL
1790700095.989791,esp32-1,-58.0,81.44925,62.618,20.0,5.0,-1.0,,NORMAL
1790700100.7696524,esp32-1,-58.0,22.02675,15.764,20.0,38.0,-1.0,,NORMAL
1790700105.8750756,esp32-1,-59.0,26.8565,23.375,20.0,53.0,-1.0,,NORMAL
1790700110.1905189,esp32-1,-60.0,86.1766,59.43975,0.0,45.0,-1.0,,NORMAL
1790700115.1241837,esp32-1,-58.0,68.9588,28.501,0.0,66.0,-1.0,,NORMAL
1790700120.86632,esp32-1,-63.0,47.505,49.571,20.0,5.0,-1.0,,NORMAL
1790700125.3301878,esp32-1,-64.0,84.2608,71.04775,0.0,4.0,-1.0,,NORMAL
1790700131.0626276,esp32-1,-59.0,72.0435,50.73267,20.0,4.0,-1.0,,NORMAL
1790700136.1232436,esp32-1,-64.0,33.30575,32.66933,20.0,27.0,-1.0,,NORMAL
1790700140.0794122,esp32-1,-61.0,43.246,9.265499,0.0,60.0,-1.0,,NORMAL
1790700145.3484268,esp32-1,-60.0,49.8876,12.193,0.0,261.0,-1.0,,NORMAL
1790700151.9848886,esp32-1,-59.0,45.281,61.176,40.0,9.0,-1.0,,NORMAL
1790700155.9573271,esp32-1,-57.0,38.8134,15.80975,0.0,951.0,-1.0,,NORMAL
1790700161.8939025,esp32-1,-57.0,31.06867,9.109999,40.0,4.0,-1.0,,NORMAL
1790700165.2287226,esp32-1,-58.0,77.2318,36.2275,0.0,192.0,-1.0,,NORMAL
1790700170.2925403,esp32-1,-63.0,90.43581,69.83925,0.0,24.0,-1.0,,NORMAL
1790700175.316754,esp32-1,-58.0,96.131,121.639,0.0,27.0,-1.0,,NORMAL
1790700181.9672992,esp32-1,-57.0,72.875,50.1885,40.0,11.0,-1.0,,NORMAL
1790700185.1429496,esp32-1,-60.0,47.0962,15.06725,0.0,29.0,-1.0,,NORMAL
1790700190.8340588,esp32-1,-61.0,122.3712,228.419,0.0,256.0,-1.0,,NORMAL
1790700196.0532506,esp32-1,-60.0,31.95575,29.62133,20.0,35.0,-1.0,,NORMAL
1790700201.8249147,esp32-1,-59.0,22.586,29.6625,40.0,6.0,-1.0,,NORMAL
1790700205.3316007,esp32-1,-59.0,91.6284,82.09399,0.0,44.0,-1.0,,NORMAL
1790700210.9405885,esp32-1,-60.0,25.35225,20.733,20.0,53.0,-1.0,,NORMAL
1790700215.1642892,esp32-1,-61.0,41.9056,6.175,0.0,232.0,-1.0,,NORMAL
1790700222.2436502,esp32-1,-62.0,23.18033,23.966,40.0,6.0,-1.0,,NORMAL
1790700225.9907248,esp32-1,-61.0,50.4835,24.62034,20.0,4.0,-1.0,,NORMAL
1790700230.1914008,esp32-1,-61.0,41.8546,5.5075,0.0,183.0,-1.0,,NORMAL
1790700235.9240263,esp32-1,-60.0,21.83725,17.76567,20.0,32.0,-1.0,,NORMAL
1790700240.950128,esp32-1,-62.0,24.84175,20.64133,20.0,53.0,-1.0,,NORMAL
1790700245.0415797,esp32-1,-63.0,42.8678,7.417,0.0,56.0,-1.0,,NORMAL
1790700250.8773434,esp32-1,-59.0,21.57,17.14267,20.0,40.0,-1.0,,NORMAL
1790700256.6631591,esp32-1,-59.0,55.681,97.05801,20.0,63.0,-1.0,,NORMAL
1790700261.021851,esp32-1,-56.0,55.3715,43.22066,20.0,6.0,-1.0,,NORMAL
1790700266.160871,esp32-1,-58.0,30.636,23.861,20.0,317.0,-1.0,,NORMAL
1790700271.0803094,esp32-1,-57.0,40.0186,6.70275,0.0,55.0,-1.0,,NORMAL
1790700275.1906393,esp32-1,-60.0,46.6032,5.100499,0.0,215.0,-1.0,,NORMAL
1790700280.884093,esp32-1,-59.0,25.6025,20.17467,20.0,41.0,-1.0,,NORMAL
1790700284.9814286,esp32-1,-59.0,39.6666,14.3175,0.0,53.0,-1.0,,NORMAL
1790700290.3707163,esp32-1,-59.0,87.7714,119.4813,0.0,269.0,-1.0,,NORMAL
1790700295.9371412,esp32-1,-58.0,24.06725,18.42533,20.0,46.0,-1.0,,NORMAL
1790700301.0813413,esp32-1,-56.0,39.4674,5.844499,0.0,53.0,-1.0,,NORMAL
1790700304.9428194,esp32-1,-59.0,46.3564,5.278999,0.0,53.0,-1.0,,NORMAL
1790700310.8960679,esp32-1,-57.0,30.42075,23.92433,20.0,20.0,-1.0,,NORMAL
1790700315.9183652,esp32-1,-60.0,34.6374,9.99675,0.0,970.0,-1.0,,NORMAL
1790700320.2051992,esp32-1,-60.0,87.2016,120.7352,0.0,56.0,-1.0,,NORMAL
1790700325.806074,esp32-1,-58.0,22.7945,18.94733,20.0,53.0,-1.0,,NORMAL
1790700330.0946043,esp32-1,-57.0,39.908,6.338,0.0,239.0,-1.0,,NORMAL
1790700335.25607,esp32-1,-56.0,45.9638,5.408999,0.0,236.0,-1.0,,NORMAL
1790700340.9013534,esp32-1,-59.0,24.64075,16.06667,20.0,44.0,-1.0,,NORMAL
1790700345.1087143,esp32-1,-57.0,38.9248,6.61675,0.0,193.0,-1.0,,NORMAL
1790700350.1109157,esp32-1,-58.0,70.6116,37.08525,0.0,31.0,-1.0,,NORMAL
1790700355.8416119,esp32-1,-60.0,24.9705,20.92867,20.0,42.0,-1.0,,NORMAL
1790700360.0942435,esp32-1,-61.0,38.9076,7.2395,0.0,246.0,-1.0,,NORMAL
1790700365.0580027,esp32-1,-65.0,45.4724,7.42075,0.0,55.0,-1.0,,NORMAL
1790700371.765367,esp32-1,-64.0,30.22967,39.811,40.0,12.0,-1.0,,NORMAL
1790700375.40591,esp32-1,-62.0,60.152,22.3485,0.0,194.0,-1.0,,NORMAL
1790700380.1852539,esp32-1,-61.0,46.3982,26.387,0.0,52.0,-1.0,,NORMAL
1790700385.903046,esp32-1,-74.0,26.315,16.977,20.0,39.0,-1.0,,NORMAL
1790700390.968213,esp32-1,-60.0,33.23875,13.179,20.0,41.0,-1.0,,NORMAL
1790700395.828021,esp32-1,-56.0,40.9068,11.561,0.0,952.0,-1.0,,NORMAL
1790700401.3654835,esp32-1,-60.0,63.6412,23.85525,0.0,862.0,-1.0,,NORMAL
1790700406.1714826,esp32-1,-62.0,82.1635,119.972,20.0,47.0,-1.0,,NORMAL
1790700410.3222096,esp32-1,-57.0,47.0594,26.75625,0.0,49.0,-1.0,,NORMAL
1790700415.7980247,esp32-1,-62.0,24.43875,19.42267,20.0,38.0,-1.0,,NORMAL
1790700420.9696543,esp32-1,-58.0,29.9335,24.22833,20.0,52.0,-1.0,,NORMAL
1790700425.0789063,esp32-1,-60.0,45.5914,4.081,0.0,52.0,-1.0,,NORMAL
1790700430.8101084,esp32-1,-60.0,31.21575,26.73,20.0,11.0,-1.0,,NORMAL
1790700436.0435512,esp32-1,-60.0,61.5725,76.36233,20.0,31.0,-1.0,,NORMAL
1790700440.9384124,esp32-1,-56.0,45.581,56.683,20.0,5.0,-1.0,,NORMAL
1790700445.8594875,esp32-1,-59.0,25.0075,13.173,20.0,4.0,-1.0,,NORMAL
1790700451.0785146,esp32-1,-59.0,32.16825,8.636333,20.0,39.0,-1.0,,NORMAL
1790700455.1362805,esp32-1,-58.0,44.7894,11.987,0.0,55.0,-1.0,,NORMAL
1790700460.9172683,esp32-1,-59.0,67.2218,29.18925,0.0,809.0,-1.0,,NORMAL
1790700465.6200082,esp32-1,-59.0,37.6636,5.89575,0.0,215.0,-1.0,,NORMAL
1790700470.123119,esp32-1,-57.0,73.52161,42.06825,0.0,12.0,-1.0,,NORMAL
1790700475.1114419,esp32-1,-60.0,76.9434,38.8745,0.0,29.0,-1.0,,NORMAL
1790700481.982857,esp32-1,-59.0,34.63367,47.953,40.0,10.0,-1.0,,NORMAL
1790700484.9585292,esp32-1,-59.0,45.3918,16.0855,0.0,51.0,-1.0,,NORMAL
1790700490.2200644,esp32-1,-59.0,51.1446,13.107,0.0,234.0,-1.0,,NORMAL
1790700495.8714805,esp32-1,-60.0,29.9735,37.40033,20.0,48.0,-1.0,,NORMAL
1790700500.275507,esp32-1,-61.0,44.3664,29.34325,0.0,202.0,-1.0,,NORMAL
1790700506.909537,esp32-1,-58.0,26.061,31.533,40.0,5.0,-1.0,,NORMAL
1790700510.3694718,esp32-1,-57.0,57.8896,47.4325,0.0,270.0,-1.0,,NORMAL
1790700515.9049704,esp32-1,-60.0,39.3634,11.8025,0.0,951.0,-1.0,,NORMAL
1790700520.970581,esp32-1,-59.0,27.87725,24.75333,20.0,26.0,-1.0,,NORMAL
1790700526.0782201,esp32-1,-59.0,27.95925,24.37867,20.0,54.0,-1.0,,NORMAL
1790700530.2351046,esp32-1,-62.0,44.1114,6.24925,0.0,206.0,-1.0,,NORMAL
1790700536.07037,esp32-1,-58.0,22.071,17.57767,20.0,46.0,-1.0,,NORMAL
1790700540.891546,esp32-1,-58.0,28.23225,25.334,20.0,52.0,-1.0,,NORMAL
1790700545.1862056,esp32-1,-57.0,81.82619,117.4532,0.0,5.0,-1.0,,NORMAL
1790700550.997486,esp32-1,-57.0,48.21325,50.97766,20.0,44.0,-1.0,,NORMAL
1790700555.9095926,esp32-1,-55.0,33.9195,15.43267,20.0,28.0,-1.0,,NORMAL
1790700560.133134,esp32-1,-59.0,44.958,7.7455,0.0,49.0,-1.0,,NORMAL
1790700565.057605,esp32-1,-61.0,54.5122,61.91075,0.0,33.0,-1.0,,NORMAL
1790700571.2058275,esp32-1,-57.0,83.79825,65.66633,20.0,31.0,-1.0,,NORMAL
1790700575.366286,esp32-1,-57.0,85.7572,61.609,0.0,263.0,-1.0,,NORMAL
1790700580.9282556,esp32-1,-56.0,23.34025,17.563,20.0,33.0,-1.0,,NORMAL
1790700585.9431527,esp32-1,-57.0,27.08375,20.87533,20.0,54.0,-1.0,,NORMAL
1790700590.1895232,esp32-1,-56.0,43.5274,6.935749,0.0,217.0,-1.0,,NORMAL
1790700595.793152,esp32-1,-56.0,22.87775,18.88133,20.0,34.0,-1.0,,NORMAL
1790700600.895324,esp32-1,-60.0,26.81675,23.437,20.0,53.0,-1.0,,NORMAL
1790700604.9957428,esp32-1,-58.0,63.9366,33.53675,0.0,6.0,-1.0,,NORMAL
1790700610.934033,esp32-1,-56.0,24.82675,20.138,20.0,26.0,-1.0,,NORMAL
1790700617.125429,esp32-1,-58.0,45.5815,48.781,20.0,968.0,-1.0,,NORMAL
1790700620.1078432,esp32-1,-59.0,43.0268,6.184751,0.0,221.0,-1.0,,NORMAL
1790700625.79793,esp32-1,-56.0,22.868,18.43767,20.0,33.0,-1.0,,NORMAL
1790700630.8203726,esp32-1,-58.0,26.461,14.93467,20.0,54.0,-1.0,,NORMAL
1790700635.136866,esp32-1,-56.0,87.0394,61.9935,0.0,38.0,-1.0,,NORMAL
1790700640.5788696,esp32-1,-57.0,131.3492,160.085,0.0,258.0,-1.0,,NORMAL
1790700645.9527743,esp32-1,-56.0,25.88925,20.44267,20.0,54.0,-1.0,,NORMAL
1790700651.107152,esp32-1,-58.0,85.4755,69.184,20.0,5.0,-1.0,,NORMAL
1790700656.743022,esp32-1,-55.0,22.69333,26.261,40.0,4.0,-1.0,,NORMAL
1790700660.9018478,esp32-1,-57.0,25.8115,16.71933,20.0,53.0,-1.0,,NORMAL
1790700664.939237,esp32-1,-58.0,42.3154,6.474,0.0,53.0,-1.0,,NORMAL
1790700671.861437,esp32-1,-59.0,22.723,23.2425,40.0,5.0,-1.0,,NORMAL
1790700678.011552,esp32-1,-61.0,69.8505,134.389,60.0,6.0,-1.0,,NORMAL
1790700680.2101765,esp32-1,-60.0,78.42979,51.4545,0.0,91.0,-1.0,,NORMAL
1790700686.760216,esp32-1,-60.0,22.96433,18.977,40.0,5.0,-1.0,,NORMAL
1790700690.9064803,esp32-1,-60.0,28.61425,12.199,20.0,41.0,-1.0,,NORMAL
1790700695.9257095,esp32-1,-62.0,34.163,37.37233,20.0,3.0,-1.0,,NORMAL
1790700700.898563,esp32-1,-57.0,44.3522,15.17825,0.0,928.0,-1.0,,NORMAL
1790700705.2181349,esp32-1,-59.0,80.45399,83.23401,0.0,6.0,-1.0,,NORMAL
1790700711.1947021,esp32-1,-61.0,42.4008,9.67575,0.0,53.0,-1.0,,NORMAL
1790700716.8655748,esp32-1,-60.0,26.844,8.419498,40.0,8.0,-1.0,,NORMAL
1790700720.8417978,esp32-1,-62.0,25.2875,20.43433,20.0,54.0,-1.0,,NORMAL
1790700725.9864,esp32-1,-58.0,41.9324,8.335001,0.0,54.0,-1.0,,NORMAL
1790700730.9507265,esp32-1,-62.0,22.45575,17.61867,20.0,31.0,-1.0,,NORMAL
1790700737.0080822,esp32-1,-59.0,71.57267,102.9775,40.0,25.0,-1.0,,NORMAL
1790700741.0166767,esp32-1,-61.0,54.19125,42.829,20.0,4.0,-1.0,,NORMAL
1790700746.021834,esp32-1,-60.0,61.90501,28.5385,0.0,856.0,-1.0,,NORMAL
1790700752.0399406,esp32-1,-62.0,63.1185,63.81467,20.0,917.0,-1.0,,NORMAL
1790700755.9281778,esp32-1,-58.0,34.42625,23.61867,20.0,55.0,-1.0,,NORMAL
1790700760.304461,esp32-1,-59.0,72.9188,86.44625,0.0,34.0,-1.0,,NORMAL
1790700765.868552,esp32-1,-61.0,28.01375,23.90867,20.0,40.0,-1.0,,NORMAL
1790700770.2025356,esp32-1,-64.0,41.4656,7.9355,0.0,244.0,-1.0,,NORMAL
1790700776.0107715,esp32-1,-60.0,51.2335,51.44133,20.0,11.0,-1.0,,NORMAL
1790700782.0587778,esp32-1,-57.0,41.277,12.7345,40.0,4.0,-1.0,,NORMAL
1790700786.516187,esp32-1,-56.0,125.1058,239.919,20.0,129.0,-1.0,,NORMAL
1790700791.1652784,esp32-1,-62.0,47.5484,27.08575,0.0,55.0,-1.0,,NORMAL
1790700796.2947726,esp32-1,-59.0,45.27375,45.71,20.0,280.0,-1.0,,NORMAL
1790700801.005375,esp32-1,-60.0,40.6836,5.097999,0.0,952.0,-1.0,,NORMAL
1790700805.2931778,esp32-1,-59.0,47.5664,5.281501,0.0,55.0,-1.0,,NORMAL
1790700810.9306304,esp32-1,-60.0,29.42425,26.143,20.0,32.0,-1.0,,NORMAL
1790700815.055527,esp32-1,-59.0,67.1252,87.68449,0.0,25.0,-1.0,,NORMAL
1790700820.040102,esp32-1,-58.0,53.32,14.8815,0.0,25.0,-1.0,,NORMAL
1790700825.8775551,esp32-1,-62.0,26.1535,16.99567,20.0,7.0,-1.0,,NORMAL
1790700830.131424,esp32-1,-59.0,40.5826,6.180749,0.0,254.0,-1.0,,NORMAL
1790700836.7330835,esp32-1,-60.0,92.50975,68.46633,20.0,5.0,-1.0,,NORMAL
1790700841.9040663,esp32-1,-62.0,24.114,14.344,20.0,59.0,-1.0,,NORMAL
1790700845.2309442,esp32-1,-59.0,40.579,6.148251,0.0,66.0,-1.0,,NORMAL
1790700850.2462082,esp32-1,-59.0,47.605,6.1195,0.0,188.0,-1.0,,NORMAL
1790700855.9202087,esp32-1,-63.0,24.8625,18.92033,20.0,69.0,-1.0,,NORMAL
1790700863.0689015,esp32-1,-62.0,33.988,11.578,60.0,5.0,-1.0,,NORMAL
1790700865.1615794,esp32-1,-61.0,47.4398,6.15525,0.0,241.0,-1.0,,NORMAL
1790700871.996133,esp32-1,-62.0,23.26025,18.30867,20.0,54.0,-1.0,,NORMAL
1790700875.0276456,esp32-1,-61.0,40.5542,6.356,0.0,51.0,-1.0,,NORMAL
1790700880.2494488,esp32-1,-62.0,47.108,6.133,0.0,193.0,-1.0,,NORMAL
1790700886.9109826,esp32-1,-61.0,22.8025,17.002,20.0,59.0,-1.0,,NORMAL
1790700890.286299,esp32-1,-60.0,82.2768,58.61825,0.0,50.0,-1.0,,NORMAL
1790700895.4204679,esp32-1,-58.0,85.6012,54.37275,0.0,257.0,-1.0,,NORMAL
1790700901.9416451,esp32-1,-59.0,22.67275,18.399,20.0,62.0,-1.0,,NORMAL
1790700904.9301138,esp32-1,-61.0,39.8518,7.01175,0.0,53.0,-1.0,,NORMAL
1790700911.074508,esp32-1,-61.0,46.9524,5.922001,0.0,54.0,-1.0,,NORMAL
1790700916.9114506,esp32-1,-60.0,22.54225,17.96367,20.0,63.0,-1.0,,NORMAL
1790700920.1476052,esp32-1,-58.0,39.8068,6.18275,0.0,267.0,-1.0,,NORMAL
1790700926.140796,esp32-1,-59.0,46.9188,5.7225,0.0,53.0,-1.0,,NORMAL
1790700930.7844176,esp32-1,-58.0,24.6535,18.73367,20.0,4.0,-1.0,,NORMAL
1790700936.0605938,esp32-1,-58.0,78.32425,63.70066,20.0,4.0,-1.0,,NORMAL
1790700940.1564865,esp32-1,-58.0,67.721,84.94825,0.0,51.0,-1.0,,NORMAL
1790700946.0152528,esp32-1,-59.0,54.53475,51.30367,20.0,27.0,-1.0,,NORMAL
1790700950.3099997,esp32-1,-60.0,39.4246,8.54475,0.0,272.0,-1.0,,NORMAL
1790700955.3525167,esp32-1,-61.0,67.50401,26.447,0.0,76.0,-1.0,,NORMAL
1790700961.8192065,esp32-1,-59.0,30.339,33.2715,40.0,4.0,-1.0,,NORMAL
1790700965.4539397,esp32-1,-58.0,121.524,196.3768,0.0,53.0,-1.0,,NORMAL
1790700971.0069644,esp32-1,-61.0,76.9025,126.0057,20.0,3.0,-1.0,,NORMAL
1790700975.1571014,esp32-1,-63.0,52.8162,26.789,0.0,191.0,-1.0,,NORMAL
1790700982.2591875,esp32-1,-59.0,56.09375,78.65701,20.0,56.0,-1.0,,NORMAL
1790700985.1704686,esp32-1,-60.0,46.3938,14.134,0.0,260.0,-1.0,,NORMAL
1790700991.974155,esp32-1,-63.0,37.3505,37.52533,20.0,1012.0,-1.0,,NORMAL
1790700995.9708006,esp32-1,-62.0,31.37325,28.53367,20.0,49.0,-1.0,,NORMAL
1790701000.075688,esp32-1,-61.0,45.8542,6.015501,0.0,52.0,-1.0,,NORMAL
1790701005.9237554,esp32-1,-58.0,25.2095,20.60267,20.0,37.0,-1.0,,NORMAL
1790701010.3195338,esp32-1,-59.0,59.235,53.4475,0.0,180.0,-1.0,,NORMAL
1790701015.334084,esp32-1,-62.0,45.79881,4.74475,0.0,266.0,-1.0,,NORMAL
1790701020.9118311,esp32-1,-61.0,23.38675,18.817,20.0,8.0,-1.0,,NORMAL
1790701025.1044974,esp32-1,-61.0,38.601,8.087,0.0,74.0,-1.0,,NORMAL
1790701030.2152653,esp32-1,-60.0,45.6982,6.134501,0.0,217.0,-1.0,,NORMAL
1790701035.9123573,esp32-1,-59.0,25.528,8.937333,20.0,4.0,-1.0,,NORMAL
1790701040.1016157,esp32-1,-60.0,38.6186,6.11375,0.0,185.0,-1.0,,NORMAL
1790701045.4327881,esp32-1,-58.0,86.271,118.6593,0.0,273.0,-1.0,,NORMAL
1790701051.7927787,esp32-1,-59.0,34.18233,5.2415,40.0,4.0,-1.0,,NORMAL
1790701056.1058137,esp32-1,-59.0,81.49125,72.32934,20.0,6.0,-1.0,,NORMAL
1790701061.408523,esp32-1,-59.0,45.3874,6.168001,0.0,53.0,-1.0,,NORMAL
1790701066.9334316,esp32-1,-58.0,39.4935,40.88834,20.0,999.0,-1.0,,NORMAL
1790701070.0609577,esp32-1,-58.0,38.0342,8.2495,0.0,190.0,-1.0,,NORMAL
1790701075.2507572,esp32-1,-59.0,90.1064,62.85475,0.0,32.0,-1.0,,NORMAL
1790701081.8949332,esp32-1,-58.0,26.76933,21.5225,40.0,4.0,-1.0,,NORMAL
1790701085.1756885,esp32-1,-60.0,37.897,6.15675,0.0,81.0,-1.0,,NORMAL
1790701090.1842268,esp32-1,-60.0,44.8666,19.5485,0.0,52.0,-1.0,,NORMAL
1790701096.2228136,esp32-1,-59.0,22.1495,18.08367,20.0,46.0,-1.0,,NORMAL
1790701100.072885,esp32-1,-59.0,37.8172,6.253251,0.0,195.0,-1.0,,NORMAL
1790701105.0895662,esp32-1,-61.0,44.855,5.7305,0.0,178.0,-1.0,,NORMAL
1790701110.8052692,esp32-1,-61.0,26.105,21.603,20.0,7.0,-1.0,,NORMAL
1790701116.1000094,esp32-1,-58.0,37.6174,6.20925,0.0,53.0,-1.0,,NORMAL
1790701120.2116876,esp32-1,-62.0,44.632,6.09075,0.0,232.0,-1.0,,NORMAL
1790701125.8268054,esp32-1,-61.0,24.632,20.687,20.0,34.0,-1.0,,NORMAL
1790701130.9475856,esp32-1,-62.0,28.7225,15.50067,20.0,53.0,-1.0,,NORMAL
1790701135.1524618,esp32-1,-61.0,46.6994,21.40575,0.0,58.0,-1.0,,NORMAL
1790701141.5903075,esp32-1,-63.0,45.16125,33.558,20.0,59.0,-1.0,,NORMAL
1790701146.4008157,esp32-1,-61.0,146.9945,291.2673,20.0,17.0,-1.0,,NORMAL
1790701150.3158088,esp32-1,-60.0,44.2158,6.962252,0.0,53.0,-1.0,,NORMAL
1790701155.8205662,esp32-1,-63.0,25.0645,20.10167,20.0,32.0,-1.0,,NORMAL
1790701160.9356725,esp32-1,-62.0,27.541,23.18067,20.0,53.0,-1.0,,NORMAL
1790701165.4494853,esp32-1,-63.0,71.4792,44.152,0.0,17.0,-1.0,,NORMAL
1790701171.9999504,esp32-1,-61.0,21.292,22.425,40.0,10.0,-1.0,,NORMAL
1790701175.990207,esp32-1,-62.0,53.069,43.05467,20.0,55.0,-1.0,,NORMAL
1790701181.215734,esp32-1,-62.0,43.7426,5.58525,0.0,53.0,-1.0,,NORMAL
1790701185.757495,esp32-1,-62.0,50.4754,15.372,0.0,228.0,-1.0,,NORMAL
1790701190.8583696,esp32-1,-60.0,30.47175,11.69933,20.0,41.0,-1.0,,NORMAL
1790701195.0430455,esp32-1,-58.0,44.6418,29.40625,0.0,48.0,-1.0,,NORMAL
1790701204.4714766,esp32-1,-57.0,26.97,25.551,40.0,13.0,-1.0,,NORMAL
1790701206.66655,esp32-1,-60.0,78.55,96.243,0.0,53.0,-1.0,,NORMAL
1790701207.196733,esp32-1,-57.0,26.97,25.551,40.0,13.0,-1.0,,NORMAL
1790701210.7139637,esp32-1,-58.0,43.9824,6.232,0.0,53.0,-1.0,,NORMAL
1790701216.3475883,esp32-1,-59.0,26.60175,14.97267,20.0,24.0,-1.0,,NORMAL
1790701221.4657507,esp32-1,-60.0,27.747,19.56533,20.0,52.0,-1.0,,NORMAL
1790701225.4610891,esp32-1,-59.0,43.7934,5.61325,0.0,53.0,-1.0,,NORMAL
1790701231.2954905,esp32-1,-59.0,24.3505,20.60533,20.0,31.0,-1.0,,NORMAL
1790701235.6190295,esp32-1,-60.0,57.266,25.589,0.0,52.0,-1.0,,NORMAL
1790701240.5741317,esp32-1,-59.0,43.9064,5.465749,0.0,250.0,-1.0,,NORMAL
1790701247.5890553,esp32-1,-60.0,25.73367,25.2025,40.0,4.0,-1.0,,NORMAL
1790701252.590744,esp32-1,-60.0,38.45733,10.6,40.0,4.0,-1.0,,NORMAL
1790701256.6873784,esp32-1,-58.0,43.379,6.185,0.0,53.0,-1.0,,NORMAL
1790701262.629092,esp32-1,-61.0,30.934,6.625502,40.0,5.0,-1.0,,NORMAL
1790701265.701638,esp32-1,-58.0,77.55,101.7773,0.0,53.0,-1.0,,NORMAL
1790701270.7239397,esp32-1,-59.0,43.4908,7.8785,0.0,256.0,-1.0,,NORMAL
1790701277.171723,esp32-1,-58.0,231.9197,568.463,20.0,4.0,-1.0,,NORMAL
1790701281.3672645,esp32-1,-60.0,26.47,19.844,20.0,54.0,-1.0,,NORMAL
1790701285.7346697,esp32-1,-60.0,43.2202,7.20225,0.0,207.0,-1.0,,NORMAL
1790701292.3314548,esp32-1,-60.0,26.63633,16.709,40.0,6.0,-1.0,,NORMAL
1790701296.318458,esp32-1,-59.0,26.4935,19.04033,20.0,52.0,-1.0,,NORMAL
1790701300.8381565,esp32-1,-61.0,43.077,6.01675,0.0,259.0,-1.0,,NORMAL
1790701307.30541,esp32-1,-62.0,27.98867,23.707,40.0,4.0,-1.0,,NORMAL
1790701312.3419402,esp32-1,-60.0,33.93433,12.664,40.0,15.0,-1.0,,NORMAL
1790701315.4721937,esp32-1,-59.0,42.6882,5.7775,0.0,53.0,-1.0,,NORMAL
1790701322.2439644,esp32-1,-59.0,23.58134,21.1295,40.0,4.0,-1.0,,NORMAL
1790701325.6071808,esp32-1,-61.0,76.7126,103.422,0.0,52.0,-1.0,,NORMAL
1790701330.731389,esp32-1,-59.0,42.356,6.21325,0.0,270.0,-1.0,,NORMAL
1790701336.3591843,esp32-1,-57.0,22.26875,15.098,20.0,36.0,-1.0,,NORMAL
1790701341.5915318,esp32-1,-59.0,26.74625,23.212,20.0,53.0,-1.0,,NORMAL
1790701345.4829223,esp32-1,-58.0,42.1884,6.089499,0.0,54.0,-1.0,,NORMAL
1790701354.1977403,esp32-1,-61.0,23.54,18.322,20.0,27.0,-1.0,,NORMAL
1790701356.389279,esp32-1,-61.0,25.43475,21.04767,20.0,187.0,-1.0,,NORMAL
1790701357.0437856,esp32-1,-61.0,23.54,18.322,20.0,27.0,-1.0,,NORMAL
1790701360.590741,esp32-1,-60.0,42.0058,6.942751,0.0,271.0,-1.0,,NORMAL
1790701366.3620374,esp32-1,-57.0,23.01225,18.617,20.0,28.0,-1.0,,NORMAL
1790701371.3798716,esp32-1,-60.0,26.01475,20.309,20.0,52.0,-1.0,,NORMAL
1790701376.5396614,esp32-1,-57.0,41.7726,6.747,0.0,53.0,-1.0,,NORMAL
1790701384.1945634,esp32-1,-60.0,22.78375,20.00867,20.0,30.0,-1.0,,NORMAL
1790701386.956224,esp32-1,-59.0,44.01575,44.46733,20.0,588.0,-1.0,,NORMAL
1790701387.561037,esp32-1,-60.0,22.78375,20.00867,20.0,30.0,-1.0,,NORMAL
1790701390.9402893,esp32-1,-61.0,42.2606,6.698501,0.0,55.0,-1.0,,NORMAL
1790701396.2659683,esp32-1,-57.0,21.95275,17.53933,20.0,31.0,-1.0,,NORMAL
1790701401.4241786,esp32-1,-57.0,26.8375,10.413,20.0,45.0,-1.0,,NORMAL
1790701406.925502,esp32-1,-58.0,97.71725,80.618,20.0,393.0,-1.0,,NORMAL
1790701410.703352,esp32-1,-60.0,48.372,10.50525,0.0,215.0,-1.0,,NORMAL
1790701416.348071,esp32-1,-62.0,24.738,20.821,20.0,53.0,-1.0,,NORMAL
1790701420.5344837,esp32-1,-58.0,69.3242,31.9765,0.0,21.0,-1.0,,NORMAL
1790701425.5600846,esp32-1,-60.0,48.188,5.601001,0.0,162.0,-1.0,,NORMAL
1790701431.450909,esp32-1,-60.0,24.291,19.64967,20.0,246.0,-1.0,,NORMAL
1790701436.4505713,esp32-1,-61.0,42.02,59.507,20.0,19.0,-1.0,,NORMAL
1790701440.4259167,esp32-1,-61.0,48.3166,19.00725,0.0,52.0,-1.0,,NORMAL
1790701446.4486778,esp32-1,-61.0,25.1155,19.01467,20.0,51.0,-1.0,,NORMAL
1790701452.385958,esp32-1,-59.0,32.149,30.42533,20.0,54.0,-1.0,,NORMAL
1790701455.6586404,esp32-1,-62.0,89.87141,122.158,0.0,48.0,-1.0,,NORMAL
1790701466.9244146,esp32-1,-58.0,52.6636,24.22775,0.0,28.0,-1.0,,NORMAL
1790701467.4292123,esp32-1,-63.0,25.08525,20.46867,20.0,49.0,-1.0,,NORMAL
1790701471.9425693,esp32-1,-60.0,54.3834,23.7145,0.0,54.0,-1.0,,NORMAL
1790701476.7842722,esp32-1,-64.0,40.6116,7.373251,0.0,52.0,-1.0,,NORMAL
1790701481.9209325,esp32-1,-65.0,69.0148,77.43825,0.0,48.0,-1.0,,NORMAL
1790701488.1182225,esp32-1,-61.0,25.866,24.174,20.0,55.0,-1.0,,NORMAL
1790701491.8751104,esp32-1,-64.0,40.2598,7.33775,0.0,153.0,-1.0,,NORMAL
1790701497.915661,esp32-1,-60.0,47.1278,16.70775,0.0,52.0,-1.0,,NORMAL
1790701502.9707909,esp32-1,-63.0,22.9665,16.894,20.0,218.0,-1.0,,NORMAL
1790701506.8796468,esp32-1,-62.0,40.46,6.59025,0.0,156.0,-1.0,,NORMAL
1790701511.981765,esp32-1,-59.0,47.4748,4.888,0.0,52.0,-1.0,,NORMAL
1790701517.721713,esp32-1,-59.0,26.08825,13.50633,20.0,42.0,-1.0,,NORMAL
1790701522.7375693,esp32-1,-59.0,37.893,12.86633,20.0,39.0,-1.0,,NORMAL
1790701526.9710708,esp32-1,-59.0,46.9814,4.00475,0.0,125.0,-1.0,,NORMAL
1790701532.7691374,esp32-1,-58.0,30.43575,14.36367,20.0,21.0,-1.0,,NORMAL
1790701536.7653852,esp32-1,-61.0,39.8716,10.03,0.0,52.0,-1.0,,NORMAL
1790701541.9909532,esp32-1,-61.0,46.6096,6.22225,0.0,126.0,-1.0,,NORMAL
1790701546.9085302,esp32-1,-63.0,53.47359,41.22475,0.0,55.0,-1.0,,NORMAL
1790701552.188872,esp32-1,-60.0,80.60539,112.891,0.0,264.0,-1.0,,NORMAL
1790701556.9482212,esp32-1,-61.0,50.8806,17.023,0.0,40.0,-1.0,,NORMAL
1790701562.7737217,esp32-1,-58.0,25.09625,21.296,20.0,42.0,-1.0,,NORMAL
1790701567.8776903,esp32-1,-59.0,39.6198,6.241,0.0,54.0,-1.0,,NORMAL
1790701571.836602,esp32-1,-57.0,54.2634,16.0355,0.0,48.0,-1.0,,NORMAL
1790701577.6629994,esp32-1,-58.0,25.027,9.793,20.0,42.0,-1.0,,NORMAL
1790701585.0119548,esp32-1,-59.0,39.4012,7.164,0.0,160.0,-1.0,,NORMAL
1790701587.087631,esp32-1,-62.0,46.4068,5.659001,0.0,53.0,-1.0,,NORMAL
1790701587.512736,esp32-1,-59.0,39.4012,7.164,0.0,160.0,-1.0,,NORMAL
1790701592.659079,esp32-1,-59.0,27.24275,16.51766,20.0,32.0,-1.0,,NORMAL
1790701597.130339,esp32-1,-56.0,39.3686,6.78375,0.0,161.0,-1.0,,NORMAL
1790701602.200529,esp32-1,-64.0,47.659,36.14149,0.0,46.0,-1.0,,NORMAL
1790701607.6781123,esp32-1,-58.0,22.6475,17.27,20.0,48.0,-1.0,,NORMAL
1790701612.1881797,esp32-1,-58.0,39.3706,5.93475,0.0,161.0,-1.0,,NORMAL
1790701617.3586712,esp32-1,-61.0,45.831,6.263001,0.0,125.0,-1.0,,NORMAL
1790701622.8368628,esp32-1,-57.0,22.3935,17.20667,20.0,234.0,-1.0,,NORMAL
1790701626.879749,esp32-1,-58.0,38.91,6.962251,0.0,53.0,-1.0,,NORMAL
1790701632.9729385,esp32-1,-59.0,76.8534,44.057,0.0,974.0,-1.0,,NORMAL
1790701637.732527,esp32-1,-61.0,23.0335,20.24133,20.0,46.0,-1.0,,NORMAL
1790701642.7499852,esp32-1,-58.0,29.95675,15.57867,20.0,53.0,-1.0,,NORMAL
1790701647.922763,esp32-1,-61.0,45.9986,8.780252,0.0,53.0,-1.0,,NORMAL
1790701652.6529,esp32-1,-60.0,22.2455,16.72167,20.0,47.0,-1.0,,NORMAL
1790701656.8838992,esp32-1,-58.0,38.5606,7.017749,0.0,166.0,-1.0,,NORMAL
1790701662.00184,esp32-1,-61.0,45.3388,6.248,0.0,129.0,-1.0,,NORMAL
1790701667.7377973,esp32-1,-60.0,22.355,18.727,20.0,46.0,-1.0,,NORMAL
1790701672.0399635,esp32-1,-58.0,64.0148,75.12151,0.0,28.0,-1.0,,NORMAL
1790701676.9028351,esp32-1,-61.0,45.421,6.4905,0.0,128.0,-1.0,,NORMAL
1790701682.796302,esp32-1,-59.0,24.18725,17.53667,20.0,38.0,-1.0,,NORMAL
1790701687.7598066,esp32-1,-60.0,31.14,34.22,20.0,47.0,-1.0,,NORMAL
1790701693.0323427,esp32-1,-62.0,86.98425,64.56533,20.0,6.0,-1.0,,NORMAL
1790701697.7435005,esp32-1,-61.0,22.3815,17.881,20.0,45.0,-1.0,,NORMAL
1790701701.9422786,esp32-1,-57.0,38.2632,6.444499,0.0,167.0,-1.0,,NORMAL
1790701707.9848962,esp32-1,-57.0,44.7436,6.4935,0.0,54.0,-1.0,,NORMAL
1790701712.8601973,esp32-1,-58.0,22.455,17.82733,20.0,43.0,-1.0,,NORMAL
1790701716.9952362,esp32-1,-60.0,38.1896,6.39125,0.0,171.0,-1.0,,NORMAL
1790701721.803362,esp32-1,-60.0,44.6,5.98125,0.0,54.0,-1.0,,NORMAL
1790701727.9528303,esp32-1,-66.0,91.209,74.68766,20.0,4.0,-1.0,,NORMAL
1790701731.9443533,esp32-1,-63.0,37.8628,7.184,0.0,172.0,-1.0,,NORMAL
1790701737.2684557,esp32-1,-64.0,85.54539,122.0782,0.0,281.0,-1.0,,NORMAL
1790701742.6987023,esp32-1,-66.0,23.52975,19.712,20.0,38.0,-1.0,,NORMAL
1790701747.9408274,esp32-1,-63.0,28.4115,25.019,20.0,240.0,-1.0,,NORMAL
1790701752.975872,esp32-1,-63.0,44.5418,6.4735,0.0,54.0,-1.0,,NORMAL
1790701757.7594469,esp32-1,-60.0,24.36275,21.56033,20.0,36.0,-1.0,,NORMAL
1790701762.6862104,esp32-1,-62.0,28.1095,24.057,20.0,52.0,-1.0,,NORMAL
1790701766.8680093,esp32-1,-64.0,44.3216,6.89975,0.0,52.0,-1.0,,NORMAL
1790701772.6615555,esp32-1,-62.0,23.72375,21.814,20.0,38.0,-1.0,,NORMAL
1790701777.828842,esp32-1,-63.0,27.77175,21.71633,20.0,53.0,-1.0,,NORMAL
1790701782.9716346,esp32-1,-63.0,80.0932,52.2935,0.0,961.0,-1.0,,NORMAL
1790701787.6630714,esp32-1,-66.0,22.86625,18.14166,20.0,38.0,-1.0,,NORMAL
1790701792.7804918,esp32-1,-64.0,27.69675,22.003,20.0,54.0,-1.0,,NORMAL
1790701796.8216481,esp32-1,-65.0,49.6556,15.58625,0.0,26.0,-1.0,,NORMAL
1790701803.8342137,esp32-1,-65.0,30.29633,36.3545,40.0,7.0,-1.0,,NORMAL
1790701807.825968,esp32-1,-66.0,33.93025,28.258,20.0,29.0,-1.0,,NORMAL
1790701811.9068115,esp32-1,-66.0,44.3044,15.38425,0.0,50.0,-1.0,,NORMAL
1790701818.615976,esp32-1,-66.0,22.569,29.4975,40.0,8.0,-1.0,,NORMAL
1790701823.8113961,esp32-1,-66.0,40.406,21.5835,40.0,7.0,-1.0,,NORMAL
1790701827.753283,esp32-1,-64.0,33.18875,27.77334,20.0,21.0,-1.0,,NORMAL
1790701832.66434,esp32-1,-64.0,24.80775,19.956,20.0,27.0,-1.0,,NORMAL
1790701837.7550182,esp32-1,-61.0,26.86525,23.11567,20.0,53.0,-1.0,,NORMAL
1790701842.8814,esp32-1,-62.0,43.915,41.77167,20.0,19.0,-1.0,,NORMAL
1790701847.903548,esp32-1,-65.0,68.56325,28.728,20.0,9.0,-1.0,,NORMAL
1790701851.9632347,esp32-1,-64.0,77.7348,52.32975,0.0,51.0,-1.0,,NORMAL
1790701856.9236052,esp32-1,-65.0,42.7842,4.295751,0.0,53.0,-1.0,,NORMAL
1790701863.7904336,esp32-1,-67.0,31.40667,40.78,40.0,25.0,-1.0,,NORMAL
1790701868.1456854,esp32-1,-64.0,56.2126,18.50425,0.0,53.0,-1.0,,NORMAL
1790701871.8572073,esp32-1,-61.0,45.4302,7.200749,0.0,41.0,-1.0,,NORMAL
1790701877.9239902,esp32-1,-68.0,56.19125,75.75967,20.0,14.0,-1.0,,NORMAL
1790701882.838912,esp32-1,-67.0,28.62025,22.798,20.0,42.0,-1.0,,NORMAL
1790701886.9374993,esp32-1,-65.0,42.4918,6.114501,0.0,55.0,-1.0,,NORMAL
1790701893.185392,esp32-1,-62.0,42.90125,57.961,20.0,182.0,-1.0,,NORMAL
1790701897.7391105,esp32-1,-64.0,26.08,7.836334,20.0,52.0,-1.0,,NORMAL
1790701902.2435553,esp32-1,-64.0,42.6144,6.514,0.0,143.0,-1.0,,NORMAL
1790701908.895675,esp32-1,-62.0,81.4935,142.114,20.0,1032.0,-1.0,,NORMAL
1790701912.7459044,esp32-1,-62.0,28.64375,1.621334,20.0,6.0,-1.0,,NORMAL
1790701916.992416,esp32-1,-65.0,42.24,6.974251,0.0,143.0,-1.0,,NORMAL
1790701922.8285434,esp32-1,-68.0,28.25025,24.90067,20.0,8.0,-1.0,,NORMAL
1790701927.7094343,esp32-1,-64.0,25.282,20.93633,20.0,52.0,-1.0,,NORMAL
1790701931.943562,esp32-1,-65.0,42.1434,6.72925,0.0,145.0,-1.0,,NORMAL
1790701937.9876964,esp32-1,-67.0,78.12726,166.683,20.0,12.0,-1.0,,NORMAL
1790701943.0050526,esp32-1,-65.0,24.8575,19.866,20.0,223.0,-1.0,,NORMAL
1790701946.9924262,esp32-1,-65.0,41.724,6.050251,0.0,147.0,-1.0,,NORMAL
1790701952.654426,esp32-1,-65.0,22.26125,17.42733,20.0,31.0,-1.0,,NORMAL
1790701957.7467475,esp32-1,-61.0,25.00025,21.15,20.0,52.0,-1.0,,NORMAL
1790701961.9440522,esp32-1,-69.0,41.7728,7.168,0.0,146.0,-1.0,,NORMAL
1790701967.8604066,esp32-1,-65.0,77.86575,166.4383,20.0,4.0,-1.0,,NORMAL
1790701973.003937,esp32-1,-67.0,24.77225,20.791,20.0,228.0,-1.0,,NORMAL
1790701978.0218976,esp32-1,-66.0,73.6978,46.40575,0.0,989.0,-1.0,,NORMAL
1790701982.6590126,esp32-1,-64.0,22.111,17.54267,20.0,28.0,-1.0,,NORMAL
1790701988.1769936,esp32-1,-64.0,24.4065,22.45,20.0,53.0,-1.0,,NORMAL
1790701992.259728,esp32-1,-68.0,41.452,6.25,0.0,371.0,-1.0,,NORMAL
1790701997.8942451,esp32-1,-63.0,42.1055,43.239,20.0,51.0,-1.0,,NORMAL
1790702002.9298687,esp32-1,-65.0,24.287,20.28033,20.0,233.0,-1.0,,NORMAL
1790702006.7964544,esp32-1,-64.0,40.8606,7.513751,0.0,55.0,-1.0,,NORMAL
1790702012.0184038,esp32-1,-65.0,48.1882,5.9205,0.0,115.0,-1.0,,NORMAL
1790702016.934678,esp32-1,-66.0,50.5306,49.75425,0.0,105.0,-1.0,,NORMAL
1790702021.953616,esp32-1,-63.0,32.121,5.13925,0.0,201.0,-1.0,,NORMAL
1790702027.6456406,esp32-1,-62.0,21.77275,17.15633,20.0,28.0,-1.0,,NORMAL
1790702031.9872906,esp32-1,-67.0,34.123,6.7045,0.0,188.0,-1.0,,NORMAL
1790702036.9074543,esp32-1,-68.0,40.9038,6.750751,0.0,53.0,-1.0,,NORMAL
1790702043.9697723,esp32-1,-67.0,41.62575,67.38934,20.0,52.0,-1.0,,NORMAL
1790702047.7006369,esp32-1,-65.0,24.2855,16.277,20.0,51.0,-1.0,,NORMAL
1790702051.9569664,esp32-1,-64.0,40.9248,7.521,0.0,151.0,-1.0,,NORMAL
1790702058.10305,esp32-1,-64.0,47.892,7.830001,0.0,55.0,-1.0,,NORMAL
1790702062.6914592,esp32-1,-66.0,24.41525,24.08767,20.0,51.0,-1.0,,NORMAL
1790702068.1408827,esp32-1,-68.0,83.86275,69.687,20.0,59.0,-1.0,,NORMAL
1790702071.933533,esp32-1,-68.0,47.5914,10.23925,0.0,52.0,-1.0,,NORMAL
1790702082.686607,esp32-1,-67.0,47.4354,21.47275,0.0,178.0,-1.0,,NORMAL
1790702083.506803,esp32-1,-65.0,74.89761,50.52275,0.0,54.0,-1.0,,NORMAL
1790702088.1066122,esp32-1,-66.0,46.9498,28.05275,0.0,442.0,-1.0,,NORMAL
1790702093.5507703,esp32-1,-65.0,36.47175,35.91467,20.0,37.0,-1.0,,NORMAL
1790702098.6802015,esp32-1,-64.0,61.28875,27.69934,20.0,16.0,-1.0,,NORMAL
1790702103.7912915,esp32-1,-64.0,31.665,28.33434,20.0,4.0,-1.0,,NORMAL
1790702109.5109503,esp32-1,-62.0,49.41467,48.587,40.0,5.0,-1.0,,NORMAL
1790702112.6855588,esp32-1,-63.0,46.8214,6.4555,0.0,55.0,-1.0,,NORMAL
1790702118.363044,esp32-1,-64.0,24.51475,14.07167,20.0,3.0,-1.0,,NORMAL
1790702122.8283796,esp32-1,-64.0,40.1726,5.8735,0.0,253.0,-1.0,,NORMAL
1790702128.1593485,esp32-1,-66.0,47.1902,7.27875,0.0,238.0,-1.0,,NORMAL
1790702133.6176612,esp32-1,-68.0,24.11775,16.85633,20.0,50.0,-1.0,,NORMAL
1790702138.489034,esp32-1,-62.0,32.081,3.947,20.0,5.0,-1.0,,NORMAL
1790702142.6726282,esp32-1,-66.0,47.3452,5.197249,0.0,185.0,-1.0,,NORMAL
1790702149.3531797,esp32-1,-65.0,39.475,27.2775,40.0,5.0,-1.0,,NORMAL
1790702152.6781564,esp32-1,-63.0,40.3888,6.745499,0.0,255.0,-1.0,,NORMAL
1790702158.685026,esp32-1,-64.0,92.50175,70.704,20.0,5.0,-1.0,,NORMAL
1790702163.477792,esp32-1,-67.0,25.32625,19.74633,20.0,45.0,-1.0,,NORMAL
1790702168.5084062,esp32-1,-66.0,58.844,65.03567,20.0,54.0,-1.0,,NORMAL
1790702173.9215994,esp32-1,-70.0,151.82,188.6207,20.0,12.0,-1.0,,NORMAL
1790702178.6323721,esp32-1,-66.0,24.6945,20.998,20.0,267.0,-1.0,,NORMAL
1790702183.044912,esp32-1,-62.0,41.28,6.6905,0.0,253.0,-1.0,,NORMAL
1790702190.1326869,esp32-1,-64.0,247.589,657.192,40.0,28.0,-1.0,,NORMAL
1790702194.4548092,esp32-1,-66.0,24.3145,20.84333,20.0,54.0,-1.0,,NORMAL
1790702197.7815685,esp32-1,-62.0,41.2836,6.19025,0.0,203.0,-1.0,,NORMAL
1790702203.930632,esp32-1,-62.0,155.0173,183.4287,20.0,6.0,-1.0,,NORMAL
1790702208.3350475,esp32-1,-67.0,24.301,19.20367,20.0,4.0,-1.0,,NORMAL
1790702213.7616863,esp32-1,-66.0,40.9378,6.1875,0.0,53.0,-1.0,,NORMAL
1790702217.851682,esp32-1,-65.0,48.0506,7.5585,0.0,244.0,-1.0,,NORMAL
1790702224.0074162,esp32-1,-63.0,117.1992,93.74366,20.0,156.0,-1.0,,NORMAL
1790702228.191799,esp32-1,-66.0,154.086,0.903004,0.0,156.0,-1.0,,NORMAL
1790702233.7522721,esp32-1,-66.0,66.32275,51.805,20.0,189.0,-1.0,,NORMAL
1790702237.9322712,esp32-1,-67.0,120.6516,74.8075,0.0,31.0,-1.0,,NORMAL
1790702242.838662,esp32-1,-66.0,41.523,6.42825,0.0,260.0,-1.0,,NORMAL
1790702247.6513777,esp32-1,-65.0,47.8342,5.635499,0.0,52.0,-1.0,,NORMAL
1790702253.6921866,esp32-1,-70.0,23.86875,17.63533,20.0,227.0,-1.0,,NORMAL
1790702259.1195135,esp32-1,-68.0,128.841,75.88734,20.0,6.0,-1.0,,NORMAL
1790702262.8056831,esp32-1,-67.0,47.6368,6.550001,0.0,196.0,-1.0,,NORMAL
1790702268.8524308,esp32-1,-67.0,223.175,35.78151,0.0,156.0,-1.0,,NORMAL
1790702273.36567,esp32-1,-68.0,165.3058,15.202,0.0,156.0,-1.0,,NORMAL
1790702278.6859956,esp32-1,-67.0,229.8682,36.30175,0.0,157.0,-1.0,,NORMAL
1790702283.629785,esp32-1,-65.0,23.497,21.80133,20.0,230.0,-1.0,,NORMAL
1790702287.7358341,esp32-1,-67.0,40.862,6.56275,0.0,215.0,-1.0,,NORMAL
1790702292.6080148,esp32-1,-65.0,56.5734,17.734,0.0,7.0,-1.0,,NORMAL
1790702298.4433737,esp32-1,-65.0,24.00275,21.95733,20.0,50.0,-1.0,,NORMAL
1790702303.8269322,esp32-1,-66.0,81.5938,118.4167,0.0,55.0,-1.0,,NORMAL
1790702308.6835148,esp32-1,-66.0,85.06425,157.553,20.0,6.0,-1.0,,NORMAL
1790702313.7033894,esp32-1,-66.0,23.596,18.98,20.0,234.0,-1.0,,NORMAL
1790702319.02631,esp32-1,-63.0,47.54825,52.39,20.0,485.0,-1.0,,NORMAL
1790702322.82126,esp32-1,-67.0,47.3622,36.66301,0.0,207.0,-1.0,,NORMAL
1790702328.6539912,esp32-1,-64.0,23.136,18.867,20.0,198.0,-1.0,,NORMAL
1790702333.5847871,esp32-1,-66.0,40.5406,6.32375,0.0,52.0,-1.0,,NORMAL
1790702338.7915494,esp32-1,-65.0,47.0294,6.831,0.0,59.0,-1.0,,NORMAL
1790702343.5043519,esp32-1,-67.0,24.8295,21.854,20.0,46.0,-1.0,,NORMAL
1790702347.910979,esp32-1,-64.0,74.5992,48.8065,0.0,302.0,-1.0,,NORMAL
1790702352.8786657,esp32-1,-64.0,46.7408,6.16925,0.0,210.0,-1.0,,NORMAL
1790702358.4605627,esp32-1,-65.0,24.01225,19.9,20.0,49.0,-1.0,,NORMAL
1790702362.9917257,esp32-1,-62.0,60.703,74.25975,0.0,52.0,-1.0,,NORMAL
1790702368.4939046,esp32-1,-63.0,39.55725,15.24567,20.0,13.0,-1.0,,NORMAL
1790702373.6239934,esp32-1,-63.0,23.682,19.491,20.0,239.0,-1.0,,NORMAL
1790702378.8401377,esp32-1,-63.0,81.2585,67.21101,20.0,6.0,-1.0,,NORMAL
1790702382.8374085,esp32-1,-63.0,46.3042,5.716249,0.0,215.0,-1.0,,NORMAL
1790702388.7661412,esp32-1,-64.0,22.6235,16.08167,20.0,299.0,-1.0,,NORMAL
1790702392.6152143,esp32-1,-63.0,39.6184,7.0925,0.0,188.0,-1.0,,NORMAL
1790702397.8820837,esp32-1,-67.0,46.4108,5.107499,0.0,52.0,-1.0,,NORMAL
1790702403.9484987,esp32-1,-64.0,34.9665,29.14533,20.0,538.0,-1.0,,NORMAL
1790702407.945036,esp32-1,-62.0,39.873,6.13025,0.0,234.0,-1.0,,NORMAL
1790702413.6588368,esp32-1,-66.0,74.36025,133.7763,20.0,4.0,-1.0,,NORMAL
1790702418.4694839,esp32-1,-64.0,25.25625,14.85733,20.0,47.0,-1.0,,NORMAL
1790702422.9807873,esp32-1,-63.0,39.4122,6.17,0.0,188.0,-1.0,,NORMAL
1790702428.0879285,esp32-1,-65.0,45.885,7.1745,0.0,282.0,-1.0,,NORMAL
1790702434.3521724,esp32-1,-64.0,39.126,54.615,40.0,5.0,-1.0,,NORMAL
1790702438.042739,esp32-1,-64.0,39.2666,7.2795,0.0,238.0,-1.0,,NORMAL
1790702442.9953558,esp32-1,-63.0,46.671,6.275,0.0,219.0,-1.0,,NORMAL
1790702448.3727875,esp32-1,-66.0,27.55575,25.56866,20.0,34.0,-1.0,,NORMAL
1790702452.6708152,esp32-1,-65.0,40.0234,6.69725,0.0,52.0,-1.0,,NORMAL
1790702457.8037057,esp32-1,-64.0,47.0436,7.253251,0.0,271.0,-1.0,,NORMAL
1790702463.7291608,esp32-1,-66.0,23.04825,17.81267,20.0,50.0,-1.0,,NORMAL
1790702467.7015872,esp32-1,-63.0,39.804,9.894751,0.0,243.0,-1.0,,NORMAL
1790702472.7049813,esp32-1,-63.0,46.1104,22.08225,0.0,226.0,-1.0,,NORMAL
1790702478.4807703,esp32-1,-61.0,23.46775,19.70733,20.0,47.0,-1.0,,NORMAL
1790702487.2834024,esp32-1,-66.0,53.52933,35.504,40.0,23.0,-1.0,,NORMAL
1790702489.3002958,esp32-1,-67.0,36.6,30.41366,20.0,9.0,-1.0,,NORMAL
1790702494.5524747,esp32-1,-63.0,58.08925,29.221,20.0,257.0,-1.0,,NORMAL
1790702498.4619699,esp32-1,-63.0,48.0616,14.344,0.0,52.0,-1.0,,NORMAL
1790702510.8356004,esp32-1,-63.0,43.9475,8.224,20.0,53.0,-1.0,,NORMAL
1790702511.44459,esp32-1,-64.0,58.026,42.031,20.0,4.0,-1.0,,NORMAL
1790702515.7437751,esp32-1,-65.0,27.138,23.60867,20.0,51.0,-1.0,,NORMAL
1790702520.0480409,esp32-1,-64.0,88.4768,62.8045,0.0,34.0,-1.0,,NORMAL
1790702528.5993779,esp32-1,-64.0,173.7838,345.8668,0.0,258.0,-1.0,,NORMAL
1790702530.699394,esp32-1,-62.0,31.953,30.017,20.0,44.0,-1.0,,NORMAL
1790702531.1898513,esp32-1,-64.0,173.7838,345.8668,0.0,258.0,-1.0,,NORMAL
1790702537.8031015,esp32-1,-63.0,43.18,5.919,0.0,63.0,-1.0,,NORMAL
1790702540.7321236,esp32-1,-66.0,23.395,19.078,20.0,32.0,-1.0,,NORMAL
1790702541.2114973,esp32-1,-63.0,43.18,5.919,0.0,63.0,-1.0,,NORMAL
1790702546.7316213,esp32-1,-60.0,26.5515,23.466,20.0,53.0,-1.0,,NORMAL
1790702549.9111722,esp32-1,-65.0,65.2182,76.3115,0.0,47.0,-1.0,,NORMAL
1790702555.7893736,esp32-1,-62.0,23.216,19.059,20.0,35.0,-1.0,,NORMAL
1790702560.8072174,esp32-1,-63.0,26.36775,20.77467,20.0,54.0,-1.0,,NORMAL
1790702566.8500946,esp32-1,-61.0,61.26933,47.861,40.0,36.0,-1.0,,NORMAL
1790702570.9473581,esp32-1,-65.0,74.03175,153.5937,20.0,33.0,-1.0,,NORMAL
1790702575.6768582,esp32-1,-63.0,26.93175,25.10867,20.0,50.0,-1.0,,NORMAL
1790702580.1219275,esp32-1,-62.0,43.5308,7.048749,0.0,53.0,-1.0,,NORMAL
1790702586.9223638,esp32-1,-65.0,32.125,5.440501,40.0,265.0,-1.0,,NORMAL
1790702590.9168127,esp32-1,-64.0,25.99725,22.91767,20.0,250.0,-1.0,,NORMAL
1790702595.9505947,esp32-1,-63.0,42.8342,6.3315,0.0,53.0,-1.0,,NORMAL
1790702600.743008,esp32-1,-66.0,23.39725,19.35967,20.0,34.0,-1.0,,NORMAL
1790702605.8240736,esp32-1,-63.0,25.86975,23.80233,20.0,207.0,-1.0,,NORMAL
1790702609.7770967,esp32-1,-64.0,42.5978,6.226501,0.0,53.0,-1.0,,NORMAL
1790702615.6977508,esp32-1,-62.0,22.72775,19.40733,20.0,31.0,-1.0,,NORMAL
1790702620.9180593,esp32-1,-62.0,25.29775,19.81167,20.0,258.0,-1.0,,NORMAL
1790702624.917667,esp32-1,-63.0,42.036,6.108251,0.0,192.0,-1.0,,NORMAL
1790702631.0082939,esp32-1,-63.0,79.36751,137.197,20.0,5.0,-1.0,,NORMAL
1790702635.9707623,esp32-1,-63.0,25.2335,21.82567,20.0,12.0,-1.0,,NORMAL
1790702643.5571005,esp32-1,-62.0,39.467,8.179667,20.0,4.0,-1.0,,NORMAL
1790702646.2280617,esp32-1,-65.0,170.801,373.637,20.0,8.0,-1.0,,NORMAL
1790702651.8453512,esp32-1,-62.0,25.644,22.15733,20.0,53.0,-1.0,,NORMAL
1790702655.017174,esp32-1,-64.0,41.6926,6.806,0.0,193.0,-1.0,,NORMAL
1790702660.9522862,esp32-1,-63.0,74.63625,156.3657,20.0,24.0,-1.0,,NORMAL
1790702666.226502,esp32-1,-63.0,24.596,18.787,20.0,214.0,-1.0,,NORMAL
1790702670.0703242,esp32-1,-66.0,41.4566,7.331499,0.0,197.0,-1.0,,NORMAL
1790702674.9818242,esp32-1,-65.0,48.6028,8.374751,0.0,161.0,-1.0,,NORMAL
1790702680.105408,esp32-1,-65.0,55.2976,43.118,0.0,126.0,-1.0,,NORMAL
1790702685.7635195,esp32-1,-68.0,63.01975,41.38633,20.0,4.0,-1.0,,NORMAL
1790702690.0422904,esp32-1,-64.0,48.3052,9.4355,0.0,162.0,-1.0,,NORMAL
1790702695.9173813,esp32-1,-62.0,24.64875,20.44767,20.0,217.0,-1.0,,NORMAL
1790702699.8712904,esp32-1,-62.0,41.2722,6.19525,0.0,53.0,-1.0,,NORMAL
1790702705.5019295,esp32-1,-65.0,172.8272,362.8483,0.0,45.0,-1.0,,NORMAL
1790702710.8841028,esp32-1,-63.0,24.21675,20.16733,20.0,271.0,-1.0,,NORMAL
1790702715.0267134,esp32-1,-64.0,41.1838,5.6425,0.0,203.0,-1.0,,NORMAL
1790702719.853481,esp32-1,-63.0,47.9498,8.797751,0.0,3.0,-1.0,,NORMAL
1790702725.9150183,esp32-1,-63.0,24.376,19.52633,20.0,220.0,-1.0,,NORMAL
1790702729.8752499,esp32-1,-62.0,40.761,6.824499,0.0,53.0,-1.0,,NORMAL
1790702735.9165258,esp32-1,-64.0,47.8608,11.31175,0.0,53.0,-1.0,,NORMAL
1790702740.9391813,esp32-1,-64.0,23.5435,18.64067,20.0,279.0,-1.0,,NORMAL
1790702744.8266218,esp32-1,-62.0,41.0664,7.218,0.0,53.0,-1.0,,NORMAL
1790702750.0466018,esp32-1,-62.0,65.7584,32.4805,0.0,78.0,-1.0,,NORMAL
1790702755.7130706,esp32-1,-64.0,23.714,20.19433,20.0,51.0,-1.0,,NORMAL
1790702760.136907,esp32-1,-62.0,81.6818,77.0225,0.0,213.0,-1.0,,NORMAL
1790702768.5837884,esp32-1,-64.0,46.49175,7.179666,20.0,8.0,-1.0,,NORMAL
1790702770.8387294,esp32-1,-67.0,23.52025,13.27667,20.0,180.0,-1.0,,NORMAL
1790702775.0072336,esp32-1,-63.0,82.4208,125.2897,0.0,50.0,-1.0,,NORMAL
1790702779.8589964,esp32-1,-64.0,47.2376,6.15275,0.0,53.0,-1.0,,NORMAL
1790702784.924058,esp32-1,-66.0,33.5492,6.59675,0.0,240.0,-1.0,,NORMAL
1790702789.8850882,esp32-1,-66.0,40.7718,7.333,0.0,50.0,-1.0,,NORMAL
1790702794.9443152,esp32-1,-66.0,47.2858,6.055251,0.0,169.0,-1.0,,NORMAL
1790702800.670042,esp32-1,-64.0,24.10825,20.383,20.0,48.0,-1.0,,NORMAL
1790702807.714544,esp32-1,-65.0,85.0614,63.67525,0.0,35.0,-1.0,,NORMAL
1790702810.056065,esp32-1,-63.0,47.0014,6.949,0.0,171.0,-1.0,,NORMAL
1790702810.6390014,esp32-1,-65.0,85.0614,63.67525,0.0,35.0,-1.0,,NORMAL
1790702815.7910874,esp32-1,-65.0,27.542,19.64033,20.0,34.0,-1.0,,NORMAL
1790702819.88846,esp32-1,-67.0,40.0982,6.09475,0.0,52.0,-1.0,,NORMAL
1790702824.95261,esp32-1,-66.0,46.72,5.78775,0.0,172.0,-1.0,,NORMAL
1790702831.7338867,esp32-1,-62.0,22.49375,17.77467,20.0,53.0,-1.0,,NORMAL
1790702834.8748524,esp32-1,-62.0,63.9798,36.7955,0.0,34.0,-1.0,,NORMAL
1790702840.897614,esp32-1,-63.0,91.75424,155.293,20.0,5.0,-1.0,,NORMAL
1790702845.9622126,esp32-1,-65.0,53.2964,14.582,0.0,52.0,-1.0,,NORMAL
1790702850.6933486,esp32-1,-62.0,42.39875,60.448,20.0,4.0,-1.0,,NORMAL
1790702855.932367,esp32-1,-65.0,72.5835,130.0547,20.0,3.0,-1.0,,NORMAL
1790702860.8502686,esp32-1,-61.0,21.92825,17.36533,20.0,192.0,-1.0,,NORMAL
1790702865.661643,esp32-1,-65.0,22.55625,8.139334,20.0,5.0,-1.0,,NORMAL
1790702869.9636292,esp32-1,-63.0,46.101,5.4975,0.0,174.0,-1.0,,NORMAL
1790702875.8028564,esp32-1,-64.0,23.269,19.218,20.0,47.0,-1.0,,NORMAL
1790702880.663118,esp32-1,-64.0,23.32825,6.132334,20.0,6.0,-1.0,,NORMAL
1790702885.0826595,esp32-1,-63.0,110.159,61.683,0.0,3.0,-1.0,,NORMAL
1790702890.7555306,esp32-1,-63.0,32.25425,30.97833,20.0,10.0,-1.0,,NORMAL
1790702898.2114894,esp32-1,-63.0,22.0385,9.607667,20.0,9.0,-1.0,,NORMAL
1790702900.2742803,esp32-1,-64.0,86.729,119.535,0.0,270.0,-1.0,,NORMAL
1790702900.7423534,esp32-1,-63.0,22.0385,9.607667,20.0,9.0,-1.0,,NORMAL
1790702905.6624236,esp32-1,-61.0,24.786,21.07767,20.0,38.0,-1.0,,NORMAL
1790702909.777369,esp32-1,-63.0,38.9026,8.082499,0.0,52.0,-1.0,,NORMAL
1790702914.9319096,esp32-1,-62.0,58.6908,22.48275,0.0,110.0,-1.0,,NORMAL
1790702921.0627587,esp32-1,-67.0,32.8325,25.529,20.0,6.0,-1.0,,NORMAL
1790702924.770436,esp32-1,-66.0,38.5598,11.08225,0.0,53.0,-1.0,,NORMAL
1790702929.934464,esp32-1,-64.0,45.2968,6.96325,0.0,183.0,-1.0,,NORMAL
1790702934.9448526,esp32-1,-62.0,72.52921,42.67476,0.0,56.0,-1.0,,NORMAL
1790702939.906975,esp32-1,-65.0,38.8968,7.107751,0.0,51.0,-1.0,,NORMAL
1790702945.0642219,esp32-1,-65.0,80.7652,58.299,0.0,107.0,-1.0,,NORMAL
1790702950.6712313,esp32-1,-65.0,24.101,20.06133,20.0,39.0,-1.0,,NORMAL
1790702955.9037185,esp32-1,-63.0,48.62375,53.411,20.0,9.0,-1.0,,NORMAL
1790702959.8781974,esp32-1,-67.0,44.9092,6.58425,0.0,5.0,-1.0,,NORMAL
1790702965.7095926,esp32-1,-73.0,25.35025,26.10133,20.0,36.0,-1.0,,NORMAL
1790702970.736482,esp32-1,-62.0,28.8435,0.829666,20.0,4.0,-1.0,,NORMAL
1790702975.0350847,esp32-1,-64.0,44.5152,6.039999,0.0,183.0,-1.0,,NORMAL
1790702980.77335,esp32-1,-63.0,22.09525,15.42,20.0,50.0,-1.0,,NORMAL
1790702985.7812479,esp32-1,-63.0,43.54725,65.822,20.0,2.0,-1.0,,NORMAL
1790702990.631378,esp32-1,-61.0,22.4765,17.89467,20.0,7.0,-1.0,,NORMAL
1790702995.7114599,esp32-1,-63.0,25.9165,25.92066,20.0,29.0,-1.0,,NORMAL
1790703000.7158544,esp32-1,-65.0,45.8105,69.627,20.0,3.0,-1.0,,NORMAL
1790703005.2407384,esp32-1,-62.0,111.2242,68.495,0.0,26.0,-1.0,,NORMAL
1790703010.7668483,esp32-1,-66.0,23.39925,18.846,20.0,37.0,-1.0,,NORMAL
1790703015.9387586,esp32-1,-64.0,88.961,94.25275,0.0,961.0,-1.0,,NORMAL
1790703019.9852824,esp32-1,-66.0,43.9952,6.305749,0.0,183.0,-1.0,,NORMAL
1790703025.82122,esp32-1,-65.0,21.321,16.83767,20.0,44.0,-1.0,,NORMAL
1790703029.990832,esp32-1,-62.0,57.554,56.591,0.0,164.0,-1.0,,NORMAL
1790703034.9339957,esp32-1,-65.0,44.1068,6.412501,0.0,51.0,-1.0,,NORMAL
1790703040.6567476,esp32-1,-62.0,21.3255,16.847,20.0,42.0,-1.0,,NORMAL
1790703044.9694905,esp32-1,-62.0,57.3992,63.89975,0.0,54.0,-1.0,,NORMAL
1790703049.9006522,esp32-1,-67.0,67.1918,83.34225,0.0,37.0,-1.0,,NORMAL
1790703055.7213619,esp32-1,-64.0,21.86125,16.92567,20.0,40.0,-1.0,,NORMAL
1790703060.0247757,esp32-1,-61.0,57.2988,66.361,0.0,116.0,-1.0,,NORMAL
1790703064.8453436,esp32-1,-63.0,43.398,6.482749,0.0,52.0,-1.0,,NORMAL
1790703070.6485293,esp32-1,-62.0,22.583,18.07,20.0,35.0,-1.0,,NORMAL
1790703074.9761658,esp32-1,-73.0,57.031,66.09375,0.0,120.0,-1.0,,NORMAL
1790703079.8920436,esp32-1,-69.0,43.1318,7.702751,0.0,13.0,-1.0,,NORMAL
1790703086.610527,esp32-1,-64.0,24.23767,15.058,40.0,6.0,-1.0,,NORMAL
1790703090.0316503,esp32-1,-64.0,56.5708,69.09376,0.0,118.0,-1.0,,NORMAL
1790703095.974853,esp32-1,-66.0,43.182,5.9555,0.0,53.0,-1.0,,NORMAL
1790703100.6668532,esp32-1,-68.0,24.0585,13.82167,20.0,29.0,-1.0,,NORMAL
1790703104.9665341,esp32-1,-63.0,57.482,72.70201,0.0,123.0,-1.0,,NORMAL
1790703109.895325,esp32-1,-65.0,42.7986,6.8375,0.0,54.0,-1.0,,NORMAL
1790703116.6523042,esp32-1,-61.0,22.80167,30.163,40.0,6.0,-1.0,,NORMAL
1790703120.7687411,esp32-1,-65.0,52.39875,18.86267,20.0,4.0,-1.0,,NORMAL
1790703124.9645329,esp32-1,-63.0,42.6398,8.131749,0.0,192.0,-1.0,,NORMAL
1790703131.0061872,esp32-1,-67.0,189.7188,70.04375,0.0,457.0,-1.0,,NORMAL
1790703135.803859,esp32-1,-63.0,66.10349,124.691,20.0,4.0,-1.0,,NORMAL
1790703140.849276,esp32-1,-63.0,79.65375,61.32067,20.0,4.0,-1.0,,NORMAL
1790703145.0331018,esp32-1,-64.0,98.2526,128.6897,0.0,14.0,-1.0,,NORMAL
1790703150.8567505,esp32-1,-62.0,66.8925,128.9663,20.0,3.0,-1.0,,NORMAL
1790703154.998107,esp32-1,-65.0,85.0948,59.956,0.0,44.0,-1.0,,NORMAL
1790703160.6531093,esp32-1,-63.0,22.10425,18.251,20.0,32.0,-1.0,,NORMAL
1790703165.8246577,esp32-1,-63.0,68.157,132.0183,20.0,7.0,-1.0,,NORMAL
1790703170.9722867,esp32-1,-62.0,41.9882,6.12875,0.0,53.0,-1.0,,NORMAL
1790703175.739641,esp32-1,-63.0,22.31425,17.245,20.0,30.0,-1.0,,NORMAL
1790703180.0905259,esp32-1,-64.0,76.05479,102.3938,0.0,54.0,-1.0,,NORMAL
1790703184.9785962,esp32-1,-64.0,41.781,6.56675,0.0,194.0,-1.0,,NORMAL
1790703190.793565,esp32-1,-64.0,21.91525,16.30967,20.0,30.0,-1.0,,NORMAL
1790703195.092876,esp32-1,-63.0,76.226,101.8325,0.0,54.0,-1.0,,NORMAL
1790703200.9489517,esp32-1,-55.0,95.98299,62.25175,0.0,926.0,-1.0,,NORMAL
1790703206.1718938,esp32-1,-52.0,72.6152,45.03049,0.0,1058.0,-1.0,,NORMAL
1790703210.0474253,esp32-1,-53.0,75.69901,105.198,0.0,57.0,-1.0,,NORMAL
1790703215.047914,esp32-1,-53.0,87.4702,68.6155,0.0,32.0,-1.0,,NORMAL
1790703219.8493593,esp32-1,-54.0,48.3228,7.07375,0.0,6.0,-1.0,,NORMAL
1790703225.2173793,esp32-1,-70.0,76.3272,106.9922,0.0,241.0,-1.0,,NORMAL
1790703229.7974234,esp32-1,-55.0,42.2524,22.66825,0.0,50.0,-1.0,,NORMAL
1790703236.0578408,esp32-1,-52.0,60.596,21.83933,20.0,4.0,-1.0,,NORMAL
1790703240.0499024,esp32-1,-54.0,75.40421,100.9015,0.0,55.0,-1.0,,NORMAL
1790703244.864419,esp32-1,-56.0,40.827,7.4385,0.0,54.0,-1.0,,NORMAL
1790703249.985322,esp32-1,-54.0,47.9448,5.252,0.0,165.0,-1.0,,NORMAL
1790703254.9630234,esp32-1,-53.0,75.5928,109.978,0.0,54.0,-1.0,,NORMAL
1790703260.0482118,esp32-1,-56.0,41.1858,7.172999,0.0,203.0,-1.0,,NORMAL
1790703265.9048338,esp32-1,-55.0,61.548,22.10633,20.0,6.0,-1.0,,NORMAL
1790703269.971805,esp32-1,-56.0,75.3088,109.956,0.0,55.0,-1.0,,NORMAL
1790703274.9422033,esp32-1,-55.0,40.9068,6.87625,0.0,184.0,-1.0,,NORMAL
1790703279.9858687,esp32-1,-59.0,47.8498,6.742249,0.0,169.0,-1.0,,NORMAL
1790703285.112908,esp32-1,-56.0,75.0004,112.2962,0.0,60.0,-1.0,,NORMAL
1790703290.0522642,esp32-1,-55.0,40.6924,6.266749,0.0,202.0,-1.0,,NORMAL
1790703294.9595566,esp32-1,-56.0,47.6604,6.31025,0.0,171.0,-1.0,,NORMAL
1790703300.064142,esp32-1,-55.0,74.98881,113.1763,0.0,52.0,-1.0,,NORMAL
1790703305.0323086,esp32-1,-56.0,40.5682,6.366,0.0,190.0,-1.0,,NORMAL
1790703310.2999992,esp32-1,-56.0,88.349,121.6378,0.0,272.0,-1.0,,NORMAL
1790703314.8088443,esp32-1,-55.0,33.6284,3.53525,0.0,10.0,-1.0,,NORMAL
1790703321.174606,esp32-1,-60.0,85.032,71.02801,20.0,4.0,-1.0,,NORMAL
1790703326.0184257,esp32-1,-59.0,47.263,5.5295,0.0,53.0,-1.0,,NORMAL
1790703332.0658069,esp32-1,-57.0,88.63125,185.656,20.0,105.0,-1.0,,NORMAL
1790703335.387206,esp32-1,-56.0,40.3468,5.868751,0.0,193.0,-1.0,,NORMAL
1790703344.2353175,esp32-1,-56.0,68.3642,77.8645,0.0,50.0,-1.0,,NORMAL
1790703345.9000323,esp32-1,-57.0,89.513,189.3493,20.0,3.0,-1.0,,NORMAL
1790703346.0671372,esp32-1,-56.0,68.3642,77.8645,0.0,50.0,-1.0,,NORMAL
1790703350.0447018,esp32-1,-56.0,40.41,6.33925,0.0,203.0,-1.0,,NORMAL
1790703355.0484626,esp32-1,-56.0,47.1948,5.662251,0.0,170.0,-1.0,,NORMAL
1790703360.5218215,esp32-1,-57.0,95.1404,148.3277,0.0,53.0,-1.0,,NORMAL
1790703364.7905164,esp32-1,-55.0,40.2796,7.413001,0.0,52.0,-1.0,,NORMAL
1790703369.956096,esp32-1,-54.0,46.8286,5.718001,0.0,172.0,-1.0,,NORMAL
1790703375.6304698,esp32-1,-57.0,94.61,149.6998,0.0,267.0,-1.0,,NORMAL
1790703380.9686031,esp32-1,-55.0,40.1792,6.025,0.0,53.0,-1.0,,NORMAL
1790703386.0770483,esp32-1,-56.0,78.87825,145.638,20.0,3.0,-1.0,,NORMAL
1790703390.581079,esp32-1,-56.0,94.8638,151.379,0.0,217.0,-1.0,,NORMAL
1790703395.2948706,esp32-1,-57.0,39.9942,6.173,0.0,201.0,-1.0,,NORMAL
1790703400.7214968,esp32-1,-54.0,21.7115,16.77267,20.0,24.0,-1.0,,NORMAL
1790703405.7464705,esp32-1,-54.0,94.55321,153.792,0.0,570.0,-1.0,,NORMAL
1790703410.0424747,esp32-1,-55.0,39.7326,7.8255,0.0,208.0,-1.0,,NORMAL
1790703414.9511166,esp32-1,-55.0,46.85841,6.054251,0.0,174.0,-1.0,,NORMAL
1790703421.1406393,esp32-1,-53.0,121.5475,224.269,20.0,4.0,-1.0,,NORMAL
1790703425.0077062,esp32-1,-56.0,90.3548,58.75275,0.0,5.0,-1.0,,NORMAL
1790703430.9298365,esp32-1,-55.0,83.76,88.37433,20.0,8.0,-1.0,,NORMAL
1790703435.4462013,esp32-1,-57.0,94.0842,158.3942,0.0,275.0,-1.0,,NORMAL
1790703440.044951,esp32-1,-55.0,39.28899,6.08275,0.0,217.0,-1.0,,NORMAL
1790703444.9645178,esp32-1,-55.0,46.469,7.724751,0.0,52.0,-1.0,,NORMAL
1790703451.1382265,esp32-1,-60.0,121.7375,212.2833,20.0,5.0,-1.0,,NORMAL
1790703456.0207794,esp32-1,-57.0,38.9852,6.81725,0.0,54.0,-1.0,,NORMAL
1790703460.0130978,esp32-1,-57.0,66.4312,86.1125,0.0,53.0,-1.0,,NORMAL
1790703465.0887685,esp32-1,-57.0,97.02921,155.144,0.0,39.0,-1.0,,NORMAL
1790703470.0488498,esp32-1,-55.0,38.8722,6.242,0.0,208.0,-1.0,,NORMAL
1790703477.9198122,esp32-1,-56.0,45.964,6.670251,0.0,176.0,-1.0,,NORMAL
1790703480.3181555,esp32-1,-56.0,93.777,160.7888,0.0,231.0,-1.0,,NORMAL
1790703480.9052212,esp32-1,-56.0,45.964,6.670251,0.0,176.0,-1.0,,NORMAL
1790703485.104945,esp32-1,-56.0,39.1524,6.844,0.0,212.0,-1.0,,NORMAL
1790703489.9722183,esp32-1,-53.0,45.5256,6.355499,0.0,185.0,-1.0,,NORMAL
1790703494.935679,esp32-1,-58.0,52.56,49.94475,0.0,4.0,-1.0,,NORMAL
1790703500.1576927,esp32-1,-56.0,38.9062,6.265251,0.0,210.0,-1.0,,NORMAL
1790703504.957198,esp32-1,-56.0,45.6738,5.783499,0.0,179.0,-1.0,,NORMAL
1790703510.9984736,esp32-1,-56.0,111.9555,248.7057,20.0,4.0,-1.0,,NORMAL
1790703515.1064107,esp32-1,-57.0,38.722,7.375,0.0,212.0,-1.0,,NORMAL
1790703519.9640896,esp32-1,-54.0,45.2976,6.27275,0.0,180.0,-1.0,,NORMAL
1790703524.8045897,esp32-1,-53.0,52.4166,42.3385,0.0,3.0,-1.0,,NORMAL
1790703530.0575988,esp32-1,-54.0,38.2168,6.42975,0.0,212.0,-1.0,,NORMAL
1790703536.0001845,esp32-1,-54.0,45.2916,6.079249,0.0,53.0,-1.0,,NORMAL
1790703541.115264,esp32-1,-54.0,114.0285,254.872,20.0,4.0,-1.0,,NORMAL
1790703544.9083252,esp32-1,-55.0,38.2616,6.616,0.0,53.0,-1.0,,NORMAL
1790703549.9306545,esp32-1,-58.0,45.2948,6.171751,0.0,53.0,-1.0,,NORMAL
1790703556.0694478,esp32-1,-55.0,115.716,258.3113,20.0,5.0,-1.0,,NORMAL
1790703560.7897522,esp32-1,-58.0,28.77875,25.41967,20.0,53.0,-1.0,,NORMAL
1790703566.0014262,esp32-1,-57.0,45.6578,6.923249,0.0,54.0,-1.0,,NORMAL
1790703571.7248106,esp32-1,-56.0,56.47366,119.597,40.0,4.0,-1.0,,NORMAL
1790703577.0732014,esp32-1,-53.0,28.72275,23.27733,20.0,53.0,-1.0,,NORMAL
1790703579.9332235,esp32-1,-56.0,44.7392,6.0695,0.0,5.0,-1.0,,NORMAL
1790703584.836165,esp32-1,-53.0,51.96101,14.55025,0.0,11.0,-1.0,,NORMAL
1790703590.8428173,esp32-1,-56.0,59.59725,63.187,20.0,31.0,-1.0,,NORMAL
1790703595.9014463,esp32-1,-55.0,49.85925,31.66767,20.0,8.0,-1.0,,NORMAL
1790703600.3073094,esp32-1,-55.0,117.0344,213.4375,0.0,33.0,-1.0,,NORMAL
1790703605.042159,esp32-1,-55.0,37.5904,8.635,0.0,53.0,-1.0,,NORMAL
1790703610.8875256,esp32-1,-53.0,83.33325,63.01767,20.0,4.0,-1.0,,NORMAL
1790703616.2355468,esp32-1,-56.0,112.7274,204.8345,0.0,53.0,-1.0,,NORMAL
1790703620.8445578,esp32-1,-54.0,27.869,18.27067,20.0,186.0,-1.0,,NORMAL
1790703625.1009924,esp32-1,-54.0,47.312,11.598,0.0,37.0,-1.0,,NORMAL
1790703630.794218,esp32-1,-54.0,45.592,40.33333,20.0,49.0,-1.0,,NORMAL
1790703635.9211476,esp32-1,-58.0,27.424,23.09867,20.0,240.0,-1.0,,NORMAL
1790703640.0754359,esp32-1,-54.0,43.9128,8.601501,0.0,55.0,-1.0,,NORMAL
1790703645.5079029,esp32-1,-56.0,113.2804,207.5132,0.0,50.0,-1.0,,NORMAL
1790703651.0114322,esp32-1,-55.0,27.5715,24.95767,20.0,187.0,-1.0,,NORMAL
1790703655.1942244,esp32-1,-57.0,43.4726,12.9665,0.0,54.0,-1.0,,NORMAL
1790703660.0675802,esp32-1,-53.0,65.7714,28.646,0.0,11.0,-1.0,,NORMAL
1790703666.3546624,esp32-1,-54.0,191.3348,437.631,20.0,9.0,-1.0,,NORMAL
1790703670.2812192,esp32-1,-55.0,43.582,6.08525,0.0,187.0,-1.0,,NORMAL
1790703676.120006,esp32-1,-54.0,136.4068,311.161,20.0,3.0,-1.0,,NORMAL
1790703680.7949214,esp32-1,-54.0,27.04425,19.88167,20.0,53.0,-1.0,,NORMAL
1790703684.834501,esp32-1,-54.0,43.315,6.67125,0.0,57.0,-1.0,,NORMAL
1790703691.1399128,esp32-1,-56.0,125.5462,250.2577,20.0,12.0,-1.0,,NORMAL
1790703696.1896532,esp32-1,-57.0,56.9548,26.7075,0.0,53.0,-1.0,,NORMAL
1790703699.8384013,esp32-1,-55.0,43.0636,11.6175,0.0,52.0,-1.0,,NORMAL
1790703704.9636047,esp32-1,-53.0,50.0756,29.971,0.0,53.0,-1.0,,NORMAL
1790703710.0976477,esp32-1,-57.0,56.5746,18.69075,0.0,121.0,-1.0,,NORMAL
1790703716.1285443,esp32-1,-58.0,34.4765,13.71933,20.0,5.0,-1.0,,NORMAL
1790703720.3245406,esp32-1,-56.0,131.8808,242.6232,0.0,53.0,-1.0,,NORMAL
1790703725.6529605,esp32-1,-62.0,159.405,324.8103,0.0,253.0,-1.0,,NORMAL
1790703730.0534766,esp32-1,-56.0,42.821,11.8385,0.0,190.0,-1.0,,NORMAL
1790703734.8670268,esp32-1,-56.0,49.612,5.7535,0.0,55.0,-1.0,,NORMAL
1790703740.721605,esp32-1,-55.0,26.90275,24.08633,20.0,51.0,-1.0,,NORMAL
1790703744.822304,esp32-1,-56.0,43.2482,6.68325,0.0,52.0,-1.0,,NORMAL
1790703750.0207336,esp32-1,-56.0,49.4888,8.79425,0.0,92.0,-1.0,,NORMAL
1790703755.9627156,esp32-1,-56.0,25.9085,21.90833,20.0,257.0,-1.0,,NORMAL
1790703760.7632987,esp32-1,-54.0,50.00175,83.846,20.0,6.0,-1.0,,NORMAL
1790703766.303156,esp32-1,-54.0,160.3397,377.1167,20.0,4.0,-1.0,,NORMAL
1790703770.8109708,esp32-1,-53.0,25.8015,21.62933,20.0,54.0,-1.0,,NORMAL
1790703775.7000177,esp32-1,-53.0,33.5395,14.66267,20.0,5.0,-1.0,,NORMAL
1790703781.2091625,esp32-1,-55.0,160.952,379.2853,20.0,3.0,-1.0,,NORMAL
1790703786.6819725,esp32-1,-54.0,158.4926,323.9815,0.0,57.0,-1.0,,NORMAL
1790703790.9951181,esp32-1,-55.0,42.0408,6.188251,0.0,52.0,-1.0,,NORMAL
1790703796.2677453,esp32-1,-54.0,175.9142,379.803,20.0,5.0,-1.0,,NORMAL
1790703800.8182707,esp32-1,-55.0,27.3435,13.464,20.0,45.0,-1.0,,NORMAL
1790703805.1145039,esp32-1,-54.0,41.688,7.17725,0.0,204.0,-1.0,,NORMAL
1790703810.498968,esp32-1,-56.0,151.1832,289.499,0.0,186.0,-1.0,,NORMAL
1790703815.9732552,esp32-1,-54.0,24.89675,21.14733,20.0,268.0,-1.0,,NORMAL
1790703819.8645537,esp32-1,-55.0,41.7546,6.05125,0.0,53.0,-1.0,,NORMAL
1790703825.36046,esp32-1,-55.0,151.3856,292.6187,0.0,52.0,-1.0,,NORMAL
1790703830.8801093,esp32-1,-55.0,24.60925,20.418,20.0,220.0,-1.0,,NORMAL
1790703834.9729764,esp32-1,-54.0,41.3456,6.204501,0.0,197.0,-1.0,,NORMAL
1790703840.964766,esp32-1,-55.0,68.629,84.53975,0.0,52.0,-1.0,,NORMAL
1790703844.9629734,esp32-1,-55.0,56.7494,36.1635,0.0,47.0,-1.0,,NORMAL
1790703849.8782797,esp32-1,-56.0,41.3798,8.514751,0.0,52.0,-1.0,,NORMAL
1790703856.027799,esp32-1,-58.0,48.2028,6.387001,0.0,53.0,-1.0,,NORMAL
1790703860.8346858,esp32-1,-60.0,27.10175,28.46633,20.0,42.0,-1.0,,NORMAL
1790703865.9432325,esp32-1,-54.0,57.02775,25.53733,20.0,8.0,-1.0,,NORMAL
1790703870.9379325,esp32-1,-54.0,48.0208,6.748,0.0,53.0,-1.0,,NORMAL
1790703875.9334445,esp32-1,-56.0,23.964,18.75367,20.0,277.0,-1.0,,NORMAL
1790703880.9698246,esp32-1,-55.0,41.0582,8.369,0.0,57.0,-1.0,,NORMAL
1790703886.119307,esp32-1,-54.0,68.4404,52.60325,0.0,61.0,-1.0,,NORMAL
1790703889.784713,esp32-1,-57.0,33.9062,5.70925,0.0,54.0,-1.0,,NORMAL
1790703895.1952887,esp32-1,-55.0,60.8256,25.65175,0.0,100.0,-1.0,,NORMAL
1790703900.0441735,esp32-1,-57.0,64.37019,17.34275,0.0,83.0,-1.0,,NORMAL
1790703906.3910034,esp32-1,-54.0,183.5265,441.8003,20.0,30.0,-1.0,,NORMAL
1790703915.9346316,esp32-1,-55.0,47.745,6.406751,0.0,250.0,-1.0,,NORMAL
1790703916.5295467,esp32-1,-55.0,105.3898,82.68525,0.0,37.0,-1.0,,NORMAL
1790703921.660079,esp32-1,-57.0,24.01575,19.68966,20.0,53.0,-1.0,,NORMAL
1790703925.7448635,esp32-1,-57.0,40.9652,11.74625,0.0,53.0,-1.0,,NORMAL
1790703930.6727738,esp32-1,-58.0,47.91,6.35675,0.0,53.0,-1.0,,NORMAL
1790703936.8056707,esp32-1,-56.0,25.36,20.70767,20.0,177.0,-1.0,,NORMAL
1790703940.916359,esp32-1,-57.0,41.054,8.938749,0.0,271.0,-1.0,,NORMAL
1790703946.1276116,esp32-1,-55.0,47.5542,7.5455,0.0,54.0,-1.0,,NORMAL
1790703951.7134452,esp32-1,-56.0,23.2835,16.75033,20.0,236.0,-1.0,,NORMAL
1790703956.813674,esp32-1,-55.0,40.8174,9.086249,0.0,53.0,-1.0,,NORMAL
1790703960.9712298,esp32-1,-54.0,47.3444,6.429252,0.0,208.0,-1.0,,NORMAL
1790703967.525921,esp32-1,-54.0,12.689,29.3955,40.0,3.0,-1.0,,NORMAL
1790703971.6212835,esp32-1,-54.0,31.395,9.374,20.0,5.0,-1.0,,NORMAL
1790703975.8825321,esp32-1,-53.0,47.3652,6.829248,0.0,260.0,-1.0,,NORMAL
1790703981.5247304,esp32-1,-54.0,23.7605,13.11267,20.0,51.0,-1.0,,NORMAL
1790703986.729283,esp32-1,-55.0,40.2768,6.01325,0.0,53.0,-1.0,,NORMAL
1790703990.8231936,esp32-1,-55.0,47.0478,6.27575,0.0,210.0,-1.0,,NORMAL
1790703996.6762755,esp32-1,-57.0,22.4205,19.54033,20.0,194.0,-1.0,,NORMAL
1790704001.6748204,esp32-1,-57.0,40.165,7.400001,0.0,54.0,-1.0,,NORMAL
1790704006.0902116,esp32-1,-58.0,88.04761,117.169,0.0,57.0,-1.0,,NORMAL
1790704011.5283637,esp32-1,-54.0,23.4565,19.298,20.0,51.0,-1.0,,NORMAL
1790704016.7313685,esp32-1,-55.0,39.917,5.864749,0.0,53.0,-1.0,,NORMAL
1790704020.9226096,esp32-1,-58.0,46.8748,6.334,0.0,215.0,-1.0,,NORMAL
1790704026.6130347,esp32-1,-55.0,21.7075,8.766333,20.0,3.0,-1.0,,NORMAL
1790704031.5301046,esp32-1,-55.0,22.09,8.913333,20.0,3.0,-1.0,,NORMAL
1790704037.4695358,esp32-1,-56.0,169.9486,356.0178,0.0,52.0,-1.0,,NORMAL
1790704041.972444,esp32-1,-56.0,22.142,17.31367,20.0,497.0,-1.0,,NORMAL
1790704045.7355573,esp32-1,-58.0,60.4504,52.22575,0.0,51.0,-1.0,,NORMAL
1790704050.7956555,esp32-1,-56.0,46.4136,8.777,0.0,53.0,-1.0,,NORMAL
1790704057.748649,esp32-1,-59.0,22.643,18.15433,20.0,52.0,-1.0,,NORMAL
1790704061.6211016,esp32-1,-56.0,47.4155,58.33467,20.0,15.0,-1.0,,NORMAL
1790704066.0441577,esp32-1,-59.0,45.9332,6.241,0.0,355.0,-1.0,,NORMAL
1790704071.636039,esp32-1,-55.0,57.8775,99.64801,20.0,12.0,-1.0,,NORMAL
1790704076.0880384,esp32-1,-52.0,59.7954,29.58925,0.0,243.0,-1.0,,NORMAL
1790704081.4119182,esp32-1,-58.0,172.8386,304.0897,0.0,34.0,-1.0,,NORMAL
1790704085.804644,esp32-1,-55.0,52.6714,1.552499,0.0,53.0,-1.0,,NORMAL
1790704090.717608,esp32-1,-58.0,41.6148,30.2835,0.0,40.0,-1.0,,NORMAL
1790704096.2923834,esp32-1,-57.0,173.835,353.8707,0.0,30.0,-1.0,,NORMAL
1790704100.7536669,esp32-1,-53.0,52.6616,14.55975,0.0,51.0,-1.0,,NORMAL
1790704106.764279,esp32-1,-54.0,29.70625,20.13534,20.0,53.0,-1.0,,NORMAL
1790704110.8598142,esp32-1,-55.0,45.5192,18.6365,0.0,53.0,-1.0,,NORMAL
1790704117.2428331,esp32-1,-58.0,35.093,33.627,20.0,446.0,-1.0,,NORMAL
1790704121.553721,esp32-1,-56.0,29.5775,19.49933,20.0,53.0,-1.0,,NORMAL
1790704126.2508178,esp32-1,-56.0,72.0166,38.377,0.0,25.0,-1.0,,NORMAL
1790704131.8601537,esp32-1,-55.0,52.729,18.88375,0.0,4.0,-1.0,,NORMAL
1790704137.9375753,esp32-1,-58.0,55.294,61.80933,20.0,53.0,-1.0,,NORMAL
1790704141.2167757,esp32-1,-55.0,161.678,114.7938,0.0,3.0,-1.0,,NORMAL
1790704146.7791011,esp32-1,-56.0,27.62725,24.302,20.0,34.0,-1.0,,NORMAL
1790704151.1393597,esp32-1,-56.0,38.3114,4.705501,0.0,52.0,-1.0,,NORMAL
1790704155.9519515,esp32-1,-56.0,45.0506,6.341249,0.0,56.0,-1.0,,NORMAL
1790704162.4761198,esp32-1,-53.0,27.693,37.5315,40.0,4.0,-1.0,,NORMAL
1790704166.7070642,esp32-1,-55.0,28.75925,26.13867,20.0,55.0,-1.0,,NORMAL
1790704172.4324427,esp32-1,-55.0,250.116,573.719,20.0,4.0,-1.0,,NORMAL
1790704176.7949946,esp32-1,-56.0,45.75625,43.62334,20.0,53.0,-1.0,,NORMAL
1790704180.7531304,esp32-1,-54.0,58.5664,29.72675,0.0,53.0,-1.0,,NORMAL
1790704187.4517593,esp32-1,-55.0,253.4275,579.3354,20.0,9.0,-1.0,,NORMAL
1790704190.8309216,esp32-1,-54.0,51.5866,3.987499,0.0,178.0,-1.0,,NORMAL
1790704196.7083476,esp32-1,-52.0,54.274,49.12633,20.0,51.0,-1.0,,NORMAL
1790704200.9055727,esp32-1,-55.0,65.8,49.478,0.0,48.0,-1.0,,NORMAL
1790704205.6937468,esp32-1,-56.0,51.165,2.036499,0.0,52.0,-1.0,,NORMAL
1790704210.7910058,esp32-1,-54.0,37.7038,6.4345,0.0,213.0,-1.0,,NORMAL
1790704217.0840647,esp32-1,-54.0,181.6134,385.4765,0.0,677.0,-1.0,,NORMAL
1790704221.526616,esp32-1,-53.0,21.99975,17.444,20.0,42.0,-1.0,,NORMAL
1790704226.812245,esp32-1,-55.0,27.86625,21.40367,20.0,266.0,-1.0,,NORMAL
1790704230.9206471,esp32-1,-54.0,44.012,5.575249,0.0,251.0,-1.0,,NORMAL
1790704236.6445749,esp32-1,-55.0,21.81325,17.182,20.0,43.0,-1.0,,NORMAL
1790704241.975865,esp32-1,-56.0,27.4885,24.505,20.0,473.0,-1.0,,NORMAL
1790704247.0880232,esp32-1,-55.0,183.3106,388.357,0.0,668.0,-1.0,,NORMAL
1790704251.594438,esp32-1,-57.0,23.0425,21.244,20.0,36.0,-1.0,,NORMAL
1790704255.9727423,esp32-1,-57.0,57.6092,59.3825,0.0,272.0,-1.0,,NORMAL
1790704260.7032921,esp32-1,-54.0,44.062,16.0995,0.0,50.0,-1.0,,NORMAL
1790704266.5672245,esp32-1,-55.0,26.27125,13.145,20.0,3.0,-1.0,,NORMAL
1790704270.7416227,esp32-1,-57.0,57.9402,32.209,0.0,51.0,-1.0,,NORMAL
1790704276.4956155,esp32-1,-54.0,187.5268,358.123,0.0,52.0,-1.0,,NORMAL
1790704282.5065906,esp32-1,-55.0,23.96333,31.7405,40.0,5.0,-1.0,,NORMAL
1790704286.944935,esp32-1,-57.0,26.98275,13.447,20.0,286.0,-1.0,,NORMAL
1790704291.752493,esp32-1,-56.0,67.29,50.29399,20.0,7.0,-1.0,,NORMAL
1790704296.067193,esp32-1,-59.0,50.104,17.57125,0.0,252.0,-1.0,,NORMAL
1790704302.7314801,esp32-1,-56.0,26.445,22.11867,20.0,56.0,-1.0,,NORMAL
1790704306.272654,esp32-1,-59.0,174.1604,177.777,0.0,4.0,-1.0,,NORMAL
1790704311.0930483,esp32-1,-58.0,49.8766,4.805248,0.0,299.0,-1.0,,NORMAL
1790704316.7292943,esp32-1,-53.0,26.54725,23.18133,20.0,180.0,-1.0,,NORMAL
1790704320.7163372,esp32-1,-58.0,42.9218,4.167251,0.0,53.0,-1.0,,NORMAL
1790704326.564841,esp32-1,-53.0,21.75475,17.203,20.0,38.0,-1.0,,NORMAL
1790704331.5596654,esp32-1,-56.0,26.33925,21.48133,20.0,52.0,-1.0,,NORMAL
1790704335.728632,esp32-1,-56.0,45.0036,8.8585,0.0,49.0,-1.0,,NORMAL
1790704340.7899969,esp32-1,-59.0,50.7966,12.58475,0.0,48.0,-1.0,,NORMAL
1790704346.6296737,esp32-1,-58.0,32.532,21.53,20.0,27.0,-1.0,,NORMAL
1790704350.9308999,esp32-1,-55.0,86.54539,62.1745,0.0,39.0,-1.0,,NORMAL
1790704356.9710736,esp32-1,-59.0,49.3228,18.67025,0.0,53.0,-1.0,,NORMAL
1790704360.7570527,esp32-1,-56.0,55.992,11.416,0.0,53.0,-1.0,,NORMAL
1790704366.5948317,esp32-1,-54.0,209.988,420.3772,0.0,36.0,-1.0,,NORMAL
1790704371.613972,esp32-1,-55.0,21.68175,17.12733,20.0,34.0,-1.0,,NORMAL
1790704377.658123,esp32-1,-58.0,26.99025,20.94767,20.0,54.0,-1.0,,NORMAL
1790704381.0342705,esp32-1,-55.0,37.5004,17.95425,0.0,401.0,-1.0,,NORMAL
1790704386.5292518,esp32-1,-55.0,22.961,18.58833,20.0,29.0,-1.0,,NORMAL
1790704391.5498261,esp32-1,-57.0,25.26175,21.24667,20.0,53.0,-1.0,,NORMAL
1790704395.9970245,esp32-1,-55.0,41.951,6.61125,0.0,377.0,-1.0,,NORMAL
1790704400.6956995,esp32-1,-55.0,48.8624,18.737,0.0,53.0,-1.0,,NORMAL
1790704406.5470538,esp32-1,-53.0,34.221,34.59634,20.0,8.0,-1.0,,NORMAL
1790704410.7429035,esp32-1,-59.0,42.0062,6.3625,0.0,52.0,-1.0,,NORMAL
1790704417.5626044,esp32-1,-58.0,25.99233,8.424501,40.0,11.0,-1.0,,NORMAL
1790704421.6988318,esp32-1,-56.0,25.495,15.63333,20.0,48.0,-1.0,,NORMAL
1790704426.0062008,esp32-1,-55.0,41.223,10.4275,0.0,381.0,-1.0,,NORMAL
1790704430.8888023,esp32-1,-55.0,48.3524,20.9785,0.0,227.0,-1.0,,NORMAL
1790704436.6443372,esp32-1,-58.0,24.37075,20.83767,20.0,52.0,-1.0,,NORMAL
1790704442.583838,esp32-1,-55.0,38.493,30.057,40.0,5.0,-1.0,,NORMAL
1790704446.571534,esp32-1,-59.0,22.8895,18.01967,20.0,25.0,-1.0,,NORMAL
1790704452.312558,esp32-1,-55.0,24.019,20.303,20.0,53.0,-1.0,,NORMAL
1790704455.9101655,esp32-1,-59.0,40.8534,5.66125,0.0,239.0,-1.0,,NORMAL
1790704460.9094226,esp32-1,-54.0,47.9046,4.736251,0.0,156.0,-1.0,,NORMAL
1790704466.860778,esp32-1,-55.0,81.8655,147.3033,20.0,27.0,-1.0,,NORMAL
1790704471.3678951,esp32-1,-56.0,189.4996,204.3598,0.0,4.0,-1.0,,NORMAL
1790704476.0766938,esp32-1,-57.0,47.7094,9.564749,0.0,276.0,-1.0,,NORMAL
1790704481.6598938,esp32-1,-54.0,49.025,50.078,20.0,55.0,-1.0,,NORMAL
1790704486.3406374,esp32-1,-55.0,59.4412,30.24725,0.0,64.0,-1.0,,NORMAL
1790704490.8164508,esp32-1,-54.0,51.645,8.75425,0.0,33.0,-1.0,,NORMAL
1790704495.9424036,esp32-1,-54.0,54.347,33.98625,0.0,211.0,-1.0,,NORMAL
1790704500.6621258,esp32-1,-57.0,40.5036,29.9,0.0,53.0,-1.0,,NORMAL
1790704506.579584,esp32-1,-55.0,21.2685,16.46267,20.0,26.0,-1.0,,NORMAL
1790704511.824573,esp32-1,-57.0,24.04825,18.36867,20.0,260.0,-1.0,,NORMAL
1790704516.6021526,esp32-1,-55.0,31.34025,18.17667,20.0,55.0,-1.0,,NORMAL
1790704520.6980464,esp32-1,-55.0,47.1916,6.89,0.0,53.0,-1.0,,NORMAL
1790704526.6655521,esp32-1,-56.0,26.08225,17.739,20.0,49.0,-1.0,,NORMAL
1790704530.9327,esp32-1,-57.0,64.72939,87.091,0.0,3.0,-1.0,,NORMAL
1790704535.7786696,esp32-1,-56.0,47.7084,14.42025,0.0,49.0,-1.0,,NORMAL
1790704541.7094097,esp32-1,-58.0,28.958,24.35867,20.0,5.0,-1.0,,NORMAL
1790704545.883392,esp32-1,-56.0,40.965,16.69725,0.0,50.0,-1.0,,NORMAL
1790704550.8881385,esp32-1,-57.0,47.1702,8.557749,0.0,54.0,-1.0,,NORMAL
1790704558.4739218,esp32-1,-55.0,18.142,29.216,60.0,4.0,-1.0,,NORMAL
1790704560.9371355,esp32-1,-55.0,39.6496,6.4515,0.0,53.0,-1.0,,NORMAL
1790704566.5238106,esp32-1,-57.0,27.739,15.38633,20.0,6.0,-1.0,,NORMAL
1790704571.5590591,esp32-1,-75.0,26.05675,20.02633,20.0,36.0,-1.0,,NORMAL
1790704576.0129323,esp32-1,-56.0,40.0942,6.38125,0.0,58.0,-1.0,,NORMAL
1790704581.7780795,esp32-1,-54.0,66.92876,42.90567,20.0,4.0,-1.0,,NORMAL
1790704586.0871234,esp32-1,-56.0,55.7976,10.36675,0.0,40.0,-1.0,,NORMAL
1790704591.1679375,esp32-1,-56.0,50.6612,20.0845,0.0,337.0,-1.0,,NORMAL
1790704595.7406645,esp32-1,-59.0,46.1104,6.06025,0.0,53.0,-1.0,,NORMAL
1790704601.8159359,esp32-1,-54.0,21.50875,16.83267,20.0,176.0,-1.0,,NORMAL
1790704607.975157,esp32-1,-56.0,59.6948,55.642,0.0,53.0,-1.0,,NORMAL
1790704611.0420513,esp32-1,-56.0,41.9404,11.47275,0.0,383.0,-1.0,,NORMAL
1790704616.6654046,esp32-1,-56.0,28.5525,25.28167,20.0,28.0,-1.0,,NORMAL
1790704621.7911704,esp32-1,-55.0,59.691,88.016,20.0,38.0,-1.0,,NORMAL
1790704625.7212224,esp32-1,-56.0,45.983,5.793499,0.0,52.0,-1.0,,NORMAL
1790704631.722779,esp32-1,-56.0,25.55225,11.711,20.0,167.0,-1.0,,NORMAL
1790704636.7476864,esp32-1,-55.0,29.66175,25.38633,20.0,53.0,-1.0,,NORMAL
1790704640.8721325,esp32-1,-53.0,45.346,15.40925,0.0,8.0,-1.0,,NORMAL
1790704645.7829034,esp32-1,-57.0,51.0766,16.86625,0.0,59.0,-1.0,,NORMAL
1790704650.9704514,esp32-1,-54.0,38.2512,7.958251,0.0,223.0,-1.0,,NORMAL
1790704656.6826572,esp32-1,-56.0,29.66125,14.475,20.0,13.0,-1.0,,NORMAL
1790704661.9400804,esp32-1,-55.0,46.3505,41.42266,20.0,53.0,-1.0,,NORMAL
1790704666.0193374,esp32-1,-55.0,34.4306,13.4515,0.0,418.0,-1.0,,NORMAL
1790704671.6825297,esp32-1,-53.0,41.821,49.73367,20.0,36.0,-1.0,,NORMAL
1790704675.878337,esp32-1,-56.0,72.32841,56.074,0.0,53.0,-1.0,,NORMAL
1790704680.8376842,esp32-1,-58.0,37.8314,7.256,0.0,228.0,-1.0,,NORMAL
1790704685.7098005,esp32-1,-57.0,45.0636,6.780001,0.0,53.0,-1.0,,NORMAL
1790704691.032577,esp32-1,-54.0,92.8872,66.4715,0.0,53.0,-1.0,,NORMAL
1790704696.6780853,esp32-1,-55.0,28.67825,6.724,20.0,53.0,-1.0,,NORMAL
1790704701.6460392,esp32-1,-56.0,47.53525,53.19,20.0,3.0,-1.0,,NORMAL
1790704706.8143563,esp32-1,-57.0,24.01775,18.73933,20.0,40.0,-1.0,,NORMAL
1790704712.9290798,esp32-1,-54.0,28.277,28.93933,20.0,53.0,-1.0,,NORMAL
1790704715.7042325,esp32-1,-56.0,47.0666,7.589251,0.0,41.0,-1.0,,NORMAL
1790704721.0855255,esp32-1,-56.0,62.5082,25.50025,0.0,280.0,-1.0,,NORMAL
1790704726.6497169,esp32-1,-54.0,29.7185,16.774,20.0,48.0,-1.0,,NORMAL
1790704731.0022407,esp32-1,-59.0,85.27879,121.6677,0.0,166.0,-1.0,,NORMAL
1790704736.1866999,esp32-1,-55.0,92.2438,100.7408,0.0,151.0,-1.0,,NORMAL
1790704741.6112068,esp32-1,-57.0,33.268,30.58867,20.0,32.0,-1.0,,NORMAL
1790704745.7966902,esp32-1,-53.0,44.229,6.747,0.0,54.0,-1.0,,NORMAL
1790704751.7354345,esp32-1,-54.0,25.98175,18.48833,20.0,26.0,-1.0,,NORMAL
1790704757.0617359,esp32-1,-54.0,22.989,13.50733,20.0,502.0,-1.0,,NORMAL
1790704761.5358295,esp32-1,-56.0,29.5145,3.254,20.0,7.0,-1.0,,NORMAL
1790704766.5434647,esp32-1,-56.0,21.9765,17.70633,20.0,42.0,-1.0,,NORMAL
1790704771.7661245,esp32-1,-57.0,27.401,22.102,20.0,241.0,-1.0,,NORMAL
1790704775.9415693,esp32-1,-54.0,43.7814,6.262749,0.0,226.0,-1.0,,NORMAL
1790704781.6381438,esp32-1,-56.0,22.30025,18.72933,20.0,38.0,-1.0,,NORMAL
1790704787.6798766,esp32-1,-56.0,237.5858,547.516,20.0,6.0,-1.0,,NORMAL
1790704791.7770572,esp32-1,-56.0,43.4582,6.541501,0.0,53.0,-1.0,,NORMAL
1790704796.5535758,esp32-1,-56.0,22.94575,15.079,20.0,38.0,-1.0,,NORMAL
1790704801.9241102,esp32-1,-55.0,26.8045,23.684,20.0,245.0,-1.0,,NORMAL
1790704805.9340541,esp32-1,-57.0,43.4586,6.736001,0.0,231.0,-1.0,,NORMAL
1790704810.826231,esp32-1,-55.0,50.2588,10.785,0.0,53.0,-1.0,,NORMAL
1790704816.863325,esp32-1,-57.0,26.62675,23.01433,20.0,197.0,-1.0,,NORMAL
1790704820.8578198,esp32-1,-55.0,69.2976,39.916,0.0,26.0,-1.0,,NORMAL
1790704826.5927663,esp32-1,-55.0,22.134,17.65433,20.0,36.0,-1.0,,NORMAL
1790704831.7807252,esp32-1,-54.0,26.445,23.133,20.0,250.0,-1.0,,NORMAL
1790704835.9339268,esp32-1,-56.0,42.8654,5.745,0.0,241.0,-1.0,,NORMAL
1790704841.6455853,esp32-1,-57.0,21.47125,17.32967,20.0,38.0,-1.0,,NORMAL
1790704846.867994,esp32-1,-55.0,26.04325,22.226,20.0,200.0,-1.0,,NORMAL
1790704850.7224193,esp32-1,-55.0,42.5862,6.21225,0.0,54.0,-1.0,,NORMAL
1790704857.6590898,esp32-1,-59.0,65.57034,109.7515,40.0,15.0,-1.0,,NORMAL
1790704861.5388696,esp32-1,-58.0,26.58475,23.51833,20.0,11.0,-1.0,,NORMAL
1790704866.7445009,esp32-1,-59.0,50.87275,6.001666,20.0,5.0,-1.0,,NORMAL
1790704872.5091612,esp32-1,-56.0,27.29633,5.6,40.0,4.0,-1.0,,NORMAL
1790704876.1782167,esp32-1,-56.0,120.5492,216.0722,0.0,38.0,-1.0,,NORMAL
1790704880.8268735,esp32-1,-56.0,42.4796,6.6875,0.0,193.0,-1.0,,NORMAL
1790704887.523198,esp32-1,-56.0,21.06333,27.5465,40.0,4.0,-1.0,,NORMAL
1790704891.6218944,esp32-1,-54.0,25.60475,22.38733,20.0,54.0,-1.0,,NORMAL
1790704895.8883128,esp32-1,-60.0,42.0586,6.59625,0.0,247.0,-1.0,,NORMAL
1790704900.7216368,esp32-1,-58.0,49.0664,4.363502,0.0,55.0,-1.0,,NORMAL
1790704905.8671224,esp32-1,-54.0,55.6202,34.68825,0.0,53.0,-1.0,,NORMAL
1790704910.807963,esp32-1,-57.0,71.351,43.922,0.0,8.0,-1.0,,NORMAL
1790704916.708106,esp32-1,-55.0,41.75075,18.575,20.0,7.0,-1.0,,NORMAL
1790704922.6507695,esp32-1,-56.0,34.89067,11.474,40.0,9.0,-1.0,,NORMAL
1790704925.842837,esp32-1,-58.0,43.0322,26.948,0.0,47.0,-1.0,,NORMAL
1790704930.8714535,esp32-1,-57.0,49.3876,16.8375,0.0,49.0,-1.0,,NORMAL
1790704937.1286802,esp32-1,-58.0,39.92075,35.15133,20.0,432.0,-1.0,,NORMAL
1790704940.6941962,esp32-1,-60.0,42.2046,7.4585,0.0,49.0,-1.0,,NORMAL
1790704946.0979075,esp32-1,-57.0,48.6354,8.47675,0.0,56.0,-1.0,,NORMAL
1790704951.9361234,esp32-1,-59.0,28.13775,12.671,20.0,256.0,-1.0,,NORMAL
1790704955.8591104,esp32-1,-57.0,41.4576,5.37925,0.0,54.0,-1.0,,NORMAL
1790704960.7128997,esp32-1,-58.0,48.1194,5.904001,0.0,54.0,-1.0,,NORMAL
1790704965.7989383,esp32-1,-58.0,54.8676,8.474501,0.0,55.0,-1.0,,NORMAL
1790704970.6895282,esp32-1,-57.0,41.656,18.397,0.0,50.0,-1.0,,NORMAL
1790704975.8982584,esp32-1,-57.0,56.05861,45.931,0.0,60.0,-1.0,,NORMAL
1790704981.1431096,esp32-1,-57.0,75.2972,71.38875,0.0,190.0,-1.0,,NORMAL
1790704987.1624894,esp32-1,-54.0,32.3425,14.37333,20.0,466.0,-1.0,,NORMAL
1790704990.966656,esp32-1,-55.0,47.999,6.723999,0.0,245.0,-1.0,,NORMAL
1790704996.582314,esp32-1,-53.0,29.1005,30.67933,20.0,3.0,-1.0,,NORMAL
1790705000.782228,esp32-1,-55.0,41.229,6.42125,0.0,53.0,-1.0,,NORMAL
1790705005.8136742,esp32-1,-58.0,47.674,18.79425,0.0,4.0,-1.0,,NORMAL
1790705010.7890732,esp32-1,-58.0,54.3786,36.13275,0.0,54.0,-1.0,,NORMAL
1790705015.852169,esp32-1,-56.0,41.1636,13.40525,0.0,52.0,-1.0,,NORMAL
1790705020.7252,esp32-1,-57.0,54.2574,38.12025,0.0,19.0,-1.0,,NORMAL
1790705026.6903949,esp32-1,-55.0,25.61975,21.729,20.0,47.0,-1.0,,NORMAL
1790705030.7877107,esp32-1,-55.0,41.5014,10.269,0.0,50.0,-1.0,,NORMAL
1790705035.8097599,esp32-1,-57.0,48.1994,6.1275,0.0,48.0,-1.0,,NORMAL
1790705040.9363859,esp32-1,-56.0,54.2188,53.89975,0.0,53.0,-1.0,,NORMAL
1790705046.9661164,esp32-1,-55.0,31.53075,30.08233,20.0,269.0,-1.0,,NORMAL
1790705050.916422,esp32-1,-55.0,47.15321,6.239999,0.0,255.0,-1.0,,NORMAL
1790705056.5768402,esp32-1,-57.0,24.84025,20.83233,20.0,46.0,-1.0,,NORMAL
1790705061.5883794,esp32-1,-56.0,41.66775,61.324,20.0,3.0,-1.0,,NORMAL
1790705066.115729,esp32-1,-56.0,77.6388,44.78925,0.0,200.0,-1.0,,NORMAL
1790705072.6686356,esp32-1,-55.0,23.047,19.49833,20.0,53.0,-1.0,,NORMAL
1790705076.5587425,esp32-1,-56.0,30.70875,7.852001,20.0,5.0,-1.0,,NORMAL
1790705080.9262547,esp32-1,-56.0,46.9456,6.080249,0.0,260.0,-1.0,,NORMAL
1790705086.5762625,esp32-1,-55.0,23.504,19.36567,20.0,50.0,-1.0,,NORMAL
1790705091.0303874,esp32-1,-56.0,39.8694,6.3015,0.0,53.0,-1.0,,NORMAL
1790705096.0647523,esp32-1,-55.0,46.529,6.057501,0.0,53.0,-1.0,,NORMAL
1790705101.7127662,esp32-1,-56.0,22.4475,17.49167,20.0,193.0,-1.0,,NORMAL
1790705105.8083754,esp32-1,-56.0,39.7636,6.826001,0.0,179.0,-1.0,,NORMAL
1790705110.9687934,esp32-1,-54.0,46.3776,5.53175,0.0,265.0,-1.0,,NORMAL
1790705116.7150824,esp32-1,-57.0,22.89,14.512,20.0,49.0,-1.0,,NORMAL
1790705120.9268746,esp32-1,-56.0,39.6608,6.322501,0.0,233.0,-1.0,,NORMAL
1790705126.7839262,esp32-1,-57.0,60.92375,29.80267,20.0,4.0,-1.0,,NORMAL
1790705131.711915,esp32-1,-57.0,22.368,19.02,20.0,195.0,-1.0,,NORMAL
1790705136.8320496,esp32-1,-55.0,39.2228,6.07275,0.0,53.0,-1.0,,NORMAL
1790705140.9059067,esp32-1,-58.0,46.336,4.609001,0.0,56.0,-1.0,,NORMAL
1790705146.9230738,esp32-1,-58.0,22.96825,19.09,20.0,50.0,-1.0,,NORMAL
1790705150.9145794,esp32-1,-57.0,69.09721,49.50625,0.0,10.0,-1.0,,NORMAL
1790705155.7349513,esp32-1,-57.0,46.799,28.67575,0.0,54.0,-1.0,,NORMAL
1790705160.9418879,esp32-1,-56.0,53.8692,12.96275,0.0,53.0,-1.0,,NORMAL
1790705166.6806788,esp32-1,-58.0,31.246,28.20933,20.0,53.0,-1.0,,NORMAL
1790705171.589966,esp32-1,-57.0,26.9885,20.65733,20.0,4.0,-1.0,,NORMAL
1790705176.7734334,esp32-1,-56.0,22.185,17.52833,20.0,252.0,-1.0,,NORMAL
1790705181.8559823,esp32-1,-58.0,39.7892,7.79425,0.0,53.0,-1.0,,NORMAL
1790705185.8292196,esp32-1,-57.0,46.488,6.20675,0.0,52.0,-1.0,,NORMAL
1790705191.6632948,esp32-1,-55.0,22.8355,19.019,20.0,52.0,-1.0,,NORMAL
1790705195.758528,esp32-1,-55.0,39.6404,10.9255,0.0,53.0,-1.0,,NORMAL
1790705201.0835776,esp32-1,-53.0,82.4688,123.7405,0.0,197.0,-1.0,,NORMAL
1790705205.7722247,esp32-1,-53.0,54.5184,8.599501,0.0,46.0,-1.0,,NORMAL
1790705211.0392747,esp32-1,-55.0,39.0806,10.361,0.0,244.0,-1.0,,NORMAL
1790705216.8052065,esp32-1,-56.0,46.0534,4.699251,0.0,57.0,-1.0,,NORMAL
1790705220.994352,esp32-1,-56.0,52.965,3.38975,0.0,53.0,-1.0,,NORMAL
1790705226.6920881,esp32-1,-59.0,39.1945,26.45967,20.0,18.0,-1.0,,NORMAL
1790705232.012688,esp32-1,-58.0,45.8922,4.94675,0.0,53.0,-1.0,,NORMAL
1790705236.58765,esp32-1,-55.0,22.79725,18.36433,20.0,51.0,-1.0,,NORMAL
1790705241.7772546,esp32-1,-57.0,30.142,26.45467,20.0,53.0,-1.0,,NORMAL
1790705246.8132029,esp32-1,-56.0,45.778,9.766249,0.0,53.0,-1.0,,NORMAL
1790705252.6236634,esp32-1,-58.0,52.67067,15.235,40.0,6.0,-1.0,,NORMAL
1790705255.705336,esp32-1,-57.0,38.76,6.22375,0.0,53.0,-1.0,,NORMAL
1790705260.8057528,esp32-1,-59.0,45.4432,12.59725,0.0,53.0,-1.0,,NORMAL
1790705268.9908068,esp32-1,-58.0,21.59567,25.687,40.0,11.0,-1.0,,NORMAL
1790705271.8643637,esp32-1,-57.0,29.50575,21.63967,20.0,256.0,-1.0,,NORMAL
1790705276.1494353,esp32-1,-56.0,61.622,25.7755,0.0,294.0,-1.0,,NORMAL
1790705280.9594457,esp32-1,-57.0,69.2892,33.8855,0.0,70.0,-1.0,,NORMAL
1790705286.726297,esp32-1,-56.0,29.87425,20.80866,20.0,51.0,-1.0,,NORMAL
1790705290.8497958,esp32-1,-57.0,45.3524,6.381249,0.0,190.0,-1.0,,NORMAL
1790705296.575699,esp32-1,-58.0,24.46375,15.32433,20.0,40.0,-1.0,,NORMAL
1790705301.8960705,esp32-1,-55.0,58.793,25.99575,0.0,53.0,-1.0,,NORMAL
1790705305.756134,esp32-1,-57.0,45.2432,5.853,0.0,3.0,-1.0,,NORMAL
1790705311.6804965,esp32-1,-56.0,22.25375,15.79367,20.0,45.0,-1.0,,NORMAL
1790705316.7296169,esp32-1,-57.0,61.67325,59.008,20.0,7.0,-1.0,,NORMAL
1790705320.7074535,esp32-1,-55.0,45.2028,13.1085,0.0,52.0,-1.0,,NORMAL
1790705325.7417827,esp32-1,-55.0,52.0764,19.42975,0.0,5.0,-1.0,,NORMAL
1790705332.163956,esp32-1,-56.0,23.1135,18.06267,20.0,498.0,-1.0,,NORMAL
1790705336.8063173,esp32-1,-55.0,91.68975,74.65833,20.0,4.0,-1.0,,NORMAL
1790705341.000306,esp32-1,-55.0,72.9292,50.20124,0.0,48.0,-1.0,,NORMAL
1790705345.913575,esp32-1,-55.0,82.3552,65.15675,0.0,34.0,-1.0,,NORMAL
1790705351.0319443,esp32-1,-54.0,40.1786,9.85375,0.0,389.0,-1.0,,NORMAL
1790705355.7417152,esp32-1,-55.0,56.6258,22.69,0.0,26.0,-1.0,,NORMAL
1790705361.9608636,esp32-1,-55.0,28.21575,25.29167,20.0,266.0,-1.0,,NORMAL
1790705365.7163935,esp32-1,-55.0,44.351,6.2485,0.0,52.0,-1.0,,NORMAL
1790705372.5209303,esp32-1,-56.0,25.41866,10.33,40.0,4.0,-1.0,,NORMAL
1790705376.8086984,esp32-1,-55.0,27.96575,24.60167,20.0,157.0,-1.0,,NORMAL
1790705380.7203743,esp32-1,-54.0,44.0842,6.354751,0.0,52.0,-1.0,,NORMAL
1790705386.5731573,esp32-1,-56.0,21.649,16.85467,20.0,45.0,-1.0,,NORMAL
1790705391.8231955,esp32-1,-57.0,27.6255,24.293,20.0,273.0,-1.0,,NORMAL
1790705396.3675048,esp32-1,-52.0,43.6668,9.526499,0.0,373.0,-1.0,,NORMAL
1790705401.5684528,esp32-1,-55.0,25.3455,16.51767,20.0,28.0,-1.0,,NORMAL
1790705406.7619648,esp32-1,-55.0,36.68,6.1705,0.0,54.0,-1.0,,NORMAL
1790705410.809444,esp32-1,-56.0,43.527,7.942501,0.0,52.0,-1.0,,NORMAL
1790705417.565916,esp32-1,-55.0,28.09966,27.7975,40.0,4.0,-1.0,,NORMAL
1790705421.8249927,esp32-1,-54.0,26.96275,21.18467,20.0,276.0,-1.0,,NORMAL
1790705426.5901687,esp32-1,-52.0,36.7075,12.237,20.0,5.0,-1.0,,NORMAL
1790705431.6082902,esp32-1,-55.0,23.957,14.53367,20.0,30.0,-1.0,,NORMAL
1790705436.516897,esp32-1,-56.0,139.236,138.7365,0.0,243.0,-1.0,,NORMAL
1790705441.7356067,esp32-1,-56.0,34.99575,13.96,20.0,7.0,-1.0,,NORMAL
1790705446.6148427,esp32-1,-54.0,43.772,38.76466,20.0,2.0,-1.0,,NORMAL
1790705451.6700456,esp32-1,-56.0,26.45225,13.61733,20.0,53.0,-1.0,,NORMAL
1790705455.7754345,esp32-1,-54.0,48.0284,12.3285,0.0,29.0,-1.0,,NORMAL
1790705460.8475633,esp32-1,-55.0,70.27879,51.40475,0.0,54.0,-1.0,,NORMAL
1790705466.6423345,esp32-1,-57.0,23.726,12.78633,20.0,3.0,-1.0,,NORMAL
1790705470.724356,esp32-1,-56.0,45.4902,7.037251,0.0,39.0,-1.0,,NORMAL
1790705476.785599,esp32-1,-55.0,70.05875,134.0277,20.0,21.0,-1.0,,NORMAL
1790705482.0469198,esp32-1,-57.0,110.6105,84.39634,20.0,157.0,-1.0,,NORMAL
1790705486.0751243,esp32-1,-57.0,86.98039,78.4455,0.0,3.0,-1.0,,NORMAL
1790705491.5784163,esp32-1,-56.0,28.359,25.66567,20.0,8.0,-1.0,,NORMAL
1790705500.338005,esp32-1,-59.0,33.662,17.57333,20.0,27.0,-1.0,,NORMAL
1790705501.539959,esp32-1,-59.0,49.8368,7.2055,0.0,4.0,-1.0,,NORMAL
1790705507.4809413,esp32-1,-56.0,26.5705,15.62833,20.0,53.0,-1.0,,NORMAL
1790705511.6860673,esp32-1,-55.0,87.6048,64.54825,0.0,41.0,-1.0,,NORMAL
1790705517.5902207,esp32-1,-56.0,49.737,15.45525,0.0,52.0,-1.0,,NORMAL
1790705521.5285847,esp32-1,-57.0,35.6864,7.17675,0.0,61.0,-1.0,,NORMAL
1790705526.6620307,esp32-1,-57.0,42.7444,7.30925,0.0,58.0,-1.0,,NORMAL
1790705532.4739158,esp32-1,-57.0,51.33575,58.582,20.0,14.0,-1.0,,NORMAL
1790705537.2570977,esp32-1,-57.0,26.4,18.25633,20.0,9.0,-1.0,,NORMAL
1790705542.2009518,esp32-1,-58.0,36.5168,13.13925,0.0,722.0,-1.0,,NORMAL
1790705547.2228353,esp32-1,-57.0,49.3026,2.008751,0.0,271.0,-1.0,,NORMAL
1790705551.420876,esp32-1,-57.0,35.814,5.858249,0.0,53.0,-1.0,,NORMAL
1790705556.5390768,esp32-1,-56.0,42.418,6.673,0.0,52.0,-1.0,,NORMAL
1790705563.542063,esp32-1,-58.0,31.84033,2.817999,40.0,208.0,-1.0,,NORMAL
1790705567.3016102,esp32-1,-58.0,29.118,20.22467,20.0,38.0,-1.0,,NORMAL
1790705571.5841696,esp32-1,-61.0,42.6104,4.784499,0.0,54.0,-1.0,,NORMAL
1790705576.5148826,esp32-1,-56.0,48.9936,7.923249,0.0,55.0,-1.0,,NORMAL
1790705582.3688495,esp32-1,-55.0,26.97975,21.98167,20.0,47.0,-1.0,,NORMAL
1790705586.428796,esp32-1,-54.0,42.1734,6.056,0.0,53.0,-1.0,,NORMAL
1790705591.629484,esp32-1,-57.0,48.7614,10.72475,0.0,220.0,-1.0,,NORMAL
1790705596.873981,esp32-1,-57.0,56.0254,3.496749,0.0,52.0,-1.0,,NORMAL
1790705601.4822075,esp32-1,-58.0,42.059,18.6755,0.0,3.0,-1.0,,NORMAL
1790705607.5274358,esp32-1,-56.0,24.35525,18.458,20.0,23.0,-1.0,,NORMAL
1790705612.9529247,esp32-1,-58.0,24.8075,20.08167,20.0,254.0,-1.0,,NORMAL
1790705616.657274,esp32-1,-57.0,41.7618,6.110249,0.0,240.0,-1.0,,NORMAL
1790705622.266118,esp32-1,-54.0,21.59625,17.019,20.0,32.0,-1.0,,NORMAL
1790705628.3118324,esp32-1,-58.0,32.69967,14.0405,40.0,4.0,-1.0,,NORMAL
1790705631.4869795,esp32-1,-56.0,41.8768,6.298001,0.0,52.0,-1.0,,NORMAL
1790705637.2660222,esp32-1,-57.0,21.48525,17.46167,20.0,31.0,-1.0,,NORMAL
1790705642.354809,esp32-1,-59.0,29.25675,2.797667,20.0,35.0,-1.0,,NORMAL
1790705646.601522,esp32-1,-57.0,41.4706,6.65,0.0,244.0,-1.0,,NORMAL
1790705653.543243,esp32-1,-59.0,27.762,9.775499,40.0,5.0,-1.0,,NORMAL
1790705658.7041597,esp32-1,-60.0,36.12633,2.342499,40.0,17.0,-1.0,,NORMAL
1790705661.5209844,esp32-1,-59.0,61.58699,24.5565,0.0,53.0,-1.0,,NORMAL
1790705666.629825,esp32-1,-57.0,48.3336,28.06225,0.0,52.0,-1.0,,NORMAL
1790705673.6874754,esp32-1,-57.0,26.05325,19.299,20.0,52.0,-1.0,,NORMAL
1790705677.107741,esp32-1,-62.0,59.8462,24.96175,0.0,596.0,-1.0,,NORMAL
1790705683.2194862,esp32-1,-61.0,20.43233,25.739,40.0,5.0,-1.0,,NORMAL
1790705687.3050776,esp32-1,-61.0,24.5245,19.90033,20.0,50.0,-1.0,,NORMAL
1790705691.5064785,esp32-1,-60.0,70.2994,42.54175,0.0,7.0,-1.0,,NORMAL
1790705696.520604,esp32-1,-62.0,47.558,5.283499,0.0,3.0,-1.0,,NORMAL
1790705703.4799185,esp32-1,-61.0,23.61275,17.07967,20.0,53.0,-1.0,,NORMAL
1790705707.3690536,esp32-1,-58.0,23.6965,12.83933,20.0,3.0,-1.0,,NORMAL
1790705712.590475,esp32-1,-59.0,80.69901,150.571,20.0,5.0,-1.0,,NORMAL
1790705717.403647,esp32-1,-60.0,23.77975,19.67967,20.0,51.0,-1.0,,NORMAL
1790705721.4037063,esp32-1,-60.0,40.3928,6.161749,0.0,52.0,-1.0,,NORMAL
1790705726.8419447,esp32-1,-62.0,74.6832,40.04,0.0,18.0,-1.0,,NORMAL
1790705733.275446,esp32-1,-60.0,21.36667,11.6375,40.0,3.0,-1.0,,NORMAL
1790705736.6564686,esp32-1,-60.0,40.349,5.81125,0.0,260.0,-1.0,,NORMAL
1790705741.6341302,esp32-1,-60.0,46.9988,4.99575,0.0,246.0,-1.0,,NORMAL
1790705747.4687881,esp32-1,-61.0,22.8985,18.41133,20.0,227.0,-1.0,,NORMAL
1790705751.5045211,esp32-1,-63.0,40.1764,7.102,0.0,54.0,-1.0,,NORMAL
1790705756.5214295,esp32-1,-59.0,46.8226,8.074002,0.0,52.0,-1.0,,NORMAL
1790705762.461284,esp32-1,-61.0,22.66575,18.247,20.0,182.0,-1.0,,NORMAL
1790705766.6167817,esp32-1,-60.0,39.9946,6.658,0.0,265.0,-1.0,,NORMAL
1790705771.6890967,esp32-1,-63.0,46.9052,6.4185,0.0,249.0,-1.0,,NORMAL
1790705777.479893,esp32-1,-61.0,22.3915,17.14233,20.0,229.0,-1.0,,NORMAL
1790705781.5702674,esp32-1,-61.0,39.9864,6.821499,0.0,215.0,-1.0,,NORMAL
1790705786.5277572,esp32-1,-60.0,46.3472,6.4005,0.0,53.0,-1.0,,NORMAL
1790705792.300035,esp32-1,-63.0,22.592,20.05467,20.0,51.0,-1.0,,NORMAL
1790705796.6760564,esp32-1,-60.0,39.9294,6.457749,0.0,269.0,-1.0,,NORMAL
1790705802.6130822,esp32-1,-58.0,46.5502,6.252001,0.0,53.0,-1.0,,NORMAL
1790705807.3038785,esp32-1,-62.0,23.553,19.00367,20.0,45.0,-1.0,,NORMAL
1790705813.265158,esp32-1,-60.0,30.81634,4.973001,40.0,6.0,-1.0,,NORMAL
1790705816.7359464,esp32-1,-60.0,46.3914,6.120749,0.0,204.0,-1.0,,NORMAL
1790705822.3666403,esp32-1,-61.0,23.31775,21.13,20.0,47.0,-1.0,,NORMAL
1790705826.4635758,esp32-1,-61.0,39.4268,6.375,0.0,53.0,-1.0,,NORMAL
1790705831.6872458,esp32-1,-59.0,46.0404,6.929,0.0,259.0,-1.0,,NORMAL
1790705838.403046,esp32-1,-60.0,21.9595,17.444,20.0,52.0,-1.0,,NORMAL
1790705841.725683,esp32-1,-61.0,39.325,6.3355,0.0,226.0,-1.0,,NORMAL
1790705846.435693,esp32-1,-60.0,45.799,6.251252,0.0,51.0,-1.0,,NORMAL
1790705852.2873142,esp32-1,-63.0,21.977,17.539,20.0,51.0,-1.0,,NORMAL
1790705856.5302498,esp32-1,-61.0,39.0906,6.5215,0.0,176.0,-1.0,,NORMAL
1790705861.6917896,esp32-1,-62.0,45.6174,6.322,0.0,264.0,-1.0,,NORMAL
1790705867.289418,esp32-1,-62.0,22.559,15.551,20.0,48.0,-1.0,,NORMAL
1790705872.5781705,esp32-1,-61.0,38.6942,7.021,0.0,52.0,-1.0,,NORMAL
1790705877.6110592,esp32-1,-61.0,85.21875,62.97467,20.0,5.0,-1.0,,NORMAL
1790705882.3772361,esp32-1,-61.0,22.479,16.403,20.0,47.0,-1.0,,NORMAL
1790705886.4719467,esp32-1,-61.0,38.7084,6.500251,0.0,53.0,-1.0,,NORMAL
1790705891.8624558,esp32-1,-63.0,86.33479,120.6895,0.0,270.0,-1.0,,NORMAL
1790705897.4306076,esp32-1,-60.0,21.64325,17.206,20.0,51.0,-1.0,,NORMAL
1790705901.6521034,esp32-1,-60.0,38.5454,7.319251,0.0,235.0,-1.0,,NORMAL
1790705906.604818,esp32-1,-60.0,45.434,6.66725,0.0,219.0,-1.0,,NORMAL
1790705912.5857272,esp32-1,-61.0,22.139,17.125,20.0,195.0,-1.0,,NORMAL
1790705916.4093196,esp32-1,-59.0,38.3502,7.16525,0.0,52.0,-1.0,,NORMAL
1790705922.1108506,esp32-1,-61.0,40.0694,11.1865,0.0,691.0,-1.0,,NORMAL
1790705927.3405552,esp32-1,-61.0,22.3415,18.09267,20.0,46.0,-1.0,,NORMAL
1790705932.451335,esp32-1,-61.0,43.465,65.654,20.0,4.0,-1.0,,NORMAL
1790705937.6121662,esp32-1,-60.0,44.9954,6.405251,0.0,53.0,-1.0,,NORMAL
1790705942.3007512,esp32-1,-60.0,22.4915,17.227,20.0,44.0,-1.0,,NORMAL
1790705946.4820516,esp32-1,-58.0,38.0648,6.413,0.0,52.0,-1.0,,NORMAL
1790705951.560136,esp32-1,-59.0,44.7362,7.06725,0.0,176.0,-1.0,,NORMAL
1790705957.335815,esp32-1,-60.0,21.81275,17.41067,20.0,48.0,-1.0,,NORMAL
1790705961.596656,esp32-1,-61.0,37.829,6.642251,0.0,245.0,-1.0,,NORMAL
1790705966.55974,esp32-1,-61.0,44.8992,6.391001,0.0,53.0,-1.0,,NORMAL
1790705971.4693143,esp32-1,-60.0,51.6028,13.55075,0.0,53.0,-1.0,,NORMAL
1790705976.6929605,esp32-1,-57.0,37.8672,9.507,0.0,197.0,-1.0,,NORMAL
1790705981.4369504,esp32-1,-61.0,44.5772,6.249,0.0,53.0,-1.0,,NORMAL
1790705987.2992783,esp32-1,-60.0,21.75,17.97133,20.0,44.0,-1.0,,NORMAL
1790705993.1774487,esp32-1,-60.0,21.5135,17.182,20.0,806.0,-1.0,,NORMAL
1790705997.5814304,esp32-1,-59.0,75.66025,146.5307,20.0,4.0,-1.0,,NORMAL
1790706002.2976167,esp32-1,-60.0,24.546,18.679,20.0,33.0,-1.0,,NORMAL
1790706007.481005,esp32-1,-59.0,27.65725,21.34667,20.0,201.0,-1.0,,NORMAL
1790706011.5659714,esp32-1,-58.0,44.1976,5.57125,0.0,184.0,-1.0,,NORMAL
1790706017.3469863,esp32-1,-59.0,23.224,18.10433,20.0,37.0,-1.0,,NORMAL
1790706022.726992,esp32-1,-61.0,27.598,21.17333,20.0,253.0,-1.0,,NORMAL
1790706026.6226296,esp32-1,-59.0,43.8698,6.367249,0.0,240.0,-1.0,,NORMAL
1790706032.2965171,esp32-1,-57.0,21.158,16.97,20.0,44.0,-1.0,,NORMAL
1790706037.3362286,esp32-1,-58.0,39.89175,40.825,20.0,4.0,-1.0,,NORMAL
1790706041.7222953,esp32-1,-57.0,43.6726,6.747,0.0,190.0,-1.0,,NORMAL
1790706046.7353208,esp32-1,-60.0,95.2664,70.83025,0.0,35.0,-1.0,,NORMAL
1790706052.5738485,esp32-1,-61.0,27.26925,23.79,20.0,259.0,-1.0,,NORMAL
1790706056.6828892,esp32-1,-60.0,43.5412,5.64125,0.0,244.0,-1.0,,NORMAL
1790706061.646156,esp32-1,-59.0,50.2128,3.142001,0.0,235.0,-1.0,,NORMAL
1790706067.573828,esp32-1,-59.0,27.13975,17.06333,20.0,210.0,-1.0,,NORMAL
1790706071.5180016,esp32-1,-57.0,43.6458,6.341001,0.0,51.0,-1.0,,NORMAL
1790706077.149028,esp32-1,-58.0,152.4226,312.6875,0.0,131.0,-1.0,,NORMAL
1790706083.4995606,esp32-1,-61.0,26.736,22.42133,20.0,58.0,-1.0,,NORMAL
1790706086.889692,esp32-1,-57.0,84.597,104.7642,0.0,247.0,-1.0,,NORMAL
1790706092.4066253,esp32-1,-59.0,22.69825,14.71033,20.0,36.0,-1.0,,NORMAL
1790706097.574329,esp32-1,-59.0,26.976,23.75333,20.0,213.0,-1.0,,NORMAL
1790706101.7842405,esp32-1,-61.0,43.3068,5.97925,0.0,199.0,-1.0,,NORMAL
1790706108.2485542,esp32-1,-59.0,24.85433,31.9895,40.0,11.0,-1.0,,NORMAL
1790706112.5896614,esp32-1,-58.0,26.65575,22.93434,20.0,267.0,-1.0,,NORMAL
1790706116.684013,esp32-1,-59.0,42.987,6.2745,0.0,254.0,-1.0,,NORMAL
1790706122.5391183,esp32-1,-61.0,21.917,17.462,20.0,36.0,-1.0,,NORMAL
1790706127.4934156,esp32-1,-58.0,26.5685,22.733,20.0,218.0,-1.0,,NORMAL
1790706131.5367224,esp32-1,-60.0,42.9136,7.11475,0.0,53.0,-1.0,,NORMAL
1790706138.2855964,esp32-1,-60.0,20.49067,13.6655,40.0,4.0,-1.0,,NORMAL
1790706142.5871391,esp32-1,-59.0,26.259,22.983,20.0,272.0,-1.0,,NORMAL
1790706146.6823072,esp32-1,-60.0,42.9006,7.02875,0.0,259.0,-1.0,,NORMAL
1790706152.2849286,esp32-1,-61.0,24.19525,15.88067,20.0,26.0,-1.0,,NORMAL
1790706157.574827,esp32-1,-59.0,25.9625,22.72,20.0,223.0,-1.0,,NORMAL
1790706161.636722,esp32-1,-58.0,54.2618,21.57375,0.0,97.0,-1.0,,NORMAL
1790706168.2941644,esp32-1,-59.0,23.08767,21.1165,40.0,9.0,-1.0,,NORMAL
1790706173.4094615,esp32-1,-60.0,25.91225,22.77833,20.0,54.0,-1.0,,NORMAL
1790706176.6414669,esp32-1,-59.0,42.2454,6.398501,0.0,263.0,-1.0,,NORMAL
1790706182.5681708,esp32-1,-58.0,96.515,75.81699,20.0,4.0,-1.0,,NORMAL
1790706187.5759497,esp32-1,-57.0,25.477,18.74767,20.0,228.0,-1.0,,NORMAL
1790706191.4303918,esp32-1,-57.0,42.1438,6.649499,0.0,51.0,-1.0,,NORMAL
1790706199.1381676,esp32-1,-60.0,312.898,465.1575,40.0,31.0,-1.0,,NORMAL
1790706203.3118348,esp32-1,-73.0,19.792,12.9465,40.0,3.0,-1.0,,NORMAL
1790706206.900162,esp32-1,-57.0,82.9122,117.378,0.0,270.0,-1.0,,NORMAL
1790706212.2810943,esp32-1,-59.0,21.7675,17.219,20.0,32.0,-1.0,,NORMAL
1790706217.508138,esp32-1,-61.0,25.03175,20.42033,20.0,235.0,-1.0,,NORMAL
1790706221.5417438,esp32-1,-55.0,41.6238,6.1995,0.0,52.0,-1.0,,NORMAL
1790706227.3769357,esp32-1,-55.0,21.98925,17.38833,20.0,31.0,-1.0,,NORMAL
1790706232.3195658,esp32-1,-57.0,24.65225,19.42967,20.0,52.0,-1.0,,NORMAL
1790706236.6946518,esp32-1,-56.0,41.352,5.541,0.0,274.0,-1.0,,NORMAL
1790706241.8761957,esp32-1,-56.0,89.6272,109.2405,0.0,255.0,-1.0,,NORMAL
1790706247.5058477,esp32-1,-53.0,24.30675,19.36033,20.0,239.0,-1.0,,NORMAL
1790706251.680504,esp32-1,-56.0,41.3994,6.555499,0.0,225.0,-1.0,,NORMAL
1790706256.4625878,esp32-1,-59.0,48.3212,7.062499,0.0,52.0,-1.0,,NORMAL
1790706263.4221349,esp32-1,-57.0,24.094,19.66067,20.0,53.0,-1.0,,NORMAL
1790706266.595697,esp32-1,-60.0,41.2668,6.157249,0.0,175.0,-1.0,,NORMAL
1790706272.022971,esp32-1,-58.0,89.3518,112.9665,0.0,271.0,-1.0,,NORMAL
1790706277.5096502,esp32-1,-56.0,24.17625,20.47033,20.0,242.0,-1.0,,NORMAL
1790706281.608737,esp32-1,-55.0,41.3024,6.554,0.0,231.0,-1.0,,NORMAL
1790706287.6382735,esp32-1,-59.0,40.99925,42.53133,20.0,210.0,-1.0,,NORMAL
1790706291.6409001,esp32-1,-59.0,54.72741,20.273,0.0,197.0,-1.0,,NORMAL
1790706296.4301784,esp32-1,-55.0,41.1004,6.228251,0.0,52.0,-1.0,,NORMAL
1790706302.2857778,esp32-1,-57.0,22.8565,18.48533,20.0,21.0,-1.0,,NORMAL
1790706307.317769,esp32-1,-62.0,23.6085,19.149,20.0,53.0,-1.0,,NORMAL
1790706311.6784165,esp32-1,-58.0,40.5544,6.421249,0.0,235.0,-1.0,,NORMAL
1790706317.593664,esp32-1,-56.0,69.37725,143.084,20.0,40.0,-1.0,,NORMAL
1790706322.6106553,esp32-1,-64.0,23.8335,19.56267,20.0,198.0,-1.0,,NORMAL
1790706326.6055005,esp32-1,-56.0,40.5754,6.5855,0.0,184.0,-1.0,,NORMAL
1790706332.6549146,esp32-1,-59.0,47.4064,7.226749,0.0,53.0,-1.0,,NORMAL
1790706337.5366988,esp32-1,-57.0,23.45325,15.85633,20.0,252.0,-1.0,,NORMAL
1790706341.7676027,esp32-1,-58.0,40.5572,5.66475,0.0,249.0,-1.0,,NORMAL
1790706346.5756013,esp32-1,-58.0,47.366,6.568751,0.0,53.0,-1.0,,NORMAL
1790706352.471449,esp32-1,-70.0,22.96625,19.043,20.0,202.0,-1.0,,NORMAL
1790706356.5079267,esp32-1,-57.0,40.3732,6.77975,0.0,51.0,-1.0,,NORMAL
1790706361.7287169,esp32-1,-59.0,47.005,7.449,0.0,276.0,-1.0,,NORMAL
1790706367.5714998,esp32-1,-59.0,23.0615,19.61567,20.0,256.0,-1.0,,NORMAL
1790706372.529066,esp32-1,-60.0,40.2988,6.15125,0.0,53.0,-1.0,,NORMAL
1790706377.6014779,esp32-1,-64.0,77.58025,140.2397,20.0,3.0,-1.0,,NORMAL
1790706382.4150126,esp32-1,-58.0,23.51775,21.831,20.0,49.0,-1.0,,NORMAL
1790706387.4908257,esp32-1,-59.0,39.9958,6.453249,0.0,53.0,-1.0,,NORMAL
1790706391.5872664,esp32-1,-60.0,47.051,6.0535,0.0,178.0,-1.0,,NORMAL
1790706397.5524213,esp32-1,-58.0,23.03425,18.904,20.0,259.0,-1.0,,NORMAL
1790706402.5647082,esp32-1,-57.0,85.714,73.634,20.0,4.0,-1.0,,NORMAL
1790706407.6377094,esp32-1,-57.0,90.01225,67.953,20.0,4.0,-1.0,,NORMAL
1790706412.4201665,esp32-1,-58.0,22.7945,18.473,20.0,51.0,-1.0,,NORMAL
1790706417.4964669,esp32-1,-58.0,39.3266,7.85025,0.0,54.0,-1.0,,NORMAL
1790706421.5635276,esp32-1,-57.0,67.049,81.808,0.0,52.0,-1.0,,NORMAL
1790706427.3258133,esp32-1,-60.0,23.846,19.05233,20.0,45.0,-1.0,,NORMAL
1790706431.7818437,esp32-1,-59.0,39.2966,3.309999,0.0,53.0,-1.0,,NORMAL
1790706436.643976,esp32-1,-58.0,46.2118,6.283249,0.0,241.0,-1.0,,NORMAL
1790706442.423622,esp32-1,-57.0,22.42225,15.509,20.0,51.0,-1.0,,NORMAL
1790706446.9294968,esp32-1,-58.0,39.3272,6.591001,0.0,53.0,-1.0,,NORMAL
1790706451.7996213,esp32-1,-58.0,68.7676,79.33926,0.0,43.0,-1.0,,NORMAL
1790706457.3747942,esp32-1,-58.0,23.08325,18.49133,20.0,49.0,-1.0,,NORMAL
1790706462.6048243,esp32-1,-59.0,39.4118,6.738001,0.0,53.0,-1.0,,NORMAL
1790706466.918352,esp32-1,-59.0,46.1846,5.537749,0.0,247.0,-1.0,,NORMAL
1790706472.5686235,esp32-1,-57.0,22.39775,18.83367,20.0,51.0,-1.0,,NORMAL
1790706476.4290266,esp32-1,-59.0,39.136,6.2915,0.0,52.0,-1.0,,NORMAL
1790706481.7462084,esp32-1,-60.0,66.4772,86.25675,0.0,193.0,-1.0,,NORMAL
1790706487.5420709,esp32-1,-61.0,21.81175,16.78967,20.0,274.0,-1.0,,NORMAL
1790706491.37989,esp32-1,-58.0,38.9494,6.86775,0.0,4.0,-1.0,,NORMAL
1790706496.7108142,esp32-1,-57.0,45.5852,6.44575,0.0,246.0,-1.0,,NORMAL
1790706502.4388196,esp32-1,-59.0,22.1465,17.75867,20.0,49.0,-1.0,,NORMAL
1790706506.5318685,esp32-1,-58.0,38.7098,6.831,0.0,53.0,-1.0,,NORMAL
1790706512.527506,esp32-1,-57.0,45.623,6.15225,0.0,53.0,-1.0,,NORMAL
1790706517.339285,esp32-1,-60.0,21.77325,17.23533,20.0,51.0,-1.0,,NORMAL
1790706521.4540663,esp32-1,-57.0,38.5022,9.127249,0.0,53.0,-1.0,,NORMAL
1790706527.0788596,esp32-1,-59.0,85.5082,57.26375,0.0,476.0,-1.0,,NORMAL
1790706532.4414191,esp32-1,-57.0,22.4695,19.46533,20.0,46.0,-1.0,,NORMAL
1790706536.6772103,esp32-1,-57.0,38.2454,6.500249,0.0,225.0,-1.0,,NORMAL
1790706541.6123893,esp32-1,-58.0,45.3738,6.059,0.0,202.0,-1.0,,NORMAL
1790706547.3911512,esp32-1,-57.0,21.68125,17.12233,20.0,49.0,-1.0,,NORMAL
1790706551.6935759,esp32-1,-57.0,38.4032,8.97175,0.0,272.0,-1.0,,NORMAL
1790706556.7101064,esp32-1,-58.0,44.8848,5.69975,0.0,255.0,-1.0,,NORMAL
1790706562.3275087,esp32-1,-58.0,23.33625,17.64667,20.0,42.0,-1.0,,NORMAL
1790706566.4323003,esp32-1,-58.0,38.189,6.5525,0.0,53.0,-1.0,,NORMAL
1790706571.7631714,esp32-1,-59.0,44.8812,6.271001,0.0,207.0,-1.0,,NORMAL
1790706577.3156757,esp32-1,-58.0,22.06225,18.50767,20.0,46.0,-1.0,,NORMAL
1790706581.6372833,esp32-1,-57.0,83.0688,62.8745,0.0,33.0,-1.0,,NORMAL
1790706586.6737041,esp32-1,-57.0,44.9666,7.654249,0.0,260.0,-1.0,,NORMAL
1790706592.27466,esp32-1,-61.0,22.45,16.987,20.0,2.0,-1.0,,NORMAL
1790706598.0897853,esp32-1,-58.0,45.74775,48.76733,20.0,719.0,-1.0,,NORMAL
1790706601.56259,esp32-1,-61.0,44.6388,6.247,0.0,53.0,-1.0,,NORMAL
1790706607.4025993,esp32-1,-60.0,23.29775,15.429,20.0,39.0,-1.0,,NORMAL
1790706611.495487,esp32-1,-59.0,37.576,6.312249,0.0,3.0,-1.0,,NORMAL
1790706616.7153456,esp32-1,-61.0,44.558,6.359752,0.0,265.0,-1.0,,NORMAL
1790706622.3203166,esp32-1,-60.0,23.33225,15.967,20.0,38.0,-1.0,,NORMAL
1790706627.3702774,esp32-1,-60.0,27.779,22.533,20.0,53.0,-1.0,,NORMAL
1790706632.178254,esp32-1,-59.0,76.9648,47.42725,0.0,520.0,-1.0,,NORMAL
1790706637.4060822,esp32-1,-61.0,23.78475,17.96167,20.0,35.0,-1.0,,NORMAL
1790706642.5241947,esp32-1,-61.0,27.82025,25.05967,20.0,182.0,-1.0,,NORMAL
1790706646.7198527,esp32-1,-59.0,87.5322,60.11275,0.0,40.0,-1.0,,NORMAL
1790706652.3130279,esp32-1,-58.0,23.87125,16.35267,20.0,33.0,-1.0,,NORMAL
1790706657.599216,esp32-1,-58.0,27.4435,21.73667,20.0,235.0,-1.0,,NORMAL
1790706661.5667987,esp32-1,-58.0,43.9118,5.811749,0.0,53.0,-1.0,,NORMAL
1790706667.405417,esp32-1,-73.0,25.34275,19.94234,20.0,27.0,-1.0,,NORMAL
1790706673.448117,esp32-1,-58.0,27.01525,19.41067,20.0,53.0,-1.0,,NORMAL
1790706676.5232008,esp32-1,-59.0,43.5308,6.795,0.0,52.0,-1.0,,NORMAL
1790706682.329009,esp32-1,-60.0,22.32275,17.68367,20.0,42.0,-1.0,,NORMAL
1790706687.5967412,esp32-1,-58.0,27.031,21.87167,20.0,241.0,-1.0,,NORMAL
1790706691.6348085,esp32-1,-59.0,43.522,6.231251,0.0,226.0,-1.0,,NORMAL
1790706697.4125438,esp32-1,-56.0,22.04675,17.75767,20.0,38.0,-1.0,,NORMAL
1790706702.4908879,esp32-1,-60.0,26.94875,15.92533,20.0,192.0,-1.0,,NORMAL
1790706706.6840014,esp32-1,-60.0,63.8428,81.40875,0.0,179.0,-1.0,,NORMAL
1790706712.3651857,esp32-1,-60.0,21.71975,16.81067,20.0,42.0,-1.0,,NORMAL
1790706717.599248,esp32-1,-59.0,26.65925,21.77334,20.0,246.0,-1.0,,NORMAL
1790706721.7113442,esp32-1,-59.0,42.9506,6.500999,0.0,238.0,-1.0,,NORMAL
1790706726.5957088,esp32-1,-60.0,49.8818,9.36325,0.0,52.0,-1.0,,NORMAL
1790706732.642003,esp32-1,-60.0,26.43425,16.041,20.0,196.0,-1.0,,NORMAL
1790706736.6325998,esp32-1,-57.0,42.8638,6.40925,0.0,184.0,-1.0,,NORMAL
1790706742.3694813,esp32-1,-58.0,24.069,19.647,20.0,28.0,-1.0,,NORMAL
1790706747.3439028,esp32-1,-60.0,26.3105,21.42367,20.0,53.0,-1.0,,NORMAL
1790706751.5842328,esp32-1,-58.0,42.6872,6.301749,0.0,52.0,-1.0,,NORMAL
1790706757.3130252,esp32-1,-59.0,23.49375,15.02967,20.0,31.0,-1.0,,NORMAL
1790706762.494701,esp32-1,-59.0,26.072,20.709,20.0,201.0,-1.0,,NORMAL
1790706767.5132859,esp32-1,-57.0,42.6648,6.308,0.0,53.0,-1.0,,NORMAL
1790706772.3747241,esp32-1,-58.0,22.9735,19.80967,20.0,32.0,-1.0,,NORMAL
1790706776.629927,esp32-1,-60.0,35.2638,6.878001,0.0,260.0,-1.0,,NORMAL
1790706782.0137098,esp32-1,-60.0,42.7014,6.05275,0.0,546.0,-1.0,,NORMAL
1790706788.3486097,esp32-1,-60.0,22.47034,30.5525,40.0,4.0,-1.0,,NORMAL
1790706792.4464157,esp32-1,-58.0,25.69825,22.248,20.0,53.0,-1.0,,NORMAL
1790706796.599723,esp32-1,-59.0,42.3582,6.176001,0.0,193.0,-1.0,,NORMAL
1790706802.5808098,esp32-1,-60.0,21.884,16.98933,20.0,33.0,-1.0,,NORMAL
1790706807.5986445,esp32-1,-56.0,25.64425,19.71667,20.0,258.0,-1.0,,NORMAL
1790706811.7065415,esp32-1,-58.0,42.3354,7.44625,0.0,247.0,-1.0,,NORMAL
1790706818.2553558,esp32-1,-60.0,21.59267,22.726,40.0,4.0,-1.0,,NORMAL
1790706822.4469564,esp32-1,-58.0,25.07925,19.656,20.0,52.0,-1.0,,NORMAL
1790706826.748036,esp32-1,-58.0,41.9352,33.53625,0.0,199.0,-1.0,,NORMAL
1790706831.66787,esp32-1,-57.0,48.6696,8.282001,0.0,180.0,-1.0,,NORMAL
1790706836.889045,esp32-1,-60.0,139.1738,181.9463,0.0,3.0,-1.0,,NORMAL
1790706841.6483464,esp32-1,-59.0,41.8804,6.1165,0.0,52.0,-1.0,,NORMAL
1790706847.3182201,esp32-1,-58.0,21.69625,17.043,20.0,32.0,-1.0,,NORMAL
1790706852.5082533,esp32-1,-58.0,24.74575,21.126,20.0,216.0,-1.0,,NORMAL
1790706856.6457238,esp32-1,-59.0,41.6186,7.16075,0.0,203.0,-1.0,,NORMAL
1790706862.3865936,esp32-1,-59.0,22.6295,15.592,20.0,27.0,-1.0,,NORMAL
1790706868.529748,esp32-1,-57.0,24.955,17.905,20.0,52.0,-1.0,,NORMAL
1790706871.854195,esp32-1,-59.0,41.3196,6.467999,0.0,257.0,-1.0,,NORMAL
1790706877.7460768,esp32-1,-57.0,48.2272,4.963,0.0,53.0,-1.0,,NORMAL
1790706882.347938,esp32-1,-58.0,24.1955,19.785,20.0,53.0,-1.0,,NORMAL
1790706887.5764663,esp32-1,-59.0,51.3825,25.53233,20.0,4.0,-1.0,,NORMAL
1790706892.5443654,esp32-1,-60.0,48.1744,7.404,0.0,53.0,-1.0,,NORMAL
1790706897.409408,esp32-1,-57.0,24.007,19.81,20.0,53.0,-1.0,,NORMAL
1790706901.5054214,esp32-1,-58.0,41.422,6.14375,0.0,53.0,-1.0,,NORMAL
1790706906.9899921,esp32-1,-57.0,47.976,4.021,0.0,244.0,-1.0,,NORMAL
1790706912.593914,esp32-1,-55.0,23.82225,19.048,20.0,225.0,-1.0,,NORMAL
1790706916.7028298,esp32-1,-58.0,40.9032,6.1015,0.0,212.0,-1.0,,NORMAL
1790706921.739393,esp32-1,-60.0,68.5208,90.7135,0.0,196.0,-1.0,,NORMAL
1790706927.774106,esp32-1,-57.0,23.842,18.91067,20.0,177.0,-1.0,,NORMAL
1790706931.711991,esp32-1,-58.0,83.591,59.7375,0.0,44.0,-1.0,,NORMAL
1790706938.1191976,esp32-1,-58.0,78.98,163.3453,20.0,590.0,-1.0,,NORMAL
1790706942.8752728,esp32-1,-57.0,23.59075,19.44267,20.0,230.0,-1.0,,NORMAL
1790706947.628031,esp32-1,-58.0,40.7668,6.51725,0.0,53.0,-1.0,,NORMAL
1790706951.8883986,esp32-1,-59.0,68.2072,91.89799,0.0,199.0,-1.0,,NORMAL
1790706957.4701009,esp32-1,-59.0,23.598,19.16233,20.0,181.0,-1.0,,NORMAL
1790706961.874919,esp32-1,-58.0,81.625,117.4965,0.0,271.0,-1.0,,NORMAL
1790706966.6842995,esp32-1,-58.0,47.7964,6.10225,0.0,252.0,-1.0,,NORMAL
1790706972.3878756,esp32-1,-56.0,23.52875,19.375,20.0,3.0,-1.0,,NORMAL
1790706976.4583979,esp32-1,-58.0,40.1926,6.441,0.0,55.0,-1.0,,NORMAL
1790706981.487043,esp32-1,-59.0,47.2,7.03925,0.0,52.0,-1.0,,NORMAL
1790706987.5249124,esp32-1,-60.0,23.02625,18.38533,20.0,186.0,-1.0,,NORMAL
1790706991.6718946,esp32-1,-57.0,40.584,5.88925,0.0,275.0,-1.0,,NORMAL
1790706996.8450756,esp32-1,-58.0,47.121,6.40725,0.0,258.0,-1.0,,NORMAL
1790707002.4747572,esp32-1,-57.0,25.344,21.56867,20.0,44.0,-1.0,,NORMAL
1790707006.7058756,esp32-1,-56.0,39.926,7.10225,0.0,226.0,-1.0,,NORMAL
1790707011.4858868,esp32-1,-58.0,46.8914,6.1975,0.0,53.0,-1.0,,NORMAL
1790707018.5497475,esp32-1,-59.0,20.24067,14.051,40.0,3.0,-1.0,,NORMAL
1790707022.6478927,esp32-1,-57.0,31.13825,26.42533,20.0,277.0,-1.0,,NORMAL
1790707026.8984282,esp32-1,-58.0,87.7198,115.3682,0.0,263.0,-1.0,,NORMAL
1790707032.3382545,esp32-1,-58.0,25.91925,22.18533,20.0,40.0,-1.0,,NORMAL
1790707037.6312697,esp32-1,-61.0,39.7118,6.212251,0.0,53.0,-1.0,,NORMAL
1790707041.6528745,esp32-1,-59.0,46.604,6.07125,0.0,219.0,-1.0,,NORMAL
1790707047.4298837,esp32-1,-59.0,25.88125,19.869,20.0,38.0,-1.0,,NORMAL
1790707051.6342099,esp32-1,-60.0,39.5752,6.188001,0.0,182.0,-1.0,,NORMAL
1790707056.5446048,esp32-1,-59.0,46.841,6.955,0.0,51.0,-1.0,,NORMAL
1790707062.5913916,esp32-1,-60.0,22.3575,17.70833,20.0,249.0,-1.0,,NORMAL
1790707066.647714,esp32-1,-59.0,39.5844,5.90375,0.0,245.0,-1.0,,NORMAL
1790707071.5954683,esp32-1,-58.0,46.2774,6.2695,0.0,53.0,-1.0,,NORMAL
1790707077.4323173,esp32-1,-57.0,22.142,16.82933,20.0,51.0,-1.0,,NORMAL
1790707081.6311047,esp32-1,-57.0,61.2986,79.65875,0.0,45.0,-1.0,,NORMAL
1790707087.3660192,esp32-1,-61.0,46.0084,6.130749,0.0,54.0,-1.0,,NORMAL
1790707092.5442204,esp32-1,-61.0,21.8415,17.23567,20.0,253.0,-1.0,,NORMAL
1790707096.685498,esp32-1,-60.0,39.2596,6.867749,0.0,155.0,-1.0,,NORMAL
1790707101.739453,esp32-1,-61.0,46.0026,6.305501,0.0,224.0,-1.0,,NORMAL
1790707107.4375226,esp32-1,-61.0,27.56275,22.27133,20.0,29.0,-1.0,,NORMAL
1790707112.511196,esp32-1,-60.0,30.12,27.98433,20.0,188.0,-1.0,,NORMAL
1790707116.8304513,esp32-1,-60.0,66.3918,26.96175,0.0,277.0,-1.0,,NORMAL
1790707122.3404233,esp32-1,-60.0,21.7935,17.00733,20.0,52.0,-1.0,,NORMAL
1790707127.5561962,esp32-1,-60.0,39.054,6.927249,0.0,53.0,-1.0,,NORMAL
1790707131.6584883,esp32-1,-59.0,45.5426,6.90225,0.0,228.0,-1.0,,NORMAL
1790707137.3376663,esp32-1,-58.0,21.74075,17.562,20.0,49.0,-1.0,,NORMAL
1790707141.637979,esp32-1,-60.0,64.1158,85.4085,0.0,28.0,-1.0,,NORMAL
1790707147.4771676,esp32-1,-57.0,41.9098,9.17725,0.0,698.0,-1.0,,NORMAL
1790707151.881195,esp32-1,-59.0,72.9872,60.29224,0.0,265.0,-1.0,,NORMAL
1790707157.5652182,esp32-1,-59.0,38.534,6.616499,0.0,52.0,-1.0,,NORMAL
1790707161.7424502,esp32-1,-59.0,45.203,6.563251,0.0,239.0,-1.0,,NORMAL
1790707167.446634,esp32-1,-58.0,24.53775,8.157001,20.0,37.0,-1.0,,NORMAL
1790707171.7488484,esp32-1,-58.0,38.2602,10.932,0.0,201.0,-1.0,,NORMAL
1790707176.5606406,esp32-1,-59.0,45.2354,6.0745,0.0,5.0,-1.0,,NORMAL
1790707182.3481207,esp32-1,-59.0,23.75175,17.99167,20.0,40.0,-1.0,,NORMAL
1790707186.7043686,esp32-1,-60.0,38.1048,6.408999,0.0,256.0,-1.0,,NORMAL
1790707191.8241453,esp32-1,-57.0,44.8552,6.160251,0.0,265.0,-1.0,,NORMAL
1790707197.4501612,esp32-1,-56.0,24.25425,10.46167,20.0,41.0,-1.0,,NORMAL
1790707201.4464967,esp32-1,-58.0,43.1134,37.04775,0.0,30.0,-1.0,,NORMAL
1790707207.588469,esp32-1,-57.0,45.4674,6.251,0.0,53.0,-1.0,,NORMAL
1790707212.3534648,esp32-1,-60.0,21.811,17.15833,20.0,48.0,-1.0,,NORMAL
1790707216.498602,esp32-1,-59.0,38.4568,8.760999,0.0,53.0,-1.0,,NORMAL
1790707222.66126,esp32-1,-69.0,90.668,69.76766,20.0,4.0,-1.0,,NORMAL
1790707227.4554513,esp32-1,-58.0,22.80875,16.06767,20.0,43.0,-1.0,,NORMAL
1790707232.5381055,esp32-1,-61.0,38.424,6.295249,0.0,53.0,-1.0,,NORMAL
1790707236.6246579,esp32-1,-62.0,45.2968,5.0905,0.0,193.0,-1.0,,NORMAL
1790707242.4041312,esp32-1,-59.0,22.9475,19.25167,20.0,44.0,-1.0,,NORMAL
1790707247.589685,esp32-1,-58.0,28.70325,24.27333,20.0,266.0,-1.0,,NORMAL
1790707251.7369368,esp32-1,-61.0,44.9224,5.94525,0.0,245.0,-1.0,,NORMAL
1790707257.345925,esp32-1,-59.0,25.31725,21.68567,20.0,33.0,-1.0,,NORMAL
1790707261.454207,esp32-1,-57.0,38.0306,6.670249,0.0,52.0,-1.0,,NORMAL
1790707266.777569,esp32-1,-59.0,44.7178,6.71275,0.0,197.0,-1.0,,NORMAL
1790707272.4109185,esp32-1,-60.0,23.475,21.832,20.0,39.0,-1.0,,NORMAL
1790707277.7340903,esp32-1,-59.0,198.543,423.6953,0.0,489.0,-1.0,,NORMAL
1790707281.4810176,esp32-1,-58.0,44.6674,6.840749,0.0,51.0,-1.0,,NORMAL
1790707288.386996,esp32-1,-63.0,29.63033,40.4165,40.0,5.0,-1.0,,NORMAL
1790707296.1050782,esp32-1,-62.0,101.563,158.6957,20.0,525.0,-1.0,,NORMAL
1790707296.686434,esp32-1,-60.0,44.0704,6.631749,0.0,52.0,-1.0,,NORMAL
1790707297.3955667,esp32-1,-62.0,101.563,158.6957,20.0,525.0,-1.0,,NORMAL
1790707302.6176314,esp32-1,-59.0,23.75825,21.58434,20.0,33.0,-1.0,,NORMAL
1790707306.7531648,esp32-1,-61.0,57.6246,43.6815,0.0,52.0,-1.0,,NORMAL
1790707312.1272674,esp32-1,-59.0,63.4688,30.591,0.0,384.0,-1.0,,NORMAL
1790707317.898416,esp32-1,-58.0,50.8246,11.6285,0.0,53.0,-1.0,,NORMAL
1790707322.689336,esp32-1,-60.0,27.304,23.634,20.0,53.0,-1.0,,NORMAL
1790707327.1975553,esp32-1,-63.0,74.9702,45.121,0.0,326.0,-1.0,,NORMAL
1790707332.6243713,esp32-1,-59.0,22.55225,15.40133,20.0,38.0,-1.0,,NORMAL
1790707338.6664143,esp32-1,-61.0,27.25225,24.428,20.0,53.0,-1.0,,NORMAL
1790707341.941461,esp32-1,-57.0,43.7168,6.520249,0.0,258.0,-1.0,,NORMAL
1790707347.6786125,esp32-1,-60.0,22.24525,18.83567,20.0,38.0,-1.0,,NORMAL
1790707352.6958423,esp32-1,-62.0,27.176,23.75667,20.0,53.0,-1.0,,NORMAL
1790707356.8934364,esp32-1,-61.0,63.8274,33.73375,0.0,53.0,-1.0,,NORMAL
1790707361.866023,esp32-1,-58.0,49.9768,6.110749,0.0,195.0,-1.0,,NORMAL
1790707367.7514257,esp32-1,-58.0,26.80875,23.41434,20.0,176.0,-1.0,,NORMAL
1790707371.6880763,esp32-1,-59.0,43.7322,13.8095,0.0,50.0,-1.0,,NORMAL
1790707377.5777953,esp32-1,-63.0,23.07825,19.08967,20.0,32.0,-1.0,,NORMAL
1790707383.2111776,esp32-1,-61.0,45.20725,47.44567,20.0,523.0,-1.0,,NORMAL
1790707386.8575168,esp32-1,-58.0,43.1042,6.38725,0.0,219.0,-1.0,,NORMAL
1790707392.6326144,esp32-1,-59.0,22.359,16.73233,20.0,36.0,-1.0,,NORMAL
1790707397.7525718,esp32-1,-56.0,27.09425,23.52733,20.0,180.0,-1.0,,NORMAL
1790707401.9510067,esp32-1,-60.0,43.2568,6.185,0.0,270.0,-1.0,,NORMAL
1790707406.872154,esp32-1,-59.0,70.4978,23.38975,0.0,52.0,-1.0,,NORMAL
1790707412.7053018,esp32-1,-60.0,26.87425,22.45167,20.0,53.0,-1.0,,NORMAL
1790707416.9396544,esp32-1,-59.0,42.937,7.211251,0.0,221.0,-1.0,,NORMAL
1790707422.5431867,esp32-1,-57.0,22.33925,18.304,20.0,36.0,-1.0,,NORMAL
1790707427.714076,esp32-1,-61.0,26.6195,20.13433,20.0,183.0,-1.0,,NORMAL
1790707433.0284257,esp32-1,-61.0,84.28139,126.4458,0.0,53.0,-1.0,,NORMAL
1790707438.612329,esp32-1,-60.0,22.053,27.6285,40.0,5.0,-1.0,,NORMAL
1790707443.7588475,esp32-1,-61.0,26.4685,21.29533,20.0,53.0,-1.0,,NORMAL
1790707446.9414964,esp32-1,-57.0,42.7114,13.05575,0.0,223.0,-1.0,,NORMAL
1790707452.804338,esp32-1,-60.0,49.555,9.87125,0.0,53.0,-1.0,,NORMAL
1790707457.7145967,esp32-1,-60.0,26.35525,23.059,20.0,190.0,-1.0,,NORMAL
1790707462.0140533,esp32-1,-61.0,104.1718,110.319,0.0,53.0,-1.0,,NORMAL
1790707467.2382233,esp32-1,-60.0,152.7794,183.5725,0.0,51.0,-1.0,,NORMAL
1790707472.8296592,esp32-1,-60.0,25.86875,18.19533,20.0,243.0,-1.0,,NORMAL
1790707477.2509813,esp32-1,-58.0,42.623,6.17225,0.0,530.0,-1.0,,NORMAL
1790707482.2334137,esp32-1,-57.0,49.5418,4.032749,0.0,53.0,-1.0,,NORMAL
1790707487.8676074,esp32-1,-60.0,26.096,17.6,20.0,195.0,-1.0,,NORMAL
1790707492.687214,esp32-1,-60.0,22.9085,10.87667,20.0,8.0,-1.0,,NORMAL
1790707497.5960927,esp32-1,-58.0,23.484,18.75,20.0,34.0,-1.0,,NORMAL
1790707503.4994547,esp32-1,-61.0,19.68033,13.1245,40.0,12.0,-1.0,,NORMAL
1790707506.705508,esp32-1,-61.0,42.159,5.725,0.0,53.0,-1.0,,NORMAL
1790707512.7964387,esp32-1,-61.0,21.65225,16.928,20.0,51.0,-1.0,,NORMAL
1790707517.8706098,esp32-1,-61.0,25.59275,19.34233,20.0,200.0,-1.0,,NORMAL
1790707521.968096,esp32-1,-59.0,42.089,16.99825,0.0,52.0,-1.0,,NORMAL
1790707527.8041613,esp32-1,-58.0,42.30575,55.20567,20.0,164.0,-1.0,,NORMAL
1790707532.7727966,esp32-1,-60.0,25.439,25.00233,20.0,250.0,-1.0,,NORMAL
1790707537.9681368,esp32-1,-58.0,41.9172,6.937251,0.0,53.0,-1.0,,NORMAL
1790707543.0012867,esp32-1,-59.0,22.29375,17.41667,20.0,30.0,-1.0,,NORMAL
1790707548.0797997,esp32-1,-57.0,26.553,6.853333,20.0,49.0,-1.0,,NORMAL
1790707554.8400834,esp32-1,-57.0,41.8672,6.13675,0.0,53.0,-1.0,,NORMAL
1790707556.7352283,esp32-1,-59.0,48.6906,10.48775,0.0,53.0,-1.0,,NORMAL
1790707562.7248278,esp32-1,-59.0,25.16325,20.633,20.0,51.0,-1.0,,NORMAL
1790707567.131023,esp32-1,-61.0,41.7166,6.243001,0.0,493.0,-1.0,,NORMAL
1790707571.8380702,esp32-1,-58.0,48.5674,6.0355,0.0,55.0,-1.0,,NORMAL
1790707577.6779077,esp32-1,-61.0,25.1505,10.95433,20.0,51.0,-1.0,,NORMAL
1790707581.8297021,esp32-1,-58.0,41.6404,6.705999,0.0,195.0,-1.0,,NORMAL
1790707586.8481143,esp32-1,-59.0,48.496,15.953,0.0,180.0,-1.0,,NORMAL
1790707592.796076,esp32-1,-62.0,24.3855,17.048,20.0,264.0,-1.0,,NORMAL
1790707596.9396255,esp32-1,-61.0,41.299,6.37775,0.0,249.0,-1.0,,NORMAL
1790707602.8696525,esp32-1,-57.0,81.63499,146.198,20.0,3.0,-1.0,,NORMAL
1790707607.680267,esp32-1,-58.0,24.17925,16.241,20.0,53.0,-1.0,,NORMAL
1790707612.5972524,esp32-1,-60.0,22.25125,8.576333,20.0,3.0,-1.0,,NORMAL
1790707616.8976436,esp32-1,-61.0,53.4958,12.47,0.0,154.0,-1.0,,NORMAL
1790707623.7577996,esp32-1,-60.0,23.914,18.38967,20.0,53.0,-1.0,,NORMAL
1790707626.8307197,esp32-1,-61.0,41.0348,13.51825,0.0,52.0,-1.0,,NORMAL
1790707631.9770598,esp32-1,-60.0,47.68,3.187499,0.0,239.0,-1.0,,NORMAL
1790707637.8266892,esp32-1,-59.0,23.872,15.09567,20.0,218.0,-1.0,,NORMAL
1790707641.780151,esp32-1,-59.0,40.7216,6.07925,0.0,53.0,-1.0,,NORMAL
1790707646.7214599,esp32-1,-61.0,47.7368,6.8865,0.0,52.0,-1.0,,NORMAL
1790707652.7936282,esp32-1,-57.0,23.768,19.91533,20.0,272.0,-1.0,,NORMAL
1790707656.8895633,esp32-1,-59.0,81.841,57.234,0.0,53.0,-1.0,,NORMAL
1790707662.8086536,esp32-1,-58.0,93.52575,72.64634,20.0,4.0,-1.0,,NORMAL
1790707667.744226,esp32-1,-62.0,23.56775,19.379,20.0,222.0,-1.0,,NORMAL
1790707672.2470303,esp32-1,-59.0,51.0814,20.1165,0.0,447.0,-1.0,,NORMAL
1790707676.8576982,esp32-1,-60.0,47.4578,6.669498,0.0,193.0,-1.0,,NORMAL
1790707682.847106,esp32-1,-60.0,23.14175,16.67433,20.0,279.0,-1.0,,NORMAL
1790707686.999034,esp32-1,-57.0,61.3662,55.09975,0.0,263.0,-1.0,,NORMAL
1790707691.7657137,esp32-1,-61.0,47.2602,6.138251,0.0,51.0,-1.0,,NORMAL
1790707697.6925821,esp32-1,-60.0,22.945,19.06133,20.0,53.0,-1.0,,NORMAL
1790707701.6882718,esp32-1,-61.0,40.1218,6.24925,0.0,52.0,-1.0,,NORMAL
1790707706.8205695,esp32-1,-62.0,70.4864,83.55525,0.0,38.0,-1.0,,NORMAL
1790707713.6734135,esp32-1,-60.0,22.84,18.23133,20.0,56.0,-1.0,,NORMAL
1790707716.9001265,esp32-1,-60.0,40.0546,6.53025,0.0,268.0,-1.0,,NORMAL
1790707721.9216685,esp32-1,-57.0,46.9362,4.505501,0.0,250.0,-1.0,,NORMAL
1790707727.5813417,esp32-1,-58.0,23.07725,18.89667,20.0,51.0,-1.0,,NORMAL
1790707732.6139133,esp32-1,-61.0,21.999,8.580999,20.0,3.0,-1.0,,NORMAL
1790707737.7332685,esp32-1,-63.0,72.021,126.4003,20.0,4.0,-1.0,,NORMAL
1790707742.7537184,esp32-1,-60.0,22.364,18.15,20.0,184.0,-1.0,,NORMAL
1790707747.7229376,esp32-1,-60.0,39.667,7.238751,0.0,54.0,-1.0,,NORMAL
1790707751.969213,esp32-1,-57.0,46.139,5.80875,0.0,259.0,-1.0,,NORMAL
1790707757.7023773,esp32-1,-60.0,24.37375,18.69333,20.0,43.0,-1.0,,NORMAL
1790707762.771112,esp32-1,-58.0,39.4804,9.256,0.0,52.0,-1.0,,NORMAL
1790707767.9454796,esp32-1,-60.0,46.3868,5.846999,0.0,53.0,-1.0,,NORMAL
1790707772.653777,esp32-1,-60.0,23.631,17.991,20.0,46.0,-1.0,,NORMAL
1790707776.9098907,esp32-1,-61.0,39.656,7.64325,0.0,274.0,-1.0,,NORMAL
1790707781.972989,esp32-1,-58.0,88.4318,59.53225,0.0,50.0,-1.0,,NORMAL
1790707787.572705,esp32-1,-59.0,25.00825,20.61033,20.0,40.0,-1.0,,NORMAL
1790707791.9397242,esp32-1,-59.0,39.0848,6.0525,0.0,231.0,-1.0,,NORMAL
1790707797.7442715,esp32-1,-60.0,46.369,62.57733,20.0,3.0,-1.0,,NORMAL
1790707802.6567602,esp32-1,-59.0,22.1585,17.60967,20.0,5.0,-1.0,,NORMAL
1790707807.7802954,esp32-1,-58.0,30.00525,28.007,20.0,182.0,-1.0,,NORMAL
1790707812.5938857,esp32-1,-59.0,25.2415,17.184,20.0,6.0,-1.0,,NORMAL
1790707817.5884142,esp32-1,-59.0,22.22125,17.82433,20.0,48.0,-1.0,,NORMAL
1790707822.8652656,esp32-1,-59.0,81.649,70.494,20.0,6.0,-1.0,,NORMAL
1790707826.967943,esp32-1,-59.0,45.27,6.72975,0.0,220.0,-1.0,,NORMAL
1790707832.8652503,esp32-1,-59.0,22.04575,17.359,20.0,194.0,-1.0,,NORMAL
1790707837.7822263,esp32-1,-58.0,38.6276,6.2965,0.0,53.0,-1.0,,NORMAL
1790707841.8773916,esp32-1,-60.0,45.6314,6.7585,0.0,52.0,-1.0,,NORMAL
1790707847.6218598,esp32-1,-59.0,21.4215,16.70133,20.0,50.0,-1.0,,NORMAL
1790707851.8748732,esp32-1,-57.0,38.7384,6.368,0.0,240.0,-1.0,,NORMAL
1790707857.6481082,esp32-1,-59.0,41.938,69.88599,20.0,38.0,-1.0,,NORMAL
1790707862.665521,esp32-1,-58.0,22.44225,17.9,20.0,48.0,-1.0,,NORMAL
1790707868.1984766,esp32-1,-58.0,29.263,16.25367,20.0,190.0,-1.0,,NORMAL
1790707871.989622,esp32-1,-58.0,45.1008,5.3465,0.0,53.0,-1.0,,NORMAL
1790707878.6124325,esp32-1,-60.0,20.839,15.6855,40.0,100.0,-1.0,,NORMAL
1790707881.934645,esp32-1,-59.0,38.2118,4.617002,0.0,243.0,-1.0,,NORMAL
1790707887.2526352,esp32-1,-62.0,79.244,49.014,0.0,308.0,-1.0,,NORMAL
1790707892.6710646,esp32-1,-60.0,25.839,18.83533,20.0,31.0,-1.0,,NORMAL
1790707897.894662,esp32-1,-60.0,28.8425,20.084,20.0,193.0,-1.0,,NORMAL
1790707902.8574703,esp32-1,-59.0,44.9122,4.794499,0.0,55.0,-1.0,,NORMAL
1790707907.5817158,esp32-1,-61.0,22.824,18.094,20.0,46.0,-1.0,,NORMAL
1790707911.9335794,esp32-1,-60.0,38.0874,7.369499,0.0,247.0,-1.0,,NORMAL
1790707916.9685519,esp32-1,-59.0,44.6766,6.38975,0.0,234.0,-1.0,,NORMAL
1790707922.6768231,esp32-1,-59.0,25.44925,16.52733,20.0,32.0,-1.0,,NORMAL
1790707928.102612,esp32-1,-58.0,28.655,20.26433,20.0,196.0,-1.0,,NORMAL
1790707931.8974922,esp32-1,-58.0,44.7122,5.488,0.0,182.0,-1.0,,NORMAL
1790707937.6277087,esp32-1,-61.0,22.30025,17.72767,20.0,48.0,-1.0,,NORMAL
1790707941.935113,esp32-1,-61.0,37.7128,6.1245,0.0,252.0,-1.0,,NORMAL
1790707946.9720478,esp32-1,-60.0,44.3376,5.39,0.0,237.0,-1.0,,NORMAL
1790707952.5843682,esp32-1,-61.0,24.09875,9.74,20.0,35.0,-1.0,,NORMAL
1790707957.9033334,esp32-1,-58.0,28.20425,19.90333,20.0,200.0,-1.0,,NORMAL
1790707961.8978827,esp32-1,-63.0,44.3144,7.421249,0.0,187.0,-1.0,,NORMAL
1790707967.6376467,esp32-1,-61.0,23.07425,18.08767,20.0,39.0,-1.0,,NORMAL
1790707971.9338756,esp32-1,-59.0,37.546,7.4975,0.0,54.0,-1.0,,NORMAL
1790707976.9686418,esp32-1,-63.0,44.0052,6.01175,0.0,53.0,-1.0,,NORMAL
1790707982.5759404,esp32-1,-59.0,22.2295,17.844,20.0,41.0,-1.0,,NORMAL
1790707988.520801,esp32-1,-60.0,23.94175,20.276,20.0,610.0,-1.0,,NORMAL
1790707993.2300434,esp32-1,-60.0,23.6585,19.55533,20.0,610.0,-1.0,,NORMAL
1790707997.7547038,esp32-1,-60.0,23.74825,19.709,20.0,34.0,-1.0,,NORMAL
1790708002.815272,esp32-1,-60.0,27.992,23.17634,20.0,257.0,-1.0,,NORMAL
1790708007.825403,esp32-1,-60.0,44.0468,6.077,0.0,53.0,-1.0,,NORMAL
1790708013.5670311,esp32-1,-59.0,30.30567,26.578,40.0,19.0,-1.0,,NORMAL
1790708018.8323915,esp32-1,-59.0,27.229,24.53433,20.0,53.0,-1.0,,NORMAL
1790708022.214341,esp32-1,-59.0,43.62,6.565001,0.0,199.0,-1.0,,NORMAL
1790708027.638399,esp32-1,-58.0,22.1885,17.32367,20.0,39.0,-1.0,,NORMAL
1790708032.8619058,esp32-1,-58.0,26.866,23.17633,20.0,266.0,-1.0,,NORMAL
1790708036.7610376,esp32-1,-60.0,43.642,6.603,0.0,52.0,-1.0,,NORMAL
1790708042.693633,esp32-1,-59.0,22.0635,18.02733,20.0,37.0,-1.0,,NORMAL
1790708047.6198046,esp32-1,-60.0,26.85525,22.22733,20.0,53.0,-1.0,,NORMAL
1790708052.5233638,esp32-1,-61.0,43.467,6.247499,0.0,486.0,-1.0,,NORMAL
1790708057.643926,esp32-1,-59.0,26.40675,20.674,20.0,25.0,-1.0,,NORMAL
1790708062.3544378,esp32-1,-60.0,77.33759,61.52625,0.0,171.0,-1.0,,NORMAL
1790708067.4403596,esp32-1,-62.0,43.168,5.4445,0.0,490.0,-1.0,,NORMAL
1790708071.9514337,esp32-1,-60.0,49.9316,10.9975,0.0,237.0,-1.0,,NORMAL
1790708077.9206593,esp32-1,-59.0,89.897,135.6927,20.0,4.0,-1.0,,NORMAL
1790708082.9399347,esp32-1,-62.0,43.0612,6.173,0.0,53.0,-1.0,,NORMAL
1790708087.6497848,esp32-1,-57.0,23.9095,17.70767,20.0,4.0,-1.0,,NORMAL
1790708092.8733428,esp32-1,-59.0,26.24725,20.057,20.0,275.0,-1.0,,NORMAL
1790708096.9295144,esp32-1,-61.0,42.6782,7.742249,0.0,263.0,-1.0,,NORMAL
1790708102.5774505,esp32-1,-60.0,22.71675,15.959,20.0,32.0,-1.0,,NORMAL
1790708107.8568745,esp32-1,-58.0,26.10625,22.31767,20.0,224.0,-1.0,,NORMAL
1790708112.7947843,esp32-1,-59.0,42.8666,6.590249,0.0,53.0,-1.0,,NORMAL
1790708117.753566,esp32-1,-61.0,23.101,18.86067,20.0,33.0,-1.0,,NORMAL
1790708122.6217086,esp32-1,-62.0,28.86825,23.00133,20.0,44.0,-1.0,,NORMAL
1790708126.969989,esp32-1,-63.0,43.4426,6.84425,0.0,257.0,-1.0,,NORMAL
1790708132.5890005,esp32-1,-60.0,22.49525,17.90167,20.0,44.0,-1.0,,NORMAL
1790708138.69805,esp32-1,-61.0,26.95325,22.623,20.0,53.0,-1.0,,NORMAL
1790708141.7253468,esp32-1,-59.0,43.3178,6.3225,0.0,53.0,-1.0,,NORMAL
1790708146.9027655,esp32-1,-62.0,50.061,5.296251,0.0,196.0,-1.0,,NORMAL
1790708152.9825227,esp32-1,-62.0,26.53125,21.958,20.0,278.0,-1.0,,NORMAL
1790708157.5708365,esp32-1,-61.0,23.431,11.68766,20.0,11.0,-1.0,,NORMAL
1790708162.6199667,esp32-1,-58.0,22.7725,19.83933,20.0,35.0,-1.0,,NORMAL
1790708167.8589063,esp32-1,-60.0,26.36425,22.196,20.0,233.0,-1.0,,NORMAL
1790708172.8099737,esp32-1,-62.0,43.066,6.70125,0.0,53.0,-1.0,,NORMAL
1790708177.6628067,esp32-1,-59.0,22.1945,17.95933,20.0,35.0,-1.0,,NORMAL
1790708182.6378002,esp32-1,-60.0,25.8515,21.10633,20.0,52.0,-1.0,,NORMAL
1790708186.9818594,esp32-1,-61.0,85.8208,120.8353,0.0,47.0,-1.0,,NORMAL
1790708192.5746782,esp32-1,-60.0,21.6495,17.67467,20.0,37.0,-1.0,,NORMAL
1790708198.726503,esp32-1,-62.0,25.91325,21.62567,20.0,53.0,-1.0,,NORMAL
1790708201.969566,esp32-1,-57.0,42.3898,6.7635,0.0,221.0,-1.0,,NORMAL
1790708208.5891514,esp32-1,-62.0,19.50467,12.7215,40.0,4.0,-1.0,,NORMAL
1790708213.566546,esp32-1,-61.0,31.15633,10.1705,40.0,6.0,-1.0,,NORMAL
1790708217.088445,esp32-1,-60.0,42.5126,5.677751,0.0,276.0,-1.0,,NORMAL
1790708222.6183023,esp32-1,-60.0,21.24075,16.567,20.0,36.0,-1.0,,NORMAL
1790708228.78655,esp32-1,-57.0,25.32425,21.40767,20.0,53.0,-1.0,,NORMAL
1790708231.8381972,esp32-1,-58.0,42.4188,5.51275,0.0,53.0,-1.0,,NORMAL
1790708236.9582508,esp32-1,-61.0,90.1768,149.7955,0.0,52.0,-1.0,,NORMAL
1790708243.5708132,esp32-1,-62.0,35.26,48.975,40.0,11.0,-1.0,,NORMAL
1790708246.7871337,esp32-1,-62.0,42.0056,12.53325,0.0,53.0,-1.0,,NORMAL
1790708251.9175682,esp32-1,-61.0,49.3048,4.04425,0.0,52.0,-1.0,,NORMAL
1790708257.626715,esp32-1,-61.0,31.95675,27.5,20.0,25.0,-1.0,,NORMAL
1790708262.282411,esp32-1,-62.0,57.5858,33.018,0.0,421.0,-1.0,,NORMAL
1790708266.7912753,esp32-1,-60.0,48.2464,7.528,0.0,59.0,-1.0,,NORMAL
1790708272.89853,esp32-1,-61.0,24.601,20.039,20.0,208.0,-1.0,,NORMAL
1790708277.0703266,esp32-1,-60.0,41.6038,5.90775,0.0,183.0,-1.0,,NORMAL
1790708283.576537,esp32-1,-61.0,22.52633,29.747,40.0,13.0,-1.0,,NORMAL
1790708287.6772249,esp32-1,-59.0,28.91125,22.00933,20.0,35.0,-1.0,,NORMAL
1790708292.7686856,esp32-1,-60.0,47.20625,73.52834,20.0,4.0,-1.0,,NORMAL
1790708296.9403925,esp32-1,-61.0,48.024,7.10175,0.0,222.0,-1.0,,NORMAL
1790708302.7530174,esp32-1,-63.0,24.061,19.63167,20.0,202.0,-1.0,,NORMAL
1790708306.90256,esp32-1,-61.0,41.049,6.517751,0.0,189.0,-1.0,,NORMAL
1790708311.9917457,esp32-1,-61.0,48.0556,5.867501,0.0,275.0,-1.0,,NORMAL
1790708317.6052616,esp32-1,-61.0,24.6885,20.45267,20.0,49.0,-1.0,,NORMAL
1790708322.0523796,esp32-1,-60.0,41.1724,5.730501,0.0,254.0,-1.0,,NORMAL
1790708327.896289,esp32-1,-60.0,78.17426,138.106,20.0,4.0,-1.0,,NORMAL
1790708332.7026734,esp32-1,-61.0,31.132,14.34767,20.0,5.0,-1.0,,NORMAL
1790708337.000834,esp32-1,-60.0,40.9052,5.330999,0.0,198.0,-1.0,,NORMAL
1790708341.8727162,esp32-1,-61.0,47.5674,5.9875,0.0,181.0,-1.0,,NORMAL
1790708347.8203092,esp32-1,-61.0,34.7308,6.990999,0.0,53.0,-1.0,,NORMAL
1790708351.9694402,esp32-1,-61.0,40.783,5.478499,0.0,251.0,-1.0,,NORMAL
1790708356.8715994,esp32-1,-58.0,47.41759,5.921,0.0,53.0,-1.0,,NORMAL
1790708362.8052647,esp32-1,-60.0,52.516,76.18233,20.0,40.0,-1.0,,NORMAL
1790708366.678692,esp32-1,-62.0,40.6694,6.433001,0.0,9.0,-1.0,,NORMAL
1790708372.022808,esp32-1,-60.0,68.24561,80.57775,0.0,180.0,-1.0,,NORMAL
1790708377.7631245,esp32-1,-61.0,26.315,21.111,20.0,47.0,-1.0,,NORMAL
1790708381.8562307,esp32-1,-58.0,40.4718,12.7615,0.0,55.0,-1.0,,NORMAL
1790708387.923418,esp32-1,-62.0,47.2968,4.531749,0.0,53.0,-1.0,,NORMAL
1790708392.7146611,esp32-1,-59.0,23.27825,17.86967,20.0,54.0,-1.0,,NORMAL
1790708397.5903795,esp32-1,-61.0,22.6805,9.081333,20.0,5.0,-1.0,,NORMAL
1790708402.0389886,esp32-1,-61.0,46.939,6.190749,0.0,197.0,-1.0,,NORMAL
1790708407.7683487,esp32-1,-62.0,25.13125,21.07,20.0,45.0,-1.0,,NORMAL
1790708411.9498875,esp32-1,-61.0,40.1856,6.24925,0.0,255.0,-1.0,,NORMAL
1790708417.083776,esp32-1,-60.0,47.0262,8.081501,0.0,240.0,-1.0,,NORMAL
1790708423.6815977,esp32-1,-64.0,28.21633,16.52,40.0,8.0,-1.0,,NORMAL
1790708427.0189326,esp32-1,-64.0,40.124,6.1,0.0,212.0,-1.0,,NORMAL
1790708432.0433083,esp32-1,-64.0,46.863,6.162001,0.0,199.0,-1.0,,NORMAL
1790708437.6641128,esp32-1,-63.0,24.56475,20.479,20.0,46.0,-1.0,,NORMAL
1790708442.0725682,esp32-1,-65.0,40.1126,6.97125,0.0,262.0,-1.0,,NORMAL
1790708446.9979901,esp32-1,-62.0,46.5378,6.178749,0.0,245.0,-1.0,,NORMAL
1790708452.7260096,esp32-1,-63.0,23.29275,18.64166,20.0,50.0,-1.0,,NORMAL
1790708456.8257692,esp32-1,-64.0,39.5938,6.4785,0.0,55.0,-1.0,,NORMAL
1790708462.9630177,esp32-1,-62.0,67.1702,85.17175,0.0,53.0,-1.0,,NORMAL
1790708467.8532681,esp32-1,-63.0,22.4885,17.79833,20.0,278.0,-1.0,,NORMAL
1790708471.974419,esp32-1,-63.0,39.7356,11.4455,0.0,270.0,-1.0,,NORMAL
1790708476.9997494,esp32-1,-60.0,101.137,109.4027,0.0,4.0,-1.0,,NORMAL
1790708482.7235348,esp32-1,-64.0,26.18975,20.12833,20.0,37.0,-1.0,,NORMAL
1790708487.7396553,esp32-1,-60.0,30.644,20.47267,20.0,55.0,-1.0,,NORMAL
1790708491.7734342,esp32-1,-63.0,46.3584,34.75475,0.0,53.0,-1.0,,NORMAL
1790708497.7452762,esp32-1,-63.0,22.32775,17.67767,20.0,178.0,-1.0,,NORMAL
1790708502.183199,esp32-1,-61.0,80.538,118.612,0.0,269.0,-1.0,,NORMAL
1790708507.0015736,esp32-1,-62.0,46.1518,6.18475,0.0,53.0,-1.0,,NORMAL
1790708512.6299405,esp32-1,-64.0,24.681,18.38333,20.0,41.0,-1.0,,NORMAL
1790708517.0270288,esp32-1,-64.0,39.0664,5.978751,0.0,221.0,-1.0,,NORMAL
1790708522.2605937,esp32-1,-61.0,45.9696,6.54475,0.0,203.0,-1.0,,NORMAL
1790708527.7787251,esp32-1,-62.0,22.041,16.34033,20.0,184.0,-1.0,,NORMAL
1790708532.0794654,esp32-1,-61.0,80.2616,121.1763,0.0,3.0,-1.0,,NORMAL
1790708537.0980084,esp32-1,-61.0,46.4746,6.77975,0.0,51.0,-1.0,,NORMAL
1790708542.6144798,esp32-1,-60.0,22.7035,19.15067,20.0,49.0,-1.0,,NORMAL
1790708547.8014963,esp32-1,-61.0,38.783,6.06925,0.0,53.0,-1.0,,NORMAL
1790708552.1856256,esp32-1,-60.0,56.11961,19.35175,0.0,428.0,-1.0,,NORMAL
1790708557.6811194,esp32-1,-56.0,21.69525,17.06533,20.0,52.0,-1.0,,NORMAL
1790708561.7128384,esp32-1,-58.0,38.797,7.306,0.0,51.0,-1.0,,NORMAL
1790708567.3600311,esp32-1,-61.0,87.08959,110.8567,0.0,259.0,-1.0,,NORMAL
1790708572.5978565,esp32-1,-60.0,23.66275,18.55367,20.0,43.0,-1.0,,NORMAL
1790708577.7516751,esp32-1,-62.0,42.21325,57.11333,20.0,3.0,-1.0,,NORMAL
1790708581.8492043,esp32-1,-61.0,45.6344,6.3965,0.0,52.0,-1.0,,NORMAL
1790708588.0939293,esp32-1,-60.0,49.4265,71.888,20.0,52.0,-1.0,,NORMAL
1790708593.2315822,esp32-1,-59.0,29.268,23.80233,20.0,215.0,-1.0,,NORMAL
1790708597.7363715,esp32-1,-59.0,26.60025,12.82867,20.0,9.0,-1.0,,NORMAL
1790708602.7380893,esp32-1,-60.0,22.388,17.95233,20.0,45.0,-1.0,,NORMAL
1790708606.9630773,esp32-1,-60.0,38.2266,6.586501,0.0,234.0,-1.0,,NORMAL
1790708611.752474,esp32-1,-61.0,45.1162,6.418751,0.0,55.0,-1.0,,NORMAL
1790708617.7191226,esp32-1,-60.0,26.98375,18.988,20.0,27.0,-1.0,,NORMAL
1790708621.9214003,esp32-1,-62.0,85.40601,94.71875,0.0,21.0,-1.0,,NORMAL
1790708627.2198858,esp32-1,-62.0,40.5258,11.59925,0.0,508.0,-1.0,,NORMAL
1790708632.741596,esp32-1,-61.0,21.82175,17.331,20.0,50.0,-1.0,,NORMAL
1790708636.901618,esp32-1,-60.0,37.6438,6.176999,0.0,240.0,-1.0,,NORMAL
1790708642.7778614,esp32-1,-60.0,74.7245,143.011,20.0,8.0,-1.0,,NORMAL
1790708647.6011615,esp32-1,-61.0,25.448,18.54,20.0,33.0,-1.0,,NORMAL
1790708652.9168336,esp32-1,-58.0,28.2285,22.667,20.0,188.0,-1.0,,NORMAL
1790708656.8085964,esp32-1,-59.0,49.4946,11.789,0.0,27.0,-1.0,,NORMAL
1790708663.6689565,esp32-1,-61.0,27.68467,35.683,40.0,7.0,-1.0,,NORMAL
1790708668.5286286,esp32-1,-61.0,19.95867,13.2125,40.0,4.0,-1.0,,NORMAL
1790708672.0021284,esp32-1,-59.0,44.1002,6.02775,0.0,229.0,-1.0,,NORMAL
1790708677.8435545,esp32-1,-60.0,81.9585,127.2427,20.0,4.0,-1.0,,NORMAL
1790708682.93494,esp32-1,-60.0,32.2425,9.756001,20.0,44.0,-1.0,,NORMAL
1790708687.183414,esp32-1,-60.0,59.9802,76.47849,0.0,411.0,-1.0,,NORMAL
1790708692.6565976,esp32-1,-59.0,22.57725,17.21367,20.0,43.0,-1.0,,NORMAL
1790708698.8071685,esp32-1,-60.0,27.7565,25.02433,20.0,53.0,-1.0,,NORMAL
1790708701.994869,esp32-1,-60.0,43.8838,5.3765,0.0,233.0,-1.0,,NORMAL
1790708707.600704,esp32-1,-57.0,22.527,18.362,20.0,38.0,-1.0,,NORMAL
1790708712.7197893,esp32-1,-59.0,27.13225,24.06067,20.0,53.0,-1.0,,NORMAL
1790708716.876726,esp32-1,-59.0,43.8966,6.2895,0.0,183.0,-1.0,,NORMAL
1790708722.6549373,esp32-1,-59.0,22.31975,15.77733,20.0,38.0,-1.0,,NORMAL
1790708727.8364813,esp32-1,-60.0,27.087,23.24367,20.0,253.0,-1.0,,NORMAL
1790708732.916768,esp32-1,-59.0,43.4754,5.674,0.0,53.0,-1.0,,NORMAL
1790708737.7077136,esp32-1,-58.0,25.7265,20.371,20.0,27.0,-1.0,,NORMAL
1790708742.9285805,esp32-1,-62.0,27.04875,24.279,20.0,201.0,-1.0,,NORMAL
1790708746.8749282,esp32-1,-58.0,43.4152,6.935249,0.0,189.0,-1.0,,NORMAL
1790708752.6593556,esp32-1,-59.0,22.3375,18.17367,20.0,35.0,-1.0,,NORMAL
1790708757.8817055,esp32-1,-59.0,26.81575,22.732,20.0,258.0,-1.0,,NORMAL
1790708761.9915292,esp32-1,-60.0,42.9436,7.539499,0.0,243.0,-1.0,,NORMAL
1790708767.5994923,esp32-1,-56.0,23.59825,15.16667,20.0,31.0,-1.0,,NORMAL
1790708771.8150184,esp32-1,-60.0,56.8072,28.8745,0.0,53.0,-1.0,,NORMAL
1790708777.8484151,esp32-1,-59.0,42.9406,5.625,0.0,54.0,-1.0,,NORMAL
1790708782.6811848,esp32-1,-60.0,24.16475,18.00767,20.0,27.0,-1.0,,NORMAL
1790708787.8451765,esp32-1,-59.0,26.94675,23.144,20.0,259.0,-1.0,,NORMAL
1790708791.8989644,esp32-1,-58.0,43.2936,7.02225,0.0,153.0,-1.0,,NORMAL
1790708798.2385466,esp32-1,-58.0,49.9524,4.56575,0.0,53.0,-1.0,,NORMAL
1790708802.7210069,esp32-1,-58.0,60.26675,49.13433,20.0,3.0,-1.0,,NORMAL
1790708806.886606,esp32-1,-60.0,42.837,6.104749,0.0,199.0,-1.0,,NORMAL
1790708813.6958947,esp32-1,-62.0,23.55167,29.0575,40.0,23.0,-1.0,,NORMAL
1790708817.9137447,esp32-1,-62.0,51.405,13.56166,20.0,52.0,-1.0,,NORMAL
1790708823.326752,esp32-1,-61.0,83.4882,115.7883,0.0,54.0,-1.0,,NORMAL
1790708826.7858229,esp32-1,-58.0,49.2746,37.37725,0.0,53.0,-1.0,,NORMAL
1790708832.744925,esp32-1,-62.0,25.261,19.90167,20.0,53.0,-1.0,,NORMAL
1790708836.7569005,esp32-1,-59.0,42.3246,14.3435,0.0,52.0,-1.0,,NORMAL
1790708843.3280659,esp32-1,-60.0,33.27875,15.88266,20.0,578.0,-1.0,,NORMAL
1790708849.6588771,esp32-1,-60.0,28.351,14.65433,20.0,53.0,-1.0,,NORMAL
1790708852.2102969,esp32-1,-60.0,49.6066,28.26075,0.0,463.0,-1.0,,NORMAL
1790708856.9238272,esp32-1,-59.0,52.3922,8.43525,0.0,41.0,-1.0,,NORMAL
1790708863.0646517,esp32-1,-60.0,50.74825,16.255,20.0,229.0,-1.0,,NORMAL
1790708866.889171,esp32-1,-59.0,42.7648,6.2385,0.0,47.0,-1.0,,NORMAL
1790708871.9681885,esp32-1,-58.0,50.6748,3.933751,0.0,50.0,-1.0,,NORMAL
1790708877.8574188,esp32-1,-59.0,55.8045,57.291,20.0,34.0,-1.0,,NORMAL
1790708881.9945924,esp32-1,-60.0,85.0082,59.1085,0.0,45.0,-1.0,,NORMAL
1790708887.588803,esp32-1,-57.0,21.94275,17.78867,20.0,29.0,-1.0,,NORMAL
1790708892.881983,esp32-1,-58.0,24.795,21.29133,20.0,227.0,-1.0,,NORMAL
1790708897.817918,esp32-1,-59.0,41.565,6.815501,0.0,53.0,-1.0,,NORMAL
1790708902.632235,esp32-1,-59.0,21.673,17.32733,20.0,30.0,-1.0,,NORMAL
1790708907.7504416,esp32-1,-60.0,24.47025,18.78567,20.0,178.0,-1.0,,NORMAL
1790708911.9970312,esp32-1,-60.0,41.9378,6.72875,0.0,266.0,-1.0,,NORMAL
1790708917.6430094,esp32-1,-59.0,22.312,17.705,20.0,27.0,-1.0,,NORMAL
1790708921.9647396,esp32-1,-58.0,34.7108,6.62375,0.0,234.0,-1.0,,NORMAL
1790708926.846884,esp32-1,-58.0,41.296,6.4995,0.0,53.0,-1.0,,NORMAL
1790708932.785294,esp32-1,-60.0,52.0455,57.554,20.0,10.0,-1.0,,NORMAL
1790708937.7005002,esp32-1,-59.0,24.89325,18.02433,20.0,50.0,-1.0,,NORMAL
1790708941.7991464,esp32-1,-58.0,41.2374,7.57025,0.0,52.0,-1.0,,NORMAL
1790708948.14763,esp32-1,-60.0,136.9925,160.512,20.0,3.0,-1.0,,NORMAL
1790708953.8059173,esp32-1,-58.0,23.96325,19.995,20.0,52.0,-1.0,,NORMAL
1790708956.9126003,esp32-1,-59.0,40.902,6.1375,0.0,223.0,-1.0,,NORMAL
1790708961.7759914,esp32-1,-60.0,47.6996,6.72,0.0,52.0,-1.0,,NORMAL
1790708967.8076415,esp32-1,-60.0,23.98225,20.11267,20.0,188.0,-1.0,,NORMAL
1790708972.3145106,esp32-1,-59.0,36.4626,11.249,0.0,527.0,-1.0,,NORMAL
1790708977.0252411,esp32-1,-59.0,47.9714,5.803,0.0,260.0,-1.0,,NORMAL
1790708982.6223812,esp32-1,-60.0,24.70175,17.38267,20.0,49.0,-1.0,,NORMAL
1790708986.8551152,esp32-1,-60.0,41.6664,7.3,0.0,47.0,-1.0,,NORMAL
1790708991.7715814,esp32-1,-59.0,47.3706,5.828249,0.0,52.0,-1.0,,NORMAL
1790708997.7747653,esp32-1,-60.0,23.5105,18.38733,20.0,193.0,-1.0,,NORMAL
1790709002.7269797,esp32-1,-60.0,23.63625,9.139,20.0,3.0,-1.0,,NORMAL
1790709006.7696023,esp32-1,-59.0,47.3408,3.648,0.0,52.0,-1.0,,NORMAL
1790709012.8252413,esp32-1,-59.0,23.20125,18.878,20.0,246.0,-1.0,,NORMAL
1790709017.426,esp32-1,-61.0,76.187,50.9535,0.0,328.0,-1.0,,NORMAL
1790709021.776343,esp32-1,-61.0,47.1512,5.925501,0.0,53.0,-1.0,,NORMAL
1790709027.012905,esp32-1,-61.0,56.5456,18.28875,0.0,54.0,-1.0,,NORMAL
1790709032.6303017,esp32-1,-62.0,28.18925,1.080666,20.0,5.0,-1.0,,NORMAL
1790709037.6554334,esp32-1,-61.0,23.6445,19.38167,20.0,29.0,-1.0,,NORMAL
1790709042.893049,esp32-1,-60.0,26.47725,22.18133,20.0,238.0,-1.0,,NORMAL
1790709046.928279,esp32-1,-71.0,42.9756,8.93525,0.0,223.0,-1.0,,NORMAL
1790709052.0857215,esp32-1,-60.0,49.7308,10.55075,0.0,206.0,-1.0,,NORMAL
1790709057.77778,esp32-1,-63.0,26.2,21.57967,20.0,189.0,-1.0,,NORMAL
1790709061.9200697,esp32-1,-62.0,63.2036,77.1225,0.0,53.0,-1.0,,NORMAL
1790709067.6087692,esp32-1,-59.0,23.49525,16.898,20.0,28.0,-1.0,,NORMAL
1790709072.7779331,esp32-1,-59.0,26.06675,20.761,20.0,53.0,-1.0,,NORMAL
1790709076.9238124,esp32-1,-60.0,42.6548,5.5985,0.0,228.0,-1.0,,NORMAL
1790709082.7060862,esp32-1,-60.0,22.9735,18.38067,20.0,3.0,-1.0,,NORMAL
1790709087.722392,esp32-1,-59.0,25.34825,17.47267,20.0,52.0,-1.0,,NORMAL
1790709091.9207098,esp32-1,-57.0,63.2094,76.90825,0.0,51.0,-1.0,,NORMAL
1790709097.6105406,esp32-1,-61.0,24.21875,17.71133,20.0,26.0,-1.0,,NORMAL
1790709102.78147,esp32-1,-57.0,25.54475,20.584,20.0,52.0,-1.0,,NORMAL
1790709106.9358206,esp32-1,-59.0,41.929,5.798749,0.0,234.0,-1.0,,NORMAL
1790709112.8565414,esp32-1,-59.0,21.83925,17.21433,20.0,195.0,-1.0,,NORMAL
1790709117.9318516,esp32-1,-59.0,25.155,18.71233,20.0,197.0,-1.0,,NORMAL
1790709121.8841007,esp32-1,-58.0,41.983,6.841249,0.0,184.0,-1.0,,NORMAL
1790709127.6628518,esp32-1,-58.0,21.58575,17.37467,20.0,32.0,-1.0,,NORMAL
1790709132.684777,esp32-1,-57.0,24.9785,20.639,20.0,53.0,-1.0,,NORMAL
1790709136.9376655,esp32-1,-61.0,41.6872,6.2265,0.0,238.0,-1.0,,NORMAL
1790709142.7170112,esp32-1,-60.0,22.159,17.66233,20.0,30.0,-1.0,,NORMAL
1790709147.9361496,esp32-1,-61.0,25.22375,20.63333,20.0,202.0,-1.0,,NORMAL
1790709152.8075948,esp32-1,-61.0,41.689,7.208,0.0,53.0,-1.0,,NORMAL
1790709158.5858774,esp32-1,-59.0,20.76467,23.9815,40.0,4.0,-1.0,,NORMAL
1790709162.6832073,esp32-1,-60.0,25.07425,20.66333,20.0,50.0,-1.0,,NORMAL
1790709167.2132056,esp32-1,-59.0,79.344,53.8465,0.0,317.0,-1.0,,NORMAL
1790709172.959401,esp32-1,-60.0,48.2192,6.033499,0.0,53.0,-1.0,,NORMAL
1790709178.0455396,esp32-1,-58.0,24.336,20.53233,20.0,208.0,-1.0,,NORMAL
1790709181.8995469,esp32-1,-58.0,41.2298,5.904751,0.0,195.0,-1.0,,NORMAL
1790709186.8495545,esp32-1,-60.0,48.0462,7.364249,0.0,52.0,-1.0,,NORMAL
1790709192.8941896,esp32-1,-60.0,25.0665,21.53967,20.0,259.0,-1.0,,NORMAL
1790709197.0046573,esp32-1,-58.0,40.9364,5.2275,0.0,250.0,-1.0,,NORMAL
1790709202.8818686,esp32-1,-57.0,47.9642,5.345249,0.0,53.0,-1.0,,NORMAL
1790709207.6379244,esp32-1,-61.0,24.21825,18.061,20.0,52.0,-1.0,,NORMAL
1790709211.705197,esp32-1,-59.0,40.7386,6.070251,0.0,5.0,-1.0,,NORMAL
1790709217.8307323,esp32-1,-59.0,47.955,6.849502,0.0,53.0,-1.0,,NORMAL
1790709223.8170686,esp32-1,-59.0,23.70175,17.27333,20.0,54.0,-1.0,,NORMAL
1790709226.9503918,esp32-1,-59.0,40.7602,6.665,0.0,253.0,-1.0,,NORMAL
1790709232.9593897,esp32-1,-58.0,47.5242,4.662748,0.0,53.0,-1.0,,NORMAL
1790709237.8917482,esp32-1,-59.0,23.62125,19.523,20.0,217.0,-1.0,,NORMAL
1790709241.85182,esp32-1,-60.0,65.8988,88.4895,0.0,29.0,-1.0,,NORMAL
1790709246.9203897,esp32-1,-60.0,47.4264,4.503501,0.0,187.0,-1.0,,NORMAL
1790709253.7191572,esp32-1,-60.0,23.26925,19.13833,20.0,52.0,-1.0,,NORMAL
1790709256.9582102,esp32-1,-62.0,40.7968,6.524,0.0,258.0,-1.0,,NORMAL
1790709262.8826127,esp32-1,-60.0,47.976,4.47125,0.0,53.0,-1.0,,NORMAL
1790709267.8882556,esp32-1,-61.0,23.3175,19.05367,20.0,225.0,-1.0,,NORMAL
1790709272.15205,esp32-1,-59.0,40.359,6.632751,0.0,208.0,-1.0,,NORMAL
1790709276.9656284,esp32-1,-59.0,47.0568,6.24025,0.0,53.0,-1.0,,NORMAL
1790709282.699132,esp32-1,-57.0,23.0765,18.31467,20.0,53.0,-1.0,,NORMAL
1790709287.3095138,esp32-1,-60.0,35.5372,9.4725,0.0,545.0,-1.0,,NORMAL
1790709292.6779518,esp32-1,-60.0,45.404,6.327667,20.0,4.0,-1.0,,NORMAL
1790709297.81074,esp32-1,-59.0,22.93725,19.20167,20.0,227.0,-1.0,,NORMAL
1790709302.2030656,esp32-1,-60.0,39.9632,5.572251,0.0,52.0,-1.0,,NORMAL
1790709307.1768222,esp32-1,-59.0,71.1004,84.69875,0.0,34.0,-1.0,,NORMAL
1790709312.6437569,esp32-1,-59.0,23.85325,17.13633,20.0,48.0,-1.0,,NORMAL
1790709317.2568471,esp32-1,-60.0,39.643,6.738001,0.0,268.0,-1.0,,NORMAL
1790709321.7912512,esp32-1,-61.0,46.7598,6.141999,0.0,52.0,-1.0,,NORMAL
1790709327.8152592,esp32-1,-59.0,22.5595,17.99767,20.0,232.0,-1.0,,NORMAL
1790709332.2680984,esp32-1,-63.0,39.6866,6.98825,0.0,219.0,-1.0,,NORMAL
1790709337.0789635,esp32-1,-59.0,46.5456,5.6865,0.0,203.0,-1.0,,NORMAL
1790709342.7095811,esp32-1,-59.0,24.0985,19.758,20.0,45.0,-1.0,,NORMAL
1790709346.746618,esp32-1,-61.0,39.755,6.14925,0.0,52.0,-1.0,,NORMAL
1790709352.4462116,esp32-1,-59.0,46.1956,6.9155,0.0,491.0,-1.0,,NORMAL
1790709358.2968104,esp32-1,-62.0,42.00575,44.091,20.0,554.0,-1.0,,NORMAL
1790709361.9184852,esp32-1,-58.0,39.2536,7.209501,0.0,225.0,-1.0,,NORMAL
1790709367.0832353,esp32-1,-57.0,46.1128,5.600001,0.0,207.0,-1.0,,NORMAL
1790709372.640917,esp32-1,-58.0,24.9485,18.46033,20.0,40.0,-1.0,,NORMAL
1790709376.7435331,esp32-1,-61.0,39.0986,6.936999,0.0,52.0,-1.0,,NORMAL
1790709381.7977915,esp32-1,-58.0,46.4136,7.239499,0.0,51.0,-1.0,,NORMAL
1790709387.638766,esp32-1,-60.0,21.9955,18.07567,20.0,50.0,-1.0,,NORMAL
1790709392.8419666,esp32-1,-59.0,39.1382,6.554251,0.0,53.0,-1.0,,NORMAL
1790709397.609362,esp32-1,-58.0,22.72075,17.79833,20.0,13.0,-1.0,,NORMAL
1790709402.7183986,esp32-1,-61.0,22.33425,17.726,20.0,50.0,-1.0,,NORMAL
1790709406.9174852,esp32-1,-59.0,64.27879,38.2285,0.0,30.0,-1.0,,NORMAL
1790709412.3437738,esp32-1,-61.0,88.2768,58.2815,0.0,51.0,-1.0,,NORMAL
1790709417.684128,esp32-1,-58.0,24.488,19.81233,20.0,42.0,-1.0,,NORMAL
1790709422.0029423,esp32-1,-59.0,39.1176,5.7565,0.0,230.0,-1.0,,NORMAL
1790709427.0345743,esp32-1,-57.0,45.8068,6.233749,0.0,214.0,-1.0,,NORMAL
1790709433.0303762,esp32-1,-60.0,24.686,16.69433,20.0,285.0,-1.0,,NORMAL
1790709437.794577,esp32-1,-60.0,38.8944,6.143,0.0,53.0,-1.0,,NORMAL
1790709441.8336978,esp32-1,-59.0,66.3158,60.60475,0.0,3.0,-1.0,,NORMAL
1790709447.638015,esp32-1,-57.0,21.9585,18.25967,20.0,51.0,-1.0,,NORMAL
1790709451.8728247,esp32-1,-61.0,38.6776,6.236,0.0,53.0,-1.0,,NORMAL
1790709456.9459937,esp32-1,-59.0,45.4386,6.171749,0.0,220.0,-1.0,,NORMAL
1790709462.9340575,esp32-1,-60.0,22.779,18.22,20.0,195.0,-1.0,,NORMAL
1790709466.882213,esp32-1,-62.0,39.7034,9.014001,0.0,182.0,-1.0,,NORMAL
1790709471.7918067,esp32-1,-60.0,46.7612,5.42275,0.0,51.0,-1.0,,NORMAL
1790709477.6908767,esp32-1,-59.0,23.36275,17.79067,20.0,49.0,-1.0,,NORMAL
1790709481.749804,esp32-1,-55.0,39.6232,6.459251,0.0,53.0,-1.0,,NORMAL
1790709486.8963096,esp32-1,-57.0,46.4504,6.222,0.0,52.0,-1.0,,NORMAL
1790709492.7331192,esp32-1,-60.0,23.2475,18.07233,20.0,49.0,-1.0,,NORMAL
1790709496.9283493,esp32-1,-57.0,66.2026,39.6925,0.0,23.0,-1.0,,NORMAL
1790709502.208027,esp32-1,-60.0,87.46459,123.7598,0.0,273.0,-1.0,,NORMAL
1790709507.6416698,esp32-1,-58.0,22.209,16.33633,20.0,50.0,-1.0,,NORMAL
1790709511.7512279,esp32-1,-61.0,39.4404,6.4745,0.0,52.0,-1.0,,NORMAL
1790709517.308789,esp32-1,-61.0,80.3774,48.69675,0.0,323.0,-1.0,,NORMAL
1790709522.7384658,esp32-1,-59.0,24.3765,19.823,20.0,43.0,-1.0,,NORMAL
1790709526.8315873,esp32-1,-57.0,39.1326,6.589249,0.0,52.0,-1.0,,NORMAL
1790709532.7765954,esp32-1,-60.0,37.991,16.07667,20.0,6.0,-1.0,,NORMAL
1790709537.687879,esp32-1,-59.0,21.76775,17.12467,20.0,51.0,-1.0,,NORMAL
1790709541.947644,esp32-1,-58.0,38.7678,6.12725,0.0,246.0,-1.0,,NORMAL
1790709547.109091,esp32-1,-59.0,86.62801,88.11175,0.0,53.0,-1.0,,NORMAL
1790709552.644836,esp32-1,-60.0,24.8645,22.61,20.0,38.0,-1.0,,NORMAL
1790709556.9111836,esp32-1,-57.0,38.857,6.48225,0.0,196.0,-1.0,,NORMAL
1790709561.9101562,esp32-1,-58.0,45.4952,4.69575,0.0,179.0,-1.0,,NORMAL
1790709567.9995117,esp32-1,-59.0,22.27,16.02033,20.0,257.0,-1.0,,NORMAL
1790709571.9541695,esp32-1,-57.0,38.6232,7.42075,0.0,251.0,-1.0,,NORMAL
1790709577.8840013,esp32-1,-58.0,45.2838,6.27475,0.0,53.0,-1.0,,NORMAL
1790709582.6441016,esp32-1,-60.0,24.9525,20.92267,20.0,35.0,-1.0,,NORMAL
1790709587.8161879,esp32-1,-59.0,29.005,26.42433,20.0,200.0,-1.0,,NORMAL
1790709591.913478,esp32-1,-57.0,45.0284,6.679,0.0,184.0,-1.0,,NORMAL
1790709597.6958442,esp32-1,-58.0,23.10375,18.48167,20.0,42.0,-1.0,,NORMAL
1790709602.0017638,esp32-1,-58.0,38.0354,8.115,0.0,257.0,-1.0,,NORMAL
1790709607.0353968,esp32-1,-58.0,44.8692,6.53425,0.0,240.0,-1.0,,NORMAL
1790709612.755139,esp32-1,-58.0,23.75575,10.67267,20.0,39.0,-1.0,,NORMAL
1790709618.7909393,esp32-1,-59.0,28.83525,22.37533,20.0,52.0,-1.0,,NORMAL
1790709621.917004,esp32-1,-58.0,44.6876,5.650501,0.0,190.0,-1.0,,NORMAL
1790709627.641388,esp32-1,-58.0,21.53825,16.92933,20.0,46.0,-1.0,,NORMAL
1790709632.8760605,esp32-1,-62.0,28.48975,25.85767,20.0,256.0,-1.0,,NORMAL
1790709637.032183,esp32-1,-59.0,44.58981,6.002501,0.0,52.0,-1.0,,NORMAL
1790709642.6390302,esp32-1,-58.0,25.663,22.133,20.0,30.0,-1.0,,NORMAL
1790709647.8278043,esp32-1,-59.0,27.86125,24.49533,20.0,210.0,-1.0,,NORMAL
1790709651.866582,esp32-1,-59.0,44.4294,5.95775,0.0,52.0,-1.0,,NORMAL
1790709657.7044814,esp32-1,-58.0,21.44925,16.97,20.0,46.0,-1.0,,NORMAL
1790709662.6739597,esp32-1,-57.0,28.69525,26.37833,20.0,52.0,-1.0,,NORMAL
1790709667.9569373,esp32-1,-73.0,91.36625,74.77934,20.0,4.0,-1.0,,NORMAL
1790709672.7573588,esp32-1,-60.0,22.04875,17.75,20.0,42.0,-1.0,,NORMAL
1790709677.7765236,esp32-1,-61.0,233.5924,406.9447,0.0,3.0,-1.0,,NORMAL
1790709681.9273365,esp32-1,-60.0,43.9748,6.57225,0.0,201.0,-1.0,,NORMAL
1790709687.632494,esp32-1,-61.0,25.7375,20.366,20.0,25.0,-1.0,,NORMAL
1790709693.7028003,esp32-1,-58.0,27.5395,22.46333,20.0,52.0,-1.0,,NORMAL
1790709696.7791886,esp32-1,-60.0,43.835,6.11575,0.0,52.0,-1.0,,NORMAL
1790709702.7631962,esp32-1,-58.0,22.5345,18.55233,20.0,38.0,-1.0,,NORMAL
1790709706.9171822,esp32-1,-58.0,36.8236,6.734751,0.0,223.0,-1.0,,NORMAL
1790709711.8756862,esp32-1,-60.0,43.497,6.267001,0.0,53.0,-1.0,,NORMAL
1790709717.6360672,esp32-1,-60.0,21.80625,17.147,20.0,38.0,-1.0,,NORMAL
1790709722.8868582,esp32-1,-58.0,26.9935,23.315,20.0,272.0,-1.0,,NORMAL
1790709727.0310326,esp32-1,-60.0,43.2478,6.975501,0.0,259.0,-1.0,,NORMAL
1790709732.6366975,esp32-1,-60.0,22.228,17.247,20.0,38.0,-1.0,,NORMAL
1790709738.8467941,esp32-1,-60.0,26.663,23.56067,20.0,53.0,-1.0,,NORMAL
1790709741.7741637,esp32-1,-59.0,43.2782,8.443251,0.0,53.0,-1.0,,NORMAL
1790709747.7158031,esp32-1,-58.0,22.5955,15.47867,20.0,34.0,-1.0,,NORMAL
1790709752.8383904,esp32-1,-59.0,26.41225,23.29933,20.0,177.0,-1.0,,NORMAL
1790709756.7833307,esp32-1,-60.0,43.1992,5.913249,0.0,52.0,-1.0,,NORMAL
1790709762.6789,esp32-1,-59.0,22.5535,18.30233,20.0,33.0,-1.0,,NORMAL
1790709767.8421094,esp32-1,-59.0,35.9134,8.022499,0.0,53.0,-1.0,,NORMAL
1790709773.2387974,esp32-1,-60.0,21.7605,17.00633,20.0,639.0,-1.0,,NORMAL
1790709777.7229908,esp32-1,-59.0,22.4745,17.719,20.0,31.0,-1.0,,NORMAL
1790709782.7994127,esp32-1,-58.0,25.7475,21.594,20.0,182.0,-1.0,,NORMAL
1790709786.9928634,esp32-1,-59.0,42.4914,6.486999,0.0,271.0,-1.0,,NORMAL
1790709793.5897634,esp32-1,-60.0,23.10267,29.566,40.0,4.0,-1.0,,NORMAL
1790709796.9945436,esp32-1,-60.0,35.503,6.832,0.0,239.0,-1.0,,NORMAL
1790709802.0286329,esp32-1,-60.0,42.2244,7.256249,0.0,223.0,-1.0,,NORMAL
1790709807.724373,esp32-1,-58.0,22.39075,19.59933,20.0,33.0,-1.0,,NORMAL
1790709813.7691858,esp32-1,-59.0,25.396,21.53933,20.0,53.0,-1.0,,NORMAL
1790709816.9961822,esp32-1,-59.0,42.0448,6.37575,0.0,276.0,-1.0,,NORMAL
1790709822.6269944,esp32-1,-55.0,22.2475,17.71533,20.0,30.0,-1.0,,NORMAL
1790709827.8878758,esp32-1,-58.0,91.91725,152.837,20.0,3.0,-1.0,,NORMAL
1790709832.0283535,esp32-1,-57.0,41.693,6.53725,0.0,227.0,-1.0,,NORMAL
1790709837.7317939,esp32-1,-59.0,22.241,17.17467,20.0,29.0,-1.0,,NORMAL
1790709842.8026793,esp32-1,-57.0,24.63775,20.30833,20.0,192.0,-1.0,,NORMAL
1790709847.8182523,esp32-1,-59.0,41.4176,6.417249,0.0,53.0,-1.0,,NORMAL
1790709852.629172,esp32-1,-58.0,23.35425,19.20367,20.0,26.0,-1.0,,NORMAL
1790709857.8022218,esp32-1,-60.0,26.6515,23.12833,20.0,55.0,-1.0,,NORMAL
1790709862.8585017,esp32-1,-58.0,83.58025,67.96867,20.0,4.0,-1.0,,NORMAL
1790709867.0588763,esp32-1,-59.0,47.7236,5.011,0.0,217.0,-1.0,,NORMAL
1790709872.8027925,esp32-1,-60.0,23.68875,19.814,20.0,198.0,-1.0,,NORMAL
1790709876.8472884,esp32-1,-58.0,41.1482,6.314,0.0,52.0,-1.0,,NORMAL
1790709882.739865,esp32-1,-57.0,43.48125,45.55167,20.0,45.0,-1.0,,NORMAL
1790709887.9150877,esp32-1,-57.0,23.70425,18.866,20.0,252.0,-1.0,,NORMAL
1790709891.7742803,esp32-1,-58.0,40.905,6.187749,0.0,53.0,-1.0,,NORMAL
1790709897.2368479,esp32-1,-59.0,81.5928,48.90175,0.0,317.0,-1.0,,NORMAL
1790709902.815913,esp32-1,-57.0,24.09175,20.03067,20.0,203.0,-1.0,,NORMAL
1790709906.9558926,esp32-1,-60.0,40.4596,6.1155,0.0,189.0,-1.0,,NORMAL
1790709911.831525,esp32-1,-59.0,47.44061,5.80525,0.0,53.0,-1.0,,NORMAL
1790709917.6596792,esp32-1,-57.0,23.75025,20.577,20.0,51.0,-1.0,,NORMAL
1790709922.8747346,esp32-1,-59.0,40.4028,6.144,0.0,53.0,-1.0,,NORMAL
1790709927.9858198,esp32-1,-57.0,89.64925,66.37634,20.0,24.0,-1.0,,NORMAL
1790709932.7613342,esp32-1,-57.0,24.73975,12.32433,20.0,46.0,-1.0,,NORMAL
1790709937.8828413,esp32-1,-57.0,40.154,7.23225,0.0,53.0,-1.0,,NORMAL
1790709941.936798,esp32-1,-59.0,46.9682,5.577251,0.0,179.0,-1.0,,NORMAL
1790709948.8382468,esp32-1,-59.0,23.5705,19.56833,20.0,53.0,-1.0,,NORMAL
1790709951.9672046,esp32-1,-60.0,40.013,6.11325,0.0,248.0,-1.0,,NORMAL
1790709956.9877052,esp32-1,-57.0,46.9826,6.2445,0.0,232.0,-1.0,,NORMAL
1790709962.6633735,esp32-1,-59.0,22.3975,17.58,20.0,53.0,-1.0,,NORMAL
1790709966.862934,esp32-1,-59.0,39.7658,5.95175,0.0,53.0,-1.0,,NORMAL
1790709971.9048882,esp32-1,-59.0,72.6752,90.21474,0.0,25.0,-1.0,,NORMAL
1790709977.6659749,esp32-1,-58.0,25.3525,20.07967,20.0,42.0,-1.0,,NORMAL
1790709982.8902726,esp32-1,-60.0,39.6302,6.19375,0.0,53.0,-1.0,,NORMAL
1790709986.9318743,esp32-1,-60.0,46.2996,6.290999,0.0,54.0,-1.0,,NORMAL
1790709992.9140158,esp32-1,-57.0,22.55175,19.004,20.0,216.0,-1.0,,NORMAL
1790709997.9913697,esp32-1,-58.0,39.3094,6.74025,0.0,54.0,-1.0,,NORMAL
1790710002.6295865,esp32-1,-62.0,23.05175,18.09,20.0,15.0,-1.0,,NORMAL
1790710007.6621468,esp32-1,-59.0,22.538,18.85333,20.0,50.0,-1.0,,NORMAL
1790710012.021722,esp32-1,-59.0,80.4996,57.7295,0.0,50.0,-1.0,,NORMAL
1790710016.9514775,esp32-1,-60.0,46.1438,5.04025,0.0,156.0,-1.0,,NORMAL
1790710022.655683,esp32-1,-59.0,22.49125,17.509,20.0,48.0,-1.0,,NORMAL
1790710026.870266,esp32-1,-60.0,38.9644,6.167249,0.0,52.0,-1.0,,NORMAL
1790710031.8040895,esp32-1,-60.0,45.8222,6.53475,0.0,52.0,-1.0,,NORMAL
1790710037.6598146,esp32-1,-62.0,21.878,17.553,20.0,48.0,-1.0,,NORMAL
1790710042.799062,esp32-1,-57.0,38.5104,6.666751,0.0,54.0,-1.0,,NORMAL
1790710046.803139,esp32-1,-60.0,45.5934,6.213999,0.0,52.0,-1.0,,NORMAL
1790710052.6726062,esp32-1,-60.0,22.52575,17.82266,20.0,47.0,-1.0,,NORMAL
1790710056.9386668,esp32-1,-58.0,38.34,6.09575,0.0,217.0,-1.0,,NORMAL
1790710062.8702188,esp32-1,-58.0,45.3136,6.487001,0.0,53.0,-1.0,,NORMAL
1790710067.67142,esp32-1,-62.0,24.56925,19.55267,20.0,37.0,-1.0,,NORMAL
1790710071.8995113,esp32-1,-60.0,38.2494,5.652999,0.0,168.0,-1.0,,NORMAL
1790710076.8460622,esp32-1,-61.0,44.9022,5.59325,0.0,53.0,-1.0,,NORMAL
1790710082.6753776,esp32-1,-58.0,22.9615,15.75467,20.0,42.0,-1.0,,NORMAL
1790710087.024258,esp32-1,-59.0,37.9558,6.22225,0.0,221.0,-1.0,,NORMAL
1790710093.0273037,esp32-1,-62.0,44.8004,5.43425,0.0,52.0,-1.0,,NORMAL
1790710097.6589158,esp32-1,-60.0,21.59575,16.87267,20.0,48.0,-1.0,,NORMAL
1790710101.7738945,esp32-1,-60.0,37.7986,5.88425,0.0,53.0,-1.0,,NORMAL
1790710107.0523615,esp32-1,-60.0,44.558,6.5355,0.0,259.0,-1.0,,NORMAL
1790710112.701872,esp32-1,-58.0,24.3005,20.684,20.0,35.0,-1.0,,NORMAL
1790710116.7700033,esp32-1,-58.0,37.5574,5.977,0.0,52.0,-1.0,,NORMAL
1790710123.2520862,esp32-1,-57.0,23.6855,19.619,20.0,629.0,-1.0,,NORMAL
1790710127.6583102,esp32-1,-58.0,22.70925,18.03467,20.0,41.0,-1.0,,NORMAL
1790710133.5738132,esp32-1,-61.0,245.2607,577.0,20.0,5.0,-1.0,,NORMAL
1790710136.8538444,esp32-1,-62.0,44.1434,6.9635,0.0,52.0,-1.0,,NORMAL
1790710142.6474009,esp32-1,-61.0,24.113,20.76767,20.0,33.0,-1.0,,NORMAL
1790710148.4958518,esp32-1,-59.0,241.815,589.5234,20.0,4.0,-1.0,,NORMAL
1790710151.7984471,esp32-1,-56.0,43.5356,5.61925,0.0,51.0,-1.0,,NORMAL
1790710157.6914532,esp32-1,-58.0,22.11825,17.40633,20.0,38.0,-1.0,,NORMAL
1790710163.579715,esp32-1,-58.0,241.6642,586.441,20.0,5.0,-1.0,,NORMAL
1790710167.0366843,esp32-1,-60.0,43.4548,6.27325,0.0,272.0,-1.0,,NORMAL
1790710172.6554735,esp32-1,-59.0,23.04425,13.95733,20.0,35.0,-1.0,,NORMAL
1790710176.8914711,esp32-1,-61.0,36.6436,5.92925,0.0,54.0,-1.0,,NORMAL
1790710182.050333,esp32-1,-61.0,43.383,6.497248,0.0,222.0,-1.0,,NORMAL
1790710187.6520875,esp32-1,-59.0,22.86525,18.81133,20.0,35.0,-1.0,,NORMAL
1790710193.4972034,esp32-1,-59.0,242.867,597.1053,20.0,2.0,-1.0,,NORMAL
1790710197.0260296,esp32-1,-59.0,43.2274,6.222001,0.0,276.0,-1.0,,NORMAL
1790710202.6573617,esp32-1,-58.0,22.97975,17.78733,20.0,32.0,-1.0,,NORMAL
1790710208.2483342,esp32-1,-62.0,174.1534,325.4302,0.0,854.0,-1.0,,NORMAL
1790710211.9714994,esp32-1,-57.0,42.5132,6.3345,0.0,228.0,-1.0,,NORMAL
1790710218.3657236,esp32-1,-58.0,82.29025,96.36333,20.0,397.0,-1.0,,NORMAL
1790710223.5126245,esp32-1,-59.0,244.7545,591.6196,20.0,7.0,-1.0,,NORMAL
1790710226.9287174,esp32-1,-58.0,42.2856,6.121251,0.0,180.0,-1.0,,NORMAL
1790710232.804145,esp32-1,-56.0,22.9785,18.45433,20.0,34.0,-1.0,,NORMAL
1790710238.6420588,esp32-1,-60.0,247.1373,606.2093,20.0,5.0,-1.0,,NORMAL
1790710242.8947113,esp32-1,-57.0,42.6344,6.669,0.0,54.0,-1.0,,NORMAL
1790710247.7559075,esp32-1,-59.0,22.706,17.375,20.0,30.0,-1.0,,NORMAL
1790710253.5924892,esp32-1,-57.0,247.3335,607.297,20.0,3.0,-1.0,,NORMAL
1790710257.676299,esp32-1,-59.0,33.729,15.43133,20.0,7.0,-1.0,,NORMAL
1790710262.0978255,esp32-1,-59.0,48.9366,7.938,0.0,271.0,-1.0,,NORMAL
1790710268.6912966,esp32-1,-56.0,286.266,646.767,20.0,4.0,-1.0,,NORMAL
1790710271.8377185,esp32-1,-59.0,41.8636,6.565501,0.0,52.0,-1.0,,NORMAL
1790710277.0027804,esp32-1,-59.0,48.5426,5.1395,0.0,224.0,-1.0,,NORMAL
1790710282.8813102,esp32-1,-59.0,250.2044,498.5075,0.0,7.0,-1.0,,NORMAL
1790710286.9298227,esp32-1,-61.0,41.9222,6.176001,0.0,190.0,-1.0,,NORMAL
1790710291.9936914,esp32-1,-61.0,69.1172,79.844,0.0,52.0,-1.0,,NORMAL
1790710298.957185,esp32-1,-59.0,219.6046,462.0022,0.0,53.0,-1.0,,NORMAL
1790710302.9676535,esp32-1,-58.0,86.8275,72.03534,20.0,4.0,-1.0,,NORMAL
1790710307.655765,esp32-1,-60.0,22.072,17.445,20.0,29.0,-1.0,,NORMAL
1790710312.6855483,esp32-1,-59.0,219.4414,464.8908,0.0,52.0,-1.0,,NORMAL
1790710316.937691,esp32-1,-57.0,41.459,6.451251,0.0,196.0,-1.0,,NORMAL
1790710321.8256226,esp32-1,-57.0,48.1384,8.54775,0.0,52.0,-1.0,,NORMAL
1790710327.7334688,esp32-1,-58.0,219.1496,469.0568,0.0,51.0,-1.0,,NORMAL
1790710331.787831,esp32-1,-59.0,41.177,6.5635,0.0,52.0,-1.0,,NORMAL
1790710337.0024793,esp32-1,-59.0,48.0038,7.845249,0.0,233.0,-1.0,,NORMAL
1790710342.6895988,esp32-1,-60.0,218.6962,473.67,0.0,53.0,-1.0,,NORMAL
1790710346.9854164,esp32-1,-59.0,70.5906,43.38,0.0,7.0,-1.0,,NORMAL
1790710352.978283,esp32-1,-60.0,68.2442,83.77225,0.0,52.0,-1.0,,NORMAL
1790710358.0437243,esp32-1,-57.0,218.8886,474.348,0.0,268.0,-1.0,,NORMAL
1790710362.9662642,esp32-1,-60.0,40.815,6.80675,0.0,53.0,-1.0,,NORMAL
1790710367.0756567,esp32-1,-60.0,47.5162,3.363999,0.0,238.0,-1.0,,NORMAL
1790710372.688006,esp32-1,-59.0,219.6914,479.1075,0.0,50.0,-1.0,,NORMAL
1790710376.9417236,esp32-1,-62.0,40.648,5.78325,0.0,206.0,-1.0,,NORMAL
1790710382.010159,esp32-1,-59.0,47.2696,6.371499,0.0,191.0,-1.0,,NORMAL
1790710388.6629112,esp32-1,-58.0,261.278,645.3997,20.0,3.0,-1.0,,NORMAL
1790710391.9964023,esp32-1,-60.0,40.1956,7.4075,0.0,259.0,-1.0,,NORMAL
1790710396.8299198,esp32-1,-61.0,47.269,3.98075,0.0,52.0,-1.0,,NORMAL
1790710403.7178211,esp32-1,-59.0,261.5623,646.2314,20.0,3.0,-1.0,,NORMAL
1790710406.7942529,esp32-1,-60.0,40.208,6.161,0.0,52.0,-1.0,,NORMAL
1790710412.011261,esp32-1,-60.0,46.889,5.99,0.0,195.0,-1.0,,NORMAL
1790710418.6676204,esp32-1,-58.0,263.3375,652.6907,20.0,3.0,-1.0,,NORMAL
1790710422.0026996,esp32-1,-60.0,39.6972,6.829499,0.0,265.0,-1.0,,NORMAL
1790710427.0204208,esp32-1,-60.0,46.7648,5.60825,0.0,249.0,-1.0,,NORMAL
1790710433.7213504,esp32-1,-61.0,265.2238,652.2216,20.0,4.0,-1.0,,NORMAL
1790710437.0400531,esp32-1,-60.0,39.7436,7.126001,0.0,216.0,-1.0,,NORMAL
1790710441.9718878,esp32-1,-59.0,46.6024,6.0215,0.0,200.0,-1.0,,NORMAL
1790710448.6747472,esp32-1,-62.0,20.69667,11.419,40.0,3.0,-1.0,,NORMAL
1790710452.002183,esp32-1,-60.0,39.6644,7.282751,0.0,270.0,-1.0,,NORMAL
1790710457.02268,esp32-1,-60.0,46.3582,6.623999,0.0,254.0,-1.0,,NORMAL
1790710463.7268374,esp32-1,-58.0,21.288,14.012,40.0,4.0,-1.0,,NORMAL
1790710467.8770468,esp32-1,-59.0,39.2414,6.422999,0.0,54.0,-1.0,,NORMAL
1790710472.1222146,esp32-1,-59.0,46.1248,5.746,0.0,206.0,-1.0,,NORMAL
1790710478.6754935,esp32-1,-58.0,19.537,12.6985,40.0,6.0,-1.0,,NORMAL
1790710481.7989228,esp32-1,-59.0,39.307,6.88875,0.0,53.0,-1.0,,NORMAL
1790710487.072732,esp32-1,-57.0,45.8628,5.3745,0.0,259.0,-1.0,,NORMAL
1790710493.5780535,esp32-1,-59.0,255.904,607.532,20.0,4.0,-1.0,,NORMAL
1790710496.9645996,esp32-1,-60.0,38.9734,6.36625,0.0,228.0,-1.0,,NORMAL
1790710501.8245578,esp32-1,-60.0,45.8014,5.28325,0.0,53.0,-1.0,,NORMAL
1790710508.6805837,esp32-1,-59.0,21.21333,14.6855,40.0,3.0,-1.0,,NORMAL
1790710511.9092364,esp32-1,-59.0,38.6644,6.060251,0.0,178.0,-1.0,,NORMAL
1790710517.0787036,esp32-1,-59.0,45.4914,6.629499,0.0,264.0,-1.0,,NORMAL
1790710523.7350934,esp32-1,-59.0,24.389,16.8155,40.0,3.0,-1.0,,NORMAL
1790710526.9672606,esp32-1,-57.0,38.6294,6.3065,0.0,232.0,-1.0,,NORMAL
1790710531.830674,esp32-1,-60.0,45.1982,5.057501,0.0,53.0,-1.0,,NORMAL
1790710538.6864114,esp32-1,-60.0,19.857,13.2555,40.0,3.0,-1.0,,NORMAL
1790710542.8861196,esp32-1,-60.0,29.06975,26.251,20.0,181.0,-1.0,,NORMAL
1790710547.2442575,esp32-1,-58.0,86.1496,120.9202,0.0,269.0,-1.0,,NORMAL
1790710553.6077685,esp32-1,-58.0,20.15133,12.7735,40.0,3.0,-1.0,,NORMAL
1790710556.9671333,esp32-1,-61.0,38.1948,6.3555,0.0,236.0,-1.0,,NORMAL
1790710561.9848676,esp32-1,-59.0,44.7712,6.233751,0.0,222.0,-1.0,,NORMAL
1790710568.6890337,esp32-1,-58.0,20.858,15.0135,40.0,3.0,-1.0,,NORMAL
1790710571.8633351,esp32-1,-58.0,38.0132,6.93,0.0,52.0,-1.0,,NORMAL
1790710577.0425344,esp32-1,-59.0,44.8286,5.618751,0.0,275.0,-1.0,,NORMAL
1790710583.7457764,esp32-1,-60.0,22.95634,13.0205,40.0,3.0,-1.0,,NORMAL
1790710587.7132766,esp32-1,-59.0,28.19225,24.365,20.0,53.0,-1.0,,NORMAL
1790710592.9045982,esp32-1,-60.0,44.6614,6.37575,0.0,53.0,-1.0,,NORMAL
1790710597.7709174,esp32-1,-60.0,21.762,17.12533,20.0,44.0,-1.0,,NORMAL
1790710602.8081896,esp32-1,-59.0,62.99975,72.00667,20.0,15.0,-1.0,,NORMAL
1790710606.9883733,esp32-1,-58.0,44.0994,6.426499,0.0,179.0,-1.0,,NORMAL
1790710612.7221975,esp32-1,-58.0,23.572,15.37067,20.0,39.0,-1.0,,NORMAL
1790710617.9040923,esp32-1,-59.0,27.60875,19.617,20.0,246.0,-1.0,,NORMAL
1790710621.9933734,esp32-1,-59.0,43.8326,6.164,0.0,233.0,-1.0,,NORMAL
1790710627.674173,esp32-1,-57.0,22.60525,16.83333,20.0,39.0,-1.0,,NORMAL
1790710632.8485394,esp32-1,-58.0,27.5385,24.30134,20.0,197.0,-1.0,,NORMAL
1790710636.9943564,esp32-1,-61.0,64.2392,83.16075,0.0,53.0,-1.0,,NORMAL
1790710642.7283516,esp32-1,-59.0,23.6535,16.9,20.0,34.0,-1.0,,NORMAL
1790710647.9621623,esp32-1,-59.0,27.111,21.46367,20.0,251.0,-1.0,,NORMAL
1790710652.9938145,esp32-1,-59.0,43.4658,6.028,0.0,53.0,-1.0,,NORMAL
1790710657.785422,esp32-1,-59.0,21.624,16.35867,20.0,40.0,-1.0,,NORMAL
1790710663.006683,esp32-1,-58.0,26.59025,20.936,20.0,204.0,-1.0,,NORMAL
1790710667.4055915,esp32-1,-58.0,38.6834,11.39425,0.0,531.0,-1.0,,NORMAL
1790710672.7311826,esp32-1,-61.0,22.88125,20.29233,20.0,34.0,-1.0,,NORMAL
1790710677.706006,esp32-1,-60.0,26.65675,23.571,20.0,53.0,-1.0,,NORMAL
1790710681.8589544,esp32-1,-58.0,42.8614,7.885999,0.0,52.0,-1.0,,NORMAL
1790710688.2796154,esp32-1,-57.0,205.5036,323.4913,0.0,699.0,-1.0,,NORMAL
1790710693.0080962,esp32-1,-58.0,26.3745,23.29733,20.0,208.0,-1.0,,NORMAL
1790710696.9543302,esp32-1,-58.0,42.96861,6.249501,0.0,194.0,-1.0,,NORMAL
1790710703.658741,esp32-1,-59.0,22.57633,28.364,40.0,4.0,-1.0,,NORMAL
1790710707.9102325,esp32-1,-59.0,26.0255,21.16333,20.0,262.0,-1.0,,NORMAL
1790710711.9615085,esp32-1,-60.0,42.52439,7.106501,0.0,156.0,-1.0,,NORMAL
1790710718.7101557,esp32-1,-59.0,22.65233,24.812,40.0,5.0,-1.0,,NORMAL
1790710722.8677347,esp32-1,-59.0,25.824,21.52233,20.0,214.0,-1.0,,NORMAL
1790710726.9553134,esp32-1,-58.0,42.1862,6.74225,0.0,200.0,-1.0,,NORMAL
1790710732.6769319,esp32-1,-58.0,22.8675,18.10667,20.0,29.0,-1.0,,NORMAL
1790710737.964759,esp32-1,-58.0,25.27575,18.75867,20.0,268.0,-1.0,,NORMAL
1790710742.0330634,esp32-1,-59.0,41.9218,6.133,0.0,255.0,-1.0,,NORMAL
1790710747.6727157,esp32-1,-58.0,21.4495,16.71567,20.0,34.0,-1.0,,NORMAL
1790710753.786478,esp32-1,-60.0,25.0855,21.36433,20.0,53.0,-1.0,,NORMAL
1790710757.8822608,esp32-1,-60.0,42.0512,5.222,0.0,53.0,-1.0,,NORMAL
1790710763.767588,esp32-1,-60.0,28.204,0.747001,40.0,4.0,-1.0,,NORMAL
1790710767.2737155,esp32-1,-59.0,96.7204,161.4312,0.0,244.0,-1.0,,NORMAL
1790710771.8602395,esp32-1,-59.0,41.9104,6.7695,0.0,53.0,-1.0,,NORMAL
1790710777.668299,esp32-1,-60.0,21.94075,17.75133,20.0,30.0,-1.0,,NORMAL
1790710783.7909315,esp32-1,-60.0,24.3355,16.98033,20.0,54.0,-1.0,,NORMAL
1790710786.816717,esp32-1,-59.0,41.6576,6.47625,0.0,53.0,-1.0,,NORMAL
1790710793.6699786,esp32-1,-58.0,24.025,25.8585,40.0,4.0,-1.0,,NORMAL
1790710797.8683295,esp32-1,-61.0,24.4995,16.75233,20.0,176.0,-1.0,,NORMAL
1790710802.9882648,esp32-1,-60.0,41.4788,7.0595,0.0,53.0,-1.0,,NORMAL
1790710806.8502562,esp32-1,-58.0,47.9756,7.69975,0.0,53.0,-1.0,,NORMAL
1790710812.6961627,esp32-1,-58.0,26.05125,20.56034,20.0,45.0,-1.0,,NORMAL
1790710816.8128765,esp32-1,-59.0,41.1118,8.71075,0.0,53.0,-1.0,,NORMAL
1790710821.9486651,esp32-1,-61.0,72.4996,86.42425,0.0,31.0,-1.0,,NORMAL
1790710827.771733,esp32-1,-61.0,23.83225,16.228,20.0,53.0,-1.0,,NORMAL
1790710831.812983,esp32-1,-60.0,40.689,7.127999,0.0,52.0,-1.0,,NORMAL
1790710837.6092768,esp32-1,-62.0,197.435,143.141,0.0,3.0,-1.0,,NORMAL
1790710843.7999551,esp32-1,-59.0,23.6665,19.65467,20.0,53.0,-1.0,,NORMAL
1790710846.9198802,esp32-1,-62.0,40.7288,6.43925,0.0,53.0,-1.0,,NORMAL
1790710852.143991,esp32-1,-59.0,47.571,6.347999,0.0,206.0,-1.0,,NORMAL
1790710857.8772042,esp32-1,-60.0,23.17825,20.293,20.0,187.0,-1.0,,NORMAL
1790710862.2784932,esp32-1,-58.0,36.402,12.344,0.0,544.0,-1.0,,NORMAL
1790710867.0932512,esp32-1,-59.0,47.2914,6.39925,0.0,260.0,-1.0,,NORMAL
1790710873.7989776,esp32-1,-58.0,23.29125,18.59867,20.0,54.0,-1.0,,NORMAL
1790710877.9005914,esp32-1,-59.0,40.376,6.296501,0.0,53.0,-1.0,,NORMAL
1790710881.8441617,esp32-1,-57.0,46.7494,5.716751,0.0,53.0,-1.0,,NORMAL
1790710887.7820406,esp32-1,-58.0,31.801,29.11733,20.0,17.0,-1.0,,NORMAL
1790710892.3867157,esp32-1,-58.0,35.4576,12.55925,0.0,550.0,-1.0,,NORMAL
1790710897.259744,esp32-1,-58.0,87.47759,114.0145,0.0,264.0,-1.0,,NORMAL
1790710902.9488628,esp32-1,-57.0,22.6175,18.138,20.0,244.0,-1.0,,NORMAL
1790710906.9834695,esp32-1,-57.0,40.0744,6.824001,0.0,232.0,-1.0,,NORMAL
1790710911.8432324,esp32-1,-57.0,46.7138,6.257501,0.0,53.0,-1.0,,NORMAL
1790710917.8421803,esp32-1,-59.0,22.33475,17.925,20.0,196.0,-1.0,,NORMAL
1790710921.9333704,esp32-1,-59.0,39.6244,6.4955,0.0,183.0,-1.0,,NORMAL
1790710927.0589702,esp32-1,-58.0,46.5056,4.79125,0.0,269.0,-1.0,,NORMAL
1790710932.705685,esp32-1,-59.0,26.11175,19.76,20.0,37.0,-1.0,,NORMAL
1790710937.3657696,esp32-1,-58.0,76.4146,52.67875,0.0,344.0,-1.0,,NORMAL
1790710942.019301,esp32-1,-59.0,46.0488,6.12875,0.0,222.0,-1.0,,NORMAL
1790710947.7898912,esp32-1,-59.0,23.578,17.65233,20.0,46.0,-1.0,,NORMAL
1790710951.8112335,esp32-1,-60.0,40.9564,28.903,0.0,45.0,-1.0,,NORMAL
1790710956.8413033,esp32-1,-60.0,46.26,5.217001,0.0,52.0,-1.0,,NORMAL
1790710962.694432,esp32-1,-56.0,22.2845,18.33567,20.0,52.0,-1.0,,NORMAL
1790710966.8518016,esp32-1,-59.0,39.361,6.537999,0.0,53.0,-1.0,,NORMAL
1790710972.9296384,esp32-1,-57.0,45.9906,5.883751,0.0,53.0,-1.0,,NORMAL
1790710977.6988678,esp32-1,-58.0,22.905,17.68167,20.0,48.0,-1.0,,NORMAL
1790710982.0009894,esp32-1,-58.0,38.9186,6.60325,0.0,193.0,-1.0,,NORMAL
1790710987.0100296,esp32-1,-58.0,45.8378,6.222501,0.0,177.0,-1.0,,NORMAL
1790710992.746927,esp32-1,-59.0,22.20425,19.113,20.0,50.0,-1.0,,NORMAL
1790710996.80529,esp32-1,-58.0,38.6802,6.05975,0.0,51.0,-1.0,,NORMAL
1790711002.01604,esp32-1,-59.0,45.4884,6.238001,0.0,231.0,-1.0,,NORMAL
1790711007.69413,esp32-1,-60.0,25.59,21.63167,20.0,34.0,-1.0,,NORMAL
1790711011.946053,esp32-1,-60.0,38.6006,7.11025,0.0,199.0,-1.0,,NORMAL
1790711016.96902,esp32-1,-58.0,45.283,6.60625,0.0,182.0,-1.0,,NORMAL
1790711022.7550428,esp32-1,-57.0,23.48325,18.693,20.0,42.0,-1.0,,NORMAL
1790711027.0560274,esp32-1,-60.0,38.2132,7.114251,0.0,253.0,-1.0,,NORMAL
1790711033.0934944,esp32-1,-57.0,89.075,68.627,20.0,51.0,-1.0,,NORMAL
1790711037.802038,esp32-1,-59.0,26.3345,13.09333,20.0,29.0,-1.0,,NORMAL
1790711042.1029572,esp32-1,-58.0,37.9294,5.21525,0.0,205.0,-1.0,,NORMAL
1790711048.1441875,esp32-1,-60.0,62.83825,63.09467,20.0,54.0,-1.0,,NORMAL
1790711052.7522564,esp32-1,-60.0,23.63775,19.041,20.0,40.0,-1.0,,NORMAL
1790711057.979927,esp32-1,-59.0,28.70975,25.06133,20.0,255.0,-1.0,,NORMAL
1790711062.0907657,esp32-1,-58.0,44.952,6.0485,0.0,243.0,-1.0,,NORMAL
1790711067.707879,esp32-1,-60.0,21.79075,17.158,20.0,49.0,-1.0,,NORMAL
1790711073.030715,esp32-1,-59.0,28.58225,26.13467,20.0,205.0,-1.0,,NORMAL
1790711077.6653504,esp32-1,-59.0,22.23175,17.557,20.0,10.0,-1.0,,NORMAL
1790711082.8603008,esp32-1,-59.0,49.867,51.37233,20.0,36.0,-1.0,,NORMAL
1790711087.8910644,esp32-1,-59.0,28.362,22.62234,20.0,54.0,-1.0,,NORMAL
1790711092.0079834,esp32-1,-61.0,48.5994,21.23775,0.0,31.0,-1.0,,NORMAL
1790711100.7298512,esp32-1,-60.0,69.64475,36.38333,20.0,8.0,-1.0,,NORMAL
1790711102.828352,esp32-1,-61.0,27.7945,25.238,20.0,53.0,-1.0,,NORMAL
1790711107.8989394,esp32-1,-58.0,44.1126,6.0875,0.0,53.0,-1.0,,NORMAL
1790711112.695248,esp32-1,-58.0,23.42075,17.72967,20.0,36.0,-1.0,,NORMAL
1790711117.9843273,esp32-1,-59.0,27.59575,24.92667,20.0,265.0,-1.0,,NORMAL
1790711122.032219,esp32-1,-60.0,43.8586,6.939751,0.0,251.0,-1.0,,NORMAL
1790711127.7065578,esp32-1,-57.0,22.70125,18.61567,20.0,39.0,-1.0,,NORMAL
1790711133.2951362,esp32-1,-57.0,42.6095,43.54933,20.0,559.0,-1.0,,NORMAL
1790711137.2415683,esp32-1,-58.0,64.6012,88.71975,0.0,202.0,-1.0,,NORMAL
1790711142.764983,esp32-1,-58.0,21.53725,16.94467,20.0,42.0,-1.0,,NORMAL
1790711148.706757,esp32-1,-57.0,20.212,12.895,40.0,3.0,-1.0,,NORMAL
1790711151.8367436,esp32-1,-58.0,43.5782,5.97825,0.0,53.0,-1.0,,NORMAL
1790711157.0576653,esp32-1,-59.0,50.2744,7.08775,0.0,240.0,-1.0,,NORMAL
1790711162.8938339,esp32-1,-58.0,26.87675,23.90667,20.0,222.0,-1.0,,NORMAL
1790711167.138693,esp32-1,-57.0,43.1752,5.529751,0.0,208.0,-1.0,,NORMAL
1790711172.693451,esp32-1,-56.0,22.02175,17.66367,20.0,37.0,-1.0,,NORMAL
1790711177.7883356,esp32-1,-60.0,26.76725,22.28133,20.0,52.0,-1.0,,NORMAL
1790711182.29448,esp32-1,-58.0,84.6458,114.405,0.0,259.0,-1.0,,NORMAL
1790711187.8233497,esp32-1,-58.0,22.6555,18.07233,20.0,33.0,-1.0,,NORMAL
1790711192.9758062,esp32-1,-59.0,26.39525,21.45367,20.0,228.0,-1.0,,NORMAL
1790711197.746056,esp32-1,-59.0,43.23375,62.23533,20.0,3.0,-1.0,,NORMAL
1790711202.6897557,esp32-1,-57.0,22.55125,16.02267,20.0,34.0,-1.0,,NORMAL
1790711207.8437493,esp32-1,-58.0,26.099,21.55633,20.0,178.0,-1.0,,NORMAL
1790711212.0492346,esp32-1,-57.0,42.6246,5.7335,0.0,268.0,-1.0,,NORMAL
1790711217.899819,esp32-1,-58.0,80.439,170.7157,20.0,10.0,-1.0,,NORMAL
1790711222.982479,esp32-1,-61.0,25.74975,21.61366,20.0,231.0,-1.0,,NORMAL
1790711227.0025506,esp32-1,-60.0,42.358,7.355501,0.0,217.0,-1.0,,NORMAL
1790711233.635331,esp32-1,-58.0,20.04,24.681,40.0,4.0,-1.0,,NORMAL
1790711238.770209,esp32-1,-60.0,25.77925,22.45667,20.0,57.0,-1.0,,NORMAL
1790711242.0980132,esp32-1,-61.0,42.16579,9.412,0.0,282.0,-1.0,,NORMAL
1790711247.686586,esp32-1,-59.0,24.41825,20.37733,20.0,24.0,-1.0,,NORMAL
1790711252.726496,esp32-1,-62.0,25.40225,18.38367,20.0,52.0,-1.0,,NORMAL
1790711257.003977,esp32-1,-61.0,42.165,6.466751,0.0,224.0,-1.0,,NORMAL
1790711262.9318924,esp32-1,-62.0,86.7675,56.78367,20.0,4.0,-1.0,,NORMAL
1790711267.8575392,esp32-1,-59.0,25.2935,21.39533,20.0,188.0,-1.0,,NORMAL
1790711271.895791,esp32-1,-61.0,41.956,6.79175,0.0,51.0,-1.0,,NORMAL
1790711278.2470078,esp32-1,-61.0,90.20021,112.587,0.0,53.0,-1.0,,NORMAL
1790711282.7683072,esp32-1,-59.0,24.542,20.736,20.0,53.0,-1.0,,NORMAL
1790711286.9495232,esp32-1,-57.0,41.7314,6.284,0.0,52.0,-1.0,,NORMAL
1790711292.691121,esp32-1,-59.0,21.81825,17.21933,20.0,31.0,-1.0,,NORMAL
1790711297.7175684,esp32-1,-56.0,24.85125,20.53033,20.0,52.0,-1.0,,NORMAL
1790711301.82994,esp32-1,-68.0,41.7572,6.3745,0.0,52.0,-1.0,,NORMAL
1790711307.6957643,esp32-1,-54.0,22.95425,17.55567,20.0,29.0,-1.0,,NORMAL
1790711312.7664516,esp32-1,-56.0,24.34575,20.36267,20.0,53.0,-1.0,,NORMAL
1790711318.0120819,esp32-1,-57.0,84.1125,69.994,20.0,4.0,-1.0,,NORMAL
1790711323.6384761,esp32-1,-55.0,21.40034,24.3515,40.0,4.0,-1.0,,NORMAL
1790711327.8642106,esp32-1,-61.0,24.3115,13.206,20.0,199.0,-1.0,,NORMAL
1790711331.9064646,esp32-1,-60.0,42.2934,28.8105,0.0,49.0,-1.0,,NORMAL
1790711337.2892652,esp32-1,-57.0,88.8088,124.7893,0.0,272.0,-1.0,,NORMAL
1790711342.765354,esp32-1,-56.0,25.6945,18.59967,20.0,46.0,-1.0,,NORMAL
1790711346.959493,esp32-1,-59.0,41.0904,6.539001,0.0,53.0,-1.0,,NORMAL
1790711352.0871065,esp32-1,-57.0,47.7062,6.310501,0.0,156.0,-1.0,,NORMAL
1790711357.8171442,esp32-1,-62.0,25.40325,20.17333,20.0,48.0,-1.0,,NORMAL
1790711362.0136647,esp32-1,-59.0,40.8248,6.8895,0.0,191.0,-1.0,,NORMAL
1790711367.0877414,esp32-1,-56.0,47.4974,4.4955,0.0,277.0,-1.0,,NORMAL
1790711372.7665138,esp32-1,-58.0,25.137,14.397,20.0,47.0,-1.0,,NORMAL
1790711376.8740473,esp32-1,-63.0,40.2502,6.04675,0.0,53.0,-1.0,,NORMAL
1790711382.3126366,esp32-1,-63.0,82.468,49.77425,0.0,314.0,-1.0,,NORMAL
1790711387.7167313,esp32-1,-62.0,23.4475,18.34967,20.0,51.0,-1.0,,NORMAL
1790711392.1185153,esp32-1,-62.0,40.374,6.356499,0.0,196.0,-1.0,,NORMAL
1790711397.7512605,esp32-1,-63.0,23.05425,15.97133,20.0,19.0,-1.0,,NORMAL
1790711402.9254346,esp32-1,-63.0,22.97825,18.623,20.0,263.0,-1.0,,NORMAL
1790711407.8890958,esp32-1,-63.0,42.2325,71.77533,20.0,10.0,-1.0,,NORMAL
1790711413.0372658,esp32-1,-62.0,90.958,67.658,20.0,4.0,-1.0,,NORMAL
1790711417.7244542,esp32-1,-63.0,22.663,18.27,20.0,53.0,-1.0,,NORMAL
1790711421.83049,esp32-1,-61.0,39.8088,6.382249,0.0,52.0,-1.0,,NORMAL
1790711427.9606035,esp32-1,-61.0,46.4564,6.3905,0.0,52.0,-1.0,,NORMAL
1790711432.9304316,esp32-1,-63.0,22.3875,16.46333,20.0,269.0,-1.0,,NORMAL
1790711437.3858316,esp32-1,-62.0,59.3882,31.25525,0.0,431.0,-1.0,,NORMAL
1790711442.1120307,esp32-1,-61.0,46.6422,5.83675,0.0,239.0,-1.0,,NORMAL
1790711447.8270667,esp32-1,-62.0,23.36125,18.84633,20.0,49.0,-1.0,,NORMAL
1790711452.2963638,esp32-1,-63.0,90.5482,73.5325,0.0,272.0,-1.0,,NORMAL
1790711456.94185,esp32-1,-63.0,46.4318,29.079,0.0,52.0,-1.0,,NORMAL
1790711462.778449,esp32-1,-65.0,22.6785,13.78367,20.0,49.0,-1.0,,NORMAL
1790711467.0799122,esp32-1,-62.0,39.4818,6.603999,0.0,259.0,-1.0,,NORMAL
1790711472.4049017,esp32-1,-62.0,63.6898,27.72575,0.0,407.0,-1.0,,NORMAL
1790711477.9686987,esp32-1,-64.0,22.30575,15.60167,20.0,224.0,-1.0,,NORMAL
1790711482.7471633,esp32-1,-63.0,21.72125,8.591,20.0,3.0,-1.0,,NORMAL
1790711487.9699035,esp32-1,-63.0,46.1376,6.38825,0.0,53.0,-1.0,,NORMAL
1790711492.7844203,esp32-1,-62.0,21.9865,17.672,20.0,51.0,-1.0,,NORMAL
1790711497.034717,esp32-1,-63.0,81.5712,59.626,0.0,50.0,-1.0,,NORMAL
1790711501.8603086,esp32-1,-62.0,46.0084,5.092,0.0,52.0,-1.0,,NORMAL
1790711508.8115313,esp32-1,-63.0,21.61875,17.10733,20.0,52.0,-1.0,,NORMAL
1790711513.0578303,esp32-1,-61.0,83.66275,59.26233,20.0,41.0,-1.0,,NORMAL
1790711517.9750545,esp32-1,-63.0,45.3076,6.490749,0.0,53.0,-1.0,,NORMAL
1790711522.7116065,esp32-1,-64.0,22.44475,16.995,20.0,47.0,-1.0,,NORMAL
1790711527.041881,esp32-1,-66.0,38.7906,6.194,0.0,270.0,-1.0,,NORMAL
1790711532.1098409,esp32-1,-65.0,45.5718,6.248,0.0,253.0,-1.0,,NORMAL
1790711537.7167337,esp32-1,-62.0,21.79775,17.04033,20.0,48.0,-1.0,,NORMAL
1790711541.9367137,esp32-1,-62.0,38.4514,7.306001,0.0,53.0,-1.0,,NORMAL
1790711547.16007,esp32-1,-65.0,45.372,6.122001,0.0,205.0,-1.0,,NORMAL
1790711552.7920537,esp32-1,-64.0,23.123,17.15267,20.0,43.0,-1.0,,NORMAL
1790711557.8603277,esp32-1,-64.0,38.3376,6.284999,0.0,53.0,-1.0,,NORMAL
1790711562.1104782,esp32-1,-64.0,44.8212,6.10925,0.0,258.0,-1.0,,NORMAL
1790711567.8459756,esp32-1,-64.0,22.965,16.91,20.0,42.0,-1.0,,NORMAL
1790711571.9939826,esp32-1,-66.0,38.2028,7.12875,0.0,227.0,-1.0,,NORMAL
1790711576.8590057,esp32-1,-64.0,44.6964,5.782752,0.0,52.0,-1.0,,NORMAL
1790711582.7946353,esp32-1,-64.0,21.57975,17.724,20.0,46.0,-1.0,,NORMAL
1790711586.9552927,esp32-1,-66.0,38.004,6.917999,0.0,178.0,-1.0,,NORMAL
1790711593.192441,esp32-1,-64.0,85.7368,125.2258,0.0,53.0,-1.0,,NORMAL
1790711597.7586155,esp32-1,-65.0,21.83625,17.46467,20.0,44.0,-1.0,,NORMAL
1790711603.0016315,esp32-1,-61.0,28.43275,24.035,20.0,229.0,-1.0,,NORMAL
1790711606.862476,esp32-1,-60.0,44.74,6.820001,0.0,52.0,-1.0,,NORMAL
1790711612.8008819,esp32-1,-61.0,22.431,17.48467,20.0,40.0,-1.0,,NORMAL
1790711618.6378148,esp32-1,-63.0,27.98725,22.56267,20.0,52.0,-1.0,,NORMAL
1790711623.04143,esp32-1,-61.0,44.2604,6.835751,0.0,55.0,-1.0,,NORMAL
1790711627.7588794,esp32-1,-60.0,22.5945,18.345,20.0,40.0,-1.0,,NORMAL
1790711632.9359431,esp32-1,-62.0,27.96575,23.49867,20.0,235.0,-1.0,,NORMAL
1790711636.8603153,esp32-1,-61.0,44.0212,5.9085,0.0,53.0,-1.0,,NORMAL
1790711642.710231,esp32-1,-60.0,22.11575,17.03067,20.0,41.0,-1.0,,NORMAL
1790711648.6429725,esp32-1,-62.0,27.45875,19.84767,20.0,53.0,-1.0,,NORMAL
1790711651.9181933,esp32-1,-62.0,43.9746,6.470251,0.0,52.0,-1.0,,NORMAL
1790711657.7086854,esp32-1,-59.0,22.41875,17.56933,20.0,38.0,-1.0,,NORMAL
1790711662.9294024,esp32-1,-60.0,27.1805,21.79733,20.0,240.0,-1.0,,NORMAL
1790711667.0272117,esp32-1,-60.0,43.8772,6.106999,0.0,226.0,-1.0,,NORMAL
1790711673.0137167,esp32-1,-61.0,21.70525,16.779,20.0,196.0,-1.0,,NORMAL
1790711677.8852453,esp32-1,-61.0,26.86675,13.96,20.0,191.0,-1.0,,NORMAL
1790711682.7376947,esp32-1,-62.0,34.968,14.51667,20.0,7.0,-1.0,,NORMAL
1790711687.7125728,esp32-1,-62.0,21.78225,17.549,20.0,41.0,-1.0,,NORMAL
1790711692.7891138,esp32-1,-61.0,26.73525,23.39567,20.0,53.0,-1.0,,NORMAL
1790711697.313632,esp32-1,-60.0,78.9744,50.584,0.0,333.0,-1.0,,NORMAL
1790711702.708571,esp32-1,-60.0,22.02525,17.37633,20.0,38.0,-1.0,,NORMAL
1790711707.934468,esp32-1,-61.0,26.59375,16.21067,20.0,196.0,-1.0,,NORMAL
1790711711.9835389,esp32-1,-62.0,43.0714,6.258501,0.0,183.0,-1.0,,NORMAL
1790711717.7666214,esp32-1,-63.0,22.63925,16.72467,20.0,33.0,-1.0,,NORMAL
1790711722.9944658,esp32-1,-62.0,26.3515,22.45767,20.0,250.0,-1.0,,NORMAL
1790711727.900186,esp32-1,-60.0,42.51875,71.15299,20.0,23.0,-1.0,,NORMAL
1790711732.7181048,esp32-1,-64.0,23.8065,17.641,20.0,28.0,-1.0,,NORMAL
1790711737.8919566,esp32-1,-60.0,25.97025,22.47267,20.0,202.0,-1.0,,NORMAL
1790711742.0344875,esp32-1,-61.0,42.5166,6.5595,0.0,188.0,-1.0,,NORMAL
1790711747.7687004,esp32-1,-62.0,21.55625,17.28,20.0,37.0,-1.0,,NORMAL
1790711752.9934905,esp32-1,-63.0,25.839,19.442,20.0,255.0,-1.0,,NORMAL
1790711757.1037538,esp32-1,-62.0,42.2976,6.301501,0.0,242.0,-1.0,,NORMAL
1790711762.8205523,esp32-1,-63.0,22.55925,17.691,20.0,33.0,-1.0,,NORMAL
1790711767.8959763,esp32-1,-63.0,25.43,21.613,20.0,206.0,-1.0,,NORMAL
1790711771.9913473,esp32-1,-62.0,42.0354,6.99725,0.0,194.0,-1.0,,NORMAL
1790711777.7165496,esp32-1,-61.0,21.906,16.38367,20.0,32.0,-1.0,,NORMAL
1790711782.9977953,esp32-1,-61.0,25.809,16.92633,20.0,259.0,-1.0,,NORMAL
1790711787.045341,esp32-1,-62.0,41.6754,5.857749,0.0,248.0,-1.0,,NORMAL
1790711792.72281,esp32-1,-63.0,22.60325,16.39467,20.0,28.0,-1.0,,NORMAL
1790711797.8447998,esp32-1,-61.0,25.99575,10.098,20.0,50.0,-1.0,,NORMAL
1790711802.1444502,esp32-1,-63.0,41.9388,6.165,0.0,199.0,-1.0,,NORMAL
1790711807.776609,esp32-1,-62.0,21.89325,16.55067,20.0,29.0,-1.0,,NORMAL
1790711813.6469696,esp32-1,-62.0,24.36275,19.59633,20.0,55.0,-1.0,,NORMAL
1790711817.0463986,esp32-1,-61.0,41.583,6.596498,0.0,253.0,-1.0,,NORMAL
1790711823.664411,esp32-1,-61.0,20.65933,24.4805,40.0,7.0,-1.0,,NORMAL
1790711827.993425,esp32-1,-59.0,24.2525,20.09067,20.0,218.0,-1.0,,NORMAL
1790711831.9961042,esp32-1,-61.0,41.091,5.877,0.0,205.0,-1.0,,NORMAL
1790711837.705547,esp32-1,-61.0,21.80525,17.55267,20.0,28.0,-1.0,,NORMAL
1790711843.004269,esp32-1,-61.0,23.743,19.28467,20.0,273.0,-1.0,,NORMAL
1790711846.895466,esp32-1,-61.0,41.0838,6.802751,0.0,53.0,-1.0,,NORMAL
1790711852.0685189,esp32-1,-62.0,47.9518,5.622499,0.0,241.0,-1.0,,NORMAL
1790711857.9080427,esp32-1,-63.0,23.97675,19.61767,20.0,222.0,-1.0,,NORMAL
1790711862.9214292,esp32-1,-62.0,41.0464,5.39925,0.0,54.0,-1.0,,NORMAL
1790711866.9787524,esp32-1,-62.0,75.9362,42.283,0.0,16.0,-1.0,,NORMAL
1790711872.80455,esp32-1,-61.0,24.21975,17.059,20.0,52.0,-1.0,,NORMAL
1790711877.0606515,esp32-1,-63.0,82.877,58.5795,0.0,52.0,-1.0,,NORMAL
1790711882.0236726,esp32-1,-63.0,47.5844,4.727749,0.0,54.0,-1.0,,NORMAL
1790711888.6725366,esp32-1,-61.0,23.7115,16.27033,20.0,52.0,-1.0,,NORMAL
1790711893.024041,esp32-1,-61.0,40.7534,7.975749,0.0,55.0,-1.0,,NORMAL
1790711897.0738633,esp32-1,-62.0,71.80141,83.21725,0.0,35.0,-1.0,,NORMAL
1790711902.8606143,esp32-1,-61.0,23.956,16.67667,20.0,177.0,-1.0,,NORMAL
1790711907.068267,esp32-1,-62.0,41.1288,6.81875,0.0,264.0,-1.0,,NORMAL
1790711912.9067562,esp32-1,-61.0,77.55825,165.186,20.0,10.0,-1.0,,NORMAL
1790711917.9240339,esp32-1,-62.0,23.535,18.79967,20.0,231.0,-1.0,,NORMAL
1790711922.0191913,esp32-1,-59.0,40.623,6.202,0.0,217.0,-1.0,,NORMAL
1790711927.1420999,esp32-1,-59.0,68.10381,92.3205,0.0,199.0,-1.0,,NORMAL
1790711933.1199603,esp32-1,-61.0,26.37525,17.35333,20.0,43.0,-1.0,,NORMAL
1790711936.8666801,esp32-1,-61.0,41.035,6.817249,0.0,52.0,-1.0,,NORMAL
1790711942.9967985,esp32-1,-62.0,47.6036,5.533,0.0,53.0,-1.0,,NORMAL
1790711947.8664382,esp32-1,-59.0,23.97975,18.37933,20.0,51.0,-1.0,,NORMAL
1790711952.9307156,esp32-1,-61.0,40.603,7.68425,0.0,53.0,-1.0,,NORMAL
1790711957.8846755,esp32-1,-62.0,71.917,124.792,20.0,3.0,-1.0,,NORMAL
1790711962.921594,esp32-1,-61.0,23.10775,18.73667,20.0,186.0,-1.0,,NORMAL
1790711967.9892817,esp32-1,-60.0,40.2654,9.64025,0.0,54.0,-1.0,,NORMAL
1790711972.0932295,esp32-1,-60.0,88.26,58.17751,0.0,51.0,-1.0,,NORMAL
1790711977.066865,esp32-1,-61.0,33.144,6.57825,0.0,243.0,-1.0,,NORMAL
1790711982.9349608,esp32-1,-62.0,40.2708,6.8885,0.0,54.0,-1.0,,NORMAL
1790711987.2917247,esp32-1,-60.0,46.6014,7.474751,0.0,211.0,-1.0,,NORMAL
1790711992.8248365,esp32-1,-60.0,22.9925,18.83767,20.0,52.0,-1.0,,NORMAL
1790711997.1225777,esp32-1,-63.0,85.0574,44.44375,0.0,32.0,-1.0,,NORMAL
1790712001.9336748,esp32-1,-60.0,46.6398,9.262251,0.0,7.0,-1.0,,NORMAL
1790712007.9271235,esp32-1,-60.0,22.44425,17.90633,20.0,245.0,-1.0,,NORMAL
1790712011.8585389,esp32-1,-62.0,39.6938,6.156001,0.0,52.0,-1.0,,NORMAL
1790712016.8845782,esp32-1,-60.0,46.5352,6.112249,0.0,53.0,-1.0,,NORMAL
1790712022.9293442,esp32-1,-60.0,22.51775,18.05333,20.0,195.0,-1.0,,NORMAL
1790712026.9213092,esp32-1,-60.0,44.8734,12.48175,0.0,28.0,-1.0,,NORMAL
1790712032.3089714,esp32-1,-61.0,87.2558,120.4495,0.0,269.0,-1.0,,NORMAL
1790712037.7848668,esp32-1,-62.0,22.443,18.77967,20.0,51.0,-1.0,,NORMAL
1790712041.8512151,esp32-1,-63.0,39.5676,5.676,0.0,52.0,-1.0,,NORMAL
1790712047.7733626,esp32-1,-61.0,42.205,71.15666,20.0,5.0,-1.0,,NORMAL
1790712052.7428756,esp32-1,-61.0,22.576,18.64867,20.0,51.0,-1.0,,NORMAL
1790712057.028185,esp32-1,-62.0,62.15021,78.92575,0.0,40.0,-1.0,,NORMAL
1790712062.9174492,esp32-1,-61.0,46.003,6.124249,0.0,53.0,-1.0,,NORMAL
1790712067.7829359,esp32-1,-62.0,22.36525,17.76467,20.0,49.0,-1.0,,NORMAL
1790712072.0453625,esp32-1,-61.0,38.9844,7.21625,0.0,242.0,-1.0,,NORMAL
1790712077.9717426,esp32-1,-60.0,45.7088,6.522999,0.0,53.0,-1.0,,NORMAL
1790712082.7484553,esp32-1,-60.0,23.05925,18.26767,20.0,48.0,-1.0,,NORMAL
1790712087.0403287,esp32-1,-61.0,39.156,6.63675,0.0,195.0,-1.0,,NORMAL
1790712092.0492845,esp32-1,-60.0,45.8272,6.01075,0.0,176.0,-1.0,,NORMAL
1790712097.7461853,esp32-1,-60.0,23.06,18.08567,20.0,45.0,-1.0,,NORMAL
1790712101.9491246,esp32-1,-59.0,38.8456,6.2325,0.0,155.0,-1.0,,NORMAL
1790712107.1334894,esp32-1,-61.0,45.394,6.9275,0.0,230.0,-1.0,,NORMAL
1790712112.7389047,esp32-1,-61.0,22.814,18.466,20.0,46.0,-1.0,,NORMAL
1790712117.9086182,esp32-1,-61.0,38.6944,6.2125,0.0,53.0,-1.0,,NORMAL
1790712122.0040126,esp32-1,-61.0,45.3278,6.037001,0.0,181.0,-1.0,,NORMAL
1790712127.7386384,esp32-1,-62.0,23.25125,20.64,20.0,46.0,-1.0,,NORMAL
1790712132.9638393,esp32-1,-59.0,38.466,6.469251,0.0,53.0,-1.0,,NORMAL
1790712137.1322248,esp32-1,-61.0,45.202,5.67,0.0,235.0,-1.0,,NORMAL
1790712142.7387726,esp32-1,-60.0,23.76425,19.88267,20.0,40.0,-1.0,,NORMAL
1790712146.9911525,esp32-1,-61.0,38.0962,6.1915,0.0,203.0,-1.0,,NORMAL
1790712151.8838155,esp32-1,-62.0,44.8698,6.21825,0.0,52.0,-1.0,,NORMAL
1790712157.7532544,esp32-1,-60.0,23.363,20.6,20.0,42.0,-1.0,,NORMAL
1790712162.7654881,esp32-1,-59.0,28.67675,25.184,20.0,52.0,-1.0,,NORMAL
1790712167.0119827,esp32-1,-61.0,44.7032,6.577501,0.0,53.0,-1.0,,NORMAL
1790712172.783911,esp32-1,-61.0,23.4185,18.933,20.0,3.0,-1.0,,NORMAL
1790712178.4906957,esp32-1,-62.0,28.063,23.96367,20.0,616.0,-1.0,,NORMAL
1790712182.9847558,esp32-1,-63.0,44.5626,8.89725,0.0,53.0,-1.0,,NORMAL
1790712187.340763,esp32-1,-62.0,92.8174,135.57,0.0,265.0,-1.0,,NORMAL
1790712192.1014805,esp32-1,-61.0,37.6814,7.608,0.0,259.0,-1.0,,NORMAL
1790712197.9358404,esp32-1,-61.0,46.431,80.71,20.0,18.0,-1.0,,NORMAL
1790712202.851506,esp32-1,-60.0,22.19375,16.40467,20.0,45.0,-1.0,,NORMAL
1790712206.8473136,esp32-1,-60.0,37.9194,6.76875,0.0,53.0,-1.0,,NORMAL
1790712212.027353,esp32-1,-61.0,44.5586,6.615,0.0,195.0,-1.0,,NORMAL
1790712217.803305,esp32-1,-60.0,22.65375,18.79667,20.0,42.0,-1.0,,NORMAL
1790712222.1051133,esp32-1,-60.0,80.05479,59.23075,0.0,47.0,-1.0,,NORMAL
1790712227.996084,esp32-1,-61.0,44.5258,5.884501,0.0,53.0,-1.0,,NORMAL
1790712232.7343626,esp32-1,-60.0,22.5785,17.59267,20.0,40.0,-1.0,,NORMAL
1790712237.054066,esp32-1,-59.0,58.2122,33.014,0.0,53.0,-1.0,,NORMAL
1790712242.1755745,esp32-1,-60.0,44.3556,6.142999,0.0,201.0,-1.0,,NORMAL
1790712247.740137,esp32-1,-60.0,24.19625,20.62267,20.0,35.0,-1.0,,NORMAL
1790712253.029394,esp32-1,-59.0,28.08475,23.961,20.0,265.0,-1.0,,NORMAL
1790712257.1309655,esp32-1,-61.0,43.991,5.817,0.0,266.0,-1.0,,NORMAL
1790712262.7345579,esp32-1,-61.0,21.93675,17.30567,20.0,43.0,-1.0,,NORMAL
1790712268.8512495,esp32-1,-62.0,27.71175,24.804,20.0,53.0,-1.0,,NORMAL
1790712271.9749951,esp32-1,-61.0,43.8028,6.333749,0.0,53.0,-1.0,,NORMAL
1790712277.8106735,esp32-1,-60.0,21.82975,17.191,20.0,42.0,-1.0,,NORMAL
1790712282.9899368,esp32-1,-59.0,27.49725,24.68233,20.0,271.0,-1.0,,NORMAL
1790712286.8854358,esp32-1,-59.0,43.915,6.088749,0.0,53.0,-1.0,,NORMAL
1790712292.7349992,esp32-1,-59.0,21.75175,16.89767,20.0,41.0,-1.0,,NORMAL
1790712298.0198479,esp32-1,-60.0,101.8125,100.189,20.0,4.0,-1.0,,NORMAL
1790712302.9516425,esp32-1,-60.0,43.559,6.12825,0.0,53.0,-1.0,,NORMAL
1790712307.7317219,esp32-1,-62.0,21.73625,17.11233,20.0,39.0,-1.0,,NORMAL
1790712313.0384004,esp32-1,-61.0,26.71275,23.467,20.0,277.0,-1.0,,NORMAL
1790712318.4662106,esp32-1,-60.0,22.19425,17.641,20.0,640.0,-1.0,,NORMAL
1790712322.7306886,esp32-1,-61.0,22.16825,17.48267,20.0,37.0,-1.0,,NORMAL
1790712327.7687733,esp32-1,-62.0,26.374,23.01467,20.0,53.0,-1.0,,NORMAL
1790712332.9036684,esp32-1,-60.0,43.127,64.70033,20.0,4.0,-1.0,,NORMAL
1790712337.7312047,esp32-1,-61.0,22.41775,16.78067,20.0,35.0,-1.0,,NORMAL
1790712342.8417265,esp32-1,-60.0,26.01975,22.865,20.0,52.0,-1.0,,NORMAL
1790712347.138642,esp32-1,-62.0,86.2186,61.602,0.0,40.0,-1.0,,NORMAL
1790712352.7284782,esp32-1,-62.0,21.93825,17.47567,20.0,35.0,-1.0,,NORMAL
1790712357.9516346,esp32-1,-62.0,25.736,21.30567,20.0,236.0,-1.0,,NORMAL
1790712362.1289134,esp32-1,-62.0,42.5388,6.667751,0.0,224.0,-1.0,,NORMAL
1790712367.7349668,esp32-1,-61.0,24.212,19.40466,20.0,27.0,-1.0,,NORMAL
1790712372.895427,esp32-1,-61.0,26.26575,21.65133,20.0,182.0,-1.0,,NORMAL
1790712378.0663702,esp32-1,-62.0,42.5914,5.900999,0.0,54.0,-1.0,,NORMAL
1790712382.7346494,esp32-1,-62.0,22.9745,18.58233,20.0,32.0,-1.0,,NORMAL
1790712387.9554486,esp32-1,-62.0,26.04775,18.23267,20.0,237.0,-1.0,,NORMAL
1790712392.0449247,esp32-1,-64.0,42.3832,6.691249,0.0,224.0,-1.0,,NORMAL
1790712397.3350594,esp32-1,-61.0,49.2846,10.769,0.0,480.0,-1.0,,NORMAL
1790712402.9493823,esp32-1,-60.0,25.84925,21.23067,20.0,188.0,-1.0,,NORMAL
1790712406.9420884,esp32-1,-60.0,42.414,6.97925,0.0,52.0,-1.0,,NORMAL
1790712412.7798922,esp32-1,-61.0,23.49825,19.25667,20.0,27.0,-1.0,,NORMAL
1790712418.0313694,esp32-1,-62.0,25.5515,21.526,20.0,242.0,-1.0,,NORMAL
1790712423.0531983,esp32-1,-62.0,42.3522,6.4375,0.0,54.0,-1.0,,NORMAL
1790712427.7391384,esp32-1,-62.0,21.70175,17.10833,20.0,34.0,-1.0,,NORMAL
1790712432.913376,esp32-1,-62.0,25.269,19.858,20.0,193.0,-1.0,,NORMAL
1790712437.0487485,esp32-1,-61.0,42.0496,6.32525,0.0,180.0,-1.0,,NORMAL
1790712442.8865528,esp32-1,-62.0,58.28775,99.85333,20.0,3.0,-1.0,,NORMAL
1790712448.0170681,esp32-1,-61.0,24.9345,21.31933,20.0,247.0,-1.0,,NORMAL
1790712452.135685,esp32-1,-61.0,41.752,6.82725,0.0,233.0,-1.0,,NORMAL
1790712457.984321,esp32-1,-61.0,22.00575,17.96267,20.0,192.0,-1.0,,NORMAL
1790712463.8289795,esp32-1,-60.0,25.34625,15.637,20.0,53.0,-1.0,,NORMAL
1790712466.8766441,esp32-1,-61.0,41.9088,6.576499,0.0,53.0,-1.0,,NORMAL
1790712472.1269422,esp32-1,-60.0,48.3508,4.43825,0.0,272.0,-1.0,,NORMAL
1790712477.9681606,esp32-1,-61.0,24.47375,20.617,20.0,252.0,-1.0,,NORMAL
1790712482.1300557,esp32-1,-60.0,41.6642,6.29275,0.0,238.0,-1.0,,NORMAL
1790712488.6801932,esp32-1,-60.0,21.16233,27.824,40.0,4.0,-1.0,,NORMAL
1790712493.0636811,esp32-1,-60.0,24.3035,19.04867,20.0,204.0,-1.0,,NORMAL
1790712497.0164268,esp32-1,-60.0,41.3718,7.045,0.0,190.0,-1.0,,NORMAL
1790712502.7424726,esp32-1,-61.0,21.859,17.454,20.0,29.0,-1.0,,NORMAL
1790712507.8090074,esp32-1,-60.0,24.057,22.41067,20.0,53.0,-1.0,,NORMAL
1790712512.1255116,esp32-1,-60.0,41.1676,6.101501,0.0,244.0,-1.0,,NORMAL
1790712517.933987,esp32-1,-60.0,78.51925,139.1787,20.0,6.0,-1.0,,NORMAL
1790712522.9248865,esp32-1,-62.0,23.84075,17.386,20.0,209.0,-1.0,,NORMAL
1790712527.0634167,esp32-1,-58.0,65.4142,83.77075,0.0,33.0,-1.0,,NORMAL
1790712531.977233,esp32-1,-60.0,47.6942,5.276999,0.0,53.0,-1.0,,NORMAL
1790712538.8910246,esp32-1,-60.0,23.28125,19.291,20.0,57.0,-1.0,,NORMAL
1790712542.3479621,esp32-1,-60.0,59.407,29.03875,0.0,432.0,-1.0,,NORMAL
1790712547.08414,esp32-1,-59.0,47.7196,5.396499,0.0,233.0,-1.0,,NORMAL
1790712552.8679092,esp32-1,-59.0,23.29625,17.77934,20.0,52.0,-1.0,,NORMAL
1790712557.1696842,esp32-1,-60.0,40.592,6.73225,0.0,200.0,-1.0,,NORMAL
1790712562.9564862,esp32-1,-60.0,47.5586,6.223501,0.0,53.0,-1.0,,NORMAL
1790712567.8189917,esp32-1,-58.0,25.242,22.32467,20.0,46.0,-1.0,,NORMAL
1790712572.2262313,esp32-1,-60.0,60.9038,37.793,0.0,254.0,-1.0,,NORMAL
1790712577.838042,esp32-1,-61.0,54.16775,79.01034,20.0,5.0,-1.0,,NORMAL
1790712582.8723557,esp32-1,-61.0,22.76,18.635,20.0,53.0,-1.0,,NORMAL
1790712586.9689527,esp32-1,-59.0,40.3894,8.626749,0.0,4.0,-1.0,,NORMAL
1790712593.0102684,esp32-1,-61.0,47.0348,6.326,0.0,53.0,-1.0,,NORMAL
1790712598.0295184,esp32-1,-60.0,23.042,17.798,20.0,271.0,-1.0,,NORMAL
1790712602.081639,esp32-1,-62.0,39.837,9.752501,0.0,260.0,-1.0,,NORMAL
1790712608.0820014,esp32-1,-60.0,46.7824,6.309,0.0,52.0,-1.0,,NORMAL
1790712612.9312603,esp32-1,-57.0,22.548,17.58567,20.0,223.0,-1.0,,NORMAL
1790712616.9720957,esp32-1,-63.0,39.7744,7.839751,0.0,53.0,-1.0,,NORMAL
1790712621.8997722,esp32-1,-60.0,46.6286,6.596748,0.0,52.0,-1.0,,NORMAL
1790712627.9311602,esp32-1,-59.0,22.284,17.912,20.0,175.0,-1.0,,NORMAL
1790712631.9781928,esp32-1,-61.0,39.6224,7.046999,0.0,161.0,-1.0,,NORMAL
1790712638.0201952,esp32-1,-57.0,46.4298,6.1745,0.0,53.0,-1.0,,NORMAL
1790712642.9697313,esp32-1,-61.0,22.78725,18.53633,20.0,226.0,-1.0,,NORMAL
1790712647.0346231,esp32-1,-62.0,39.2102,6.5465,0.0,216.0,-1.0,,NORMAL
1790712651.9066284,esp32-1,-58.0,46.69,7.696999,0.0,50.0,-1.0,,NORMAL
1790712657.9399395,esp32-1,-61.0,53.658,58.42167,20.0,28.0,-1.0,,NORMAL
1790712662.1333706,esp32-1,-60.0,39.0118,6.237251,0.0,269.0,-1.0,,NORMAL
1790712667.1111813,esp32-1,-59.0,46.0878,5.829499,0.0,253.0,-1.0,,NORMAL
1790712672.7562876,esp32-1,-59.0,23.252,19.06767,20.0,47.0,-1.0,,NORMAL
1790712677.0424898,esp32-1,-60.0,39.244,7.306999,0.0,221.0,-1.0,,NORMAL
1790712681.998516,esp32-1,-61.0,55.3916,18.15,0.0,7.0,-1.0,,NORMAL
1790712687.8367174,esp32-1,-60.0,22.33325,18.782,20.0,50.0,-1.0,,NORMAL
1790712692.0896685,esp32-1,-58.0,83.0874,62.1915,0.0,37.0,-1.0,,NORMAL
1790712697.1128328,esp32-1,-60.0,87.09959,109.131,0.0,53.0,-1.0,,NORMAL
1790712702.7674558,esp32-1,-61.0,23.15075,18.282,20.0,46.0,-1.0,,NORMAL
1790712708.8832228,esp32-1,-60.0,29.34025,25.65933,20.0,55.0,-1.0,,NORMAL
1790712711.9109833,esp32-1,-62.0,45.5508,4.737249,0.0,52.0,-1.0,,NORMAL
1790712717.8403578,esp32-1,-60.0,22.89175,19.687,20.0,44.0,-1.0,,NORMAL
1790712722.8165271,esp32-1,-59.0,29.60425,23.06233,20.0,52.0,-1.0,,NORMAL
1790712727.1590054,esp32-1,-61.0,45.302,4.714,0.0,263.0,-1.0,,NORMAL
1790712732.8052225,esp32-1,-59.0,24.43325,20.62333,20.0,38.0,-1.0,,NORMAL
1790712738.0477302,esp32-1,-58.0,79.424,67.76234,20.0,4.0,-1.0,,NORMAL
1790712742.0084996,esp32-1,-61.0,45.0988,5.80075,0.0,53.0,-1.0,,NORMAL
1790712747.1277726,esp32-1,-59.0,74.1342,83.5055,0.0,44.0,-1.0,,NORMAL
1790712752.8628812,esp32-1,-60.0,28.937,26.06367,20.0,53.0,-1.0,,NORMAL
1790712757.3679552,esp32-1,-59.0,106.569,116.324,0.0,198.0,-1.0,,NORMAL
1790712762.8051834,esp32-1,-58.0,26.92225,23.80467,20.0,27.0,-1.0,,NORMAL
1790712766.9946291,esp32-1,-60.0,38.2334,6.32,0.0,52.0,-1.0,,NORMAL
1790712772.1548347,esp32-1,-60.0,45.03761,5.4465,0.0,218.0,-1.0,,NORMAL
1790712777.7629347,esp32-1,-59.0,23.0595,17.25433,20.0,43.0,-1.0,,NORMAL
1790712782.0477712,esp32-1,-60.0,37.911,5.907,0.0,191.0,-1.0,,NORMAL
1790712787.112041,esp32-1,-60.0,88.8704,61.31275,0.0,38.0,-1.0,,NORMAL
1790712792.8063219,esp32-1,-61.0,23.406,19.26267,20.0,39.0,-1.0,,NORMAL
1790712798.0500982,esp32-1,-61.0,37.8318,6.2625,0.0,53.0,-1.0,,NORMAL
1790712802.1533866,esp32-1,-60.0,44.3712,6.188251,0.0,224.0,-1.0,,NORMAL
1790712807.853642,esp32-1,-61.0,22.092,16.587,20.0,43.0,-1.0,,NORMAL
1790712813.49119,esp32-1,-62.0,22.57475,18.24733,20.0,641.0,-1.0,,NORMAL
1790712816.9675913,esp32-1,-59.0,44.2368,6.413999,0.0,52.0,-1.0,,NORMAL
1790712822.8046086,esp32-1,-58.0,26.32225,20.47034,20.0,25.0,-1.0,,NORMAL
1790712828.0444643,esp32-1,-60.0,28.13125,23.61133,20.0,241.0,-1.0,,NORMAL
1790712832.0802948,esp32-1,-61.0,44.2566,5.679999,0.0,229.0,-1.0,,NORMAL
1790712837.765905,esp32-1,-59.0,24.741,18.343,20.0,30.0,-1.0,,NORMAL
1790712842.9374664,esp32-1,-60.0,27.57525,9.544667,20.0,193.0,-1.0,,NORMAL
1790712847.0323172,esp32-1,-59.0,44.0308,6.213749,0.0,181.0,-1.0,,NORMAL
1790712852.8091152,esp32-1,-60.0,24.34525,13.11133,20.0,36.0,-1.0,,NORMAL
1790712858.042619,esp32-1,-60.0,27.50175,24.07867,20.0,247.0,-1.0,,NORMAL
1790712862.1570795,esp32-1,-61.0,43.876,5.86225,0.0,234.0,-1.0,,NORMAL
1790712867.7597702,esp32-1,-61.0,22.70125,18.372,20.0,37.0,-1.0,,NORMAL
1790712873.3646884,esp32-1,-60.0,21.6805,16.992,20.0,646.0,-1.0,,NORMAL
1790712877.1378112,esp32-1,-60.0,64.21159,83.2265,0.0,185.0,-1.0,,NORMAL
1790712882.7617128,esp32-1,-60.0,22.14175,14.971,20.0,36.0,-1.0,,NORMAL
1790712887.9799907,esp32-1,-60.0,36.5978,11.1935,0.0,53.0,-1.0,,NORMAL
1790712892.0862794,esp32-1,-62.0,43.019,7.462999,0.0,241.0,-1.0,,NORMAL
1790712898.793524,esp32-1,-60.0,23.952,29.6655,40.0,4.0,-1.0,,NORMAL
1790712903.0889957,esp32-1,-61.0,26.31175,22.75533,20.0,205.0,-1.0,,NORMAL
1790712907.0836904,esp32-1,-59.0,70.84239,40.2665,0.0,18.0,-1.0,,NORMAL
1790712913.7410684,esp32-1,-60.0,20.04067,13.415,40.0,3.0,-1.0,,NORMAL
1790712918.9108145,esp32-1,-61.0,26.368,21.67967,20.0,53.0,-1.0,,NORMAL
1790712922.0943398,esp32-1,-62.0,42.8966,5.2445,0.0,244.0,-1.0,,NORMAL
1790712927.1041207,esp32-1,-60.0,49.5212,4.9595,0.0,228.0,-1.0,,NORMAL
1790712934.0148106,esp32-1,-60.0,26.0445,21.60733,20.0,53.0,-1.0,,NORMAL
1790712937.0877478,esp32-1,-61.0,66.99281,84.369,0.0,35.0,-1.0,,NORMAL
1790712942.7695749,esp32-1,-60.0,22.76575,19.11366,20.0,31.0,-1.0,,NORMAL
1790712948.0470073,esp32-1,-61.0,25.8475,16.05533,20.0,263.0,-1.0,,NORMAL
1790712954.863239,esp32-1,-60.0,42.4962,7.783751,0.0,250.0,-1.0,,NORMAL
1790712958.7128377,esp32-1,-61.0,23.121,21.777,40.0,7.0,-1.0,,NORMAL
1790712962.8927183,esp32-1,-61.0,25.864,21.59733,20.0,53.0,-1.0,,NORMAL
1790712967.733404,esp32-1,-59.0,22.471,8.279667,20.0,3.0,-1.0,,NORMAL
1790712973.7075484,esp32-1,-60.0,23.393,30.9135,40.0,4.0,-1.0,,NORMAL
1790712978.0485187,esp32-1,-61.0,25.20275,20.98267,20.0,269.0,-1.0,,NORMAL
1790712982.1077132,esp32-1,-62.0,42.2604,6.51475,0.0,255.0,-1.0,,NORMAL
1790712988.7053022,esp32-1,-60.0,24.26367,16.45,40.0,4.0,-1.0,,NORMAL
1790712992.7929547,esp32-1,-60.0,25.04225,21.62367,20.0,53.0,-1.0,,NORMAL
1790712997.0579922,esp32-1,-61.0,41.7818,6.426001,0.0,207.0,-1.0,,NORMAL
1790713002.7533135,esp32-1,-60.0,21.99375,17.418,20.0,32.0,-1.0,,NORMAL
1790713008.0535944,esp32-1,-61.0,24.73975,19.52033,20.0,274.0,-1.0,,NORMAL
1790713012.1048405,esp32-1,-62.0,83.1426,57.73075,0.0,52.0,-1.0,,NORMAL
1790713017.8851554,esp32-1,-62.0,22.5925,15.41933,20.0,28.0,-1.0,,NORMAL
1790713022.7865942,esp32-1,-62.0,24.48775,20.561,20.0,53.0,-1.0,,NORMAL
1790713027.919829,esp32-1,-60.0,52.60725,31.002,20.0,4.0,-1.0,,NORMAL
1790713033.7044895,esp32-1,-63.0,20.876,26.79,40.0,8.0,-1.0,,NORMAL
1790713038.7096605,esp32-1,-61.0,23.91467,13.183,40.0,3.0,-1.0,,NORMAL
1790713042.1552954,esp32-1,-62.0,40.999,6.456,0.0,268.0,-1.0,,NORMAL
1790713048.8100328,esp32-1,-61.0,20.156,26.274,40.0,5.0,-1.0,,NORMAL
1790713053.0363014,esp32-1,-62.0,23.7135,19.536,20.0,232.0,-1.0,,NORMAL
1790713057.003285,esp32-1,-60.0,41.1554,6.374751,0.0,53.0,-1.0,,NORMAL
1790713062.1228633,esp32-1,-61.0,77.5786,45.13575,0.0,7.0,-1.0,,NORMAL
1790713067.9622664,esp32-1,-62.0,23.94425,22.83633,20.0,182.0,-1.0,,NORMAL
1790713073.0298166,esp32-1,-62.0,40.7802,7.386751,0.0,55.0,-1.0,,NORMAL
1790713078.0445511,esp32-1,-61.0,47.6968,6.929,0.0,53.0,-1.0,,NORMAL
1790713082.79667,esp32-1,-62.0,24.40975,18.78833,20.0,51.0,-1.0,,NORMAL
1790713087.969918,esp32-1,-62.0,54.08075,30.34833,20.0,4.0,-1.0,,NORMAL
1790713093.0488622,esp32-1,-61.0,84.63125,61.356,20.0,4.0,-1.0,,NORMAL
1790713097.9205158,esp32-1,-61.0,23.582,19.33367,20.0,186.0,-1.0,,NORMAL
1790713101.9128554,esp32-1,-64.0,44.0666,9.88475,0.0,37.0,-1.0,,NORMAL
1790713106.9260702,esp32-1,-63.0,47.1906,7.379,0.0,53.0,-1.0,,NORMAL
1790713112.9163644,esp32-1,-60.0,25.8315,20.61933,20.0,42.0,-1.0,,NORMAL
1790713117.0709987,esp32-1,-61.0,40.4442,8.417749,0.0,227.0,-1.0,,NORMAL
1790713122.0300543,esp32-1,-60.0,47.1986,5.90975,0.0,52.0,-1.0,,NORMAL
1790713127.7872214,esp32-1,-62.0,26.41725,25.27567,20.0,39.0,-1.0,,NORMAL
1790713137.8521519,esp32-1,-60.0,23.91433,31.7555,40.0,7.0,-1.0,,NORMAL
1790713139.4432564,esp32-1,-61.0,60.72575,105.0957,20.0,4.0,-1.0,,NORMAL
1790713139.746793,esp32-1,-60.0,23.91433,31.7555,40.0,7.0,-1.0,,NORMAL
1790713145.3823874,esp32-1,-58.0,51.22375,61.50334,20.0,1012.0,-1.0,,NORMAL
1790713148.6046188,esp32-1,-60.0,45.4626,4.431499,0.0,227.0,-1.0,,NORMAL
1790713154.2937367,esp32-1,-60.0,22.2565,17.85967,20.0,48.0,-1.0,,NORMAL
1790713158.4884818,esp32-1,-60.0,38.4136,8.473251,0.0,53.0,-1.0,,NORMAL
1790713164.5871966,esp32-1,-63.0,45.3484,5.073,0.0,53.0,-1.0,,NORMAL
1790713169.291166,esp32-1,-59.0,22.3915,18.84333,20.0,49.0,-1.0,,NORMAL
1790713174.472093,esp32-1,-59.0,57.8225,39.586,20.0,4.0,-1.0,,NORMAL
1790713179.528088,esp32-1,-63.0,88.60325,67.391,20.0,5.0,-1.0,,NORMAL
1790713184.39243,esp32-1,-61.0,23.89675,19.72733,20.0,39.0,-1.0,,NORMAL
1790713188.4885995,esp32-1,-59.0,37.7314,6.7135,0.0,54.0,-1.0,,NORMAL
1790713193.6098511,esp32-1,-61.0,44.6218,5.592501,0.0,184.0,-1.0,,NORMAL
1790713199.3446789,esp32-1,-62.0,23.21775,18.60367,20.0,40.0,-1.0,,NORMAL
1790713204.4286697,esp32-1,-61.0,52.4345,57.92867,20.0,61.0,-1.0,,NORMAL
1790713209.3793287,esp32-1,-61.0,40.0992,10.603,0.0,1019.0,-1.0,,NORMAL
1790713214.397851,esp32-1,-63.0,24.59075,20.59233,20.0,34.0,-1.0,,NORMAL
1790713218.3996835,esp32-1,-61.0,37.7056,7.526,0.0,54.0,-1.0,,NORMAL
1790713223.617067,esp32-1,-61.0,44.2802,7.838999,0.0,190.0,-1.0,,NORMAL
1790713229.3496425,esp32-1,-62.0,22.633,18.21367,20.0,42.0,-1.0,,NORMAL
1790713234.4269955,esp32-1,-61.0,28.22675,26.81267,20.0,105.0,-1.0,,NORMAL
1790713238.6261592,esp32-1,-61.0,44.2632,5.625,0.0,243.0,-1.0,,NORMAL
1790713244.2485785,esp32-1,-62.0,22.58125,15.63367,20.0,5.0,-1.0,,NORMAL
1790713250.5469089,esp32-1,-61.0,27.73875,24.26,20.0,53.0,-1.0,,NORMAL
1790713253.6192179,esp32-1,-61.0,72.42281,41.967,0.0,14.0,-1.0,,NORMAL
1790713259.3536718,esp32-1,-60.0,23.58825,18.40367,20.0,35.0,-1.0,,NORMAL
1790713264.3712938,esp32-1,-59.0,27.83625,24.96833,20.0,53.0,-1.0,,NORMAL
1790713269.5414803,esp32-1,-62.0,43.7426,6.10875,0.0,53.0,-1.0,,NORMAL
1790713273.6408072,esp32-1,-62.0,50.768,2.552251,0.0,230.0,-1.0,,NORMAL
1790713279.3317683,esp32-1,-62.0,27.13775,22.913,20.0,55.0,-1.0,,NORMAL
1790713283.7259693,esp32-1,-60.0,43.5928,6.370001,0.0,201.0,-1.0,,NORMAL
1790713289.2902799,esp32-1,-60.0,22.3385,17.93567,20.0,38.0,-1.0,,NORMAL
1790713294.5044887,esp32-1,-59.0,83.72501,79.84933,20.0,4.0,-1.0,,NORMAL
1790713298.5329244,esp32-1,-60.0,43.3476,8.81475,0.0,157.0,-1.0,,NORMAL
1790713304.292903,esp32-1,-61.0,23.11625,16.80167,20.0,37.0,-1.0,,NORMAL
1790713309.3238285,esp32-1,-61.0,27.6915,23.495,20.0,50.0,-1.0,,NORMAL
1790713313.4330945,esp32-1,-61.0,48.4378,36.503,0.0,25.0,-1.0,,NORMAL
1790713320.2834284,esp32-1,-61.0,25.99333,34.9745,40.0,4.0,-1.0,,NORMAL
1790713324.2762866,esp32-1,-60.0,26.50275,18.88,20.0,4.0,-1.0,,NORMAL
1790713328.4776347,esp32-1,-61.0,43.1442,6.625999,0.0,54.0,-1.0,,NORMAL
1790713334.2980614,esp32-1,-61.0,23.00375,19.41767,20.0,32.0,-1.0,,NORMAL
1790713339.326268,esp32-1,-60.0,25.9455,22.77233,20.0,54.0,-1.0,,NORMAL
1790713343.5299275,esp32-1,-59.0,42.9538,6.085749,0.0,54.0,-1.0,,NORMAL
1790713349.366467,esp32-1,-59.0,22.45425,16.92167,20.0,34.0,-1.0,,NORMAL
1790713354.3319895,esp32-1,-62.0,26.06475,21.699,20.0,52.0,-1.0,,NORMAL
1790713358.4344845,esp32-1,-59.0,43.3982,7.513498,0.0,54.0,-1.0,,NORMAL
1790713363.768195,esp32-1,-60.0,69.8698,57.783,0.0,247.0,-1.0,,NORMAL
1790713369.4229715,esp32-1,-61.0,43.93375,41.01767,20.0,84.0,-1.0,,NORMAL
1790713373.5384033,esp32-1,-60.0,42.3818,6.054749,0.0,53.0,-1.0,,NORMAL
1790713379.3702953,esp32-1,-61.0,23.23475,16.431,20.0,28.0,-1.0,,NORMAL
1790713384.3198833,esp32-1,-61.0,25.3785,20.68933,20.0,52.0,-1.0,,NORMAL
1790713388.4400017,esp32-1,-60.0,41.8846,6.339249,0.0,54.0,-1.0,,NORMAL
1790713394.3281887,esp32-1,-60.0,22.392,19.2,20.0,30.0,-1.0,,NORMAL
1790713399.4219527,esp32-1,-60.0,24.914,17.66733,20.0,124.0,-1.0,,NORMAL
1790713403.5387185,esp32-1,-61.0,41.6212,6.707001,0.0,53.0,-1.0,,NORMAL
1790713409.5786695,esp32-1,-63.0,73.78699,124.5577,20.0,4.0,-1.0,,NORMAL
1790713414.495174,esp32-1,-60.0,24.89725,20.52433,20.0,124.0,-1.0,,NORMAL
1790713418.6934562,esp32-1,-61.0,86.194,61.2395,0.0,37.0,-1.0,,NORMAL
1790713423.506079,esp32-1,-60.0,48.5776,5.792749,0.0,53.0,-1.0,,NORMAL
1790713429.41759,esp32-1,-61.0,24.4305,20.024,20.0,130.0,-1.0,,NORMAL
1790713433.4349697,esp32-1,-61.0,41.8766,7.009499,0.0,54.0,-1.0,,NORMAL
1790713439.6879365,esp32-1,-60.0,48.432,7.783999,0.0,53.0,-1.0,,NORMAL
1790713444.3976612,esp32-1,-60.0,24.40575,19.45967,20.0,53.0,-1.0,,NORMAL
1790713449.414422,esp32-1,-60.0,32.4935,6.346668,20.0,5.0,-1.0,,NORMAL
1790713455.355134,esp32-1,-61.0,20.008,25.9185,40.0,9.0,-1.0,,NORMAL
1790713459.4102418,esp32-1,-60.0,23.9115,18.92333,20.0,127.0,-1.0,,NORMAL
1790713464.523195,esp32-1,-61.0,83.05775,68.215,20.0,4.0,-1.0,,NORMAL
1790713468.5640647,esp32-1,-59.0,47.9602,6.65175,0.0,52.0,-1.0,,NORMAL
1790713475.4256032,esp32-1,-61.0,24.10625,19.835,20.0,53.0,-1.0,,NORMAL
1790713478.5022595,esp32-1,-59.0,40.7132,5.746001,0.0,53.0,-1.0,,NORMAL
1790713483.7205951,esp32-1,-62.0,88.71,117.0035,0.0,52.0,-1.0,,NORMAL
1790713489.3600109,esp32-1,-58.0,24.99275,21.353,20.0,48.0,-1.0,,NORMAL
1790713494.5156734,esp32-1,-60.0,84.02499,69.60533,20.0,5.0,-1.0,,NORMAL
1790713498.5704477,esp32-1,-59.0,47.4172,6.2465,0.0,53.0,-1.0,,NORMAL
1790713504.413929,esp32-1,-61.0,23.72425,17.07133,20.0,130.0,-1.0,,NORMAL
1790713508.4280767,esp32-1,-61.0,40.3774,5.74375,0.0,53.0,-1.0,,NORMAL
1790713513.8855453,esp32-1,-60.0,88.054,123.4445,0.0,274.0,-1.0,,NORMAL
1790713520.4890158,esp32-1,-59.0,23.275,18.20233,20.0,53.0,-1.0,,NORMAL
1790713524.4001517,esp32-1,-60.0,78.28819,54.397,0.0,836.0,-1.0,,NORMAL
1790713528.5750237,esp32-1,-60.0,47.179,6.17725,0.0,54.0,-1.0,,NORMAL
1790713534.3218153,esp32-1,-60.0,24.10025,14.70067,20.0,49.0,-1.0,,NORMAL
1790713538.5066016,esp32-1,-61.0,40.107,6.473749,0.0,55.0,-1.0,,NORMAL
1790713544.5037494,esp32-1,-62.0,46.8474,5.65925,0.0,54.0,-1.0,,NORMAL
1790713549.3614006,esp32-1,-61.0,24.249,19.741,20.0,49.0,-1.0,,NORMAL
1790713553.4187443,esp32-1,-62.0,39.9066,6.15225,0.0,54.0,-1.0,,NORMAL
1790713558.6352828,esp32-1,-61.0,46.675,5.87,0.0,230.0,-1.0,,NORMAL
1790713564.4136653,esp32-1,-61.0,23.023,17.10933,20.0,51.0,-1.0,,NORMAL
1790713568.4234405,esp32-1,-61.0,39.8136,6.449001,0.0,53.0,-1.0,,NORMAL
1790713574.4983294,esp32-1,-61.0,46.4888,5.94875,0.0,53.0,-1.0,,NORMAL
1790713579.313798,esp32-1,-59.0,23.515,18.128,20.0,48.0,-1.0,,NORMAL
1790713584.4943318,esp32-1,-62.0,60.5405,41.575,20.0,5.0,-1.0,,NORMAL
1790713589.6048508,esp32-1,-60.0,78.40275,147.6297,20.0,3.0,-1.0,,NORMAL
1790713594.4342916,esp32-1,-60.0,22.2915,15.403,20.0,167.0,-1.0,,NORMAL
1790713598.426846,esp32-1,-59.0,39.4974,6.4935,0.0,54.0,-1.0,,NORMAL
1790713604.35128,esp32-1,-61.0,24.80875,21.89067,20.0,5.0,-1.0,,NORMAL
1790713609.3704126,esp32-1,-58.0,24.2895,19.36733,20.0,4.0,-1.0,,NORMAL
1790713614.3034108,esp32-1,-60.0,30.002,17.57833,20.0,4.0,-1.0,,NORMAL
1790713619.4038432,esp32-1,-60.0,83.591,52.74875,0.0,808.0,-1.0,,NORMAL
1790713624.3175843,esp32-1,-60.0,22.098,16.37533,20.0,51.0,-1.0,,NORMAL
1790713628.5187156,esp32-1,-59.0,38.5172,6.59225,0.0,55.0,-1.0,,NORMAL
1790713634.515606,esp32-1,-61.0,45.498,7.601249,0.0,54.0,-1.0,,NORMAL
1790713639.3225386,esp32-1,-61.0,23.58175,16.20433,20.0,46.0,-1.0,,NORMAL
1790713643.4695559,esp32-1,-60.0,39.086,10.717,0.0,54.0,-1.0,,NORMAL
1790713649.3727956,esp32-1,-60.0,48.9375,82.65934,20.0,10.0,-1.0,,NORMAL
1790713654.4266,esp32-1,-60.0,21.72425,17.05033,20.0,49.0,-1.0,,NORMAL
1790713659.445441,esp32-1,-59.0,29.08025,25.65267,20.0,52.0,-1.0,,NORMAL
1790713663.551518,esp32-1,-62.0,70.0472,84.15825,0.0,32.0,-1.0,,NORMAL
1790713669.377781,esp32-1,-59.0,21.91025,17.37333,20.0,47.0,-1.0,,NORMAL
1790713673.6787508,esp32-1,-60.0,81.598,60.78925,0.0,41.0,-1.0,,NORMAL
1790713679.4116545,esp32-1,-60.0,54.89525,88.936,20.0,2.0,-1.0,,NORMAL
1790713683.84165,esp32-1,-60.0,72.1872,53.84875,0.0,235.0,-1.0,,NORMAL
1790713689.494591,esp32-1,-60.0,71.788,48.42725,0.0,869.0,-1.0,,NORMAL
1790713693.749777,esp32-1,-60.0,45.521,17.3855,0.0,200.0,-1.0,,NORMAL
1790713699.381997,esp32-1,-60.0,22.06325,17.13067,20.0,48.0,-1.0,,NORMAL
1790713703.7858672,esp32-1,-59.0,58.779,47.37375,0.0,272.0,-1.0,,NORMAL
1790713708.7069342,esp32-1,-61.0,45.2076,5.366251,0.0,253.0,-1.0,,NORMAL
1790713714.3169394,esp32-1,-59.0,22.2585,18.163,20.0,47.0,-1.0,,NORMAL
1790713718.4252882,esp32-1,-60.0,38.2968,6.560501,0.0,54.0,-1.0,,NORMAL
1790713724.2740784,esp32-1,-60.0,24.8065,14.82033,20.0,4.0,-1.0,,NORMAL
1790713728.6276107,esp32-1,-60.0,51.8388,45.837,0.0,190.0,-1.0,,NORMAL
1790713733.4379733,esp32-1,-60.0,38.1894,6.92675,0.0,51.0,-1.0,,NORMAL
1790713739.6821544,esp32-1,-61.0,65.1526,57.4815,0.0,54.0,-1.0,,NORMAL
1790713744.3563256,esp32-1,-60.0,22.7965,18.743,20.0,42.0,-1.0,,NORMAL
1790713749.397242,esp32-1,-60.0,52.13575,32.12867,20.0,4.0,-1.0,,NORMAL
1790713754.3601866,esp32-1,-61.0,44.27575,61.70633,20.0,3.0,-1.0,,NORMAL
1790713759.3115366,esp32-1,-61.0,23.2565,18.39033,20.0,41.0,-1.0,,NORMAL
1790713764.4120886,esp32-1,-60.0,27.65175,0.373334,20.0,6.0,-1.0,,NORMAL
1790713768.7103782,esp32-1,-60.0,44.3902,5.80775,0.0,266.0,-1.0,,NORMAL
1790713773.6812816,esp32-1,-59.0,50.9686,8.701752,0.0,248.0,-1.0,,NORMAL
1790713779.4393606,esp32-1,-60.0,27.808,23.393,20.0,118.0,-1.0,,NORMAL
1790713783.5585856,esp32-1,-59.0,43.9812,6.28375,0.0,54.0,-1.0,,NORMAL
1790713789.3137062,esp32-1,-59.0,22.6475,18.13667,20.0,40.0,-1.0,,NORMAL
1790713795.3932147,esp32-1,-60.0,27.49,24.727,20.0,53.0,-1.0,,NORMAL
1790713798.4684186,esp32-1,-60.0,44.2768,7.829502,0.0,53.0,-1.0,,NORMAL
1790713804.3070881,esp32-1,-63.0,23.65925,19.10567,20.0,34.0,-1.0,,NORMAL
1790713809.4411826,esp32-1,-62.0,27.2155,21.36767,20.0,118.0,-1.0,,NORMAL
1790713813.562978,esp32-1,-60.0,46.1586,9.30725,0.0,40.0,-1.0,,NORMAL
1790713819.3084333,esp32-1,-62.0,22.18625,17.801,20.0,39.0,-1.0,,NORMAL
1790713824.439239,esp32-1,-61.0,26.7095,17.95133,20.0,120.0,-1.0,,NORMAL
1790713828.5143523,esp32-1,-60.0,43.4424,7.19775,0.0,54.0,-1.0,,NORMAL
1790713834.3519585,esp32-1,-59.0,23.09025,18.67433,20.0,35.0,-1.0,,NORMAL
1790713839.5736897,esp32-1,-60.0,26.81025,23.62967,20.0,121.0,-1.0,,NORMAL
1790713844.4205997,esp32-1,-61.0,40.67075,7.954334,20.0,4.0,-1.0,,NORMAL
1790713849.404569,esp32-1,-60.0,23.77025,17.59633,20.0,29.0,-1.0,,NORMAL
1790713854.5290956,esp32-1,-58.0,26.28775,17.282,20.0,124.0,-1.0,,NORMAL
1790713858.4592378,esp32-1,-61.0,43.0146,6.227,0.0,53.0,-1.0,,NORMAL
1790713864.3106523,esp32-1,-61.0,23.072,16.12867,20.0,35.0,-1.0,,NORMAL
1790713869.458226,esp32-1,-59.0,26.155,20.93267,20.0,123.0,-1.0,,NORMAL
1790713874.388078,esp32-1,-61.0,48.38625,78.497,20.0,3.0,-1.0,,NORMAL
1790713879.6134305,esp32-1,-61.0,77.5735,134.4023,20.0,3.0,-1.0,,NORMAL
1790713884.426649,esp32-1,-61.0,26.01925,19.87433,20.0,53.0,-1.0,,NORMAL
1790713888.5229843,esp32-1,-58.0,42.712,5.151,0.0,53.0,-1.0,,NORMAL
1790713894.3605347,esp32-1,-62.0,23.99875,20.12833,20.0,27.0,-1.0,,NORMAL
1790713899.4339938,esp32-1,-60.0,25.937,21.26467,20.0,125.0,-1.0,,NORMAL
1790713903.448171,esp32-1,-60.0,42.515,6.26575,0.0,54.0,-1.0,,NORMAL
1790713909.4132113,esp32-1,-58.0,22.49375,17.80967,20.0,30.0,-1.0,,NORMAL
1790713914.4587328,esp32-1,-60.0,25.4685,16.85567,20.0,169.0,-1.0,,NORMAL
1790713918.4500718,esp32-1,-60.0,42.2486,11.686,0.0,54.0,-1.0,,NORMAL
1790713923.9138846,esp32-1,-60.0,89.95239,125.272,0.0,278.0,-1.0,,NORMAL
1790713930.4614248,esp32-1,-61.0,25.14775,19.91033,20.0,53.0,-1.0,,NORMAL
1790713933.4948874,esp32-1,-62.0,41.936,5.789749,0.0,54.0,-1.0,,NORMAL
1790713940.3397024,esp32-1,-59.0,21.60667,28.3435,40.0,11.0,-1.0,,NORMAL
1790713952.8412385,esp32-1,-58.0,47.5394,5.763499,0.0,191.0,-1.0,,NORMAL
1790713953.0383482,esp32-1,-58.0,25.9855,14.44,20.0,50.0,-1.0,,NORMAL
1790713955.8022997,esp32-1,-60.0,25.24925,21.185,20.0,48.0,-1.0,,NORMAL
1790713960.0003707,esp32-1,-59.0,40.6512,5.80925,0.0,54.0,-1.0,,NORMAL
1790713965.9955287,esp32-1,-59.0,94.0085,68.74267,20.0,4.0,-1.0,,NORMAL
1790713970.993435,esp32-1,-61.0,23.495,17.986,20.0,224.0,-1.0,,NORMAL
1790713974.8506954,esp32-1,-63.0,40.6984,6.362249,0.0,53.0,-1.0,,NORMAL
1790713979.926028,esp32-1,-60.0,47.2202,6.406249,0.0,51.0,-1.0,,NORMAL
1790713986.7289834,esp32-1,-59.0,20.57033,11.1375,40.0,3.0,-1.0,,NORMAL
1790713990.264533,esp32-1,-60.0,81.4006,114.998,0.0,264.0,-1.0,,NORMAL
1790713996.0600746,esp32-1,-61.0,47.331,5.903751,0.0,54.0,-1.0,,NORMAL
1790714000.9967704,esp32-1,-59.0,23.22725,18.56466,20.0,228.0,-1.0,,NORMAL
1790714005.1027665,esp32-1,-60.0,40.1548,6.363249,0.0,217.0,-1.0,,NORMAL
1790714010.793725,esp32-1,-60.0,21.87425,17.07567,20.0,22.0,-1.0,,NORMAL
1790714015.8115246,esp32-1,-61.0,23.91575,18.702,20.0,47.0,-1.0,,NORMAL
1790714019.963457,esp32-1,-60.0,39.873,6.667749,0.0,168.0,-1.0,,NORMAL
1790714025.0871873,esp32-1,-60.0,46.7458,6.117751,0.0,254.0,-1.0,,NORMAL
1790714030.865398,esp32-1,-61.0,23.76525,19.706,20.0,48.0,-1.0,,NORMAL
1790714035.4701924,esp32-1,-61.0,39.845,6.05725,0.0,222.0,-1.0,,NORMAL
1790714041.0018177,esp32-1,-60.0,83.50725,59.23199,20.0,4.0,-1.0,,NORMAL
1790714046.7372897,esp32-1,-61.0,19.76733,13.0685,40.0,3.0,-1.0,,NORMAL
1790714050.1168182,esp32-1,-60.0,39.8978,7.501001,0.0,276.0,-1.0,,NORMAL
1790714054.8843734,esp32-1,-61.0,46.6084,7.9835,0.0,52.0,-1.0,,NORMAL
1790714060.8681867,esp32-1,-60.0,24.48675,19.614,20.0,42.0,-1.0,,NORMAL
1790714065.028102,esp32-1,-59.0,39.3052,5.6985,0.0,226.0,-1.0,,NORMAL
1790714069.8818407,esp32-1,-59.0,46.2574,8.344249,0.0,52.0,-1.0,,NORMAL
1790714075.822443,esp32-1,-61.0,22.6615,17.83833,20.0,49.0,-1.0,,NORMAL
1790714080.70602,esp32-1,-62.0,39.2046,5.96925,0.0,54.0,-1.0,,NORMAL
1790714085.1120088,esp32-1,-61.0,87.8766,113.5275,0.0,53.0,-1.0,,NORMAL
1790714090.784859,esp32-1,-60.0,22.75675,18.32733,20.0,48.0,-1.0,,NORMAL
1790714095.8980546,esp32-1,-61.0,231.8642,203.383,0.0,3.0,-1.0,,NORMAL
1790714099.9870365,esp32-1,-59.0,46.0908,6.088001,0.0,52.0,-1.0,,NORMAL
1790714106.7468302,esp32-1,-62.0,19.555,12.729,40.0,3.0,-1.0,,NORMAL
1790714109.867316,esp32-1,-61.0,38.7302,5.24825,0.0,53.0,-1.0,,NORMAL
1790714115.142943,esp32-1,-60.0,86.68,120.5683,0.0,52.0,-1.0,,NORMAL
1790714120.7390862,esp32-1,-59.0,22.58175,17.74633,20.0,47.0,-1.0,,NORMAL
1790714125.0318282,esp32-1,-60.0,38.9682,6.399,0.0,235.0,-1.0,,NORMAL
1790714131.0586321,esp32-1,-61.0,45.652,6.122251,0.0,53.0,-1.0,,NORMAL
1790714135.6946113,esp32-1,-61.0,21.94225,17.24467,20.0,3.0,-1.0,,NORMAL
1790714140.8466492,esp32-1,-58.0,29.1405,17.71633,20.0,55.0,-1.0,,NORMAL
1790714145.147563,esp32-1,-59.0,87.3658,119.078,0.0,46.0,-1.0,,NORMAL
1790714150.785904,esp32-1,-63.0,22.023,17.61467,20.0,47.0,-1.0,,NORMAL
1790714154.8491957,esp32-1,-61.0,38.2962,6.92025,0.0,52.0,-1.0,,NORMAL
1790714160.1322575,esp32-1,-61.0,45.25,7.31325,0.0,225.0,-1.0,,NORMAL
1790714166.7543943,esp32-1,-59.0,21.93967,13.1585,40.0,3.0,-1.0,,NORMAL
1790714170.0319145,esp32-1,-61.0,37.87,6.584751,0.0,194.0,-1.0,,NORMAL
1790714175.460607,esp32-1,-61.0,40.0426,12.40875,0.0,623.0,-1.0,,NORMAL
1790714180.78603,esp32-1,-63.0,23.95925,18.90633,20.0,39.0,-1.0,,NORMAL
1790714186.1847682,esp32-1,-57.0,79.58275,131.449,20.0,244.0,-1.0,,NORMAL
1790714190.1341221,esp32-1,-63.0,44.382,6.36625,0.0,232.0,-1.0,,NORMAL
1790714195.7448199,esp32-1,-63.0,23.9005,18.20067,20.0,38.0,-1.0,,NORMAL
1790714200.9572585,esp32-1,-62.0,61.04425,68.17266,20.0,3.0,-1.0,,NORMAL
1790714205.0549347,esp32-1,-63.0,65.0848,82.50101,0.0,52.0,-1.0,,NORMAL
1790714210.7386715,esp32-1,-68.0,27.778,20.42233,20.0,26.0,-1.0,,NORMAL
1790714215.0530121,esp32-1,-67.0,37.461,6.30325,0.0,251.0,-1.0,,NORMAL
1790714220.210763,esp32-1,-63.0,44.366,5.661249,0.0,237.0,-1.0,,NORMAL
1790714226.7662742,esp32-1,-59.0,21.77567,16.6185,40.0,3.0,-1.0,,NORMAL
1790714231.4455533,esp32-1,-55.0,27.7345,22.967,20.0,96.0,-1.0,,NORMAL
1790714235.8318028,esp32-1,-55.0,25.265,23.357,20.0,128.0,-1.0,,NORMAL
1790714241.7406178,esp32-1,-55.0,37.37567,7.625001,40.0,7.0,-1.0,,NORMAL
1790714245.8141942,esp32-1,-56.0,27.494,21.10133,20.0,52.0,-1.0,,NORMAL
1790714251.0555844,esp32-1,-56.0,89.17475,71.33733,20.0,4.0,-1.0,,NORMAL
1790714256.8078034,esp32-1,-54.0,25.94067,27.172,40.0,4.0,-1.0,,NORMAL
1790714261.683106,esp32-1,-55.0,66.743,39.513,20.0,7.0,-1.0,,NORMAL
1790714264.8706362,esp32-1,-54.0,43.507,5.56525,0.0,52.0,-1.0,,NORMAL
1790714270.7358406,esp32-1,-53.0,23.30275,19.09833,20.0,34.0,-1.0,,NORMAL
1790714275.81553,esp32-1,-55.0,27.36775,24.36633,20.0,52.0,-1.0,,NORMAL
1790714280.1290674,esp32-1,-54.0,43.1592,6.3565,0.0,247.0,-1.0,,NORMAL
1790714286.6726394,esp32-1,-55.0,19.93133,12.509,40.0,3.0,-1.0,,NORMAL
1790714290.7718263,esp32-1,-52.0,27.49825,24.622,20.0,49.0,-1.0,,NORMAL
1790714295.1692173,esp32-1,-52.0,43.1028,6.8125,0.0,198.0,-1.0,,NORMAL
1790714300.803143,esp32-1,-59.0,21.67075,17.07467,20.0,38.0,-1.0,,NORMAL
1790714307.4483397,esp32-1,-71.0,246.3087,579.4523,20.0,841.0,-1.0,,NORMAL
1790714311.0922441,esp32-1,-61.0,63.491,54.70501,0.0,54.0,-1.0,,NORMAL
1790714315.7305307,esp32-1,-59.0,22.29875,16.82567,20.0,35.0,-1.0,,NORMAL
1790714321.0162292,esp32-1,-59.0,25.875,21.304,20.0,218.0,-1.0,,NORMAL
1790714325.0250313,esp32-1,-58.0,42.6346,7.50725,0.0,205.0,-1.0,,NORMAL
1790714331.7399573,esp32-1,-61.0,24.638,32.955,40.0,4.0,-1.0,,NORMAL
1790714336.0338018,esp32-1,-58.0,25.89575,21.53967,20.0,272.0,-1.0,,NORMAL
1790714341.0963995,esp32-1,-63.0,62.6234,31.02425,0.0,54.0,-1.0,,NORMAL
1790714346.6785698,esp32-1,-60.0,20.93067,11.087,40.0,3.0,-1.0,,NORMAL
1790714350.9399703,esp32-1,-60.0,25.443,21.92467,20.0,226.0,-1.0,,NORMAL
1790714355.027068,esp32-1,-61.0,42.1538,5.96125,0.0,210.0,-1.0,,NORMAL
1790714360.9115155,esp32-1,-61.0,22.46625,16.42633,20.0,29.0,-1.0,,NORMAL
1790714365.829812,esp32-1,-60.0,25.086,21.05933,20.0,53.0,-1.0,,NORMAL
1790714376.9088063,esp32-1,-59.0,119.4408,102.475,20.0,5.0,-1.0,,NORMAL
1790714377.0549293,esp32-1,-60.0,83.9154,116.583,0.0,52.0,-1.0,,NORMAL
1790714381.5046122,esp32-1,-60.0,24.112,18.68467,20.0,49.0,-1.0,,NORMAL
1790714385.8482323,esp32-1,-58.0,40.0104,5.62075,0.0,214.0,-1.0,,NORMAL
1790714390.8165264,esp32-1,-61.0,46.9596,6.398749,0.0,196.0,-1.0,,NORMAL
1790714396.5022871,esp32-1,-59.0,23.17025,17.86366,20.0,52.0,-1.0,,NORMAL
1790714400.595184,esp32-1,-60.0,39.9184,6.676,0.0,53.0,-1.0,,NORMAL
1790714406.4957023,esp32-1,-60.0,41.6712,30.35525,0.0,891.0,-1.0,,NORMAL
1790714411.4956224,esp32-1,-59.0,23.22975,17.78033,20.0,50.0,-1.0,,NORMAL
1790714416.7241068,esp32-1,-59.0,77.76725,63.59233,20.0,6.0,-1.0,,NORMAL
1790714420.768341,esp32-1,-60.0,46.357,6.197249,0.0,202.0,-1.0,,NORMAL
1790714426.487638,esp32-1,-61.0,27.084,23.18,20.0,34.0,-1.0,,NORMAL
1790714434.3677678,esp32-1,-63.0,36.3655,10.055,20.0,5.0,-1.0,,NORMAL
1790714435.876279,esp32-1,-61.0,46.2694,6.6755,0.0,255.0,-1.0,,NORMAL
1790714441.4901843,esp32-1,-61.0,23.643,19.688,20.0,47.0,-1.0,,NORMAL
1790714446.7681236,esp32-1,-62.0,39.2726,8.142749,0.0,53.0,-1.0,,NORMAL
1790714450.7223783,esp32-1,-62.0,46.002,11.071,0.0,51.0,-1.0,,NORMAL
1790714456.4877648,esp32-1,-64.0,25.993,22.59933,20.0,37.0,-1.0,,NORMAL
1790714463.421468,esp32-1,-60.0,19.019,19.74,60.0,2.0,-1.0,,NORMAL
1790714466.4926527,esp32-1,-60.0,41.6404,11.09025,0.0,888.0,-1.0,,NORMAL
1790714471.5078125,esp32-1,-61.0,25.75475,16.881,20.0,35.0,-1.0,,NORMAL
1790714476.6296523,esp32-1,-60.0,42.614,58.07433,20.0,4.0,-1.0,,NORMAL
1790714480.580298,esp32-1,-61.0,45.6712,5.509749,0.0,6.0,-1.0,,NORMAL
1790714486.4870505,esp32-1,-55.0,22.17625,17.165,20.0,50.0,-1.0,,NORMAL
1790714490.6051178,esp32-1,-59.0,39.7316,7.6955,0.0,52.0,-1.0,,NORMAL
1790714495.676283,esp32-1,-63.0,46.499,6.535251,0.0,5.0,-1.0,,NORMAL
1790714501.4905047,esp32-1,-63.0,23.4435,18.943,20.0,47.0,-1.0,,NORMAL
1790714505.7118824,esp32-1,-66.0,39.2208,6.621248,0.0,53.0,-1.0,,NORMAL
1790714510.8812897,esp32-1,-62.0,46.166,6.0315,0.0,214.0,-1.0,,NORMAL
1790714516.487916,esp32-1,-57.0,21.5575,16.996,20.0,54.0,-1.0,,NORMAL
1790714520.7150662,esp32-1,-60.0,38.7416,6.4475,0.0,182.0,-1.0,,NORMAL
1790714526.578344,esp32-1,-58.0,56.982,40.451,20.0,5.0,-1.0,,NORMAL
1790714531.4840043,esp32-1,-59.0,26.16175,22.426,20.0,36.0,-1.0,,NORMAL
1790714535.6157296,esp32-1,-56.0,54.8738,26.34875,0.0,4.0,-1.0,,NORMAL
1790714540.7344422,esp32-1,-56.0,45.7358,5.35225,0.0,54.0,-1.0,,NORMAL
1790714546.4944327,esp32-1,-60.0,21.9015,17.213,20.0,54.0,-1.0,,NORMAL
1790714551.6919036,esp32-1,-60.0,29.734,20.23467,20.0,184.0,-1.0,,NORMAL
1790714556.0943146,esp32-1,-58.0,86.443,119.9812,0.0,273.0,-1.0,,NORMAL
1790714561.5266573,esp32-1,-61.0,21.52875,17.23067,20.0,55.0,-1.0,,NORMAL
1790714565.60076,esp32-1,-58.0,38.6878,7.180001,0.0,50.0,-1.0,,NORMAL
1790714570.7989125,esp32-1,-62.0,45.105,5.712249,0.0,226.0,-1.0,,NORMAL
1790714576.4788072,esp32-1,-60.0,22.34725,17.62567,20.0,46.0,-1.0,,NORMAL
1790714581.6482174,esp32-1,-60.0,28.829,25.765,20.0,190.0,-1.0,,NORMAL
1790714585.7930734,esp32-1,-59.0,69.5944,22.74525,0.0,31.0,-1.0,,NORMAL
1790714591.4747016,esp32-1,-61.0,22.2055,18.01834,20.0,46.0,-1.0,,NORMAL
1790714596.8741975,esp32-1,-62.0,58.6414,31.857,0.0,53.0,-1.0,,NORMAL
1790714600.743432,esp32-1,-59.0,44.5624,6.170999,0.0,53.0,-1.0,,NORMAL
1790714606.4853637,esp32-1,-59.0,23.84825,18.2,20.0,40.0,-1.0,,NORMAL
1790714611.624316,esp32-1,-62.0,64.2635,71.55666,20.0,15.0,-1.0,,NORMAL
1790714615.679486,esp32-1,-59.0,65.106,82.9205,0.0,3.0,-1.0,,NORMAL
1790714621.6348703,esp32-1,-61.0,22.825,16.012,20.0,152.0,-1.0,,NORMAL
1790714625.7801404,esp32-1,-60.0,37.2728,15.986,0.0,252.0,-1.0,,NORMAL
1790714631.5671692,esp32-1,-60.0,80.8512,52.59925,0.0,693.0,-1.0,,NORMAL
1790714636.548089,esp32-1,-61.0,23.05425,18.987,20.0,38.0,-1.0,,NORMAL
1790714641.8079185,esp32-1,-60.0,27.94175,22.48767,20.0,200.0,-1.0,,NORMAL
1790714645.8013551,esp32-1,-60.0,43.8326,5.723001,0.0,188.0,-1.0,,NORMAL
1790714651.4827247,esp32-1,-64.0,23.68075,18.496,20.0,34.0,-1.0,,NORMAL
1790714655.5847962,esp32-1,-59.0,37.0938,6.5425,0.0,52.0,-1.0,,NORMAL
1790714661.4423685,esp32-1,-62.0,23.20525,12.12433,20.0,3.0,-1.0,,NORMAL
1790714666.5662642,esp32-1,-60.0,22.015,17.54667,20.0,41.0,-1.0,,NORMAL
1790714672.7334588,esp32-1,-61.0,27.0345,22.407,20.0,53.0,-1.0,,NORMAL
1790714675.7025478,esp32-1,-60.0,43.4746,6.08825,0.0,53.0,-1.0,,NORMAL
1790714681.5411932,esp32-1,-60.0,22.82775,18.52833,20.0,37.0,-1.0,,NORMAL
1790714686.7202737,esp32-1,-59.0,27.18575,23.10933,20.0,260.0,-1.0,,NORMAL
1790714691.2315524,esp32-1,-60.0,82.1944,54.589,0.0,259.0,-1.0,,NORMAL
1790714700.0443044,esp32-1,-59.0,82.5995,62.52367,20.0,11.0,-1.0,,NORMAL
1790714701.556288,esp32-1,-60.0,26.81525,18.699,20.0,58.0,-1.0,,NORMAL
1790714701.9175699,esp32-1,-59.0,82.5995,62.52367,20.0,11.0,-1.0,,NORMAL
1790714705.9121547,esp32-1,-59.0,43.2234,7.570002,0.0,198.0,-1.0,,NORMAL
1790714711.5844045,esp32-1,-60.0,49.247,52.88367,20.0,30.0,-1.0,,NORMAL
1790714716.7670128,esp32-1,-61.0,26.3675,21.47967,20.0,265.0,-1.0,,NORMAL
1790714720.6647103,esp32-1,-61.0,43.149,6.016999,0.0,52.0,-1.0,,NORMAL
1790714726.5844855,esp32-1,-60.0,22.161,17.85467,20.0,35.0,-1.0,,NORMAL
1790714731.6690967,esp32-1,-61.0,26.21375,22.20433,20.0,216.0,-1.0,,NORMAL
1790714735.6169765,esp32-1,-60.0,42.7938,6.476252,0.0,53.0,-1.0,,NORMAL
1790714746.203934,esp32-1,-61.0,20.6425,18.089,60.0,18.0,-1.0,,NORMAL
1790714747.8971846,esp32-1,-62.0,27.04225,22.07967,20.0,3.0,-1.0,,NORMAL
1790714753.1346211,esp32-1,-61.0,43.4838,6.296,0.0,53.0,-1.0,,NORMAL
1790714757.900007,esp32-1,-60.0,53.86775,94.15433,20.0,3.0,-1.0,,NORMAL
1790714762.1721506,esp32-1,-62.0,36.5782,5.45225,0.0,220.0,-1.0,,NORMAL
1790714767.9572651,esp32-1,-61.0,61.48025,38.334,20.0,10.0,-1.0,,NORMAL
1790714772.0951028,esp32-1,-61.0,72.0804,109.8512,0.0,45.0,-1.0,,NORMAL
1790714778.1068597,esp32-1,-60.0,26.197,22.837,20.0,274.0,-1.0,,NORMAL
1790714783.1274936,esp32-1,-62.0,43.049,7.45,0.0,53.0,-1.0,,NORMAL
1790714788.039493,esp32-1,-61.0,55.77925,97.52033,20.0,4.0,-1.0,,NORMAL
1790714792.8507755,esp32-1,-61.0,26.37925,23.12333,20.0,52.0,-1.0,,NORMAL
1790714796.9517865,esp32-1,-60.0,42.7406,6.484751,0.0,52.0,-1.0,,NORMAL
1790714802.991363,esp32-1,-62.0,57.525,101.338,20.0,2.0,-1.0,,NORMAL
1790714808.1165688,esp32-1,-62.0,26.15875,23.043,20.0,278.0,-1.0,,NORMAL
1790714812.3689513,esp32-1,-61.0,83.19799,114.5927,0.0,265.0,-1.0,,NORMAL
1790714818.0433137,esp32-1,-61.0,60.0975,104.9453,20.0,5.0,-1.0,,NORMAL
1790714823.095214,esp32-1,-61.0,25.50725,20.134,20.0,230.0,-1.0,,NORMAL
1790714827.1189756,esp32-1,-60.0,42.5306,6.315,0.0,216.0,-1.0,,NORMAL
1790714833.0130725,esp32-1,-61.0,59.76975,107.544,20.0,4.0,-1.0,,NORMAL
1790714838.9352243,esp32-1,-62.0,25.333,20.95133,20.0,54.0,-1.0,,NORMAL
1790714842.4176936,esp32-1,-62.0,83.1528,118.3358,0.0,269.0,-1.0,,NORMAL
1790714847.340024,esp32-1,-61.0,69.4374,84.94175,0.0,253.0,-1.0,,NORMAL
1790714853.019105,esp32-1,-60.0,25.27725,21.78533,20.0,234.0,-1.0,,NORMAL
1790714857.4576247,esp32-1,-59.0,54.7766,22.4275,0.0,492.0,-1.0,,NORMAL
1790714862.2828476,esp32-1,-59.0,48.7896,44.08275,0.0,204.0,-1.0,,NORMAL
1790714868.0197704,esp32-1,-61.0,25.2395,21.49433,20.0,185.0,-1.0,,NORMAL
1790714872.1711206,esp32-1,-61.0,41.2786,5.072501,0.0,274.0,-1.0,,NORMAL
1790714877.235175,esp32-1,-62.0,43.319,11.12075,0.0,282.0,-1.0,,NORMAL
1790714883.5833693,esp32-1,-60.0,45.37575,48.39466,20.0,586.0,-1.0,,NORMAL
1790714886.951219,esp32-1,-60.0,41.6936,6.69575,0.0,53.0,-1.0,,NORMAL
1790714893.1067686,esp32-1,-60.0,81.50974,168.221,20.0,3.0,-1.0,,NORMAL
1790714897.8014386,esp32-1,-61.0,24.43225,20.79567,20.0,4.0,-1.0,,NORMAL
1790714903.9859953,esp32-1,-60.0,48.35267,38.4115,40.0,9.0,-1.0,,NORMAL
1790714907.2157526,esp32-1,-61.0,89.4352,126.7772,0.0,53.0,-1.0,,NORMAL
1790714913.1130402,esp32-1,-60.0,32.72,20.926,20.0,16.0,-1.0,,NORMAL
1790714919.751922,esp32-1,-61.0,21.029,37.942,60.0,14.0,-1.0,,NORMAL
1790714921.9953337,esp32-1,-62.0,50.5552,19.381,0.0,38.0,-1.0,,NORMAL
1790714927.9249976,esp32-1,-58.0,23.79275,19.10767,20.0,3.0,-1.0,,NORMAL
1790714932.1232445,esp32-1,-62.0,66.9502,39.47925,0.0,24.0,-1.0,,NORMAL
1790714937.2998176,esp32-1,-59.0,67.90919,88.293,0.0,270.0,-1.0,,NORMAL
1790714942.8443587,esp32-1,-61.0,23.4225,16.13767,20.0,53.0,-1.0,,NORMAL
1790714947.0741253,esp32-1,-60.0,40.7258,6.654,0.0,53.0,-1.0,,NORMAL
1790714952.4650111,esp32-1,-61.0,81.154,47.89675,0.0,361.0,-1.0,,NORMAL
1790714957.9286807,esp32-1,-61.0,23.64275,14.71267,20.0,51.0,-1.0,,NORMAL
1790714962.128685,esp32-1,-62.0,40.1232,8.432,0.0,189.0,-1.0,,NORMAL
1790714967.029317,esp32-1,-62.0,47.3814,7.116001,0.0,52.0,-1.0,,NORMAL
1790714973.0875657,esp32-1,-61.0,22.84525,18.65367,20.0,256.0,-1.0,,NORMAL
1790714977.1373582,esp32-1,-60.0,40.2974,6.607251,0.0,243.0,-1.0,,NORMAL
1790714983.362573,esp32-1,-62.0,143.7335,247.2343,20.0,5.0,-1.0,,NORMAL
1790714987.9378076,esp32-1,-61.0,23.607,13.53133,20.0,48.0,-1.0,,NORMAL
1790714992.0490723,esp32-1,-60.0,63.5434,82.6195,0.0,38.0,-1.0,,NORMAL
1790714997.0958297,esp32-1,-59.0,71.7464,57.848,0.0,31.0,-1.0,,NORMAL
1790715004.0125291,esp32-1,-60.0,23.7605,19.40367,20.0,55.0,-1.0,,NORMAL
1790715006.9896765,esp32-1,-58.0,40.0168,5.52625,0.0,52.0,-1.0,,NORMAL
1790715012.5410333,esp32-1,-60.0,106.5516,101.7322,0.0,237.0,-1.0,,NORMAL
1790715017.7910972,esp32-1,-60.0,23.729,19.32133,20.0,3.0,-1.0,,NORMAL
1790715023.0578384,esp32-1,-59.0,39.621,6.446,0.0,53.0,-1.0,,NORMAL
1790715027.154159,esp32-1,-60.0,46.3854,5.784001,0.0,185.0,-1.0,,NORMAL
1790715033.092952,esp32-1,-60.0,22.03675,17.42233,20.0,266.0,-1.0,,NORMAL
1790715038.0646868,esp32-1,-63.0,39.5162,6.273749,0.0,53.0,-1.0,,NORMAL
1790715042.2068236,esp32-1,-60.0,46.3722,6.053,0.0,191.0,-1.0,,NORMAL
1790715047.837595,esp32-1,-61.0,22.68525,15.87333,20.0,49.0,-1.0,,NORMAL
1790715052.8196554,esp32-1,-62.0,30.0455,5.400668,20.0,5.0,-1.0,,NORMAL
1790715057.1574898,esp32-1,-64.0,45.9344,6.359999,0.0,188.0,-1.0,,NORMAL
1790715062.894372,esp32-1,-66.0,24.39075,18.95833,20.0,43.0,-1.0,,NORMAL
1790715067.1959295,esp32-1,-65.0,38.8972,6.238,0.0,257.0,-1.0,,NORMAL
1790715072.2316463,esp32-1,-64.0,45.932,5.690751,0.0,205.0,-1.0,,NORMAL
1790715077.945886,esp32-1,-62.0,21.73675,16.951,20.0,51.0,-1.0,,NORMAL
1790715082.3507657,esp32-1,-63.0,38.9264,6.22675,0.0,209.0,-1.0,,NORMAL
1790715086.984331,esp32-1,-64.0,45.738,5.609502,0.0,52.0,-1.0,,NORMAL
1790715092.792763,esp32-1,-61.0,22.502,18.085,20.0,2.0,-1.0,,NORMAL
1790715097.1970193,esp32-1,-59.0,39.5478,6.39525,0.0,258.0,-1.0,,NORMAL
1790715102.145086,esp32-1,-65.0,45.417,12.31775,0.0,52.0,-1.0,,NORMAL
1790715107.8318532,esp32-1,-64.0,23.7225,17.06767,20.0,43.0,-1.0,,NORMAL
1790715113.0161943,esp32-1,-63.0,75.4295,63.55367,20.0,9.0,-1.0,,NORMAL
1790715117.1293411,esp32-1,-63.0,45.301,6.241,0.0,199.0,-1.0,,NORMAL
1790715122.9019096,esp32-1,-61.0,22.09775,17.57167,20.0,3.0,-1.0,,NORMAL
1790715127.2023954,esp32-1,-59.0,38.3688,6.9585,0.0,268.0,-1.0,,NORMAL
1790715132.2840955,esp32-1,-63.0,115.779,111.4697,0.0,7.0,-1.0,,NORMAL
1790715137.8344266,esp32-1,-63.0,22.902,13.86033,20.0,44.0,-1.0,,NORMAL
1790715142.193922,esp32-1,-62.0,38.1852,6.78525,0.0,220.0,-1.0,,NORMAL
1790715147.1349676,esp32-1,-62.0,45.0878,34.6295,0.0,203.0,-1.0,,NORMAL
1790715152.905238,esp32-1,-62.0,22.2935,17.266,20.0,3.0,-1.0,,NORMAL
1790715157.1526,esp32-1,-65.0,82.2086,61.7275,0.0,40.0,-1.0,,NORMAL
1790715162.02307,esp32-1,-63.0,45.1004,6.585,0.0,52.0,-1.0,,NORMAL
1790715167.8366325,esp32-1,-62.0,24.60725,15.051,20.0,34.0,-1.0,,NORMAL
1790715173.0270658,esp32-1,-62.0,37.5654,6.798,0.0,54.0,-1.0,,NORMAL
1790715177.436477,esp32-1,-62.0,44.5568,6.785501,0.0,508.0,-1.0,,NORMAL
1790715183.8318973,esp32-1,-63.0,25.89767,27.5545,40.0,9.0,-1.0,,NORMAL
1790715188.080241,esp32-1,-60.0,83.808,99.48832,20.0,35.0,-1.0,,NORMAL
1790715192.3980858,esp32-1,-60.0,86.077,57.73025,0.0,259.0,-1.0,,NORMAL
1790715197.857621,esp32-1,-62.0,25.32575,12.50267,20.0,51.0,-1.0,,NORMAL
1790715202.9818444,esp32-1,-63.0,27.996,25.31767,20.0,53.0,-1.0,,NORMAL
1790715207.0774457,esp32-1,-63.0,44.1758,6.353749,0.0,53.0,-1.0,,NORMAL
1790715212.8319378,esp32-1,-63.0,23.807,19.21033,20.0,34.0,-1.0,,NORMAL
1790715217.9877913,esp32-1,-60.0,27.5455,24.75433,20.0,179.0,-1.0,,NORMAL
1790715222.0827613,esp32-1,-63.0,43.999,6.455,0.0,165.0,-1.0,,NORMAL
1790715228.4788594,esp32-1,-62.0,41.91475,44.06234,20.0,602.0,-1.0,,NORMAL
1790715232.9853697,esp32-1,-61.0,29.5765,26.491,20.0,44.0,-1.0,,NORMAL
1790715237.1348968,esp32-1,-62.0,43.6502,5.9655,0.0,219.0,-1.0,,NORMAL
1790715242.3595214,esp32-1,-62.0,91.3512,150.8355,0.0,202.0,-1.0,,NORMAL
1790715247.992199,esp32-1,-61.0,27.1235,23.49733,20.0,185.0,-1.0,,NORMAL
1790715252.429244,esp32-1,-61.0,84.45879,121.8332,0.0,272.0,-1.0,,NORMAL
1790715257.8265004,esp32-1,-76.0,23.4635,18.84233,20.0,32.0,-1.0,,NORMAL
1790715263.0471036,esp32-1,-62.0,26.892,23.85533,20.0,237.0,-1.0,,NORMAL
1790715266.9802985,esp32-1,-62.0,43.0156,5.86875,0.0,53.0,-1.0,,NORMAL
1790715272.8243313,esp32-1,-62.0,21.877,17.15833,20.0,38.0,-1.0,,NORMAL
1790715277.2249162,esp32-1,-60.0,84.56081,89.7785,0.0,17.0,-1.0,,NORMAL
1790715282.2417712,esp32-1,-63.0,43.505,6.77125,0.0,276.0,-1.0,,NORMAL
1790715287.881001,esp32-1,-63.0,21.789,17.25933,20.0,39.0,-1.0,,NORMAL
1790715293.9680173,esp32-1,-61.0,26.48625,9.174999,20.0,53.0,-1.0,,NORMAL
1790715297.149904,esp32-1,-63.0,43.0218,6.394001,0.0,230.0,-1.0,,NORMAL
1790715302.8252952,esp32-1,-64.0,21.552,17.343,20.0,37.0,-1.0,,NORMAL
1790715308.0472217,esp32-1,-63.0,61.86075,120.2923,20.0,16.0,-1.0,,NORMAL
1790715315.2150052,esp32-1,-64.0,268.2032,617.729,20.0,717.0,-1.0,,NORMAL
1790715320.2285173,esp32-1,-66.0,101.2772,57.103,0.0,324.0,-1.0,,NORMAL
1790715327.1979706,esp32-1,-63.0,110.505,112.6793,20.0,562.0,-1.0,,NORMAL
1790715328.2578304,esp32-1,-72.0,81.5788,37.193,0.0,26.0,-1.0,,NORMAL
1790715331.560045,esp32-1,-66.0,101.2772,57.103,0.0,324.0,-1.0,,NORMAL
1790715347.2546303,esp32-1,-62.0,120.362,121.7767,20.0,291.0,-1.0,,NORMAL
1790715356.8060884,esp32-1,-63.0,74.06126,63.10767,20.0,6764.0,-1.0,,NORMAL
1790715371.7203574,esp32-1,-63.0,107.211,170.101,20.0,409.0,-1.0,,NORMAL
1790715373.9493923,esp32-1,-61.0,102.4484,112.0895,0.0,466.0,-1.0,,NORMAL
1790715378.2120645,esp32-1,-66.0,101.2772,57.103,0.0,324.0,-1.0,,NORMAL
1790715398.777528,esp32-1,-63.0,186.8448,333.1607,0.0,1961.0,-1.0,,NORMAL
1790715405.299868,esp32-1,-62.0,190.1138,97.0145,0.0,1685.0,-1.0,,NORMAL
1790715411.986806,esp32-1,-63.0,74.7054,34.1105,0.0,2183.0,-1.0,,NORMAL
1790715416.7529485,esp32-1,-66.0,101.2772,57.103,0.0,324.0,-1.0,,NORMAL
1790715427.9809346,esp32-1,-62.0,60.7132,28.0245,0.0,6286.0,-1.0,,NORMAL
1790715429.8119102,esp32-1,-63.0,121.5675,105.873,20.0,9.0,-1.0,,NORMAL
1790715430.0693543,esp32-1,-66.0,101.2772,57.103,0.0,324.0,-1.0,,NORMAL
1790715430.3175716,esp32-1,-63.0,110.505,112.6793,20.0,562.0,-1.0,,NORMAL
1790715430.45989,esp32-1,-61.0,194.9192,260.7032,0.0,128.0,-1.0,,NORMAL
1790715430.7272668,esp32-1,-62.0,120.362,121.7767,20.0,291.0,-1.0,,NORMAL
1790715430.9324665,esp32-1,-63.0,74.06126,63.10767,20.0,6764.0,-1.0,,NORMAL
1790715431.0891087,esp32-1,-63.0,203.4635,146.2357,20.0,230.0,-1.0,,NORMAL
1790715431.3418343,esp32-1,-63.0,107.211,170.101,20.0,409.0,-1.0,,NORMAL
1790715431.5466974,esp32-1,-66.0,315.808,382.5627,20.0,2249.0,-1.0,,NORMAL
1790715431.8163316,esp32-1,-63.0,186.8448,333.1607,0.0,1961.0,-1.0,,NORMAL
1790715432.2095094,esp32-1,-62.0,190.1138,97.0145,0.0,1685.0,-1.0,,NORMAL
1790715432.570985,esp32-1,-62.0,60.7132,28.0245,0.0,6286.0,-1.0,,NORMAL
1790715433.62738,esp32-1,-63.0,69.9506,41.8985,0.0,16.0,-1.0,,NORMAL
1790715439.3292434,esp32-1,-64.0,22.0595,18.154,20.0,30.0,-1.0,,NORMAL
1790715444.6553698,esp32-1,-61.0,24.6525,20.68367,20.0,234.0,-1.0,,NORMAL
1790715448.5604873,esp32-1,-63.0,41.3998,5.105,0.0,120.0,-1.0,,NORMAL
1790715454.6207201,esp32-1,-62.0,48.2706,6.9915,0.0,87.0,-1.0,,NORMAL
1790715459.297388,esp32-1,-61.0,24.24325,18.56667,20.0,53.0,-1.0,,NORMAL
1790715463.3615918,esp32-1,-62.0,41.2136,6.55325,0.0,3.0,-1.0,,NORMAL
1790715468.6757748,esp32-1,-59.0,68.5758,83.49975,0.0,181.0,-1.0,,NORMAL
1790715474.485701,esp32-1,-60.0,24.96725,20.80667,20.0,231.0,-1.0,,NORMAL
1790715479.5196936,esp32-1,-63.0,40.9852,6.5745,0.0,53.0,-1.0,,NORMAL
1790715483.567082,esp32-1,-63.0,48.0088,5.452999,0.0,53.0,-1.0,,NORMAL
1790715489.2758958,esp32-1,-62.0,23.9575,19.088,20.0,2.0,-1.0,,NORMAL
1790715493.5071738,esp32-1,-62.0,40.6976,7.379,0.0,123.0,-1.0,,NORMAL
1790715499.4887743,esp32-1,-59.0,47.6616,5.53775,0.0,52.0,-1.0,,NORMAL
1790715504.489418,esp32-1,-61.0,23.7715,14.39133,20.0,236.0,-1.0,,NORMAL
1790715508.5581532,esp32-1,-63.0,40.6552,6.19725,0.0,124.0,-1.0,,NORMAL
1790715513.578313,esp32-1,-61.0,47.6348,6.598999,0.0,51.0,-1.0,,NORMAL
1790715519.5128608,esp32-1,-64.0,24.156,15.10967,20.0,153.0,-1.0,,NORMAL
1790715523.5045948,esp32-1,-62.0,40.379,6.06075,0.0,125.0,-1.0,,NORMAL
1790715528.5504692,esp32-1,-61.0,74.87681,40.1155,0.0,17.0,-1.0,,NORMAL
1790715534.3624804,esp32-1,-65.0,23.6395,19.09733,20.0,51.0,-1.0,,NORMAL
1790715539.5323074,esp32-1,-61.0,40.8556,7.8275,0.0,53.0,-1.0,,NORMAL
1790715544.5475833,esp32-1,-60.0,46.9954,6.120001,0.0,92.0,-1.0,,NORMAL
1790715549.314627,esp32-1,-62.0,23.59425,18.12533,20.0,52.0,-1.0,,NORMAL
1790715553.6126704,esp32-1,-62.0,36.3712,10.50175,0.0,149.0,-1.0,,NORMAL
1790715559.552878,esp32-1,-60.0,46.7544,7.0255,0.0,53.0,-1.0,,NORMAL
1790715564.3632782,esp32-1,-62.0,22.7455,17.06767,20.0,3.0,-1.0,,NORMAL
1790715568.3575335,esp32-1,-61.0,39.8698,7.078999,0.0,7.0,-1.0,,NORMAL
1790715574.554972,esp32-1,-61.0,46.6964,6.285251,0.0,94.0,-1.0,,NORMAL
1790715579.5521822,esp32-1,-63.0,22.17575,16.91067,20.0,231.0,-1.0,,NORMAL
1790715583.5115514,esp32-1,-62.0,39.7758,6.39575,0.0,129.0,-1.0,,NORMAL
1790715589.762826,esp32-1,-63.0,46.5414,6.268751,0.0,97.0,-1.0,,NORMAL
1790715593.582776,esp32-1,-63.0,79.7952,79.563,0.0,24.0,-1.0,,NORMAL
1790715598.512588,esp32-1,-62.0,39.367,7.303,0.0,130.0,-1.0,,NORMAL
1790715603.4872444,esp32-1,-62.0,46.408,4.89525,0.0,51.0,-1.0,,NORMAL
1790715609.2664094,esp32-1,-62.0,23.76825,19.80166,20.0,3.0,-1.0,,NORMAL
1790715613.5196412,esp32-1,-62.0,39.323,6.99025,0.0,52.0,-1.0,,NORMAL
1790715619.6665168,esp32-1,-63.0,46.0838,5.81575,0.0,52.0,-1.0,,NORMAL
1790715624.3033245,esp32-1,-62.0,24.9,19.75633,20.0,41.0,-1.0,,NORMAL
1790715630.4644532,esp32-1,-61.0,29.848,27.58567,20.0,55.0,-1.0,,NORMAL
1790715633.7514884,esp32-1,-63.0,66.7072,57.80375,0.0,259.0,-1.0,,NORMAL
1790715639.307279,esp32-1,-63.0,23.2865,18.23233,20.0,46.0,-1.0,,NORMAL
1790715644.5814776,esp32-1,-62.0,38.705,6.13275,0.0,55.0,-1.0,,NORMAL
1790715648.5882254,esp32-1,-61.0,42.0008,10.3595,0.0,121.0,-1.0,,NORMAL
1790715654.3304973,esp32-1,-62.0,21.82475,17.072,20.0,53.0,-1.0,,NORMAL
1790715658.3557558,esp32-1,-63.0,38.8928,8.358749,0.0,3.0,-1.0,,NORMAL
1790715664.6191592,esp32-1,-62.0,45.6498,5.6485,0.0,57.0,-1.0,,NORMAL
1790715669.3027694,esp32-1,-64.0,21.98075,17.27467,20.0,49.0,-1.0,,NORMAL
1790715673.5112362,esp32-1,-62.0,55.3724,27.212,0.0,73.0,-1.0,,NORMAL
1790715678.5467775,esp32-1,-62.0,45.4186,3.953251,0.0,52.0,-1.0,,NORMAL
1790715684.0969565,esp32-1,-64.0,113.771,206.4505,0.0,200.0,-1.0,,NORMAL
1790715688.5813656,esp32-1,-63.0,38.4002,7.992,0.0,136.0,-1.0,,NORMAL
1790715693.5386753,esp32-1,-65.0,45.307,5.99375,0.0,109.0,-1.0,,NORMAL
1790715699.3406835,esp32-1,-62.0,22.04125,17.43633,20.0,48.0,-1.0,,NORMAL
1790715703.6339684,esp32-1,-62.0,38.3184,7.162999,0.0,138.0,-1.0,,NORMAL
1790715708.5380573,esp32-1,-64.0,45.2576,5.92275,0.0,104.0,-1.0,,NORMAL
1790715714.3856022,esp32-1,-62.0,22.2705,17.86633,20.0,47.0,-1.0,,NORMAL
1790715718.5850165,esp32-1,-64.0,38.174,6.43925,0.0,139.0,-1.0,,NORMAL
1790715723.7062893,esp32-1,-61.0,89.3312,60.69425,0.0,37.0,-1.0,,NORMAL
1790715729.2694402,esp32-1,-62.0,23.6575,18.60533,20.0,6.0,-1.0,,NORMAL
1790715734.5816758,esp32-1,-64.0,81.83025,71.694,20.0,5.0,-1.0,,NORMAL
1790715738.5393012,esp32-1,-64.0,44.8012,6.357,0.0,109.0,-1.0,,NORMAL
1790715745.0044334,esp32-1,-60.0,23.25125,19.32767,20.0,40.0,-1.0,,NORMAL
1790715748.5904133,esp32-1,-64.0,37.8486,7.2645,0.0,142.0,-1.0,,NORMAL
1790715754.4820755,esp32-1,-63.0,44.8774,6.253749,0.0,53.0,-1.0,,NORMAL
1790715759.3425653,esp32-1,-64.0,21.6765,16.86,20.0,48.0,-1.0,,NORMAL
1790715763.4019752,esp32-1,-62.0,37.698,6.499249,0.0,52.0,-1.0,,NORMAL
1790715769.5265834,esp32-1,-63.0,87.481,67.30466,20.0,4.0,-1.0,,NORMAL
1790715774.2974975,esp32-1,-63.0,22.2295,17.73133,20.0,44.0,-1.0,,NORMAL
1790715779.470158,esp32-1,-62.0,28.1885,25.27666,20.0,197.0,-1.0,,NORMAL
1790715783.6134107,esp32-1,-62.0,44.6468,6.46525,0.0,110.0,-1.0,,NORMAL
1790715789.2900293,esp32-1,-63.0,24.8035,20.82467,20.0,31.0,-1.0,,NORMAL
1790715794.5150785,esp32-1,-63.0,27.73925,24.37067,20.0,227.0,-1.0,,NORMAL
1790715799.5871878,esp32-1,-63.0,75.70725,147.4243,20.0,3.0,-1.0,,NORMAL
1790715804.2957687,esp32-1,-61.0,22.1135,14.76967,20.0,40.0,-1.0,,NORMAL
1790715809.4167254,esp32-1,-63.0,27.45275,23.529,20.0,3.0,-1.0,,NORMAL
1790715813.5452955,esp32-1,-62.0,65.73521,78.97875,0.0,47.0,-1.0,,NORMAL
1790715819.300506,esp32-1,-63.0,22.92675,15.98467,20.0,37.0,-1.0,,NORMAL
1790715824.510998,esp32-1,-62.0,26.99625,19.685,20.0,227.0,-1.0,,NORMAL
1790715829.4744244,esp32-1,-62.0,76.66199,151.6233,20.0,5.0,-1.0,,NORMAL
1790715834.3008265,esp32-1,-64.0,22.151,17.897,20.0,39.0,-1.0,,NORMAL
1790715839.6274445,esp32-1,-62.0,26.8205,22.505,20.0,205.0,-1.0,,NORMAL
1790715843.5187917,esp32-1,-64.0,43.3202,7.871501,0.0,53.0,-1.0,,NORMAL
1790715849.257499,esp32-1,-63.0,23.78225,17.176,20.0,3.0,-1.0,,NORMAL
1790715854.5760548,esp32-1,-61.0,27.00575,24.129,20.0,227.0,-1.0,,NORMAL
1790715859.5425565,esp32-1,-60.0,90.15325,73.10767,20.0,3.0,-1.0,,NORMAL
1790715864.4063244,esp32-1,-61.0,29.24925,23.442,20.0,112.0,-1.0,,NORMAL
1790715869.3225923,esp32-1,-64.0,26.4945,23.199,20.0,52.0,-1.0,,NORMAL
1790715873.6258922,esp32-1,-60.0,67.1516,85.32001,0.0,35.0,-1.0,,NORMAL
1790715879.3582685,esp32-1,-63.0,21.334,16.774,20.0,38.0,-1.0,,NORMAL
1790715884.5831366,esp32-1,-63.0,26.40325,22.103,20.0,231.0,-1.0,,NORMAL
1790715888.5847208,esp32-1,-61.0,42.8184,6.926752,0.0,123.0,-1.0,,NORMAL
1790715894.414006,esp32-1,-63.0,23.4375,16.73667,20.0,29.0,-1.0,,NORMAL
1790715899.49334,esp32-1,-63.0,26.05925,22.18733,20.0,222.0,-1.0,,NORMAL
1790715903.5362368,esp32-1,-64.0,42.5628,6.173,0.0,123.0,-1.0,,NORMAL
1790715909.265119,esp32-1,-61.0,22.03275,17.67233,20.0,8.0,-1.0,,NORMAL
1790715914.5869374,esp32-1,-65.0,25.555,20.24833,20.0,236.0,-1.0,,NORMAL
1790715919.5594392,esp32-1,-62.0,42.4798,7.221251,0.0,53.0,-1.0,,NORMAL
1790715925.2440238,esp32-1,-59.0,23.09433,27.035,40.0,8.0,-1.0,,NORMAL
1790715929.5742326,esp32-1,-60.0,25.53925,21.95867,20.0,223.0,-1.0,,NORMAL
1790715934.5038493,esp32-1,-60.0,42.201,6.538501,0.0,53.0,-1.0,,NORMAL
1790715940.2909768,esp32-1,-61.0,22.121,29.1075,40.0,8.0,-1.0,,NORMAL
1790715945.362594,esp32-1,-61.0,26.813,21.64967,20.0,53.0,-1.0,,NORMAL
1790715948.5846436,esp32-1,-61.0,42.4872,6.242249,0.0,123.0,-1.0,,NORMAL
1790715955.3434737,esp32-1,-60.0,23.354,17.5365,40.0,8.0,-1.0,,NORMAL
1790715959.4485006,esp32-1,-62.0,24.7855,20.68033,20.0,53.0,-1.0,,NORMAL
1790715963.5338378,esp32-1,-61.0,41.8082,7.968749,0.0,127.0,-1.0,,NORMAL
1790715970.2952526,esp32-1,-62.0,21.10033,21.266,40.0,6.0,-1.0,,NORMAL
1790715974.4113226,esp32-1,-62.0,25.79125,22.169,20.0,4.0,-1.0,,NORMAL
1790715978.382061,esp32-1,-61.0,41.2022,6.3495,0.0,6.0,-1.0,,NORMAL
1790715985.3476963,esp32-1,-60.0,21.705,28.2855,40.0,4.0,-1.0,,NORMAL
1790715989.3295043,esp32-1,-61.0,25.3245,19.58133,20.0,49.0,-1.0,,NORMAL
1790715993.4961078,esp32-1,-64.0,41.164,6.553751,0.0,57.0,-1.0,,NORMAL
1790715999.3760521,esp32-1,-60.0,34.4355,22.86767,20.0,3.0,-1.0,,NORMAL
1790716005.3725908,esp32-1,-63.0,24.28025,19.50767,20.0,55.0,-1.0,,NORMAL
1790716008.6418436,esp32-1,-60.0,85.34019,62.00625,0.0,39.0,-1.0,,NORMAL
1790716014.5851042,esp32-1,-63.0,47.8032,6.129,0.0,53.0,-1.0,,NORMAL
1790716019.3673398,esp32-1,-62.0,23.694,19.456,20.0,7.0,-1.0,,NORMAL
1790716023.4292388,esp32-1,-62.0,40.84,6.267,0.0,53.0,-1.0,,NORMAL
1790716029.7898939,esp32-1,-61.0,47.7544,6.658,0.0,98.0,-1.0,,NORMAL
1790716034.5024347,esp32-1,-61.0,23.834,19.804,20.0,188.0,-1.0,,NORMAL
1790716038.5983987,esp32-1,-63.0,40.8128,6.48625,0.0,133.0,-1.0,,NORMAL
1790716043.464628,esp32-1,-65.0,48.321,6.25275,0.0,52.0,-1.0,,NORMAL
1790716049.6752088,esp32-1,-64.0,54.6106,22.414,0.0,63.0,-1.0,,NORMAL
1790716053.662155,esp32-1,-62.0,40.6456,6.479251,0.0,134.0,-1.0,,NORMAL
1790716058.6704051,esp32-1,-62.0,47.4402,6.759,0.0,100.0,-1.0,,NORMAL
1790716064.5184743,esp32-1,-63.0,21.6975,17.092,20.0,254.0,-1.0,,NORMAL
1790716068.532184,esp32-1,-63.0,60.8064,76.0525,0.0,54.0,-1.0,,NORMAL
1790716073.5165381,esp32-1,-62.0,42.3284,11.88775,0.0,129.0,-1.0,,NORMAL
1790716079.3135974,esp32-1,-63.0,23.81525,19.57033,20.0,50.0,-1.0,,NORMAL
1790716084.6064577,esp32-1,-58.0,40.1846,6.26825,0.0,53.0,-1.0,,NORMAL
1790716089.6481876,esp32-1,-60.0,46.9544,6.606749,0.0,54.0,-1.0,,NORMAL
1790716094.3219502,esp32-1,-60.0,27.948,25.304,20.0,33.0,-1.0,,NORMAL
1790716099.5287445,esp32-1,-59.0,39.7886,5.58025,0.0,53.0,-1.0,,NORMAL
1790716103.8843365,esp32-1,-60.0,88.04759,118.1017,0.0,270.0,-1.0,,NORMAL
1790716109.3160837,esp32-1,-60.0,24.00425,19.51067,20.0,46.0,-1.0,,NORMAL
1790716114.6114943,esp32-1,-61.0,39.9234,8.6285,0.0,59.0,-1.0,,NORMAL
1790716119.5446343,esp32-1,-60.0,46.3702,6.523249,0.0,54.0,-1.0,,NORMAL
1790716124.3238866,esp32-1,-61.0,23.9945,16.016,20.0,46.0,-1.0,,NORMAL
1790716128.6176412,esp32-1,-62.0,39.5172,7.32175,0.0,138.0,-1.0,,NORMAL
1790716133.4757905,esp32-1,-61.0,47.1242,8.364249,0.0,49.0,-1.0,,NORMAL
1790716139.3648908,esp32-1,-60.0,22.2865,16.941,20.0,3.0,-1.0,,NORMAL
1790716144.533073,esp32-1,-60.0,84.7805,72.912,20.0,4.0,-1.0,,NORMAL
1790716149.5662975,esp32-1,-59.0,88.9965,67.139,20.0,12.0,-1.0,,NORMAL
1790716154.2711031,esp32-1,-61.0,22.90025,20.46133,20.0,3.0,-1.0,,NORMAL
1790716158.923815,esp32-1,-62.0,63.2364,85.4515,0.0,282.0,-1.0,,NORMAL
1790716163.53356,esp32-1,-63.0,46.5262,6.854751,0.0,50.0,-1.0,,NORMAL
1790716169.3682342,esp32-1,-61.0,24.3345,19.07133,20.0,45.0,-1.0,,NORMAL
1790716173.4265547,esp32-1,-59.0,38.9072,10.40925,0.0,53.0,-1.0,,NORMAL
1790716178.553805,esp32-1,-59.0,45.6016,6.613251,0.0,110.0,-1.0,,NORMAL
1790716184.3216414,esp32-1,-59.0,25.27375,8.736667,20.0,37.0,-1.0,,NORMAL
1790716188.632882,esp32-1,-58.0,33.8846,10.717,0.0,173.0,-1.0,,NORMAL
1790716194.5150666,esp32-1,-61.0,45.427,6.421499,0.0,54.0,-1.0,,NORMAL
1790716199.3780599,esp32-1,-62.0,27.1135,20.93133,20.0,4.0,-1.0,,NORMAL
1790716203.4639423,esp32-1,-63.0,41.7396,9.307249,0.0,37.0,-1.0,,NORMAL
1790716208.4288535,esp32-1,-61.0,45.495,5.76775,0.0,7.0,-1.0,,NORMAL
1790716215.3930795,esp32-1,-63.0,28.22066,7.490499,40.0,14.0,-1.0,,NORMAL
1790716219.4981995,esp32-1,-61.0,28.97375,25.41267,20.0,205.0,-1.0,,NORMAL
1790716223.6404457,esp32-1,-61.0,72.8046,41.90575,0.0,17.0,-1.0,,NORMAL
1790716229.3796618,esp32-1,-62.0,22.762,20.22733,20.0,44.0,-1.0,,NORMAL
1790716233.5805879,esp32-1,-61.0,38.6478,7.044999,0.0,147.0,-1.0,,NORMAL
1790716238.6972733,esp32-1,-62.0,44.9334,6.51775,0.0,126.0,-1.0,,NORMAL
1790716245.522951,esp32-1,-61.0,89.47275,86.64933,20.0,985.0,-1.0,,NORMAL
1790716248.6301584,esp32-1,-61.0,39.501,6.36725,0.0,148.0,-1.0,,NORMAL
1790716253.6455357,esp32-1,-60.0,73.85201,41.493,0.0,18.0,-1.0,,NORMAL
1790716259.3822558,esp32-1,-60.0,25.514,13.91767,20.0,39.0,-1.0,,NORMAL
1790716263.5807722,esp32-1,-59.0,39.418,5.925999,0.0,155.0,-1.0,,NORMAL
1790716269.6419525,esp32-1,-61.0,45.6752,5.618751,0.0,54.0,-1.0,,NORMAL
1790716274.4347646,esp32-1,-61.0,25.02925,21.85,20.0,40.0,-1.0,,NORMAL
1790716278.5351613,esp32-1,-61.0,49.8008,19.34775,0.0,105.0,-1.0,,NORMAL
1790716284.5726864,esp32-1,-60.0,45.7992,6.1835,0.0,53.0,-1.0,,NORMAL
1790716289.435393,esp32-1,-60.0,58.196,62.22,20.0,3.0,-1.0,,NORMAL
1790716293.6837306,esp32-1,-58.0,83.9922,87.31674,0.0,35.0,-1.0,,NORMAL
1790716298.5750613,esp32-1,-60.0,45.465,6.89825,0.0,113.0,-1.0,,NORMAL
1790716304.3208702,esp32-1,-60.0,21.84775,17.32267,20.0,50.0,-1.0,,NORMAL
1790716309.7622921,esp32-1,-58.0,71.0722,47.159,0.0,990.0,-1.0,,NORMAL
1790716313.5847988,esp32-1,-59.0,45.5388,35.75575,0.0,118.0,-1.0,,NORMAL
1790716319.3869631,esp32-1,-61.0,23.28775,18.849,20.0,43.0,-1.0,,NORMAL
1790716323.4393408,esp32-1,-57.0,38.403,7.69525,0.0,53.0,-1.0,,NORMAL
1790716328.6130922,esp32-1,-60.0,45.0862,6.086501,0.0,116.0,-1.0,,NORMAL
1790716334.4542966,esp32-1,-60.0,22.45175,18.13467,20.0,44.0,-1.0,,NORMAL
1790716339.3593357,esp32-1,-59.0,38.79425,48.184,20.0,4.0,-1.0,,NORMAL
1790716343.6654758,esp32-1,-58.0,44.963,6.191751,0.0,118.0,-1.0,,NORMAL
1790716349.4061823,esp32-1,-59.0,21.93775,17.012,20.0,48.0,-1.0,,NORMAL
1790716354.536453,esp32-1,-62.0,28.8675,25.22667,20.0,231.0,-1.0,,NORMAL
1790716358.6121523,esp32-1,-60.0,44.5666,6.088499,0.0,119.0,-1.0,,NORMAL
1790716364.4458253,esp32-1,-63.0,23.5255,19.24,20.0,40.0,-1.0,,NORMAL
1790716368.427653,esp32-1,-60.0,37.7902,9.6355,0.0,54.0,-1.0,,NORMAL
1790716374.4835505,esp32-1,-59.0,56.342,26.47833,20.0,5.0,-1.0,,NORMAL
1790716379.3274012,esp32-1,-61.0,22.4525,18.96667,20.0,44.0,-1.0,,NORMAL
1790716384.5518506,esp32-1,-60.0,28.081,25.43167,20.0,238.0,-1.0,,NORMAL
1790716389.3159542,esp32-1,-60.0,29.48425,2.14,20.0,4.0,-1.0,,NORMAL
1790716394.3214743,esp32-1,-61.0,22.3445,18.873,20.0,44.0,-1.0,,NORMAL
1790716399.6019402,esp32-1,-60.0,27.8125,22.391,20.0,228.0,-1.0,,NORMAL
1790716403.5636585,esp32-1,-61.0,44.1364,6.072,0.0,53.0,-1.0,,NORMAL
1790716409.3222916,esp32-1,-63.0,23.105,20.498,20.0,37.0,-1.0,,NORMAL
1790716414.4764845,esp32-1,-60.0,27.51925,24.64267,20.0,181.0,-1.0,,NORMAL
1790716418.5628796,esp32-1,-59.0,43.7298,7.63625,0.0,125.0,-1.0,,NORMAL
1790716424.7618122,esp32-1,-59.0,22.85775,19.53667,20.0,38.0,-1.0,,NORMAL
1790716429.601856,esp32-1,-59.0,27.09975,24.00067,20.0,234.0,-1.0,,NORMAL
1790716433.4823573,esp32-1,-62.0,43.686,6.114749,0.0,52.0,-1.0,,NORMAL
1790716439.4094586,esp32-1,-60.0,24.69075,15.343,20.0,28.0,-1.0,,NORMAL
1790716444.629994,esp32-1,-60.0,27.05975,23.993,20.0,194.0,-1.0,,NORMAL
1790716448.623392,esp32-1,-60.0,35.336,11.21,0.0,170.0,-1.0,,NORMAL
1790716454.2900684,esp32-1,-61.0,24.5765,19.85833,20.0,3.0,-1.0,,NORMAL
1790716459.8352885,esp32-1,-59.0,26.49075,20.10666,20.0,540.0,-1.0,,NORMAL
1790716463.5723512,esp32-1,-58.0,43.1244,6.419249,0.0,54.0,-1.0,,NORMAL
1790716469.3106894,esp32-1,-59.0,22.616,19.17533,20.0,35.0,-1.0,,NORMAL
1790716474.4366753,esp32-1,-55.0,26.55725,21.33633,20.0,52.0,-1.0,,NORMAL
1790716478.7839298,esp32-1,-57.0,67.985,37.6225,0.0,256.0,-1.0,,NORMAL
1790716484.3632782,esp32-1,-57.0,22.1985,18.60833,20.0,37.0,-1.0,,NORMAL
1790716489.5440903,esp32-1,-57.0,25.9985,18.76067,20.0,245.0,-1.0,,NORMAL
1790716494.6341062,esp32-1,-57.0,42.6068,6.5885,0.0,52.0,-1.0,,NORMAL
1790716499.4216676,esp32-1,-59.0,22.6015,17.96533,20.0,36.0,-1.0,,NORMAL
1790716504.4340103,esp32-1,-58.0,25.716,22.552,20.0,52.0,-1.0,,NORMAL
1790716509.505315,esp32-1,-59.0,42.6096,5.564,0.0,54.0,-1.0,,NORMAL
1790716514.3675413,esp32-1,-59.0,23.12325,18.21667,20.0,29.0,-1.0,,NORMAL
1790716519.3561983,esp32-1,-59.0,32.27275,38.11934,20.0,26.0,-1.0,,NORMAL
1790716523.4684305,esp32-1,-58.0,42.3324,6.27125,0.0,53.0,-1.0,,NORMAL
1790716528.759336,esp32-1,-58.0,49.2304,7.2515,0.0,103.0,-1.0,,NORMAL
1790716534.438451,esp32-1,-58.0,25.4925,21.07367,20.0,52.0,-1.0,,NORMAL
1790716538.5533137,esp32-1,-58.0,42.124,7.5545,0.0,137.0,-1.0,,NORMAL
1790716544.7810824,esp32-1,-60.0,48.9744,10.4985,0.0,173.0,-1.0,,NORMAL
1790716549.3931408,esp32-1,-58.0,25.22275,20.16867,20.0,54.0,-1.0,,NORMAL
1790716554.5573876,esp32-1,-59.0,86.35175,72.67867,20.0,4.0,-1.0,,NORMAL
1790716560.3475888,esp32-1,-58.0,21.50533,22.568,40.0,4.0,-1.0,,NORMAL
1790716564.4426253,esp32-1,-58.0,27.37625,16.57567,20.0,44.0,-1.0,,NORMAL
1790716568.6426702,esp32-1,-60.0,37.1758,11.979,0.0,170.0,-1.0,,NORMAL
1790716573.5978296,esp32-1,-59.0,69.0568,73.9455,0.0,54.0,-1.0,,NORMAL
1790716579.6020865,esp32-1,-59.0,25.481,22.82233,20.0,251.0,-1.0,,NORMAL
1790716584.6317055,esp32-1,-58.0,100.895,80.51075,0.0,848.0,-1.0,,NORMAL
1790716588.7117002,esp32-1,-59.0,48.638,4.206,0.0,107.0,-1.0,,NORMAL
1790716594.351986,esp32-1,-57.0,24.91175,12.15067,20.0,52.0,-1.0,,NORMAL
1790716598.543059,esp32-1,-58.0,41.4518,6.190001,0.0,52.0,-1.0,,NORMAL
1790716603.6631603,esp32-1,-59.0,68.749,81.09675,0.0,53.0,-1.0,,NORMAL
1790716609.3437114,esp32-1,-58.0,26.50625,25.23334,20.0,45.0,-1.0,,NORMAL
1790716613.5600543,esp32-1,-59.0,41.1992,6.221,0.0,145.0,-1.0,,NORMAL
1790716619.587294,esp32-1,-59.0,48.0902,5.315749,0.0,53.0,-1.0,,NORMAL
1790716624.5976129,esp32-1,-59.0,24.12675,20.21867,20.0,216.0,-1.0,,NORMAL
1790716628.5528357,esp32-1,-61.0,41.0154,6.319749,0.0,53.0,-1.0,,NORMAL
1790716633.51867,esp32-1,-59.0,48.248,7.6,0.0,51.0,-1.0,,NORMAL
1790716645.5524333,esp32-1,-61.0,122.9074,229.7483,0.0,331.0,-1.0,,NORMAL
1790716646.0701194,esp32-1,-59.0,24.0155,19.98,20.0,56.0,-1.0,,NORMAL
1790716650.99889,esp32-1,-60.0,22.936,18.548,20.0,232.0,-1.0,,NORMAL
1790716655.3793566,esp32-1,-59.0,40.1468,7.019001,0.0,52.0,-1.0,,NORMAL
1790716661.0078092,esp32-1,-58.0,46.6778,6.17225,0.0,53.0,-1.0,,NORMAL
1790716665.822504,esp32-1,-59.0,23.054,18.46267,20.0,52.0,-1.0,,NORMAL
1790716670.123406,esp32-1,-59.0,39.6642,7.969999,0.0,276.0,-1.0,,NORMAL
1790716675.1002285,esp32-1,-60.0,46.7244,6.364501,0.0,258.0,-1.0,,NORMAL
1790716680.8722816,esp32-1,-58.0,23.87875,19.89367,20.0,48.0,-1.0,,NORMAL
1790716684.9775643,esp32-1,-58.0,40.0716,6.26475,0.0,53.0,-1.0,,NORMAL
1790716690.8095315,esp32-1,-58.0,22.41025,16.23833,20.0,20.0,-1.0,,NORMAL
1790716695.746093,esp32-1,-56.0,25.02225,16.68867,20.0,43.0,-1.0,,NORMAL
1790716699.9778805,esp32-1,-59.0,39.566,6.387999,0.0,54.0,-1.0,,NORMAL
1790716705.1423059,esp32-1,-57.0,46.7798,8.400749,0.0,260.0,-1.0,,NORMAL
1790716710.7950006,esp32-1,-58.0,22.295,18.88367,20.0,51.0,-1.0,,NORMAL
1790716715.1133585,esp32-1,-59.0,39.3952,6.2655,0.0,231.0,-1.0,,NORMAL
1790716720.3521814,esp32-1,-59.0,46.404,5.731251,0.0,514.0,-1.0,,NORMAL
1790716726.036275,esp32-1,-59.0,21.70475,17.05533,20.0,194.0,-1.0,,NORMAL
1790716730.1849563,esp32-1,-58.0,39.2374,7.24525,0.0,180.0,-1.0,,NORMAL
1790716735.2507813,esp32-1,-59.0,46.173,4.867,0.0,53.0,-1.0,,NORMAL
1790716740.7925878,esp32-1,-60.0,23.371,19.371,20.0,47.0,-1.0,,NORMAL
1790716745.3379657,esp32-1,-58.0,39.2496,6.483499,0.0,232.0,-1.0,,NORMAL
1790716750.4553506,esp32-1,-58.0,45.8332,5.77825,0.0,217.0,-1.0,,NORMAL
1790716755.7453587,esp32-1,-58.0,22.29725,17.629,20.0,50.0,-1.0,,NORMAL
1790716760.323716,esp32-1,-59.0,39.1998,6.536749,0.0,183.0,-1.0,,NORMAL
1790716765.4181306,esp32-1,-58.0,87.0328,123.186,0.0,53.0,-1.0,,NORMAL
1790716770.7464755,esp32-1,-58.0,23.2335,18.98833,20.0,46.0,-1.0,,NORMAL
1790716774.9860904,esp32-1,-57.0,38.973,6.962499,0.0,53.0,-1.0,,NORMAL
1790716781.167148,esp32-1,-57.0,42.02225,68.297,20.0,39.0,-1.0,,NORMAL
1790716786.250613,esp32-1,-59.0,23.422,16.079,20.0,44.0,-1.0,,NORMAL
1790716790.3767257,esp32-1,-59.0,38.5436,7.563,0.0,53.0,-1.0,,NORMAL
1790716795.106908,esp32-1,-59.0,90.7902,64.76926,0.0,32.0,-1.0,,NORMAL
1790716801.2010121,esp32-1,-57.0,23.619,19.08467,20.0,245.0,-1.0,,NORMAL
1790716805.0535042,esp32-1,-59.0,38.719,6.59475,0.0,247.0,-1.0,,NORMAL
1790716810.0065274,esp32-1,-58.0,45.1768,5.90175,0.0,52.0,-1.0,,NORMAL
1790716815.745287,esp32-1,-58.0,23.79175,17.80933,20.0,41.0,-1.0,,NORMAL
1790716819.9912305,esp32-1,-58.0,38.3774,6.121749,0.0,196.0,-1.0,,NORMAL
1790716824.90823,esp32-1,-58.0,44.9958,6.111999,0.0,53.0,-1.0,,NORMAL
1790716830.7507114,esp32-1,-59.0,22.77575,19.695,20.0,45.0,-1.0,,NORMAL
1790716835.1048324,esp32-1,-59.0,38.3194,6.34675,0.0,248.0,-1.0,,NORMAL
1790716840.9625802,esp32-1,-59.0,62.249,31.84433,20.0,4.0,-1.0,,NORMAL
1790716845.848241,esp32-1,-59.0,23.323,13.189,20.0,41.0,-1.0,,NORMAL
1790716849.855326,esp32-1,-60.0,46.8608,18.09125,0.0,8.0,-1.0,,NORMAL
1790716855.2707741,esp32-1,-59.0,65.08421,81.9055,0.0,185.0,-1.0,,NORMAL
1790716860.7498772,esp32-1,-56.0,23.24,17.716,20.0,39.0,-1.0,,NORMAL
1790716865.533468,esp32-1,-57.0,182.528,164.3,0.0,3.0,-1.0,,NORMAL
1790716870.1383028,esp32-1,-60.0,44.5216,5.803749,0.0,238.0,-1.0,,NORMAL
1790716875.7510524,esp32-1,-57.0,25.60375,20.709,20.0,28.0,-1.0,,NORMAL
1790716881.074999,esp32-1,-59.0,28.29275,0.592333,20.0,209.0,-1.0,,NORMAL
1790716885.1040556,esp32-1,-58.0,87.2226,146.3,0.0,44.0,-1.0,,NORMAL
1790716890.8019748,esp32-1,-58.0,24.008,15.25867,20.0,36.0,-1.0,,NORMAL
1790716896.7463539,esp32-1,-58.0,22.85867,12.782,40.0,3.0,-1.0,,NORMAL
1790716900.0751793,esp32-1,-59.0,44.0518,5.944251,0.0,243.0,-1.0,,NORMAL
1790716905.8577087,esp32-1,-56.0,24.89775,18.479,20.0,31.0,-1.0,,NORMAL
1790716912.7178442,esp32-1,-57.0,32.50533,5.8045,40.0,854.0,-1.0,,NORMAL
1790716915.5684328,esp32-1,-57.0,43.7398,6.275249,0.0,732.0,-1.0,,NORMAL
1790716920.7432032,esp32-1,-58.0,24.71725,15.65934,20.0,30.0,-1.0,,NORMAL
1790716925.7745953,esp32-1,-57.0,28.47775,20.94367,20.0,52.0,-1.0,,NORMAL
1790716930.942364,esp32-1,-58.0,78.8255,154.9247,20.0,4.0,-1.0,,NORMAL
1790716935.7570245,esp32-1,-56.0,22.82125,17.02,20.0,41.0,-1.0,,NORMAL
1790716940.939129,esp32-1,-57.0,27.17075,22.27233,20.0,214.0,-1.0,,NORMAL
1790716945.0308282,esp32-1,-57.0,43.5958,5.577,0.0,199.0,-1.0,,NORMAL
1790716950.812451,esp32-1,-60.0,22.026,17.78033,20.0,39.0,-1.0,,NORMAL
1790716955.997658,esp32-1,-58.0,26.65225,20.76967,20.0,267.0,-1.0,,NORMAL
1790716960.6593862,esp32-1,-59.0,83.6888,58.87225,0.0,533.0,-1.0,,NORMAL
1790716965.8662498,esp32-1,-57.0,23.89625,20.376,20.0,45.0,-1.0,,NORMAL
1790716970.6154313,esp32-1,-57.0,56.9786,25.47525,0.0,53.0,-1.0,,NORMAL
1790716975.1838884,esp32-1,-58.0,43.3594,6.73875,0.0,205.0,-1.0,,NORMAL
1790716980.755861,esp32-1,-56.0,23.56875,19.76633,20.0,33.0,-1.0,,NORMAL
1790716985.8355424,esp32-1,-58.0,26.3885,22.46767,20.0,7.0,-1.0,,NORMAL
1790716990.0864,esp32-1,-56.0,42.9976,6.171,0.0,258.0,-1.0,,NORMAL
1790716996.800189,esp32-1,-56.0,23.25367,21.451,40.0,4.0,-1.0,,NORMAL
1790717000.9427767,esp32-1,-57.0,26.02025,22.38567,20.0,227.0,-1.0,,NORMAL
1790717004.8853345,esp32-1,-58.0,42.7234,7.329999,0.0,55.0,-1.0,,NORMAL
1790717011.744731,esp32-1,-56.0,22.913,27.345,40.0,5.0,-1.0,,NORMAL
1790717015.7772028,esp32-1,-61.0,25.5535,22.317,20.0,53.0,-1.0,,NORMAL
1790717019.9363174,esp32-1,-58.0,42.378,6.460999,0.0,52.0,-1.0,,NORMAL
1790717026.7952952,esp32-1,-60.0,21.54033,12.645,40.0,4.0,-1.0,,NORMAL
1790717031.0251944,esp32-1,-57.0,25.6005,22.12867,20.0,229.0,-1.0,,NORMAL
1790717035.135807,esp32-1,-57.0,42.1268,6.586249,0.0,215.0,-1.0,,NORMAL
1790717040.8259957,esp32-1,-58.0,21.57275,16.912,20.0,34.0,-1.0,,NORMAL
1790717046.5781004,esp32-1,-55.0,21.66225,16.95733,20.0,866.0,-1.0,,NORMAL
1790717050.1425898,esp32-1,-56.0,41.8592,7.044,0.0,269.0,-1.0,,NORMAL
1790717055.784066,esp32-1,-55.0,22.89825,18.74067,20.0,27.0,-1.0,,NORMAL
1790717060.8967876,esp32-1,-58.0,24.97675,19.11233,20.0,52.0,-1.0,,NORMAL
1790717064.8781586,esp32-1,-58.0,41.9792,6.194,0.0,51.0,-1.0,,NORMAL
1790717070.0634584,esp32-1,-58.0,48.48479,44.70575,0.0,206.0,-1.0,,NORMAL
1790717075.9504306,esp32-1,-59.0,24.8985,21.24833,20.0,184.0,-1.0,,NORMAL
1790717080.9131052,esp32-1,-59.0,41.5742,6.8205,0.0,53.0,-1.0,,NORMAL
1790717085.730443,esp32-1,-58.0,48.1344,5.795,0.0,712.0,-1.0,,NORMAL
1790717090.8185837,esp32-1,-61.0,30.01125,5.615335,20.0,31.0,-1.0,,NORMAL
1790717094.9981313,esp32-1,-58.0,41.5336,5.710251,0.0,54.0,-1.0,,NORMAL
1790717100.9871838,esp32-1,-59.0,48.4526,7.403499,0.0,54.0,-1.0,,NORMAL
1790717106.572401,esp32-1,-58.0,22.71225,16.43233,20.0,864.0,-1.0,,NORMAL
1790717109.9501493,esp32-1,-60.0,41.4892,7.610749,0.0,53.0,-1.0,,NORMAL
1790717114.9167736,esp32-1,-58.0,48.1296,7.288,0.0,52.0,-1.0,,NORMAL
1790717120.9625363,esp32-1,-57.0,23.896,19.46633,20.0,243.0,-1.0,,NORMAL
1790717125.1351721,esp32-1,-58.0,40.7434,7.33475,0.0,231.0,-1.0,,NORMAL
1790717130.7374685,esp32-1,-57.0,22.1295,17.35833,20.0,27.0,-1.0,,NORMAL
1790717135.8586125,esp32-1,-57.0,23.93575,19.91866,20.0,3.0,-1.0,,NORMAL
1790717140.7709863,esp32-1,-58.0,24.9185,14.77767,20.0,3.0,-1.0,,NORMAL
1790717145.1315231,esp32-1,-58.0,47.5464,6.232501,0.0,271.0,-1.0,,NORMAL
1790717151.5825777,esp32-1,-58.0,22.12775,17.55033,20.0,869.0,-1.0,,NORMAL
1790717156.0535164,esp32-1,-57.0,40.6026,5.994999,0.0,53.0,-1.0,,NORMAL
1790717160.9966803,esp32-1,-58.0,47.5988,5.334751,0.0,54.0,-1.0,,NORMAL
1790717166.5737133,esp32-1,-57.0,22.6565,14.45633,20.0,865.0,-1.0,,NORMAL
1790717170.6745987,esp32-1,-58.0,35.858,11.2465,0.0,775.0,-1.0,,NORMAL
1790717175.179996,esp32-1,-57.0,91.2972,62.17625,0.0,38.0,-1.0,,NORMAL
1790717180.8127384,esp32-1,-60.0,24.22775,21.128,20.0,48.0,-1.0,,NORMAL
1790717185.9816566,esp32-1,-58.0,40.3552,5.9925,0.0,53.0,-1.0,,NORMAL
1790717190.0281672,esp32-1,-59.0,47.0944,6.321,0.0,53.0,-1.0,,NORMAL
1790717196.590354,esp32-1,-57.0,22.0435,16.892,20.0,868.0,-1.0,,NORMAL
1790717200.0217295,esp32-1,-57.0,40.0276,24.65925,0.0,193.0,-1.0,,NORMAL
1790717206.0041218,esp32-1,-59.0,46.6628,26.37375,0.0,53.0,-1.0,,NORMAL
1790717211.276629,esp32-1,-56.0,22.715,18.20933,20.0,559.0,-1.0,,NORMAL
1790717215.9356062,esp32-1,-58.0,46.90625,75.24466,20.0,4.0,-1.0,,NORMAL
1790717220.165765,esp32-1,-56.0,46.6064,6.195,0.0,230.0,-1.0,,NORMAL
1790717225.7699108,esp32-1,-59.0,24.365,18.83633,20.0,45.0,-1.0,,NORMAL
1790717230.1719892,esp32-1,-58.0,39.5564,6.42075,0.0,198.0,-1.0,,NORMAL
1790717235.0121193,esp32-1,-58.0,67.5502,76.1315,0.0,49.0,-1.0,,NORMAL
1790717240.7700536,esp32-1,-59.0,24.79875,21.957,20.0,42.0,-1.0,,NORMAL
1790717245.8061888,esp32-1,-57.0,41.684,67.21934,20.0,9.0,-1.0,,NORMAL
1790717250.093845,esp32-1,-60.0,46.1828,6.398251,0.0,236.0,-1.0,,NORMAL
1790717255.7745264,esp32-1,-58.0,22.0845,16.70867,20.0,52.0,-1.0,,NORMAL
1790717260.788922,esp32-1,-59.0,22.3975,8.481667,20.0,2.0,-1.0,,NORMAL
1790717265.2406883,esp32-1,-59.0,66.2852,81.806,0.0,55.0,-1.0,,NORMAL
1790717270.8266795,esp32-1,-58.0,26.782,15.49633,20.0,31.0,-1.0,,NORMAL
1790717275.3351245,esp32-1,-57.0,38.9738,6.389499,0.0,258.0,-1.0,,NORMAL
1790717280.3656378,esp32-1,-59.0,45.8312,6.27475,0.0,241.0,-1.0,,NORMAL
1790717285.7340841,esp32-1,-59.0,26.30075,22.589,20.0,3.0,-1.0,,NORMAL
1790717290.6923428,esp32-1,-57.0,49.114,19.226,0.0,709.0,-1.0,,NORMAL
1790717295.4052746,esp32-1,-59.0,45.5568,33.0375,0.0,192.0,-1.0,,NORMAL
1790717300.8308706,esp32-1,-57.0,22.50825,18.51333,20.0,47.0,-1.0,,NORMAL
1790717304.880934,esp32-1,-58.0,39.0774,6.7905,0.0,52.0,-1.0,,NORMAL
1790717310.6095955,esp32-1,-58.0,45.2966,6.984499,0.0,734.0,-1.0,,NORMAL
1790717316.1415126,esp32-1,-56.0,24.50175,16.413,20.0,41.0,-1.0,,NORMAL
1790717320.1276982,esp32-1,-59.0,38.5526,8.193749,0.0,214.0,-1.0,,NORMAL
1790717325.2629373,esp32-1,-58.0,74.1768,42.4715,0.0,9.0,-1.0,,NORMAL
1790717330.7782784,esp32-1,-56.0,23.73275,22.439,20.0,41.0,-1.0,,NORMAL
1790717336.015449,esp32-1,-56.0,38.2606,6.23225,0.0,53.0,-1.0,,NORMAL
1790717341.0829487,esp32-1,-58.0,45.1174,6.086499,0.0,53.0,-1.0,,NORMAL
1790717345.8890371,esp32-1,-59.0,21.95375,17.526,20.0,49.0,-1.0,,NORMAL
1790717350.7870605,esp32-1,-57.0,37.89675,52.08934,20.0,3.0,-1.0,,NORMAL
1790717354.9020283,esp32-1,-58.0,44.8592,6.56425,0.0,53.0,-1.0,,NORMAL
1790717360.84104,esp32-1,-57.0,22.586,17.847,20.0,44.0,-1.0,,NORMAL
1790717364.9367383,esp32-1,-57.0,37.9974,6.48175,0.0,52.0,-1.0,,NORMAL
1790717370.26268,esp32-1,-57.0,65.3244,56.423,0.0,255.0,-1.0,,NORMAL
1790717375.764426,esp32-1,-56.0,21.89125,17.55833,20.0,45.0,-1.0,,NORMAL
1790717381.0505843,esp32-1,-57.0,28.359,25.61467,20.0,222.0,-1.0,,NORMAL
1790717385.9296944,esp32-1,-58.0,42.93775,61.09034,20.0,3.0,-1.0,,NORMAL
1790717390.84405,esp32-1,-58.0,22.278,17.09667,20.0,44.0,-1.0,,NORMAL
1790717396.022403,esp32-1,-59.0,27.829,24.353,20.0,275.0,-1.0,,NORMAL
1790717400.1620722,esp32-1,-56.0,44.498,6.876,0.0,259.0,-1.0,,NORMAL
1790717405.8070364,esp32-1,-57.0,24.2585,18.715,20.0,34.0,-1.0,,NORMAL
1790717410.9122477,esp32-1,-58.0,28.23325,25.35833,20.0,52.0,-1.0,,NORMAL
1790717415.735833,esp32-1,-57.0,22.0505,18.486,20.0,8.0,-1.0,,NORMAL
1790717420.7277844,esp32-1,-60.0,22.34975,16.68733,20.0,3.0,-1.0,,NORMAL
1790717425.965364,esp32-1,-58.0,27.29825,21.79133,20.0,177.0,-1.0,,NORMAL
1790717430.1198936,esp32-1,-59.0,43.859,5.922,0.0,268.0,-1.0,,NORMAL
1790717435.8109715,esp32-1,-58.0,22.5605,18.33067,20.0,4.0,-1.0,,NORMAL
1790717441.0486605,esp32-1,-57.0,27.315,24.494,20.0,231.0,-1.0,,NORMAL
1790717445.975454,esp32-1,-58.0,83.05125,63.28334,20.0,4.0,-1.0,,NORMAL
1790717450.8564942,esp32-1,-56.0,21.621,16.899,20.0,7.0,-1.0,,NORMAL
1790717456.8959227,esp32-1,-58.0,26.76825,18.242,20.0,54.0,-1.0,,NORMAL
1790717459.9681792,esp32-1,-59.0,43.6332,8.011,0.0,51.0,-1.0,,NORMAL
1790717465.734928,esp32-1,-57.0,23.83275,19.67333,20.0,3.0,-1.0,,NORMAL
1790717471.0445087,esp32-1,-59.0,26.59725,22.86567,20.0,237.0,-1.0,,NORMAL
1790717475.9905725,esp32-1,-59.0,42.9258,6.307001,0.0,54.0,-1.0,,NORMAL
1790717480.8540154,esp32-1,-59.0,22.6805,16.984,20.0,3.0,-1.0,,NORMAL
1790717486.7037609,esp32-1,-58.0,21.505,16.794,40.0,2.0,-1.0,,NORMAL
1790717491.093534,esp32-1,-58.0,63.245,78.1215,0.0,54.0,-1.0,,NORMAL
1790717495.7305322,esp32-1,-56.0,21.86825,17.179,20.0,3.0,-1.0,,NORMAL
1790717500.9801939,esp32-1,-59.0,29.00775,34.21466,20.0,42.0,-1.0,,NORMAL
1790717505.153442,esp32-1,-56.0,42.7724,6.2215,0.0,229.0,-1.0,,NORMAL
1790717510.7533114,esp32-1,-58.0,27.93275,22.852,20.0,3.0,-1.0,,NORMAL
1790717516.8997955,esp32-1,-59.0,25.727,18.95667,20.0,53.0,-1.0,,NORMAL
1790717520.9457436,esp32-1,-59.0,42.0436,7.33725,0.0,54.0,-1.0,,NORMAL
1790717525.74058,esp32-1,-59.0,21.747,17.45634,20.0,13.0,-1.0,,NORMAL
1790717530.9286416,esp32-1,-57.0,25.549,22.21066,20.0,53.0,-1.0,,NORMAL
1790717535.095904,esp32-1,-59.0,41.995,6.494749,0.0,236.0,-1.0,,NORMAL
1790717540.8721628,esp32-1,-59.0,51.50375,62.45633,20.0,15.0,-1.0,,NORMAL
1790717545.879929,esp32-1,-57.0,26.0445,8.430666,20.0,51.0,-1.0,,NORMAL
1790717550.0135355,esp32-1,-59.0,68.567,40.6765,0.0,22.0,-1.0,,NORMAL
1790717555.7289228,esp32-1,-59.0,22.16225,17.58567,20.0,3.0,-1.0,,NORMAL
1790717560.9979794,esp32-1,-57.0,25.2805,20.78433,20.0,252.0,-1.0,,NORMAL
1790717566.0003366,esp32-1,-55.0,41.8084,6.154001,0.0,54.0,-1.0,,NORMAL
1790717570.732037,esp32-1,-58.0,21.9875,17.38833,20.0,2.0,-1.0,,NORMAL
1790717575.885053,esp32-1,-58.0,24.9235,21.29967,20.0,53.0,-1.0,,NORMAL
1790717580.0407667,esp32-1,-58.0,41.4716,6.04175,0.0,192.0,-1.0,,NORMAL
1790717585.8176978,esp32-1,-58.0,28.31775,0.760333,20.0,3.0,-1.0,,NORMAL
1790717590.9978788,esp32-1,-56.0,24.5725,18.58067,20.0,259.0,-1.0,,NORMAL
1790717595.9940715,esp32-1,-60.0,86.9335,72.74333,20.0,6.0,-1.0,,NORMAL
1790717600.905819,esp32-1,-60.0,41.67875,42.377,20.0,3.0,-1.0,,NORMAL
1790717605.9473522,esp32-1,-56.0,24.56225,20.76167,20.0,209.0,-1.0,,NORMAL
1790717610.1891036,esp32-1,-58.0,41.0522,6.192751,0.0,197.0,-1.0,,NORMAL
1790717615.9772398,esp32-1,-57.0,47.806,30.91075,0.0,53.0,-1.0,,NORMAL
1790717621.9663808,esp32-1,-58.0,24.261,18.238,20.0,57.0,-1.0,,NORMAL
1790717626.0170648,esp32-1,-56.0,41.1938,9.455999,0.0,54.0,-1.0,,NORMAL
1790717630.8230767,esp32-1,-57.0,43.894,43.476,20.0,3.0,-1.0,,NORMAL
1790717635.2219927,esp32-1,-55.0,54.3536,21.55825,0.0,217.0,-1.0,,NORMAL
1790717640.1953268,esp32-1,-58.0,40.8458,6.23475,0.0,201.0,-1.0,,NORMAL
1790717645.1092825,esp32-1,-56.0,74.1354,40.31225,0.0,23.0,-1.0,,NORMAL
1790717651.007042,esp32-1,-57.0,23.8395,18.88933,20.0,269.0,-1.0,,NORMAL
1790717654.9969661,esp32-1,-56.0,40.9638,6.26375,0.0,53.0,-1.0,,NORMAL
1790717661.6071873,esp32-1,-57.0,60.625,71.416,20.0,719.0,-1.0,,NORMAL
1790717665.956638,esp32-1,-55.0,23.569,19.45933,20.0,219.0,-1.0,,NORMAL
1790717670.0572195,esp32-1,-58.0,40.813,5.645751,0.0,207.0,-1.0,,NORMAL
1790717675.7856374,esp32-1,-56.0,67.8672,83.82925,0.0,55.0,-1.0,,NORMAL
1790717680.8493361,esp32-1,-56.0,23.5535,17.62067,20.0,3.0,-1.0,,NORMAL
1790717686.2844846,esp32-1,-57.0,81.3058,112.249,0.0,54.0,-1.0,,NORMAL
1790717690.290604,esp32-1,-57.0,47.139,6.06475,0.0,52.0,-1.0,,NORMAL
1790717696.8702369,esp32-1,-57.0,23.23075,16.45067,20.0,53.0,-1.0,,NORMAL
1790717699.8969955,esp32-1,-56.0,39.9932,7.011001,0.0,52.0,-1.0,,NORMAL
1790717705.129216,esp32-1,-57.0,75.4792,42.63075,0.0,12.0,-1.0,,NORMAL
1790717710.903495,esp32-1,-58.0,22.481,15.625,20.0,4.0,-1.0,,NORMAL
1790717715.153499,esp32-1,-58.0,39.9994,6.1855,0.0,264.0,-1.0,,NORMAL
1790717721.00385,esp32-1,-57.0,242.1642,201.0988,0.0,3.0,-1.0,,NORMAL
1790717726.0391588,esp32-1,-56.0,23.446,19.17467,20.0,48.0,-1.0,,NORMAL
1790717730.0626485,esp32-1,-60.0,39.8682,6.670498,0.0,217.0,-1.0,,NORMAL
1790717734.929689,esp32-1,-60.0,46.4846,5.992249,0.0,54.0,-1.0,,NORMAL
1790717741.1650233,esp32-1,-58.0,23.34,17.579,20.0,50.0,-1.0,,NORMAL
1790717745.1284451,esp32-1,-57.0,39.658,6.502,0.0,269.0,-1.0,,NORMAL
1790717751.0421734,esp32-1,-58.0,46.5016,6.282751,0.0,53.0,-1.0,,NORMAL
1790717755.9103792,esp32-1,-56.0,22.98025,17.39567,20.0,49.0,-1.0,,NORMAL
1790717760.1088357,esp32-1,-58.0,39.4496,13.235,0.0,156.0,-1.0,,NORMAL
1790717764.92309,esp32-1,-56.0,46.0812,5.629001,0.0,52.0,-1.0,,NORMAL
1790717770.8072286,esp32-1,-58.0,23.113,19.76134,20.0,48.0,-1.0,,NORMAL
1790717777.007619,esp32-1,-58.0,30.22375,23.49767,20.0,53.0,-1.0,,NORMAL
1790717780.9997213,esp32-1,-59.0,246.5936,311.8483,0.0,3.0,-1.0,,NORMAL
1790717785.7877657,esp32-1,-57.0,24.07275,20.17,20.0,45.0,-1.0,,NORMAL
1790717789.8976533,esp32-1,-58.0,39.0882,7.579749,0.0,53.0,-1.0,,NORMAL
1790717795.0309877,esp32-1,-57.0,45.6312,6.834501,0.0,54.0,-1.0,,NORMAL
1790717800.8669546,esp32-1,-58.0,21.874,17.07166,20.0,51.0,-1.0,,NORMAL
1790717805.0660353,esp32-1,-58.0,38.974,6.731501,0.0,178.0,-1.0,,NORMAL
1790717810.1397815,esp32-1,-58.0,45.656,6.46725,0.0,266.0,-1.0,,NORMAL
1790717815.919273,esp32-1,-58.0,22.2505,17.67333,20.0,49.0,-1.0,,NORMAL
1790717820.9374444,esp32-1,-59.0,29.86225,26.45833,20.0,52.0,-1.0,,NORMAL
1790717825.0946898,esp32-1,-57.0,45.3888,6.336502,0.0,217.0,-1.0,,NORMAL
1790717830.7822185,esp32-1,-58.0,23.12775,18.74333,20.0,45.0,-1.0,,NORMAL
1790717835.0277183,esp32-1,-57.0,38.357,7.161,0.0,183.0,-1.0,,NORMAL
1790717840.19029,esp32-1,-58.0,45.3338,4.7765,0.0,273.0,-1.0,,NORMAL
1790717845.832672,esp32-1,-58.0,24.0025,19.92467,20.0,42.0,-1.0,,NORMAL
1790717850.1448233,esp32-1,-59.0,38.3248,6.615,0.0,239.0,-1.0,,NORMAL
1790717856.076511,esp32-1,-58.0,81.80225,127.2293,20.0,82.0,-1.0,,NORMAL
1790717860.8759575,esp32-1,-57.0,23.44525,12.74933,20.0,4.0,-1.0,,NORMAL
1790717865.0304027,esp32-1,-58.0,38.5694,6.133,0.0,186.0,-1.0,,NORMAL
1790717869.928579,esp32-1,-60.0,45.2908,11.67725,0.0,51.0,-1.0,,NORMAL
1790717875.7915475,esp32-1,-57.0,22.329,17.297,20.0,45.0,-1.0,,NORMAL
1790717879.89051,esp32-1,-59.0,38.1464,6.860249,0.0,53.0,-1.0,,NORMAL
1790717885.0421147,esp32-1,-59.0,45.0344,7.001,0.0,54.0,-1.0,,NORMAL
1790717890.747185,esp32-1,-58.0,22.7185,19.887,20.0,3.0,-1.0,,NORMAL
1790717895.9593258,esp32-1,-59.0,28.94975,22.729,20.0,189.0,-1.0,,NORMAL
1790717900.8829286,esp32-1,-60.0,44.56701,5.8305,0.0,54.0,-1.0,,NORMAL
1790717905.7833083,esp32-1,-57.0,23.14725,18.72833,20.0,41.0,-1.0,,NORMAL
1790717911.0110357,esp32-1,-58.0,28.316,25.42833,20.0,244.0,-1.0,,NORMAL
1790717915.183293,esp32-1,-58.0,44.4862,7.14725,0.0,230.0,-1.0,,NORMAL
1790717920.8846447,esp32-1,-60.0,22.2715,16.902,20.0,44.0,-1.0,,NORMAL
1790717925.955151,esp32-1,-60.0,28.0715,24.55967,20.0,194.0,-1.0,,NORMAL
1790717930.2031403,esp32-1,-60.0,64.69,79.3615,0.0,180.0,-1.0,,NORMAL
1790717935.7466102,esp32-1,-59.0,21.91525,17.057,20.0,5.0,-1.0,,NORMAL
1790717941.0668795,esp32-1,-59.0,27.682,24.23734,20.0,250.0,-1.0,,NORMAL
1790717945.6912327,esp32-1,-60.0,60.3112,26.6715,0.0,653.0,-1.0,,NORMAL
1790717950.7880516,esp32-1,-58.0,24.4095,14.23333,20.0,32.0,-1.0,,NORMAL
1790717955.9622898,esp32-1,-58.0,27.2745,23.559,20.0,204.0,-1.0,,NORMAL
1790717960.1055155,esp32-1,-56.0,43.5286,5.80375,0.0,188.0,-1.0,,NORMAL
1790717965.7860634,esp32-1,-59.0,23.118,21.381,20.0,36.0,-1.0,,NORMAL
1790717970.8644307,esp32-1,-58.0,27.46725,21.42867,20.0,52.0,-1.0,,NORMAL
1790717975.17719,esp32-1,-58.0,43.7394,6.349,0.0,55.0,-1.0,,NORMAL
1790717980.7880423,esp32-1,-57.0,22.9275,15.01533,20.0,36.0,-1.0,,NORMAL
1790717985.9099402,esp32-1,-58.0,26.78575,23.63,20.0,3.0,-1.0,,NORMAL
1790717990.1646404,esp32-1,-58.0,43.3896,5.857501,0.0,191.0,-1.0,,NORMAL
1790717995.802395,esp32-1,-58.0,23.42375,15.18133,20.0,36.0,-1.0,,NORMAL
1790718001.9900503,esp32-1,-59.0,26.7785,23.8,20.0,53.0,-1.0,,NORMAL
1790718005.610237,esp32-1,-57.0,82.9646,57.4325,0.0,537.0,-1.0,,NORMAL
1790718010.418968,esp32-1,-58.0,50.1242,12.02125,0.0,229.0,-1.0,,NORMAL
1790718016.8355591,esp32-1,-58.0,20.051,12.9075,40.0,3.0,-1.0,,NORMAL
1790718020.0122614,esp32-1,-58.0,42.9334,5.9275,0.0,3.0,-1.0,,NORMAL
1790718025.7862153,esp32-1,-60.0,22.03125,16.52033,20.0,36.0,-1.0,,NORMAL
1790718030.3999524,esp32-1,-58.0,56.7058,37.35075,0.0,267.0,-1.0,,NORMAL
1790718035.4207535,esp32-1,-58.0,43.1756,7.0665,0.0,253.0,-1.0,,NORMAL
1790718040.7882931,esp32-1,-57.0,22.784,17.18233,20.0,33.0,-1.0,,NORMAL
1790718045.5634525,esp32-1,-60.0,104.8632,165.4255,0.0,29.0,-1.0,,NORMAL
1790718049.924719,esp32-1,-60.0,42.9892,9.222749,0.0,53.0,-1.0,,NORMAL
1790718055.797978,esp32-1,-57.0,21.98125,17.438,20.0,35.0,-1.0,,NORMAL
1790718060.7682269,esp32-1,-58.0,26.096,22.319,20.0,3.0,-1.0,,NORMAL
1790718065.1231635,esp32-1,-61.0,42.5632,6.53225,0.0,257.0,-1.0,,NORMAL
1790718070.9068496,esp32-1,-59.0,22.03975,17.489,20.0,32.0,-1.0,,NORMAL
1790718075.81696,esp32-1,-59.0,25.752,21.471,20.0,53.0,-1.0,,NORMAL
1790718080.2805467,esp32-1,-58.0,73.2128,45.23625,0.0,257.0,-1.0,,NORMAL
1790718085.5499513,esp32-1,-60.0,131.4152,252.7107,0.0,188.0,-1.0,,NORMAL
1790718091.394493,esp32-1,-59.0,25.5675,21.99267,20.0,272.0,-1.0,,NORMAL
1790718095.13278,esp32-1,-59.0,42.4054,6.727,0.0,260.0,-1.0,,NORMAL
1790718100.9829073,esp32-1,-58.0,80.014,156.602,20.0,8.0,-1.0,,NORMAL
1790718105.9290938,esp32-1,-57.0,25.7095,22.25167,20.0,52.0,-1.0,,NORMAL
1790718109.923133,esp32-1,-59.0,42.1842,6.99875,0.0,57.0,-1.0,,NORMAL
1790718116.7337966,esp32-1,-57.0,21.63833,20.3735,40.0,5.0,-1.0,,NORMAL
1790718121.8001416,esp32-1,-61.0,20.07567,14.5955,40.0,4.0,-1.0,,NORMAL
1790718125.1329918,esp32-1,-60.0,84.68,59.498,0.0,44.0,-1.0,,NORMAL
1790718131.7334306,esp32-1,-61.0,23.77767,18.3445,40.0,5.0,-1.0,,NORMAL
1790718136.0681822,esp32-1,-60.0,24.987,20.76033,20.0,231.0,-1.0,,NORMAL
1790718140.0815961,esp32-1,-60.0,41.8108,6.695749,0.0,216.0,-1.0,,NORMAL
1790718146.8901458,esp32-1,-59.0,23.06433,15.9815,40.0,43.0,-1.0,,NORMAL
1790718150.986325,esp32-1,-57.0,24.821,21.15833,20.0,181.0,-1.0,,NORMAL
1790718156.213555,esp32-1,-57.0,41.5536,6.223749,0.0,56.0,-1.0,,NORMAL
1790718160.8239431,esp32-1,-58.0,23.31075,18.38067,20.0,24.0,-1.0,,NORMAL
1790718166.0633109,esp32-1,-58.0,24.27025,20.54567,20.0,236.0,-1.0,,NORMAL
1790718170.0950694,esp32-1,-57.0,41.4348,5.98475,0.0,222.0,-1.0,,NORMAL
1790718175.9814234,esp32-1,-57.0,67.21775,136.1453,20.0,52.0,-1.0,,NORMAL
1790718180.949908,esp32-1,-58.0,24.2535,19.72033,20.0,187.0,-1.0,,NORMAL
1790718185.499525,esp32-1,-60.0,41.0554,20.46075,0.0,575.0,-1.0,,NORMAL
1790718190.2061305,esp32-1,-58.0,89.7834,57.47875,0.0,50.0,-1.0,,NORMAL
1790718196.0695229,esp32-1,-59.0,24.11125,19.25733,20.0,240.0,-1.0,,NORMAL
1790718200.6518693,esp32-1,-58.0,75.7872,49.289,0.0,599.0,-1.0,,NORMAL
1790718204.9528806,esp32-1,-59.0,47.9438,6.544749,0.0,52.0,-1.0,,NORMAL
1790718210.9619536,esp32-1,-59.0,23.89375,18.70967,20.0,192.0,-1.0,,NORMAL
1790718214.9935894,esp32-1,-59.0,40.7752,24.137,0.0,52.0,-1.0,,NORMAL
1790718220.2163658,esp32-1,-58.0,88.6486,113.6065,0.0,52.0,-1.0,,NORMAL
1790718226.0607488,esp32-1,-58.0,23.29625,18.004,20.0,245.0,-1.0,,NORMAL
1790718231.0014417,esp32-1,-58.0,82.9145,68.566,20.0,4.0,-1.0,,NORMAL
1790718236.0305917,esp32-1,-57.0,47.5574,6.013999,0.0,53.0,-1.0,,NORMAL
1790718241.920655,esp32-1,-59.0,23.2955,19.31133,20.0,54.0,-1.0,,NORMAL
1790718245.62879,esp32-1,-60.0,40.4372,6.383501,0.0,64.0,-1.0,,NORMAL
1790718250.2144756,esp32-1,-58.0,47.3648,5.913499,0.0,269.0,-1.0,,NORMAL
1790718256.0599182,esp32-1,-58.0,23.38375,18.174,20.0,249.0,-1.0,,NORMAL
1790718260.101979,esp32-1,-58.0,40.0718,6.91175,0.0,236.0,-1.0,,NORMAL
1790718266.1291351,esp32-1,-58.0,47.3086,6.152,0.0,53.0,-1.0,,NORMAL
1790718270.815508,esp32-1,-58.0,24.142,14.58433,20.0,49.0,-1.0,,NORMAL
1790718275.021648,esp32-1,-61.0,67.1778,40.09875,0.0,21.0,-1.0,,NORMAL
1790718280.1864247,esp32-1,-58.0,46.9608,6.24375,0.0,274.0,-1.0,,NORMAL
1790718286.0104222,esp32-1,-58.0,22.691,17.84167,20.0,255.0,-1.0,,NORMAL
1790718291.0190728,esp32-1,-57.0,84.2675,71.46433,20.0,10.0,-1.0,,NORMAL
1790718296.1295397,esp32-1,-56.0,88.56575,65.165,20.0,3.0,-1.0,,NORMAL
1790718300.9093215,esp32-1,-60.0,23.2985,15.58667,20.0,49.0,-1.0,,NORMAL
1790718305.107619,esp32-1,-59.0,40.0326,6.2365,0.0,195.0,-1.0,,NORMAL
1790718310.429352,esp32-1,-59.0,46.7054,5.82975,0.0,176.0,-1.0,,NORMAL
1790718316.7443416,esp32-1,-56.0,21.203,14.979,40.0,4.0,-1.0,,NORMAL
1790718320.1773078,esp32-1,-58.0,39.95,6.2075,0.0,246.0,-1.0,,NORMAL
1790718324.9714496,esp32-1,-56.0,46.5794,6.050751,0.0,53.0,-1.0,,NORMAL
1790718330.9154994,esp32-1,-59.0,22.67875,17.59833,20.0,52.0,-1.0,,NORMAL
1790718335.0614371,esp32-1,-58.0,39.3304,7.01575,0.0,198.0,-1.0,,NORMAL
1790718340.0241942,esp32-1,-59.0,46.4378,6.338251,0.0,53.0,-1.0,,NORMAL
1790718345.8170543,esp32-1,-57.0,26.03825,22.77,20.0,36.0,-1.0,,NORMAL
1790718351.0419633,esp32-1,-56.0,39.341,5.82325,0.0,53.0,-1.0,,NORMAL
1790718355.1328175,esp32-1,-58.0,45.7244,6.925001,0.0,236.0,-1.0,,NORMAL
1790718360.913578,esp32-1,-56.0,23.889,20.701,20.0,47.0,-1.0,,NORMAL
1790718365.7307072,esp32-1,-57.0,39.074,6.36075,0.0,54.0,-1.0,,NORMAL
1790718370.0261402,esp32-1,-57.0,46.143,6.404999,0.0,52.0,-1.0,,NORMAL
1790718375.8133855,esp32-1,-56.0,22.6195,17.70333,20.0,49.0,-1.0,,NORMAL
1790718381.047426,esp32-1,-59.0,39.1118,5.99775,0.0,53.0,-1.0,,NORMAL
1790718385.204057,esp32-1,-57.0,45.9324,5.7275,0.0,239.0,-1.0,,NORMAL
1790718390.8045044,esp32-1,-57.0,23.08475,19.58167,20.0,46.0,-1.0,,NORMAL
1790718395.82929,esp32-1,-59.0,36.577,42.46866,20.0,5.0,-1.0,,NORMAL
1790718400.099175,esp32-1,-59.0,45.8688,33.85125,0.0,190.0,-1.0,,NORMAL
1790718405.8694253,esp32-1,-57.0,24.74275,19.89933,20.0,38.0,-1.0,,NORMAL
1790718410.173458,esp32-1,-58.0,39.3496,6.46825,0.0,50.0,-1.0,,NORMAL
1790718416.0578418,esp32-1,-59.0,45.5938,6.515249,0.0,53.0,-1.0,,NORMAL
1790718420.9261847,esp32-1,-59.0,23.65975,15.14733,20.0,41.0,-1.0,,NORMAL
1790718424.9194143,esp32-1,-57.0,38.5896,7.7375,0.0,52.0,-1.0,,NORMAL
1790718431.0105665,esp32-1,-58.0,45.4366,5.697501,0.0,53.0,-1.0,,NORMAL
1790718436.743642,esp32-1,-59.0,21.40667,15.5015,40.0,4.0,-1.0,,NORMAL
1790718441.0494947,esp32-1,-59.0,38.1896,6.497749,0.0,53.0,-1.0,,NORMAL
1790718446.1138785,esp32-1,-58.0,82.2045,154.2507,20.0,3.0,-1.0,,NORMAL
1790718450.9287102,esp32-1,-57.0,22.91275,19.63767,20.0,43.0,-1.0,,NORMAL
1790718456.6577215,esp32-1,-60.0,145.5062,307.4297,20.0,397.0,-1.0,,NORMAL
1790718461.0671694,esp32-1,-57.0,44.9302,5.95925,0.0,53.0,-1.0,,NORMAL
1790718465.8149135,esp32-1,-56.0,22.1385,17.32567,20.0,44.0,-1.0,,NORMAL
1790718470.1813526,esp32-1,-57.0,37.8272,6.13225,0.0,271.0,-1.0,,NORMAL
1790718475.9191585,esp32-1,-58.0,49.19875,89.82901,20.0,6.0,-1.0,,NORMAL
1790718480.8119168,esp32-1,-58.0,22.43225,17.703,20.0,42.0,-1.0,,NORMAL
1790718486.0168147,esp32-1,-59.0,28.19175,24.809,20.0,220.0,-1.0,,NORMAL
1790718490.7646875,esp32-1,-58.0,75.2812,43.91875,0.0,601.0,-1.0,,NORMAL
1790718495.8127804,esp32-1,-57.0,22.14325,18.59534,20.0,43.0,-1.0,,NORMAL
1790718501.1021252,esp32-1,-58.0,28.02725,25.219,20.0,274.0,-1.0,,NORMAL
1790718505.4087172,esp32-1,-59.0,85.2448,110.556,0.0,260.0,-1.0,,NORMAL
1790718510.8099432,esp32-1,-58.0,22.12825,17.83767,20.0,45.0,-1.0,,NORMAL
1790718516.0109117,esp32-1,-57.0,27.57725,24.10467,20.0,226.0,-1.0,,NORMAL
1790718520.0546904,esp32-1,-57.0,44.243,6.375,0.0,53.0,-1.0,,NORMAL
1790718525.8859475,esp32-1,-59.0,22.139,17.755,20.0,43.0,-1.0,,NORMAL
1790718531.2145925,esp32-1,-57.0,22.64775,15.75133,20.0,402.0,-1.0,,NORMAL
1790718535.204761,esp32-1,-57.0,43.599,7.863251,0.0,266.0,-1.0,,NORMAL
1790718540.8080163,esp32-1,-58.0,24.04825,19.21,20.0,32.0,-1.0,,NORMAL
1790718546.01169,esp32-1,-57.0,27.297,24.41067,20.0,231.0,-1.0,,NORMAL
1790718551.0282717,esp32-1,-59.0,43.7732,6.356251,0.0,53.0,-1.0,,NORMAL
1790718555.8096402,esp32-1,-56.0,22.575,16.75233,20.0,37.0,-1.0,,NORMAL
1790718561.0114052,esp32-1,-59.0,27.19675,22.01333,20.0,182.0,-1.0,,NORMAL
1790718565.1675208,esp32-1,-59.0,43.267,6.65175,0.0,272.0,-1.0,,NORMAL
1790718570.8479524,esp32-1,-60.0,23.55675,16.31133,20.0,33.0,-1.0,,NORMAL
1790718576.0875332,esp32-1,-57.0,27.052,16.83967,20.0,235.0,-1.0,,NORMAL
1790718580.059532,esp32-1,-58.0,43.4374,7.84775,0.0,53.0,-1.0,,NORMAL
1790718585.800209,esp32-1,-59.0,23.2565,18.081,20.0,33.0,-1.0,,NORMAL
1790718591.0334327,esp32-1,-58.0,26.92525,22.732,20.0,188.0,-1.0,,NORMAL
1790718595.4210436,esp32-1,-58.0,83.94479,123.3755,0.0,277.0,-1.0,,NORMAL
1790718600.9551094,esp32-1,-58.0,23.95525,14.32533,20.0,29.0,-1.0,,NORMAL
1790718606.0906138,esp32-1,-58.0,26.715,21.67867,20.0,238.0,-1.0,,NORMAL
1790718610.0670078,esp32-1,-58.0,42.826,6.849251,0.0,53.0,-1.0,,NORMAL
1790718617.029119,esp32-1,-58.0,19.706,12.447,40.0,5.0,-1.0,,NORMAL
1790718621.3290586,esp32-1,-59.0,26.1705,17.47433,20.0,53.0,-1.0,,NORMAL
1790718624.957279,esp32-1,-60.0,42.6372,6.21225,0.0,52.0,-1.0,,NORMAL
1790718630.8500834,esp32-1,-57.0,21.97375,17.78133,20.0,37.0,-1.0,,NORMAL
1790718636.295251,esp32-1,-59.0,25.82575,18.12367,20.0,52.0,-1.0,,NORMAL
1790718640.8687816,esp32-1,-58.0,40.96075,68.134,20.0,28.0,-1.0,,NORMAL
1790718645.8154938,esp32-1,-59.0,26.12925,20.58667,20.0,22.0,-1.0,,NORMAL
1790718650.785975,esp32-1,-57.0,25.78575,21.76167,20.0,2.0,-1.0,,NORMAL
1790718655.0747416,esp32-1,-58.0,42.432,6.648749,0.0,184.0,-1.0,,NORMAL
1790718660.857358,esp32-1,-58.0,21.91,17.401,20.0,34.0,-1.0,,NORMAL
1790718666.2906778,esp32-1,-57.0,25.22475,20.19367,20.0,53.0,-1.0,,NORMAL
1790718671.0414474,esp32-1,-57.0,42.1232,5.92625,0.0,53.0,-1.0,,NORMAL
1790718675.1440785,esp32-1,-57.0,49.0724,9.434999,0.0,221.0,-1.0,,NORMAL
1790718681.3389199,esp32-1,-57.0,25.078,21.164,20.0,55.0,-1.0,,NORMAL
1790718685.8468883,esp32-1,-57.0,26.871,19.825,20.0,7.0,-1.0,,NORMAL
1790718690.8041573,esp32-1,-58.0,22.25625,16.52433,20.0,29.0,-1.0,,NORMAL
1790718696.0856042,esp32-1,-58.0,24.8805,18.565,20.0,258.0,-1.0,,NORMAL
1790718699.9414198,esp32-1,-58.0,41.892,6.3045,0.0,53.0,-1.0,,NORMAL
1790718705.809088,esp32-1,-58.0,22.595,17.69433,20.0,28.0,-1.0,,NORMAL
1790718710.838762,esp32-1,-57.0,24.861,17.35,20.0,50.0,-1.0,,NORMAL
1790718715.1310484,esp32-1,-57.0,65.75539,84.38425,0.0,32.0,-1.0,,NORMAL
1790718721.889188,esp32-1,-57.0,19.959,26.0385,40.0,54.0,-1.0,,NORMAL
1790718726.0896702,esp32-1,-56.0,25.17875,21.518,20.0,258.0,-1.0,,NORMAL
1790718730.196042,esp32-1,-56.0,41.4506,8.12175,0.0,247.0,-1.0,,NORMAL
1790718735.74533,esp32-1,-58.0,84.20921,48.4415,0.0,558.0,-1.0,,NORMAL
1790718741.0843832,esp32-1,-59.0,23.935,16.48733,20.0,215.0,-1.0,,NORMAL
1790718745.090723,esp32-1,-57.0,41.085,5.996749,0.0,200.0,-1.0,,NORMAL
1790718750.1533473,esp32-1,-58.0,47.7624,5.8585,0.0,184.0,-1.0,,NORMAL
1790718755.8877666,esp32-1,-59.0,23.92375,13.677,20.0,52.0,-1.0,,NORMAL
1790718760.1921077,esp32-1,-57.0,40.83,6.2905,0.0,253.0,-1.0,,NORMAL
1790718765.1040466,esp32-1,-59.0,47.814,6.4145,0.0,52.0,-1.0,,NORMAL
1790718770.8467362,esp32-1,-56.0,23.741,15.80067,20.0,53.0,-1.0,,NORMAL
1790718774.9383895,esp32-1,-57.0,40.6496,6.073,0.0,53.0,-1.0,,NORMAL
1790718780.771546,esp32-1,-60.0,42.9504,11.91725,0.0,763.0,-1.0,,NORMAL
1790718785.8958151,esp32-1,-59.0,23.45625,19.26533,20.0,4.0,-1.0,,NORMAL
1790718790.1617122,esp32-1,-58.0,40.6548,5.640001,0.0,271.0,-1.0,,NORMAL
1790718796.0490925,esp32-1,-59.0,68.4325,37.47533,20.0,10.0,-1.0,,NORMAL
1790718801.355746,esp32-1,-56.0,23.23325,19.203,20.0,52.0,-1.0,,NORMAL
1790718804.9405062,esp32-1,-55.0,40.2504,6.585001,0.0,53.0,-1.0,,NORMAL
1790718810.1105587,esp32-1,-58.0,47.5754,6.064,0.0,191.0,-1.0,,NORMAL
1790718814.9744148,esp32-1,-58.0,33.306,5.783,0.0,54.0,-1.0,,NORMAL
1790718819.9450357,esp32-1,-59.0,41.449,9.692751,0.0,50.0,-1.0,,NORMAL
1790718825.0928323,esp32-1,-59.0,47.0228,6.262749,0.0,155.0,-1.0,,NORMAL
1790718830.950411,esp32-1,-59.0,23.28525,18.65833,20.0,51.0,-1.0,,NORMAL
1790718835.1089182,esp32-1,-56.0,40.246,8.1855,0.0,215.0,-1.0,,NORMAL
1790718840.1186552,esp32-1,-60.0,46.9286,6.12125,0.0,197.0,-1.0,,NORMAL
1790718845.90054,esp32-1,-57.0,22.435,17.26267,20.0,9.0,-1.0,,NORMAL
1790718849.9975274,esp32-1,-58.0,40.0636,6.273251,0.0,51.0,-1.0,,NORMAL
1790718855.2253308,esp32-1,-58.0,46.8068,5.9285,0.0,252.0,-1.0,,NORMAL
1790718860.9535468,esp32-1,-60.0,22.71175,17.98733,20.0,51.0,-1.0,,NORMAL
1790718866.1171691,esp32-1,-58.0,78.559,64.87066,20.0,5.0,-1.0,,NORMAL
1790718870.0678144,esp32-1,-58.0,47.0514,36.93325,0.0,49.0,-1.0,,NORMAL
1790718876.010985,esp32-1,-58.0,22.41175,18.00633,20.0,52.0,-1.0,,NORMAL
1790718881.7541578,esp32-1,-61.0,21.68833,27.4175,40.0,4.0,-1.0,,NORMAL
1790718886.1491036,esp32-1,-57.0,46.3166,5.76325,0.0,55.0,-1.0,,NORMAL
1790718890.8397615,esp32-1,-59.0,23.5795,19.14333,20.0,49.0,-1.0,,NORMAL
1790718895.7730665,esp32-1,-56.0,53.0138,23.639,0.0,713.0,-1.0,,NORMAL
1790718900.3790517,esp32-1,-59.0,45.952,5.634001,0.0,211.0,-1.0,,NORMAL
1790718905.9104042,esp32-1,-59.0,21.85,17.17167,20.0,10.0,-1.0,,NORMAL
1790718910.1068392,esp32-1,-59.0,63.9822,37.07425,0.0,35.0,-1.0,,NORMAL
1790718915.1891072,esp32-1,-59.0,87.8242,108.9725,0.0,51.0,-1.0,,NORMAL
1790718920.9622867,esp32-1,-58.0,22.51175,18.00667,20.0,50.0,-1.0,,NORMAL
1790718925.0602553,esp32-1,-58.0,38.8272,6.407249,0.0,53.0,-1.0,,NORMAL
1790718931.1021335,esp32-1,-58.0,84.11175,61.498,20.0,10.0,-1.0,,NORMAL
1790718935.8247242,esp32-1,-59.0,21.9845,17.41267,20.0,50.0,-1.0,,NORMAL
1790718940.1132782,esp32-1,-57.0,38.7892,7.903999,0.0,180.0,-1.0,,NORMAL
1790718946.1559489,esp32-1,-58.0,45.4896,6.509751,0.0,53.0,-1.0,,NORMAL
1790718950.874056,esp32-1,-59.0,22.036,17.49933,20.0,50.0,-1.0,,NORMAL
1790718956.0349908,esp32-1,-59.0,38.6808,5.917749,0.0,52.0,-1.0,,NORMAL
1790718960.2241943,esp32-1,-59.0,45.3288,6.423999,0.0,218.0,-1.0,,NORMAL
1790718965.838002,esp32-1,-58.0,23.3175,17.81733,20.0,42.0,-1.0,,NORMAL
1790718970.1156392,esp32-1,-60.0,38.6076,7.39125,0.0,188.0,-1.0,,NORMAL
1790718975.1926353,esp32-1,-59.0,45.291,5.944749,0.0,271.0,-1.0,,NORMAL
1790718980.8250704,esp32-1,-59.0,21.65425,17.103,20.0,49.0,-1.0,,NORMAL
1790718985.1926103,esp32-1,-57.0,38.306,7.1535,0.0,243.0,-1.0,,NORMAL
1790718991.0574162,esp32-1,-60.0,45.3926,6.062749,0.0,53.0,-1.0,,NORMAL
1790718995.9201474,esp32-1,-60.0,23.33625,17.616,20.0,42.0,-1.0,,NORMAL
1790719000.1206374,esp32-1,-57.0,65.6018,40.633,0.0,18.0,-1.0,,NORMAL
1790719006.2639415,esp32-1,-57.0,85.89101,125.8565,0.0,53.0,-1.0,,NORMAL
1790719010.8291028,esp32-1,-56.0,21.754,17.204,20.0,48.0,-1.0,,NORMAL
1790719016.0138793,esp32-1,-57.0,56.3195,38.20933,20.0,4.0,-1.0,,NORMAL
1790719020.2398796,esp32-1,-59.0,45.086,5.76775,0.0,53.0,-1.0,,NORMAL
1790719025.8263817,esp32-1,-59.0,24.4925,20.73633,20.0,36.0,-1.0,,NORMAL
1790719030.3333504,esp32-1,-56.0,37.9694,6.454,0.0,195.0,-1.0,,NORMAL
1790719035.3474152,esp32-1,-60.0,44.8106,5.849499,0.0,52.0,-1.0,,NORMAL
1790719041.0829337,esp32-1,-59.0,22.04075,17.30033,20.0,253.0,-1.0,,NORMAL
1790719046.1147525,esp32-1,-73.0,28.54575,25.59,20.0,244.0,-1.0,,NORMAL
1790719050.4302378,esp32-1,-59.0,44.488,6.475999,0.0,232.0,-1.0,,NORMAL
1790719055.9329817,esp32-1,-61.0,23.7845,18.27933,20.0,37.0,-1.0,,NORMAL
1790719060.6859689,esp32-1,-59.0,32.751,9.4615,0.0,822.0,-1.0,,NORMAL
1790719066.0164468,esp32-1,-59.0,44.5448,5.9695,0.0,52.0,-1.0,,NORMAL
1790719071.1967618,esp32-1,-59.0,24.34275,19.71,20.0,33.0,-1.0,,NORMAL
1790719076.7771037,esp32-1,-58.0,26.10467,20.572,40.0,3.0,-1.0,,NORMAL
1790719080.1510208,esp32-1,-58.0,43.96,7.848251,0.0,237.0,-1.0,,NORMAL
1790719085.9365532,esp32-1,-61.0,23.93125,15.05433,20.0,34.0,-1.0,,NORMAL
1790719091.3625007,esp32-1,-59.0,27.36925,16.45,20.0,201.0,-1.0,,NORMAL
1790719095.1518888,esp32-1,-58.0,43.9374,6.316501,0.0,190.0,-1.0,,NORMAL
1790719100.8423836,esp32-1,-60.0,25.07125,22.53167,20.0,28.0,-1.0,,NORMAL
1790719106.419676,esp32-1,-59.0,27.401,14.17433,20.0,257.0,-1.0,,NORMAL
1790719109.966982,esp32-1,-58.0,43.9174,6.138,0.0,52.0,-1.0,,NORMAL
1790719115.942403,esp32-1,-59.0,23.132,19.16067,20.0,35.0,-1.0,,NORMAL
1790719121.0115464,esp32-1,-58.0,27.2025,24.36067,20.0,207.0,-1.0,,NORMAL
1790719125.1564364,esp32-1,-60.0,43.663,26.99275,0.0,194.0,-1.0,,NORMAL
1790719130.8912816,esp32-1,-59.0,23.0,17.623,20.0,37.0,-1.0,,NORMAL
1790719136.1131012,esp32-1,-58.0,27.01225,18.89167,20.0,260.0,-1.0,,NORMAL
1790719141.1463716,esp32-1,-60.0,90.52425,73.42433,20.0,7.0,-1.0,,NORMAL
1790719145.9438453,esp32-1,-60.0,22.33975,15.879,20.0,35.0,-1.0,,NORMAL
1790719150.3469982,esp32-1,-59.0,56.9978,26.75325,0.0,219.0,-1.0,,NORMAL
1790719156.0237072,esp32-1,-58.0,43.2398,5.99375,0.0,53.0,-1.0,,NORMAL
1790719161.8164577,esp32-1,-59.0,23.62567,30.1075,40.0,5.0,-1.0,,NORMAL
1790719166.0691078,esp32-1,-59.0,26.59575,23.19467,20.0,265.0,-1.0,,NORMAL
1790719169.9720778,esp32-1,-59.0,43.043,6.854501,0.0,53.0,-1.0,,NORMAL
1790719176.0515995,esp32-1,-58.0,52.712,97.652,20.0,19.0,-1.0,,NORMAL
1790719180.9659107,esp32-1,-58.0,26.15475,22.814,20.0,53.0,-1.0,,NORMAL
1790719186.1878371,esp32-1,-59.0,42.7456,6.168499,0.0,53.0,-1.0,,NORMAL
1790719190.903193,esp32-1,-58.0,22.54825,16.904,20.0,32.0,-1.0,,NORMAL
1790719196.1211338,esp32-1,-58.0,26.10225,22.72133,20.0,272.0,-1.0,,NORMAL
1790719200.2238433,esp32-1,-58.0,42.4024,7.068251,0.0,261.0,-1.0,,NORMAL
1790719205.9531128,esp32-1,-59.0,23.234,18.65633,20.0,29.0,-1.0,,NORMAL
1790719210.8739738,esp32-1,-58.0,27.48525,19.424,20.0,46.0,-1.0,,NORMAL
1790719215.9305623,esp32-1,-58.0,53.005,26.25633,20.0,4.0,-1.0,,NORMAL
1790719220.805311,esp32-1,-60.0,23.53225,17.956,20.0,5.0,-1.0,,NORMAL
1790719225.9862463,esp32-1,-58.0,25.5045,22.19567,20.0,177.0,-1.0,,NORMAL
1790719230.1733465,esp32-1,-59.0,42.1638,6.4055,0.0,262.0,-1.0,,NORMAL
1790719235.2514956,esp32-1,-57.0,48.7736,3.6005,0.0,250.0,-1.0,,NORMAL
1790719242.0320482,esp32-1,-57.0,25.09775,20.186,20.0,54.0,-1.0,,NORMAL
1790719246.1411304,esp32-1,-59.0,42.2176,5.242001,0.0,54.0,-1.0,,NORMAL
1790719251.8399,esp32-1,-58.0,21.651,22.4895,40.0,5.0,-1.0,,NORMAL
1790719256.775594,esp32-1,-59.0,20.857,14.575,40.0,3.0,-1.0,,NORMAL
1790719260.8393993,esp32-1,-59.0,22.41475,10.15833,20.0,4.0,-1.0,,NORMAL
1790719265.8223982,esp32-1,-58.0,22.875,20.206,20.0,27.0,-1.0,,NORMAL
1790719271.953512,esp32-1,-58.0,24.8245,20.32067,20.0,55.0,-1.0,,NORMAL
1790719275.6923327,esp32-1,-59.0,75.2602,48.36725,0.0,610.0,-1.0,,NORMAL
1790719280.1488621,esp32-1,-58.0,48.1378,8.79825,0.0,203.0,-1.0,,NORMAL
1790719285.3157532,esp32-1,-58.0,96.2668,153.3585,0.0,3.0,-1.0,,NORMAL
1790719291.0969565,esp32-1,-58.0,41.3494,7.3235,0.0,53.0,-1.0,,NORMAL
1790719295.2029648,esp32-1,-57.0,48.0066,4.871,0.0,259.0,-1.0,,NORMAL
1790719301.1934974,esp32-1,-57.0,24.3085,19.81467,20.0,53.0,-1.0,,NORMAL
1790719306.0506508,esp32-1,-58.0,41.198,6.82,0.0,54.0,-1.0,,NORMAL
1790719310.096622,esp32-1,-57.0,48.2084,7.281748,0.0,53.0,-1.0,,NORMAL
1790719315.9852207,esp32-1,-58.0,24.29175,20.59,20.0,189.0,-1.0,,NORMAL
1790719320.2380705,esp32-1,-59.0,41.113,6.3825,0.0,280.0,-1.0,,NORMAL
1790719326.792418,esp32-1,-57.0,32.24975,5.164,20.0,857.0,-1.0,,NORMAL
1790719331.1065817,esp32-1,-58.0,23.877,17.38933,20.0,242.0,-1.0,,NORMAL
1790719334.97942,esp32-1,-58.0,40.7864,7.683001,0.0,52.0,-1.0,,NORMAL
1790719341.1282482,esp32-1,-57.0,76.49,130.8783,20.0,3.0,-1.0,,NORMAL
1790719346.0005689,esp32-1,-57.0,23.81,18.72567,20.0,195.0,-1.0,,NORMAL
1790719349.9702988,esp32-1,-57.0,40.4776,5.67675,0.0,53.0,-1.0,,NORMAL
1790719355.2580407,esp32-1,-58.0,47.4052,7.19025,0.0,269.0,-1.0,,NORMAL
1790719360.9915178,esp32-1,-60.0,23.65975,18.95133,20.0,54.0,-1.0,,NORMAL
1790719365.907254,esp32-1,-59.0,47.1855,69.95734,20.0,3.0,-1.0,,NORMAL
1790719370.1073105,esp32-1,-56.0,47.265,5.979001,0.0,53.0,-1.0,,NORMAL
1790719375.8606768,esp32-1,-58.0,27.576,20.23133,20.0,37.0,-1.0,,NORMAL
1790719380.7007182,esp32-1,-58.0,35.8094,11.5145,0.0,809.0,-1.0,,NORMAL
1790719385.8301017,esp32-1,-59.0,216.407,466.798,0.0,37.0,-1.0,,NORMAL
1790719390.856249,esp32-1,-60.0,24.4325,20.405,20.0,47.0,-1.0,,NORMAL
1790719395.2191262,esp32-1,-58.0,40.001,7.178751,0.0,242.0,-1.0,,NORMAL
1790719400.2494707,esp32-1,-57.0,46.9588,6.201,0.0,228.0,-1.0,,NORMAL
1790719405.8526053,esp32-1,-59.0,24.3785,12.99833,20.0,46.0,-1.0,,NORMAL
1790719410.1472375,esp32-1,-57.0,63.6084,81.9925,0.0,38.0,-1.0,,NORMAL
1790719415.210898,esp32-1,-59.0,91.95821,60.528,0.0,34.0,-1.0,,NORMAL
1790719420.9005806,esp32-1,-58.0,24.38475,18.74,20.0,45.0,-1.0,,NORMAL
1790719426.0718808,esp32-1,-58.0,39.8186,6.1075,0.0,53.0,-1.0,,NORMAL
1790719430.1133199,esp32-1,-59.0,46.5494,5.302999,0.0,52.0,-1.0,,NORMAL
1790719435.8577676,esp32-1,-57.0,22.6155,19.37933,20.0,52.0,-1.0,,NORMAL
1790719440.098908,esp32-1,-58.0,39.6112,6.77775,0.0,53.0,-1.0,,NORMAL
1790719445.1181493,esp32-1,-58.0,51.0534,11.465,0.0,29.0,-1.0,,NORMAL
1790719451.1096864,esp32-1,-58.0,22.768,18.04433,20.0,264.0,-1.0,,NORMAL
1790719456.136278,esp32-1,-59.0,86.423,73.947,20.0,4.0,-1.0,,NORMAL
1790719460.3501394,esp32-1,-59.0,46.8236,7.46875,0.0,50.0,-1.0,,NORMAL
1790719465.956897,esp32-1,-59.0,23.34225,16.91067,20.0,46.0,-1.0,,NORMAL
1790719470.4621174,esp32-1,-58.0,39.1994,6.171999,0.0,204.0,-1.0,,NORMAL
1790719475.1331935,esp32-1,-58.0,46.0618,5.6395,0.0,184.0,-1.0,,NORMAL
1790719480.8706758,esp32-1,-58.0,22.546,18.55567,20.0,51.0,-1.0,,NORMAL
1790719486.0807204,esp32-1,-59.0,39.095,7.8435,0.0,53.0,-1.0,,NORMAL
1790719491.0977466,esp32-1,-59.0,46.0758,5.815249,0.0,54.0,-1.0,,NORMAL
1790719495.9631112,esp32-1,-58.0,21.793,17.11833,20.0,51.0,-1.0,,NORMAL
1790719500.0575767,esp32-1,-59.0,38.9752,5.804501,0.0,52.0,-1.0,,NORMAL
1790719505.0748408,esp32-1,-56.0,45.9112,4.648499,0.0,52.0,-1.0,,NORMAL
1790719510.8701851,esp32-1,-59.0,26.3895,18.61366,20.0,32.0,-1.0,,NORMAL
1790719515.425573,esp32-1,-57.0,80.1706,111.3495,0.0,260.0,-1.0,,NORMAL
1790719521.1531053,esp32-1,-58.0,80.783,150.7527,20.0,3.0,-1.0,,NORMAL
1790719525.8500571,esp32-1,-59.0,23.06425,13.578,20.0,45.0,-1.0,,NORMAL
1790719530.0617774,esp32-1,-59.0,38.7616,8.951,0.0,53.0,-1.0,,NORMAL
1790719536.2059677,esp32-1,-59.0,45.9312,6.763501,0.0,55.0,-1.0,,NORMAL
1790719540.916574,esp32-1,-58.0,21.548,17.04433,20.0,5.0,-1.0,,NORMAL
1790719546.086783,esp32-1,-58.0,38.3948,14.17325,0.0,56.0,-1.0,,NORMAL
1790719550.7613237,esp32-1,-60.0,84.4632,55.3045,0.0,570.0,-1.0,,NORMAL
1790719555.9702616,esp32-1,-59.0,22.2045,17.74567,20.0,45.0,-1.0,,NORMAL
1790719560.1230097,esp32-1,-59.0,38.1472,6.306749,0.0,217.0,-1.0,,NORMAL
1790719565.1406105,esp32-1,-59.0,44.8148,5.428499,0.0,203.0,-1.0,,NORMAL
1790719570.9244683,esp32-1,-58.0,22.52825,18.539,20.0,45.0,-1.0,,NORMAL
1790719576.143776,esp32-1,-57.0,38.099,6.42525,0.0,53.0,-1.0,,NORMAL
1790719581.168638,esp32-1,-61.0,45.0132,6.013751,0.0,53.0,-1.0,,NORMAL
1790719585.9779475,esp32-1,-60.0,22.71075,15.39233,20.0,44.0,-1.0,,NORMAL
1790719589.9558218,esp32-1,-60.0,38.1522,7.876249,0.0,52.0,-1.0,,NORMAL
1790719597.2426698,esp32-1,-59.0,28.104,0.2585,40.0,6.0,-1.0,,NORMAL
1790719600.9281318,esp32-1,-60.0,23.3735,15.36633,20.0,39.0,-1.0,,NORMAL
1790719606.14918,esp32-1,-57.0,28.0965,24.431,20.0,275.0,-1.0,,NORMAL
1790719610.251872,esp32-1,-61.0,85.7958,111.611,0.0,52.0,-1.0,,NORMAL
1790719615.8578382,esp32-1,-60.0,25.17225,10.97167,20.0,33.0,-1.0,,NORMAL
1790719620.2098427,esp32-1,-60.0,37.4984,7.40975,0.0,225.0,-1.0,,NORMAL
1790719625.093261,esp32-1,-58.0,44.5382,6.1275,0.0,52.0,-1.0,,NORMAL
1790719630.9303,esp32-1,-61.0,22.1125,16.51433,20.0,43.0,-1.0,,NORMAL
1790719636.1531253,esp32-1,-60.0,27.808,24.84367,20.0,276.0,-1.0,,NORMAL
1790719640.1999269,esp32-1,-59.0,44.6506,6.465501,0.0,262.0,-1.0,,NORMAL
1790719645.845327,esp32-1,-60.0,23.1835,18.53567,20.0,37.0,-1.0,,NORMAL
1790719651.001546,esp32-1,-59.0,27.59375,24.13967,20.0,53.0,-1.0,,NORMAL
1790719654.9948227,esp32-1,-59.0,44.2052,5.59075,0.0,53.0,-1.0,,NORMAL
1790719660.934889,esp32-1,-59.0,23.9205,19.24367,20.0,38.0,-1.0,,NORMAL
1790719665.8772979,esp32-1,-60.0,27.672,24.75967,20.0,53.0,-1.0,,NORMAL
1790719670.196791,esp32-1,-61.0,86.7792,60.41975,0.0,43.0,-1.0,,NORMAL
1790719675.8921978,esp32-1,-59.0,23.4015,18.90433,20.0,35.0,-1.0,,NORMAL
1790719681.1097806,esp32-1,-59.0,27.28625,24.23233,20.0,156.0,-1.0,,NORMAL
1790719685.1619747,esp32-1,-60.0,43.7582,6.513,0.0,219.0,-1.0,,NORMAL
1790719690.9385364,esp32-1,-59.0,29.7135,26.20333,20.0,9.0,-1.0,,NORMAL
1790719696.0201735,esp32-1,-59.0,27.13575,22.466,20.0,186.0,-1.0,,NORMAL
1790719700.213925,esp32-1,-60.0,43.4562,8.35325,0.0,274.0,-1.0,,NORMAL
1790719705.840944,esp32-1,-60.0,22.7825,18.196,20.0,35.0,-1.0,,NORMAL
1790719712.13765,esp32-1,-60.0,26.94225,22.43167,20.0,54.0,-1.0,,NORMAL
1790719716.1669958,esp32-1,-60.0,43.2416,6.0515,0.0,53.0,-1.0,,NORMAL
1790719720.8454955,esp32-1,-62.0,23.426,18.656,20.0,31.0,-1.0,,NORMAL
1790719726.936747,esp32-1,-59.0,26.65375,17.05367,20.0,52.0,-1.0,,NORMAL
1790719730.0905774,esp32-1,-60.0,63.6528,81.30151,0.0,53.0,-1.0,,NORMAL
1790719735.8473299,esp32-1,-59.0,24.75775,20.19234,20.0,26.0,-1.0,,NORMAL
1790719740.720026,esp32-1,-60.0,54.4338,29.94425,0.0,725.0,-1.0,,NORMAL
1790719745.244374,esp32-1,-59.0,42.6776,7.247251,0.0,232.0,-1.0,,NORMAL
1790719750.9517727,esp32-1,-61.0,22.396,18.66467,20.0,33.0,-1.0,,NORMAL
1790719755.8744476,esp32-1,-58.0,26.23325,23.44366,20.0,51.0,-1.0,,NORMAL
1790719760.830494,esp32-1,-58.0,22.8865,8.261333,20.0,4.0,-1.0,,NORMAL
1790719765.8997939,esp32-1,-59.0,22.03375,17.48767,20.0,34.0,-1.0,,NORMAL
1790719770.9239314,esp32-1,-57.0,25.85,22.586,20.0,52.0,-1.0,,NORMAL
1790719775.1692812,esp32-1,-58.0,42.2626,8.08875,0.0,237.0,-1.0,,NORMAL
1790719780.822276,esp32-1,-58.0,22.50075,18.061,20.0,3.0,-1.0,,NORMAL
1790719786.1758416,esp32-1,-60.0,25.43625,22.11867,20.0,201.0,-1.0,,NORMAL
1790719791.0316904,esp32-1,-59.0,42.0384,7.24825,0.0,53.0,-1.0,,NORMAL
1790719795.9058616,esp32-1,-57.0,21.80225,16.987,20.0,34.0,-1.0,,NORMAL
1790719801.0843353,esp32-1,-58.0,25.27975,21.13367,20.0,256.0,-1.0,,NORMAL
1790719804.998281,esp32-1,-59.0,42.029,6.85175,0.0,52.0,-1.0,,NORMAL
1790719811.202239,esp32-1,-60.0,48.8024,5.4475,0.0,53.0,-1.0,,NORMAL
1790719815.976115,esp32-1,-61.0,25.0485,19.50933,20.0,52.0,-1.0,,NORMAL
1790719820.8459442,esp32-1,-59.0,26.21625,18.59733,20.0,3.0,-1.0,,NORMAL
1790719826.7919023,esp32-1,-60.0,21.24767,27.904,40.0,4.0,-1.0,,NORMAL
1790719831.1316981,esp32-1,-60.0,24.98975,17.759,20.0,258.0,-1.0,,NORMAL
1790719835.8409443,esp32-1,-58.0,80.478,55.21075,0.0,598.0,-1.0,,NORMAL
1790719840.843168,esp32-1,-57.0,21.98075,16.205,20.0,30.0,-1.0,,NORMAL
1790719845.899323,esp32-1,-59.0,24.74675,19.24267,20.0,52.0,-1.0,,NORMAL
1790719849.985301,esp32-1,-61.0,41.3424,6.22,0.0,52.0,-1.0,,NORMAL
1790719855.91377,esp32-1,-61.0,41.16925,15.142,20.0,6.0,-1.0,,NORMAL
1790719861.0338488,esp32-1,-58.0,51.837,54.957,20.0,49.0,-1.0,,NORMAL
1790719865.682598,esp32-1,-58.0,41.191,6.572,0.0,53.0,-1.0,,NORMAL
1790719870.1460037,esp32-1,-60.0,48.3624,8.653252,0.0,51.0,-1.0,,NORMAL
1790719875.9896483,esp32-1,-59.0,26.3505,16.57933,20.0,45.0,-1.0,,NORMAL
1790719880.2875826,esp32-1,-61.0,40.9628,6.63225,0.0,204.0,-1.0,,NORMAL
1790719885.1569223,esp32-1,-60.0,47.8718,27.935,0.0,190.0,-1.0,,NORMAL
1790719890.1674757,esp32-1,-58.0,34.0786,6.22675,0.0,273.0,-1.0,,NORMAL
1790719895.0316632,esp32-1,-59.0,40.9322,6.163749,0.0,53.0,-1.0,,NORMAL
1790719900.2133934,esp32-1,-59.0,47.7232,6.026498,0.0,241.0,-1.0,,NORMAL
1790719905.9881797,esp32-1,-59.0,24.3065,22.967,20.0,50.0,-1.0,,NORMAL
1790719910.0848753,esp32-1,-59.0,40.9616,6.1335,0.0,52.0,-1.0,,NORMAL
1790719916.1245086,esp32-1,-60.0,47.4494,6.5625,0.0,52.0,-1.0,,NORMAL
1790719920.9387143,esp32-1,-59.0,24.50625,21.47534,20.0,49.0,-1.0,,NORMAL
1790719925.197619,esp32-1,-57.0,40.7594,8.650999,0.0,262.0,-1.0,,NORMAL
1790719931.1276848,esp32-1,-59.0,47.2572,5.099,0.0,53.0,-1.0,,NORMAL
1790719935.991772,esp32-1,-58.0,24.52175,22.033,20.0,49.0,-1.0,,NORMAL
1790719940.7473688,esp32-1,-60.0,51.7808,19.56675,0.0,743.0,-1.0,,NORMAL
1790719945.1363595,esp32-1,-58.0,71.4622,83.9735,0.0,37.0,-1.0,,NORMAL
1790719950.941998,esp32-1,-58.0,25.16175,18.95333,20.0,44.0,-1.0,,NORMAL
1790719955.8632145,esp32-1,-58.0,35.5618,11.89025,0.0,826.0,-1.0,,NORMAL
1790719960.2690868,esp32-1,-58.0,47.0022,6.2025,0.0,254.0,-1.0,,NORMAL
1790719965.99327,esp32-1,-60.0,22.89,18.74433,20.0,52.0,-1.0,,NORMAL
1790719970.0906427,esp32-1,-60.0,40.1574,6.59375,0.0,53.0,-1.0,,NORMAL
1790719975.1648636,esp32-1,-57.0,47.0564,5.451,0.0,200.0,-1.0,,NORMAL
1790719981.0483265,esp32-1,-58.0,22.73175,15.64167,20.0,181.0,-1.0,,NORMAL
1790719985.2000687,esp32-1,-58.0,84.1916,64.814,0.0,39.0,-1.0,,NORMAL
1790719990.2171674,esp32-1,-59.0,46.9162,4.263749,0.0,254.0,-1.0,,NORMAL
1790719997.0609677,esp32-1,-57.0,22.16475,17.413,20.0,55.0,-1.0,,NORMAL
1790720000.198327,esp32-1,-57.0,39.9134,6.08575,0.0,158.0,-1.0,,NORMAL
1790720005.1655886,esp32-1,-59.0,46.529,4.98525,0.0,205.0,-1.0,,NORMAL
1790720010.952052,esp32-1,-59.0,22.34125,17.877,20.0,52.0,-1.0,,NORMAL
1790720017.1968014,esp32-1,-59.0,30.7345,28.99433,20.0,54.0,-1.0,,NORMAL
1790720020.6366575,esp32-1,-60.0,128.7366,163.8825,0.0,256.0,-1.0,,NORMAL
1790720026.002678,esp32-1,-56.0,24.99925,21.27,20.0,41.0,-1.0,,NORMAL
1790720030.356833,esp32-1,-58.0,39.4328,7.00075,0.0,52.0,-1.0,,NORMAL
1790720035.6303823,esp32-1,-59.0,46.3002,6.591251,0.0,213.0,-1.0,,NORMAL
1790720040.885654,esp32-1,-57.0,23.17875,14.83033,20.0,50.0,-1.0,,NORMAL
1790720045.7023375,esp32-1,-58.0,36.0908,8.853251,0.0,777.0,-1.0,,NORMAL
1790720050.0201035,esp32-1,-59.0,46.4552,5.501749,0.0,53.0,-1.0,,NORMAL
1790720055.887149,esp32-1,-59.0,22.565,17.952,20.0,52.0,-1.0,,NORMAL
1790720060.1633801,esp32-1,-58.0,39.4254,7.724501,0.0,227.0,-1.0,,NORMAL
1790720065.123569,esp32-1,-57.0,46.54819,5.776,0.0,54.0,-1.0,,NORMAL
1790720071.1635454,esp32-1,-57.0,23.34525,17.34,20.0,48.0,-1.0,,NORMAL
1790720074.9361222,esp32-1,-58.0,39.2784,9.323,0.0,3.0,-1.0,,NORMAL
1790720080.016237,esp32-1,-60.0,46.116,5.75275,0.0,53.0,-1.0,,NORMAL
1790720086.2770689,esp32-1,-56.0,21.80475,17.07567,20.0,249.0,-1.0,,NORMAL
1790720091.3698564,esp32-1,-60.0,39.13,6.764001,0.0,53.0,-1.0,,NORMAL
1790720095.1896813,esp32-1,-56.0,46.0424,5.18275,0.0,219.0,-1.0,,NORMAL
1790720100.8827324,esp32-1,-60.0,31.8755,30.44833,20.0,14.0,-1.0,,NORMAL
1790720104.991062,esp32-1,-59.0,38.8698,6.229499,0.0,53.0,-1.0,,NORMAL
1790720111.408878,esp32-1,-58.0,45.6122,6.85625,0.0,54.0,-1.0,,NORMAL
1790720116.811217,esp32-1,-58.0,22.692,15.1015,40.0,3.0,-1.0,,NORMAL
1790720122.0824325,esp32-1,-57.0,29.4585,24.13633,20.0,55.0,-1.0,,NORMAL
1790720125.2692275,esp32-1,-57.0,45.6,6.033,0.0,224.0,-1.0,,NORMAL
1790720130.8715894,esp32-1,-59.0,23.08125,18.65767,20.0,45.0,-1.0,,NORMAL
1790720136.0897849,esp32-1,-57.0,38.7324,8.440001,0.0,53.0,-1.0,,NORMAL
1790720140.0332272,esp32-1,-59.0,45.3976,6.670001,0.0,52.0,-1.0,,NORMAL
1790720145.1459076,esp32-1,-57.0,52.0132,21.87975,0.0,55.0,-1.0,,NORMAL
1790720151.1655464,esp32-1,-58.0,28.9625,21.724,20.0,244.0,-1.0,,NORMAL
1790720155.021455,esp32-1,-60.0,45.627,5.113251,0.0,55.0,-1.0,,NORMAL
1790720160.8767354,esp32-1,-59.0,23.1115,18.96833,20.0,44.0,-1.0,,NORMAL
1790720166.4031413,esp32-1,-60.0,25.9965,21.485,20.0,513.0,-1.0,,NORMAL
1790720170.1901753,esp32-1,-56.0,44.9112,7.7605,0.0,182.0,-1.0,,NORMAL
1790720175.1033175,esp32-1,-57.0,51.5042,1.245749,0.0,4.0,-1.0,,NORMAL
1790720179.985871,esp32-1,-58.0,37.9134,6.1245,0.0,53.0,-1.0,,NORMAL
1790720185.036516,esp32-1,-59.0,45.0848,6.898249,0.0,53.0,-1.0,,NORMAL
1790720190.8738596,esp32-1,-60.0,25.3715,20.11267,20.0,32.0,-1.0,,NORMAL
1790720195.9958477,esp32-1,-57.0,28.73825,24.64367,20.0,53.0,-1.0,,NORMAL
1790720201.115374,esp32-1,-58.0,44.8142,5.626501,0.0,53.0,-1.0,,NORMAL
1790720205.9293466,esp32-1,-57.0,23.12425,19.97833,20.0,39.0,-1.0,,NORMAL
1790720210.5404122,esp32-1,-58.0,37.6016,6.60025,0.0,552.0,-1.0,,NORMAL
1790720215.8644812,esp32-1,-59.0,81.4246,52.0635,0.0,603.0,-1.0,,NORMAL
1790720220.9827454,esp32-1,-58.0,25.92175,14.899,20.0,3.0,-1.0,,NORMAL
1790720226.8198934,esp32-1,-57.0,22.686,18.23667,20.0,919.0,-1.0,,NORMAL
1790720231.0597866,esp32-1,-57.0,44.2454,6.162,0.0,52.0,-1.0,,NORMAL
1790720236.8108854,esp32-1,-58.0,23.43266,22.2395,40.0,3.0,-1.0,,NORMAL
1790720241.1587234,esp32-1,-58.0,27.6495,23.34033,20.0,259.0,-1.0,,NORMAL
1790720246.192642,esp32-1,-59.0,43.8286,5.9175,0.0,53.0,-1.0,,NORMAL
1790720250.9845665,esp32-1,-58.0,26.764,16.571,20.0,26.0,-1.0,,NORMAL
1790720256.8098593,esp32-1,-58.0,20.997,12.6995,40.0,3.0,-1.0,,NORMAL
1790720260.8638735,esp32-1,-59.0,25.88175,11.28567,20.0,2.0,-1.0,,NORMAL
1790720265.9360597,esp32-1,-58.0,23.078,20.43233,20.0,38.0,-1.0,,NORMAL
1790720271.160899,esp32-1,-57.0,27.8395,21.56767,20.0,259.0,-1.0,,NORMAL
1790720276.0755322,esp32-1,-58.0,54.3285,83.2,20.0,4.0,-1.0,,NORMAL
1790720281.9106882,esp32-1,-58.0,25.32267,20.9005,40.0,5.0,-1.0,,NORMAL
1790720286.7541475,esp32-1,-57.0,22.92775,20.54833,20.0,920.0,-1.0,,NORMAL
1790720290.307784,esp32-1,-57.0,43.2528,6.3335,0.0,200.0,-1.0,,NORMAL
1790720296.8202484,esp32-1,-58.0,24.27467,25.21,40.0,4.0,-1.0,,NORMAL
1790720301.1639228,esp32-1,-57.0,26.65775,21.206,20.0,267.0,-1.0,,NORMAL
1790720305.2249053,esp32-1,-55.0,43.2312,7.069499,0.0,257.0,-1.0,,NORMAL
1790720311.9172838,esp32-1,-59.0,23.228,30.2805,40.0,4.0,-1.0,,NORMAL
1790720316.1562524,esp32-1,-57.0,26.323,21.53967,20.0,218.0,-1.0,,NORMAL
1790720320.1601403,esp32-1,-58.0,42.8634,5.44925,0.0,207.0,-1.0,,NORMAL
1790720325.94698,esp32-1,-57.0,23.21275,19.34,20.0,31.0,-1.0,,NORMAL
1790720332.8102007,esp32-1,-57.0,26.0575,19.86167,20.0,4.0,-1.0,,NORMAL
1790720335.2652497,esp32-1,-58.0,42.5106,6.883,0.0,263.0,-1.0,,NORMAL
1790720340.9978557,esp32-1,-57.0,23.4225,20.10167,20.0,29.0,-1.0,,NORMAL
1790720346.283071,esp32-1,-59.0,26.2115,22.94567,20.0,56.0,-1.0,,NORMAL
1790720350.7636278,esp32-1,-59.0,53.8336,19.62075,0.0,743.0,-1.0,,NORMAL
1790720356.0520365,esp32-1,-59.0,22.77575,19.45,20.0,31.0,-1.0,,NORMAL
1790720361.127883,esp32-1,-56.0,25.8385,22.39333,20.0,279.0,-1.0,,NORMAL
1790720366.1888573,esp32-1,-58.0,42.3286,6.786499,0.0,56.0,-1.0,,NORMAL
1790720370.8662343,esp32-1,-60.0,21.53025,17.255,20.0,35.0,-1.0,,NORMAL
1790720376.153255,esp32-1,-56.0,25.7,21.28433,20.0,229.0,-1.0,,NORMAL
1790720380.2640595,esp32-1,-58.0,42.2336,6.163249,0.0,220.0,-1.0,,NORMAL
1790720386.8315039,esp32-1,-59.0,22.59133,29.7635,40.0,5.0,-1.0,,NORMAL
1790720391.076926,esp32-1,-60.0,25.49575,21.64467,20.0,182.0,-1.0,,NORMAL
1790720395.2718976,esp32-1,-57.0,85.7142,61.03325,0.0,41.0,-1.0,,NORMAL
1790720401.8265734,esp32-1,-57.0,22.52733,23.966,40.0,4.0,-1.0,,NORMAL
1790720406.1510222,esp32-1,-57.0,24.8445,19.95667,20.0,234.0,-1.0,,NORMAL
1790720410.1210907,esp32-1,-59.0,42.0046,7.04275,0.0,53.0,-1.0,,NORMAL
1790720415.3433459,esp32-1,-59.0,48.684,4.45675,0.0,206.0,-1.0,,NORMAL
1790720421.1273828,esp32-1,-57.0,55.5194,54.65425,0.0,53.0,-1.0,,NORMAL
1790720426.1447341,esp32-1,-58.0,41.6864,6.549749,0.0,54.0,-1.0,,NORMAL
1790720430.960716,esp32-1,-57.0,130.6678,213.968,0.0,258.0,-1.0,,NORMAL
1790720436.0978875,esp32-1,-59.0,25.9435,22.14733,20.0,236.0,-1.0,,NORMAL
1790720440.5716147,esp32-1,-57.0,41.6186,6.21475,0.0,226.0,-1.0,,NORMAL
1790720446.8847506,esp32-1,-58.0,21.823,23.7,40.0,4.0,-1.0,,NORMAL
1790720451.9549496,esp32-1,-58.0,24.75275,20.88467,20.0,53.0,-1.0,,NORMAL
1790720455.0158155,esp32-1,-58.0,41.2268,8.2425,0.0,54.0,-1.0,,NORMAL
1790720460.4606981,esp32-1,-57.0,89.70701,120.8323,0.0,261.0,-1.0,,NORMAL
1790720466.0398386,esp32-1,-58.0,26.7725,21.806,20.0,44.0,-1.0,,NORMAL
1790720470.2684746,esp32-1,-58.0,41.3014,7.3505,0.0,230.0,-1.0,,NORMAL
1790720475.9681833,esp32-1,-58.0,21.91175,16.98667,20.0,29.0,-1.0,,NORMAL
1790720480.987798,esp32-1,-59.0,25.34325,18.958,20.0,49.0,-1.0,,NORMAL
1790720486.1057239,esp32-1,-59.0,41.1306,7.137,0.0,54.0,-1.0,,NORMAL
1790720490.8186562,esp32-1,-60.0,44.144,11.92875,0.0,793.0,-1.0,,NORMAL
1790720495.9455106,esp32-1,-58.0,25.64225,20.085,20.0,47.0,-1.0,,NORMAL
1790720500.1956415,esp32-1,-59.0,40.912,6.117249,0.0,234.0,-1.0,,NORMAL
1790720506.18063,esp32-1,-58.0,72.68874,143.2897,20.0,28.0,-1.0,,NORMAL
1790720510.4325445,esp32-1,-57.0,105.2936,149.0155,0.0,153.0,-1.0,,NORMAL
1790720515.1941957,esp32-1,-58.0,40.8244,6.195751,0.0,186.0,-1.0,,NORMAL
1790720521.2319496,esp32-1,-56.0,47.6004,5.341,0.0,54.0,-1.0,,NORMAL
1790720526.1509564,esp32-1,-59.0,23.55475,19.372,20.0,255.0,-1.0,,NORMAL
1790720531.1850479,esp32-1,-57.0,40.8076,6.0635,0.0,53.0,-1.0,,NORMAL
1790720535.0514529,esp32-1,-59.0,47.7438,6.96375,0.0,52.0,-1.0,,NORMAL
1790720540.9970386,esp32-1,-58.0,24.99425,18.32267,20.0,3.0,-1.0,,NORMAL
1790720545.1933281,esp32-1,-60.0,40.4896,6.414251,0.0,189.0,-1.0,,NORMAL
1790720550.3163326,esp32-1,-59.0,47.5566,6.732501,0.0,278.0,-1.0,,NORMAL
1790720555.9022124,esp32-1,-58.0,24.38475,22.52733,20.0,49.0,-1.0,,NORMAL
1790720560.51005,esp32-1,-59.0,40.5948,6.11775,0.0,543.0,-1.0,,NORMAL
1790720565.3008556,esp32-1,-56.0,47.2434,6.229249,0.0,227.0,-1.0,,NORMAL
1790720570.997205,esp32-1,-58.0,23.16325,17.43567,20.0,52.0,-1.0,,NORMAL
1790720575.300788,esp32-1,-58.0,40.361,7.20175,0.0,196.0,-1.0,,NORMAL
1790720580.217203,esp32-1,-57.0,47.2058,7.46,0.0,181.0,-1.0,,NORMAL
1790720587.0775273,esp32-1,-57.0,23.9605,18.19867,20.0,54.0,-1.0,,NORMAL
1790720590.3533528,esp32-1,-58.0,39.9998,7.789,0.0,249.0,-1.0,,NORMAL
1790720595.063759,esp32-1,-57.0,47.0902,5.5925,0.0,52.0,-1.0,,NORMAL
1790720601.0040524,esp32-1,-58.0,26.184,14.28267,20.0,38.0,-1.0,,NORMAL
1790720605.305484,esp32-1,-57.0,40.2858,8.2895,0.0,198.0,-1.0,,NORMAL
1790720610.2176957,esp32-1,-59.0,73.6236,39.05075,0.0,22.0,-1.0,,NORMAL
1790720616.2168686,esp32-1,-56.0,27.16325,16.16867,20.0,34.0,-1.0,,NORMAL
1790720620.0562458,esp32-1,-58.0,39.8356,8.806751,0.0,53.0,-1.0,,NORMAL
1790720625.8352928,esp32-1,-58.0,46.6184,6.01425,0.0,53.0,-1.0,,NORMAL
1790720631.1497111,esp32-1,-57.0,22.62375,17.64166,20.0,218.0,-1.0,,NORMAL
1790720635.1034243,esp32-1,-59.0,39.8334,6.301,0.0,52.0,-1.0,,NORMAL
1790720640.3274415,esp32-1,-59.0,69.236,81.10825,0.0,176.0,-1.0,,NORMAL
1790720645.957363,esp32-1,-56.0,22.2535,18.313,20.0,4.0,-1.0,,NORMAL
1790720650.2154145,esp32-1,-58.0,39.662,7.2535,0.0,256.0,-1.0,,NORMAL
1790720655.2446556,esp32-1,-56.0,46.5578,6.31,0.0,241.0,-1.0,,NORMAL
1790720661.0994442,esp32-1,-59.0,85.63575,139.7193,20.0,3.0,-1.0,,NORMAL
1790720665.106058,esp32-1,-58.0,39.5318,9.865,0.0,53.0,-1.0,,NORMAL
1790720671.1505873,esp32-1,-58.0,46.504,5.841249,0.0,53.0,-1.0,,NORMAL
1790720675.962634,esp32-1,-58.0,25.39975,21.03134,20.0,38.0,-1.0,,NORMAL
1790720680.013716,esp32-1,-60.0,39.9594,7.565249,0.0,51.0,-1.0,,NORMAL
1790720685.4325082,esp32-1,-58.0,46.2286,6.10925,0.0,53.0,-1.0,,NORMAL
1790720690.9094615,esp32-1,-58.0,24.24375,17.77767,20.0,42.0,-1.0,,NORMAL
1790720695.011954,esp32-1,-57.0,39.3046,10.377,0.0,53.0,-1.0,,NORMAL
1790720700.0478668,esp32-1,-58.0,46.062,6.3495,0.0,53.0,-1.0,,NORMAL
1790720706.1261637,esp32-1,-56.0,22.42525,18.55333,20.0,9.0,-1.0,,NORMAL
1790720710.0212586,esp32-1,-56.0,38.9264,6.6265,0.0,53.0,-1.0,,NORMAL
1790720715.182422,esp32-1,-58.0,45.6022,6.2085,0.0,53.0,-1.0,,NORMAL
1790720721.0178285,esp32-1,-58.0,23.707,18.757,20.0,43.0,-1.0,,NORMAL
1790720725.260272,esp32-1,-58.0,39.0304,7.74025,0.0,220.0,-1.0,,NORMAL
1790720730.3402705,esp32-1,-58.0,45.6678,6.21775,0.0,203.0,-1.0,,NORMAL
1790720735.969568,esp32-1,-55.0,24.09725,21.094,20.0,41.0,-1.0,,NORMAL
1790720741.1426105,esp32-1,-54.0,38.6692,6.7075,0.0,53.0,-1.0,,NORMAL
1790720745.4598763,esp32-1,-55.0,45.6254,5.699749,0.0,295.0,-1.0,,NORMAL
1790720752.071866,esp32-1,-55.0,30.672,14.4585,40.0,8.0,-1.0,,NORMAL
1790720755.1231616,esp32-1,-58.0,38.597,6.0525,0.0,53.0,-1.0,,NORMAL
1790720760.866898,esp32-1,-59.0,24.92275,17.40433,20.0,2.0,-1.0,,NORMAL
1790720765.9744365,esp32-1,-57.0,24.14075,15.768,20.0,2.0,-1.0,,NORMAL
1790720772.22212,esp32-1,-58.0,29.1585,26.96367,20.0,53.0,-1.0,,NORMAL
1790720776.2166345,esp32-1,-56.0,45.08,5.31275,0.0,53.0,-1.0,,NORMAL
1790720782.1533668,esp32-1,-57.0,19.90933,13.109,40.0,3.0,-1.0,,NORMAL
1790720785.257503,esp32-1,-56.0,38.1926,6.25825,0.0,230.0,-1.0,,NORMAL
1790720790.0428567,esp32-1,-56.0,44.9612,6.2275,0.0,53.0,-1.0,,NORMAL
1790720795.9801073,esp32-1,-56.0,24.92225,14.36767,20.0,35.0,-1.0,,NORMAL
1790720801.2012877,esp32-1,-56.0,58.7338,76.69476,0.0,52.0,-1.0,,NORMAL
1790720805.298953,esp32-1,-56.0,44.719,4.226,0.0,264.0,-1.0,,NORMAL
1790720810.898604,esp32-1,-55.0,21.96275,18.513,20.0,46.0,-1.0,,NORMAL
1790720816.1838017,esp32-1,-55.0,37.764,6.06925,0.0,53.0,-1.0,,NORMAL
1790720821.061925,esp32-1,-55.0,72.393,136.2367,20.0,4.0,-1.0,,NORMAL
1790720825.8610163,esp32-1,-57.0,24.306,19.30067,20.0,3.0,-1.0,,NORMAL
1790720830.1399357,esp32-1,-58.0,37.5464,8.201501,0.0,184.0,-1.0,,NORMAL
1790720835.3584077,esp32-1,-56.0,44.5716,5.31825,0.0,52.0,-1.0,,NORMAL
1790720840.9424622,esp32-1,-57.0,22.836,18.898,20.0,40.0,-1.0,,NORMAL
1790720846.6928415,esp32-1,-55.0,274.4494,613.1268,0.0,487.0,-1.0,,NORMAL
1790720851.2172465,esp32-1,-55.0,44.3624,6.191249,0.0,53.0,-1.0,,NORMAL
1790720855.8934326,esp32-1,-56.0,22.15575,17.348,20.0,41.0,-1.0,,NORMAL
1790720861.0064037,esp32-1,-57.0,27.9425,24.72567,20.0,53.0,-1.0,,NORMAL
1790720865.2645745,esp32-1,-56.0,44.1014,5.85125,0.0,276.0,-1.0,,NORMAL
1790720871.0413647,esp32-1,-55.0,23.25275,17.84333,20.0,36.0,-1.0,,NORMAL
1790720877.105588,esp32-1,-55.0,27.69075,20.57133,20.0,53.0,-1.0,,NORMAL
1790720880.2160738,esp32-1,-56.0,43.8684,6.70725,0.0,226.0,-1.0,,NORMAL
1790720885.428073,esp32-1,-56.0,50.8194,7.883751,0.0,53.0,-1.0,,NORMAL
1790720891.8316908,esp32-1,-57.0,26.60925,16.42034,20.0,917.0,-1.0,,NORMAL
1790720896.0866578,esp32-1,-54.0,43.7122,7.193,0.0,53.0,-1.0,,NORMAL
1790720900.9430752,esp32-1,-57.0,22.67125,17.45767,20.0,40.0,-1.0,,NORMAL
1790720906.181111,esp32-1,-57.0,27.02725,22.52467,20.0,246.0,-1.0,,NORMAL
1790720910.04367,esp32-1,-56.0,43.1792,6.181001,0.0,53.0,-1.0,,NORMAL
1790720915.8929403,esp32-1,-56.0,22.48775,15.676,20.0,37.0,-1.0,,NORMAL
1790720921.0783367,esp32-1,-56.0,26.8335,22.076,20.0,198.0,-1.0,,NORMAL
1790720925.218264,esp32-1,-55.0,43.1174,6.19075,0.0,182.0,-1.0,,NORMAL
1790720930.9532182,esp32-1,-55.0,23.69475,16.81567,20.0,31.0,-1.0,,NORMAL
1790720935.9240465,esp32-1,-54.0,26.63825,23.521,20.0,52.0,-1.0,,NORMAL
1790720940.2314274,esp32-1,-54.0,43.1896,5.763999,0.0,240.0,-1.0,,NORMAL
1790720945.8846805,esp32-1,-55.0,23.1325,17.54067,20.0,33.0,-1.0,,NORMAL
1790720952.1536288,esp32-1,-57.0,26.266,22.37634,20.0,56.0,-1.0,,NORMAL
1790720955.1852858,esp32-1,-56.0,43.065,6.1215,0.0,191.0,-1.0,,NORMAL
1790720961.0112524,esp32-1,-57.0,22.26025,18.92833,20.0,151.0,-1.0,,NORMAL
1790720966.1410697,esp32-1,-57.0,26.55975,24.77666,20.0,257.0,-1.0,,NORMAL
1790720970.2351444,esp32-1,-56.0,43.0298,6.24325,0.0,245.0,-1.0,,NORMAL
1790720975.3202348,esp32-1,-57.0,49.646,5.213499,0.0,227.0,-1.0,,NORMAL
1790720981.2276204,esp32-1,-58.0,26.08225,22.971,20.0,208.0,-1.0,,NORMAL
1790720985.2234898,esp32-1,-58.0,42.763,6.196751,0.0,195.0,-1.0,,NORMAL
1790720990.9580867,esp32-1,-57.0,22.46175,17.97833,20.0,33.0,-1.0,,NORMAL
1790720997.048112,esp32-1,-56.0,26.0005,21.95634,20.0,53.0,-1.0,,NORMAL
1790721000.2336087,esp32-1,-57.0,42.2354,6.15425,0.0,248.0,-1.0,,NORMAL
1790721005.3233662,esp32-1,-57.0,49.3384,3.6785,0.0,231.0,-1.0,,NORMAL
1790721011.1299539,esp32-1,-57.0,60.29175,62.28934,20.0,3.0,-1.0,,NORMAL
1790721015.1362154,esp32-1,-57.0,71.2902,42.68275,0.0,11.0,-1.0,,NORMAL
1790721020.9053473,esp32-1,-55.0,24.5785,18.32,20.0,24.0,-1.0,,NORMAL
1790721026.141618,esp32-1,-55.0,25.2035,20.88867,20.0,266.0,-1.0,,NORMAL
1790721030.0808253,esp32-1,-56.0,42.191,6.22175,0.0,52.0,-1.0,,NORMAL
1790721035.8970883,esp32-1,-56.0,22.602,19.14533,20.0,29.0,-1.0,,NORMAL
1790721040.9304202,esp32-1,-55.0,32.5,23.68833,20.0,25.0,-1.0,,NORMAL
1790721046.2568407,esp32-1,-58.0,34.026,47.16034,20.0,201.0,-1.0,,NORMAL
1790721050.9662414,esp32-1,-57.0,23.81,19.59667,20.0,24.0,-1.0,,NORMAL
1790721056.1424077,esp32-1,-57.0,24.79275,18.491,20.0,271.0,-1.0,,NORMAL
1790721060.2386441,esp32-1,-57.0,41.589,6.52675,0.0,257.0,-1.0,,NORMAL
1790721065.1996508,esp32-1,-58.0,48.8064,5.719501,0.0,52.0,-1.0,,NORMAL
1790721072.006093,esp32-1,-57.0,24.654,20.807,20.0,52.0,-1.0,,NORMAL
1790721075.0809531,esp32-1,-56.0,41.6976,5.816,0.0,53.0,-1.0,,NORMAL
1790721080.9690502,esp32-1,-56.0,22.05725,17.65566,20.0,30.0,-1.0,,NORMAL
1790721085.8911567,esp32-1,-57.0,24.58275,18.398,20.0,3.0,-1.0,,NORMAL
1790721090.2889624,esp32-1,-55.0,42.0196,7.46225,0.0,53.0,-1.0,,NORMAL
1790721096.902251,esp32-1,-55.0,47.9682,5.3255,0.0,245.0,-1.0,,NORMAL
1790721101.0973418,esp32-1,-55.0,24.2285,19.476,20.0,226.0,-1.0,,NORMAL
1790721105.1934648,esp32-1,-57.0,41.2818,6.72675,0.0,213.0,-1.0,,NORMAL
1790721111.8493319,esp32-1,-56.0,20.35367,25.12,40.0,4.0,-1.0,,NORMAL
1790721115.9345155,esp32-1,-55.0,24.22225,20.12833,20.0,52.0,-1.0,,NORMAL
1790721120.088245,esp32-1,-55.0,41.092,8.7895,0.0,54.0,-1.0,,NORMAL
1790721125.7382436,esp32-1,-55.0,47.809,6.445,0.0,53.0,-1.0,,NORMAL
1790721131.9689302,esp32-1,-56.0,19.662,12.57,40.0,3.0,-1.0,,NORMAL
1790721135.1408103,esp32-1,-57.0,40.9606,5.953501,0.0,53.0,-1.0,,NORMAL
1790721141.2884243,esp32-1,-56.0,68.1504,91.06174,0.0,55.0,-1.0,,NORMAL
1790721146.0982766,esp32-1,-56.0,23.81725,18.05,20.0,182.0,-1.0,,NORMAL
1790721150.0924134,esp32-1,-57.0,40.7778,6.75,0.0,53.0,-1.0,,NORMAL
1790721155.2724302,esp32-1,-56.0,47.4706,5.917501,0.0,256.0,-1.0,,NORMAL
1790721161.1755502,esp32-1,-57.0,23.07375,18.738,20.0,236.0,-1.0,,NORMAL
1790721165.2023697,esp32-1,-56.0,40.5104,7.566999,0.0,223.0,-1.0,,NORMAL
1790721170.1639066,esp32-1,-56.0,47.2358,5.730501,0.0,4.0,-1.0,,NORMAL
1790721175.9283817,esp32-1,-57.0,23.24175,19.06033,20.0,53.0,-1.0,,NORMAL
1790721181.2247708,esp32-1,-55.0,40.4748,6.318501,0.0,53.0,-1.0,,NORMAL
1790721185.0678217,esp32-1,-54.0,47.1358,5.198001,0.0,52.0,-1.0,,NORMAL
1790721191.1175342,esp32-1,-55.0,22.9435,17.38,20.0,245.0,-1.0,,NORMAL
1790721195.15007,esp32-1,-55.0,40.1698,5.921,0.0,52.0,-1.0,,NORMAL
1790721200.1693678,esp32-1,-56.0,46.805,6.51075,0.0,54.0,-1.0,,NORMAL
1790721205.8779566,esp32-1,-56.0,24.78375,19.40667,20.0,3.0,-1.0,,NORMAL
1790721210.2029417,esp32-1,-56.0,60.9102,75.83275,0.0,50.0,-1.0,,NORMAL
1790721215.582937,esp32-1,-56.0,46.5212,6.33425,0.0,565.0,-1.0,,NORMAL
1790721220.9684896,esp32-1,-57.0,23.57925,19.52533,20.0,49.0,-1.0,,NORMAL
1790721225.20904,esp32-1,-58.0,39.6694,6.989251,0.0,235.0,-1.0,,NORMAL
1790721230.5308027,esp32-1,-57.0,46.6834,6.240501,0.0,516.0,-1.0,,NORMAL
1790721235.9225235,esp32-1,-55.0,32.78225,29.44566,20.0,11.0,-1.0,,NORMAL
1790721240.1705177,esp32-1,-57.0,39.5346,6.45175,0.0,184.0,-1.0,,NORMAL
1790721245.2897081,esp32-1,-56.0,46.2982,6.24925,0.0,270.0,-1.0,,NORMAL
1790721250.921087,esp32-1,-56.0,23.34025,13.16567,20.0,48.0,-1.0,,NORMAL
1790721255.213139,esp32-1,-56.0,39.7052,6.676999,0.0,238.0,-1.0,,NORMAL
1790721260.3230667,esp32-1,-56.0,46.1476,6.77375,0.0,222.0,-1.0,,NORMAL
1790721266.9841018,esp32-1,-55.0,22.6885,14.32733,20.0,52.0,-1.0,,NORMAL
1790721271.1331344,esp32-1,-55.0,39.274,5.88775,0.0,53.0,-1.0,,NORMAL
1790721275.2897136,esp32-1,-55.0,46.1532,6.177499,0.0,276.0,-1.0,,NORMAL
1790721281.1721966,esp32-1,-56.0,22.4995,17.56634,20.0,253.0,-1.0,,NORMAL
1790721285.0393596,esp32-1,-54.0,39.5484,8.979249,0.0,52.0,-1.0,,NORMAL
1790721291.2391229,esp32-1,-56.0,45.6698,6.33325,0.0,54.0,-1.0,,NORMAL
1790721295.9180915,esp32-1,-56.0,23.38675,16.58533,20.0,45.0,-1.0,,NORMAL
1790721300.115609,esp32-1,-55.0,39.262,7.361001,0.0,52.0,-1.0,,NORMAL
1790721305.9518359,esp32-1,-55.0,66.3298,75.27599,0.0,52.0,-1.0,,NORMAL
1790721310.9242628,esp32-1,-55.0,23.689,16.42333,20.0,47.0,-1.0,,NORMAL
1790721316.2103953,esp32-1,-55.0,38.732,6.445001,0.0,53.0,-1.0,,NORMAL
1790721320.1851687,esp32-1,-55.0,45.5638,5.657749,0.0,52.0,-1.0,,NORMAL
1790721325.9263601,esp32-1,-55.0,24.21425,15.49867,20.0,43.0,-1.0,,NORMAL
1790721331.1427503,esp32-1,-54.0,38.6568,6.8015,0.0,53.0,-1.0,,NORMAL
1790721335.240503,esp32-1,-55.0,45.328,6.324251,0.0,183.0,-1.0,,NORMAL
1790721340.9728339,esp32-1,-55.0,22.58,17.598,20.0,47.0,-1.0,,NORMAL
1790721345.0264385,esp32-1,-58.0,38.3904,8.35025,0.0,52.0,-1.0,,NORMAL
1790721351.096176,esp32-1,-56.0,77.2135,146.9167,20.0,3.0,-1.0,,NORMAL
1790721356.0294657,esp32-1,-56.0,22.191,16.97767,20.0,46.0,-1.0,,NORMAL
1790721360.3285494,esp32-1,-55.0,38.0634,6.073499,0.0,201.0,-1.0,,NORMAL
1790721365.8573878,esp32-1,-56.0,44.8848,5.451499,0.0,53.0,-1.0,,NORMAL
1790721370.9328163,esp32-1,-56.0,24.41525,18.99433,20.0,37.0,-1.0,,NORMAL
1790721375.9469557,esp32-1,-56.0,28.73425,26.44967,20.0,51.0,-1.0,,NORMAL
1790721380.2503397,esp32-1,-58.0,44.7314,6.004,0.0,242.0,-1.0,,NORMAL
1790721386.2726707,esp32-1,-55.0,51.5178,12.6325,0.0,53.0,-1.0,,NORMAL
1790721390.9503195,esp32-1,-56.0,28.59625,21.24833,20.0,52.0,-1.0,,NORMAL
1790721395.1455932,esp32-1,-55.0,44.5746,6.8,0.0,53.0,-1.0,,NORMAL
1790721400.9831257,esp32-1,-57.0,22.66775,17.81,20.0,41.0,-1.0,,NORMAL
1790721405.9988859,esp32-1,-55.0,28.137,25.68733,20.0,52.0,-1.0,,NORMAL
1790721410.3120918,esp32-1,-56.0,44.2636,7.85025,0.0,247.0,-1.0,,NORMAL
1790721416.0367057,esp32-1,-58.0,22.8755,18.40867,20.0,40.0,-1.0,,NORMAL
1790721421.204468,esp32-1,-55.0,27.8715,24.17633,20.0,212.0,-1.0,,NORMAL
1790721425.2076287,esp32-1,-57.0,44.017,5.91275,0.0,199.0,-1.0,,NORMAL
1790721430.9906242,esp32-1,-56.0,21.5105,16.891,20.0,43.0,-1.0,,NORMAL
1790721436.16727,esp32-1,-54.0,28.1585,20.408,20.0,265.0,-1.0,,NORMAL
1790721440.8227108,esp32-1,-56.0,63.378,32.4515,0.0,707.0,-1.0,,NORMAL
1790721445.9207897,esp32-1,-56.0,23.767,17.134,20.0,34.0,-1.0,,NORMAL
1790721451.9271078,esp32-1,-56.0,42.3005,42.977,20.0,854.0,-1.0,,NORMAL
1790721455.9343288,esp32-1,-56.0,35.992,17.23633,20.0,4.0,-1.0,,NORMAL
1790721461.8639228,esp32-1,-56.0,20.95667,14.226,40.0,4.0,-1.0,,NORMAL
1790721465.957532,esp32-1,-56.0,27.0575,20.633,20.0,53.0,-1.0,,NORMAL
1790721470.5162745,esp32-1,-56.0,84.51741,108.674,0.0,261.0,-1.0,,NORMAL
1790721475.9158766,esp32-1,-56.0,23.2385,16.84367,20.0,35.0,-1.0,,NORMAL
1790721481.062288,esp32-1,-57.0,26.99225,22.29033,20.0,52.0,-1.0,,NORMAL
1790721485.4658208,esp32-1,-56.0,42.996,6.8885,0.0,212.0,-1.0,,NORMAL
1790721490.889434,esp32-1,-57.0,22.9465,17.07567,20.0,3.0,-1.0,,NORMAL
1790721496.2156785,esp32-1,-57.0,26.47075,23.26333,20.0,278.0,-1.0,,NORMAL
1790721501.180518,esp32-1,-56.0,43.6254,7.50425,0.0,54.0,-1.0,,NORMAL
1790721505.2291322,esp32-1,-56.0,50.024,2.85175,0.0,53.0,-1.0,,NORMAL
1790721511.1273742,esp32-1,-55.0,26.32875,22.92167,20.0,228.0,-1.0,,NORMAL
1790721515.9324465,esp32-1,-55.0,76.17641,49.162,0.0,645.0,-1.0,,NORMAL
1790721520.923549,esp32-1,-56.0,23.725,17.39433,20.0,28.0,-1.0,,NORMAL
1790721526.8366127,esp32-1,-56.0,21.9065,17.45533,20.0,947.0,-1.0,,NORMAL
1790721530.2778075,esp32-1,-56.0,42.7336,6.60125,0.0,267.0,-1.0,,NORMAL
1790721536.870639,esp32-1,-56.0,22.82733,19.2425,40.0,5.0,-1.0,,NORMAL
1790721541.139106,esp32-1,-55.0,25.667,20.532,20.0,233.0,-1.0,,NORMAL
1790721545.2256882,esp32-1,-56.0,42.4598,6.0405,0.0,219.0,-1.0,,NORMAL
1790721550.1875236,esp32-1,-55.0,49.37,38.09575,0.0,52.0,-1.0,,NORMAL
1790721556.023763,esp32-1,-55.0,27.20175,9.319666,20.0,48.0,-1.0,,NORMAL
1790721561.0950923,esp32-1,-56.0,42.2802,6.597001,0.0,53.0,-1.0,,NORMAL
1790721565.9074624,esp32-1,-55.0,24.00025,17.28833,20.0,25.0,-1.0,,NORMAL
1790721571.831553,esp32-1,-57.0,38.587,46.734,20.0,876.0,-1.0,,NORMAL
1790721575.3070977,esp32-1,-58.0,42.089,7.042001,0.0,228.0,-1.0,,NORMAL
1790721581.8767114,esp32-1,-58.0,26.005,13.419,40.0,5.0,-1.0,,NORMAL
1790721586.9472833,esp32-1,-57.0,23.2765,15.27333,20.0,939.0,-1.0,,NORMAL
1790721590.2242334,esp32-1,-58.0,41.5404,6.502999,0.0,177.0,-1.0,,NORMAL
1790721595.9140587,esp32-1,-56.0,21.76425,17.10267,20.0,32.0,-1.0,,NORMAL
1790721601.9030242,esp32-1,-56.0,21.48466,15.278,40.0,51.0,-1.0,,NORMAL
1790721605.8195913,esp32-1,-57.0,41.6582,5.886,0.0,53.0,-1.0,,NORMAL
1790721610.349784,esp32-1,-55.0,48.6,8.833251,0.0,215.0,-1.0,,NORMAL
1790721616.0854847,esp32-1,-57.0,24.42525,16.59433,20.0,195.0,-1.0,,NORMAL
1790721620.9487953,esp32-1,-54.0,38.235,8.31,20.0,6.0,-1.0,,NORMAL
1790721625.9173245,esp32-1,-55.0,22.56675,17.768,20.0,26.0,-1.0,,NORMAL
1790721631.1527286,esp32-1,-55.0,24.17375,16.79,20.0,250.0,-1.0,,NORMAL
1790721635.0539298,esp32-1,-56.0,41.0154,6.451,0.0,53.0,-1.0,,NORMAL
1790721641.0990012,esp32-1,-56.0,76.415,133.9747,20.0,3.0,-1.0,,NORMAL
1790721646.9565563,esp32-1,-55.0,19.98267,12.611,40.0,7.0,-1.0,,NORMAL
1790721650.9276724,esp32-1,-56.0,31.72475,10.972,20.0,4.0,-1.0,,NORMAL
1790721656.120676,esp32-1,-55.0,47.84,5.855751,0.0,53.0,-1.0,,NORMAL
1790721661.0893307,esp32-1,-55.0,24.33425,21.54833,20.0,50.0,-1.0,,NORMAL
1790721665.7623806,esp32-1,-55.0,78.3932,53.298,0.0,571.0,-1.0,,NORMAL
1790721670.259422,esp32-1,-56.0,47.278,6.106999,0.0,226.0,-1.0,,NORMAL
1790721675.943179,esp32-1,-56.0,23.669,18.439,20.0,51.0,-1.0,,NORMAL
1790721680.238611,esp32-1,-55.0,40.4442,6.2775,0.0,194.0,-1.0,,NORMAL
1790721685.1557486,esp32-1,-56.0,47.2448,6.518999,0.0,52.0,-1.0,,NORMAL
1790721691.76412,esp32-1,-55.0,23.867,14.30433,20.0,53.0,-1.0,,NORMAL
1790721696.2308893,esp32-1,-56.0,40.4628,5.47625,0.0,53.0,-1.0,,NORMAL
1790721700.08207,esp32-1,-56.0,47.1636,6.692999,0.0,52.0,-1.0,,NORMAL
1790721706.042288,esp32-1,-56.0,23.08675,20.389,20.0,51.0,-1.0,,NORMAL
1790721710.345796,esp32-1,-55.0,40.3,6.255749,0.0,199.0,-1.0,,NORMAL
1790721715.3191817,esp32-1,-55.0,67.4868,82.36525,0.0,182.0,-1.0,,NORMAL
1790721721.152281,esp32-1,-56.0,22.445,19.049,20.0,267.0,-1.0,,NORMAL
1790721725.3043847,esp32-1,-55.0,39.9486,6.235,0.0,252.0,-1.0,,NORMAL
1790721731.2633095,esp32-1,-55.0,91.418,67.07266,20.0,4.0,-1.0,,NORMAL
1790721736.1052067,esp32-1,-54.0,22.61975,18.26567,20.0,217.0,-1.0,,NORMAL
1790721740.2489905,esp32-1,-56.0,70.144,43.98525,0.0,6.0,-1.0,,NORMAL
1790721745.2652967,esp32-1,-56.0,46.9064,5.69925,0.0,186.0,-1.0,,NORMAL
1790721750.9510465,esp32-1,-56.0,22.99,18.15167,20.0,50.0,-1.0,,NORMAL
1790721755.258855,esp32-1,-56.0,39.4756,6.34975,0.0,259.0,-1.0,,NORMAL
1790721761.0103881,esp32-1,-57.0,50.50275,77.63233,20.0,10.0,-1.0,,NORMAL
1790721766.1105032,esp32-1,-59.0,22.0325,17.52333,20.0,222.0,-1.0,,NORMAL
1790721770.0520222,esp32-1,-55.0,39.3304,7.975249,0.0,53.0,-1.0,,NORMAL
1790721775.962083,esp32-1,-57.0,40.399,14.005,20.0,4.0,-1.0,,NORMAL
1790721781.9252505,esp32-1,-56.0,20.55267,13.8095,40.0,3.0,-1.0,,NORMAL
1790721785.2642305,esp32-1,-54.0,39.417,6.46775,0.0,263.0,-1.0,,NORMAL
1790721791.1413631,esp32-1,-56.0,81.8865,153.345,20.0,3.0,-1.0,,NORMAL
1790721795.9541879,esp32-1,-59.0,23.11175,14.46933,20.0,47.0,-1.0,,NORMAL
1790721800.0517642,esp32-1,-57.0,38.9182,6.29925,0.0,52.0,-1.0,,NORMAL
1790721806.1969275,esp32-1,-55.0,45.8798,5.577501,0.0,53.0,-1.0,,NORMAL
1790721810.9058292,esp32-1,-58.0,22.91175,16.653,20.0,3.0,-1.0,,NORMAL
1790721815.924324,esp32-1,-58.0,34.133,10.264,0.0,864.0,-1.0,,NORMAL
1790721821.2001455,esp32-1,-57.0,45.6992,6.601,0.0,53.0,-1.0,,NORMAL
1790721826.0615122,esp32-1,-56.0,22.914,17.01933,20.0,46.0,-1.0,,NORMAL
1790721830.3007596,esp32-1,-57.0,38.2068,6.768999,0.0,221.0,-1.0,,NORMAL
1790721835.1827357,esp32-1,-56.0,66.8894,87.982,0.0,49.0,-1.0,,NORMAL
1790721840.9382932,esp32-1,-57.0,23.9265,23.55433,20.0,40.0,-1.0,,NORMAL
1790721845.2654548,esp32-1,-57.0,38.0834,6.268499,0.0,273.0,-1.0,,NORMAL
1790721850.0798283,esp32-1,-61.0,45.0892,5.10275,0.0,53.0,-1.0,,NORMAL
1790721855.9449556,esp32-1,-57.0,22.7135,18.98967,20.0,47.0,-1.0,,NORMAL
1790721861.225042,esp32-1,-57.0,28.98225,20.82434,20.0,222.0,-1.0,,NORMAL
1790721865.0907214,esp32-1,-58.0,44.9106,6.392,0.0,53.0,-1.0,,NORMAL
1790721871.019725,esp32-1,-58.0,23.5705,16.10233,20.0,40.0,-1.0,,NORMAL
1790721876.1920161,esp32-1,-58.0,28.752,26.39034,20.0,275.0,-1.0,,NORMAL
1790721880.2932715,esp32-1,-56.0,45.0368,6.61675,0.0,261.0,-1.0,,NORMAL
1790721885.9420037,esp32-1,-57.0,21.90525,17.074,20.0,47.0,-1.0,,NORMAL
1790721890.297449,esp32-1,-58.0,37.808,7.86675,0.0,230.0,-1.0,,NORMAL
1790721895.1865823,esp32-1,-57.0,44.6824,6.725001,0.0,53.0,-1.0,,NORMAL
1790721900.9362156,esp32-1,-55.0,22.78575,16.93467,20.0,40.0,-1.0,,NORMAL
1790721906.9613366,esp32-1,-57.0,23.789,14.94733,20.0,943.0,-1.0,,NORMAL
1790721910.0928965,esp32-1,-57.0,44.5566,9.19475,0.0,51.0,-1.0,,NORMAL
1790721916.074666,esp32-1,-58.0,23.1785,18.09333,20.0,38.0,-1.0,,NORMAL
1790721921.2220476,esp32-1,-59.0,27.87625,24.88667,20.0,233.0,-1.0,,NORMAL
1790721926.1637743,esp32-1,-62.0,44.3176,13.20425,0.0,56.0,-1.0,,NORMAL
1790721930.2345817,esp32-1,-62.0,51.14939,8.275751,0.0,51.0,-1.0,,NORMAL
1790721936.065445,esp32-1,-54.0,30.67975,26.88433,20.0,44.0,-1.0,,NORMAL
1790721940.2416399,esp32-1,-53.0,44.1388,6.7685,0.0,53.0,-1.0,,NORMAL
1790721945.9490578,esp32-1,-53.0,22.70875,19.73267,20.0,51.0,-1.0,,NORMAL
1790721951.0955539,esp32-1,-54.0,28.0215,25.025,20.0,51.0,-1.0,,NORMAL
1790721955.3352573,esp32-1,-55.0,44.0126,5.883749,0.0,222.0,-1.0,,NORMAL
1790721961.0329661,esp32-1,-53.0,22.925,20.19234,20.0,39.0,-1.0,,NORMAL
1790721966.8494265,esp32-1,-53.0,22.50725,16.51967,20.0,946.0,-1.0,,NORMAL
1790721971.0666811,esp32-1,-53.0,35.3415,14.87,20.0,4.0,-1.0,,NORMAL
1790721976.2924085,esp32-1,-53.0,50.2614,2.93275,0.0,55.0,-1.0,,NORMAL
1790721981.1494155,esp32-1,-55.0,27.01675,22.70767,20.0,240.0,-1.0,,NORMAL
1790721986.0034313,esp32-1,-52.0,41.39175,64.22833,20.0,30.0,-1.0,,NORMAL
1790721990.93951,esp32-1,-55.0,22.01925,17.683,20.0,37.0,-1.0,,NORMAL
1790721996.0547204,esp32-1,-55.0,26.60675,17.82067,20.0,53.0,-1.0,,NORMAL
1790722000.3099985,esp32-1,-54.0,63.58941,80.49326,0.0,181.0,-1.0,,NORMAL
1790722005.9894474,esp32-1,-53.0,23.861,21.25433,20.0,31.0,-1.0,,NORMAL
1790722011.1616588,esp32-1,-53.0,26.51075,21.39567,20.0,249.0,-1.0,,NORMAL
1790722015.086659,esp32-1,-53.0,42.931,6.36575,0.0,53.0,-1.0,,NORMAL
1790722021.0387182,esp32-1,-53.0,21.54725,16.90233,20.0,39.0,-1.0,,NORMAL
1790722026.1172767,esp32-1,-52.0,25.93025,22.421,20.0,200.0,-1.0,,NORMAL
1790722031.2244914,esp32-1,-52.0,62.9628,78.38274,0.0,53.0,-1.0,,NORMAL
1790722035.9443707,esp32-1,-75.0,23.81125,18.557,20.0,29.0,-1.0,,NORMAL
1790722041.1680064,esp32-1,-55.0,25.739,21.95533,20.0,254.0,-1.0,,NORMAL
1790722045.2737832,esp32-1,-57.0,42.5632,6.021,0.0,239.0,-1.0,,NORMAL
1790722050.9374774,esp32-1,-57.0,25.43525,25.15333,20.0,19.0,-1.0,,NORMAL
1790722056.1253805,esp32-1,-58.0,25.691,18.33834,20.0,205.0,-1.0,,NORMAL
1790722061.1838474,esp32-1,-55.0,42.2824,6.278251,0.0,53.0,-1.0,,NORMAL
1790722066.1493194,esp32-1,-58.0,49.0402,6.3515,0.0,53.0,-1.0,,NORMAL
1790722071.1767402,esp32-1,-59.0,25.22375,20.81167,20.0,260.0,-1.0,,NORMAL
1790722075.326306,esp32-1,-60.0,42.0574,8.5935,0.0,244.0,-1.0,,NORMAL
1790722080.373226,esp32-1,-59.0,49.1128,8.980749,0.0,228.0,-1.0,,NORMAL
1790722086.9634342,esp32-1,-59.0,284.5195,603.1647,20.0,9.0,-1.0,,NORMAL
1790722091.1874368,esp32-1,-59.0,42.0388,6.58725,0.0,53.0,-1.0,,NORMAL
1790722095.238704,esp32-1,-59.0,48.6276,8.799251,0.0,179.0,-1.0,,NORMAL
1790722101.2238948,esp32-1,-56.0,25.6095,19.22867,20.0,262.0,-1.0,,NORMAL
1790722105.8525803,esp32-1,-59.0,80.9958,55.14975,0.0,630.0,-1.0,,NORMAL
1790722110.933803,esp32-1,-58.0,21.493,17.16433,20.0,32.0,-1.0,,NORMAL
1790722116.2150705,esp32-1,-58.0,24.67325,19.41833,20.0,215.0,-1.0,,NORMAL
1790722121.1917021,esp32-1,-58.0,41.3496,7.156251,0.0,53.0,-1.0,,NORMAL
1790722125.3906872,esp32-1,-59.0,69.04539,78.099,0.0,185.0,-1.0,,NORMAL
1790722130.9661448,esp32-1,-59.0,24.27575,19.62467,20.0,53.0,-1.0,,NORMAL
1790722135.1196709,esp32-1,-60.0,41.5482,6.860001,0.0,53.0,-1.0,,NORMAL
1790722140.9344068,esp32-1,-58.0,21.5705,17.40667,20.0,29.0,-1.0,,NORMAL
1790722146.0766618,esp32-1,-58.0,25.124,19.51933,20.0,48.0,-1.0,,NORMAL
1790722150.1743755,esp32-1,-61.0,41.2952,6.57775,0.0,52.0,-1.0,,NORMAL
1790722155.2457292,esp32-1,-59.0,47.9168,7.327251,0.0,190.0,-1.0,,NORMAL
1790722161.0258636,esp32-1,-59.0,28.11475,23.17767,20.0,37.0,-1.0,,NORMAL
1790722165.3299751,esp32-1,-59.0,82.43781,110.2693,0.0,52.0,-1.0,,NORMAL
1790722170.3057103,esp32-1,-59.0,47.9408,6.426752,0.0,244.0,-1.0,,NORMAL
1790722176.2147102,esp32-1,-60.0,23.969,13.54067,20.0,225.0,-1.0,,NORMAL
1790722180.075836,esp32-1,-58.0,41.0934,7.909501,0.0,53.0,-1.0,,NORMAL
1790722185.2943277,esp32-1,-57.0,68.2718,90.09025,0.0,53.0,-1.0,,NORMAL
1790722190.9595373,esp32-1,-61.0,28.15225,30.78233,20.0,35.0,-1.0,,NORMAL
1790722196.251499,esp32-1,-58.0,40.4136,6.851499,0.0,56.0,-1.0,,NORMAL
1790722200.131084,esp32-1,-58.0,55.8826,13.68625,0.0,38.0,-1.0,,NORMAL
1790722205.9682462,esp32-1,-60.0,24.44525,20.38133,20.0,53.0,-1.0,,NORMAL
1790722210.0814848,esp32-1,-60.0,41.3146,9.765,0.0,53.0,-1.0,,NORMAL
1790722216.9375038,esp32-1,-60.0,19.87933,25.757,40.0,4.0,-1.0,,NORMAL
1790722221.0344865,esp32-1,-58.0,24.26575,19.73833,20.0,53.0,-1.0,,NORMAL
1790722226.2564645,esp32-1,-59.0,41.1732,6.327999,0.0,57.0,-1.0,,NORMAL
1790722230.3042383,esp32-1,-60.0,47.8946,7.14375,0.0,249.0,-1.0,,NORMAL
1790722236.0888793,esp32-1,-60.0,24.757,20.731,20.0,49.0,-1.0,,NORMAL
1790722241.2626758,esp32-1,-60.0,41.8465,56.063,20.0,277.0,-1.0,,NORMAL
1790722246.2824588,esp32-1,-58.0,68.54359,93.353,0.0,52.0,-1.0,,NORMAL
1790722250.9680986,esp32-1,-59.0,24.0225,20.075,20.0,50.0,-1.0,,NORMAL
1790722255.2918751,esp32-1,-59.0,40.7048,6.250251,0.0,271.0,-1.0,,NORMAL
1790722261.1754205,esp32-1,-60.0,58.273,87.05033,20.0,4.0,-1.0,,NORMAL
1790722266.1561697,esp32-1,-59.0,23.25525,18.228,20.0,239.0,-1.0,,NORMAL
1790722270.0919282,esp32-1,-60.0,40.5214,5.04975,0.0,52.0,-1.0,,NORMAL
1790722275.9256086,esp32-1,-60.0,57.8506,18.79475,0.0,747.0,-1.0,,NORMAL
1790722280.96897,esp32-1,-60.0,27.38575,21.00167,20.0,37.0,-1.0,,NORMAL
1790722285.3063445,esp32-1,-59.0,40.2342,6.6175,0.0,276.0,-1.0,,NORMAL
1790722290.3230958,esp32-1,-57.0,89.0746,57.39525,0.0,49.0,-1.0,,NORMAL
1790722296.159571,esp32-1,-59.0,23.124,19.73866,20.0,243.0,-1.0,,NORMAL
1790722300.326586,esp32-1,-59.0,40.1992,6.66675,0.0,227.0,-1.0,,NORMAL
1790722305.1218936,esp32-1,-58.0,46.8616,6.680751,0.0,52.0,-1.0,,NORMAL
1790722311.1488016,esp32-1,-59.0,22.76125,18.303,20.0,192.0,-1.0,,NORMAL
1790722315.1826992,esp32-1,-59.0,60.692,76.03374,0.0,53.0,-1.0,,NORMAL
1790722320.3212218,esp32-1,-59.0,46.8208,6.081501,0.0,264.0,-1.0,,NORMAL
1790722326.010717,esp32-1,-58.0,23.7615,12.548,20.0,48.0,-1.0,,NORMAL
1790722330.3265367,esp32-1,-59.0,39.9504,6.12025,0.0,232.0,-1.0,,NORMAL
1790722335.2706282,esp32-1,-74.0,46.5878,6.279249,0.0,215.0,-1.0,,NORMAL
1790722340.96889,esp32-1,-59.0,23.00075,16.11533,20.0,50.0,-1.0,,NORMAL
1790722345.2038083,esp32-1,-60.0,39.5672,8.324999,0.0,182.0,-1.0,,NORMAL
1790722350.16553,esp32-1,-60.0,46.8606,4.3175,0.0,52.0,-1.0,,NORMAL
1790722355.959635,esp32-1,-61.0,22.3765,17.68867,20.0,51.0,-1.0,,NORMAL
1790722360.071559,esp32-1,-60.0,39.5476,6.84625,0.0,53.0,-1.0,,NORMAL
1790722365.9373715,esp32-1,-60.0,80.1586,48.1265,0.0,637.0,-1.0,,NORMAL
1790722370.9639723,esp32-1,-59.0,23.39525,18.71267,20.0,48.0,-1.0,,NORMAL
1790722375.457698,esp32-1,-58.0,102.801,65.39349,0.0,3.0,-1.0,,NORMAL
1790722380.3737571,esp32-1,-60.0,46.31919,4.48675,0.0,274.0,-1.0,,NORMAL
1790722385.9801843,esp32-1,-59.0,23.60875,15.71433,20.0,44.0,-1.0,,NORMAL
1790722391.178271,esp32-1,-58.0,39.388,7.13225,0.0,53.0,-1.0,,NORMAL
1790722395.1055539,esp32-1,-59.0,45.9128,7.462502,0.0,53.0,-1.0,,NORMAL
1790722401.0624504,esp32-1,-57.0,23.53425,15.62533,20.0,44.0,-1.0,,NORMAL
1790722405.3598154,esp32-1,-59.0,38.922,7.176,0.0,193.0,-1.0,,NORMAL
1790722410.930186,esp32-1,-60.0,23.06575,14.89067,20.0,12.0,-1.0,,NORMAL
1790722416.935181,esp32-1,-61.0,19.82667,13.034,40.0,12.0,-1.0,,NORMAL
1790722420.9439511,esp32-1,-58.0,56.4978,29.538,0.0,754.0,-1.0,,NORMAL
1790722426.2072778,esp32-1,-57.0,45.6324,6.282501,0.0,53.0,-1.0,,NORMAL
1790722431.0626318,esp32-1,-58.0,22.77575,15.90167,20.0,45.0,-1.0,,NORMAL
1790722435.0719376,esp32-1,-59.0,38.789,6.04175,0.0,53.0,-1.0,,NORMAL
1790722440.2829177,esp32-1,-59.0,45.3324,5.685749,0.0,181.0,-1.0,,NORMAL
1790722446.0153227,esp32-1,-60.0,24.0335,21.35367,20.0,38.0,-1.0,,NORMAL
1790722450.2143035,esp32-1,-59.0,38.3286,6.09575,0.0,53.0,-1.0,,NORMAL
1790722455.361457,esp32-1,-58.0,44.9436,6.893251,0.0,236.0,-1.0,,NORMAL
1790722461.9152212,esp32-1,-60.0,27.834,37.092,40.0,5.0,-1.0,,NORMAL
1790722466.3930135,esp32-1,-59.0,72.8695,59.28667,20.0,128.0,-1.0,,NORMAL
1790722470.3879492,esp32-1,-59.0,65.3578,82.91474,0.0,187.0,-1.0,,NORMAL
1790722475.9688153,esp32-1,-58.0,24.32925,13.87267,20.0,40.0,-1.0,,NORMAL
1790722480.2797573,esp32-1,-59.0,38.8902,6.414501,0.0,254.0,-1.0,,NORMAL
1790722485.11144,esp32-1,-61.0,45.8236,5.960499,0.0,53.0,-1.0,,NORMAL
1790722491.07321,esp32-1,-59.0,22.57575,18.27933,20.0,48.0,-1.0,,NORMAL
1790722495.1685197,esp32-1,-58.0,38.8488,6.34425,0.0,51.0,-1.0,,NORMAL
1790722500.3538406,esp32-1,-61.0,65.98521,82.85475,0.0,196.0,-1.0,,NORMAL
1790722505.9252157,esp32-1,-58.0,22.136,18.54,20.0,3.0,-1.0,,NORMAL
1790722510.486684,esp32-1,-59.0,79.65639,58.253,0.0,257.0,-1.0,,NORMAL
1790722515.3585646,esp32-1,-60.0,45.45,5.21375,0.0,242.0,-1.0,,NORMAL
1790722520.9722364,esp32-1,-59.0,22.32075,17.60767,20.0,47.0,-1.0,,NORMAL
1790722525.378487,esp32-1,-61.0,38.1348,7.5785,0.0,210.0,-1.0,,NORMAL
1790722530.293961,esp32-1,-58.0,45.2598,6.04675,0.0,192.0,-1.0,,NORMAL
1790722535.281722,esp32-1,-59.0,52.0458,35.69125,0.0,179.0,-1.0,,NORMAL
1790722541.2101264,esp32-1,-60.0,28.66775,22.51667,20.0,260.0,-1.0,,NORMAL
1790722545.1549456,esp32-1,-60.0,45.2608,9.01625,0.0,52.0,-1.0,,NORMAL
1790722550.9390726,esp32-1,-61.0,24.4915,19.095,20.0,6.0,-1.0,,NORMAL
1790722555.1774282,esp32-1,-59.0,38.0288,6.29725,0.0,53.0,-1.0,,NORMAL
1790722560.357719,esp32-1,-60.0,65.0604,85.55849,0.0,199.0,-1.0,,NORMAL
1790722565.9277244,esp32-1,-58.0,22.7775,14.28533,20.0,4.0,-1.0,,NORMAL
1790722571.233686,esp32-1,-59.0,28.553,23.403,20.0,265.0,-1.0,,NORMAL
1790722575.358323,esp32-1,-59.0,44.6072,6.831251,0.0,252.0,-1.0,,NORMAL
1790722580.9672453,esp32-1,-60.0,22.45875,17.271,20.0,42.0,-1.0,,NORMAL
1790722586.1659257,esp32-1,-61.0,28.40825,25.66866,20.0,215.0,-1.0,,NORMAL
1790722590.2179081,esp32-1,-60.0,74.1116,43.43425,0.0,8.0,-1.0,,NORMAL
1790722595.968027,esp32-1,-59.0,21.5755,16.922,20.0,45.0,-1.0,,NORMAL
1790722601.0542767,esp32-1,-60.0,28.198,22.07733,20.0,53.0,-1.0,,NORMAL
1790722605.1528788,esp32-1,-59.0,44.0934,6.32975,0.0,52.0,-1.0,,NORMAL
1790722611.3154929,esp32-1,-61.0,51.077,14.7485,0.0,53.0,-1.0,,NORMAL
1790722616.2465925,esp32-1,-59.0,27.5845,21.91566,20.0,220.0,-1.0,,NORMAL
1790722620.2594798,esp32-1,-59.0,44.0606,5.8285,0.0,207.0,-1.0,,NORMAL
1790722626.0403433,esp32-1,-60.0,22.12675,18.38767,20.0,4.0,-1.0,,NORMAL
1790722631.2637317,esp32-1,-57.0,27.4635,22.42967,20.0,273.0,-1.0,,NORMAL
1790722635.3205726,esp32-1,-58.0,43.8244,5.5725,0.0,259.0,-1.0,,NORMAL
1790722641.0934918,esp32-1,-59.0,21.846,17.259,20.0,41.0,-1.0,,NORMAL
1790722646.2503285,esp32-1,-60.0,27.39,24.55633,20.0,225.0,-1.0,,NORMAL
1790722650.100989,esp32-1,-59.0,43.6346,6.090501,0.0,53.0,-1.0,,NORMAL
1790722655.9740396,esp32-1,-59.0,23.04875,19.388,20.0,36.0,-1.0,,NORMAL
1790722661.165184,esp32-1,-60.0,27.17225,23.12833,20.0,176.0,-1.0,,NORMAL
1790722665.3631203,esp32-1,-59.0,85.8208,58.7095,0.0,46.0,-1.0,,NORMAL
1790722671.0082486,esp32-1,-60.0,23.144,19.16467,20.0,34.0,-1.0,,NORMAL
1790722676.246149,esp32-1,-62.0,26.67125,23.718,20.0,230.0,-1.0,,NORMAL
1790722681.2803082,esp32-1,-61.0,43.023,5.98925,0.0,53.0,-1.0,,NORMAL
1790722686.2534552,esp32-1,-60.0,22.049,17.183,20.0,5.0,-1.0,,NORMAL
1790722691.171521,esp32-1,-60.0,26.378,23.29167,20.0,181.0,-1.0,,NORMAL
1790722695.3685637,esp32-1,-61.0,43.176,6.817999,0.0,270.0,-1.0,,NORMAL
1790722700.9609249,esp32-1,-60.0,22.6865,18.27867,20.0,33.0,-1.0,,NORMAL
1790722706.2452083,esp32-1,-61.0,26.239,22.51067,20.0,235.0,-1.0,,NORMAL
1790722710.9700065,esp32-1,-58.0,76.86,49.1565,0.0,653.0,-1.0,,NORMAL
1790722715.9632337,esp32-1,-58.0,24.375,18.573,20.0,25.0,-1.0,,NORMAL
1790722721.133455,esp32-1,-63.0,26.22525,21.481,20.0,187.0,-1.0,,NORMAL
1790722725.3140085,esp32-1,-66.0,87.6132,62.21575,0.0,34.0,-1.0,,NORMAL
1790722730.9630742,esp32-1,-65.0,24.08925,19.687,20.0,26.0,-1.0,,NORMAL
1790722737.1700888,esp32-1,-57.0,25.728,20.83733,20.0,53.0,-1.0,,NORMAL
1790722740.0987449,esp32-1,-62.0,42.4612,6.40025,0.0,52.0,-1.0,,NORMAL
1790722745.9219263,esp32-1,-59.0,21.98475,16.912,20.0,3.0,-1.0,,NORMAL
1790722751.1389904,esp32-1,-60.0,25.51325,18.895,20.0,192.0,-1.0,,NORMAL
1790722755.2453182,esp32-1,-64.0,42.0102,6.851499,0.0,179.0,-1.0,,NORMAL
1790722761.0081894,esp32-1,-65.0,22.14875,18.12667,20.0,33.0,-1.0,,NORMAL
1790722765.994234,esp32-1,-61.0,25.41325,20.11933,20.0,51.0,-1.0,,NORMAL
1790722770.2822676,esp32-1,-63.0,41.908,6.6675,0.0,233.0,-1.0,,NORMAL
1790722775.9594147,esp32-1,-61.0,22.5775,16.88,20.0,29.0,-1.0,,NORMAL
1790722780.9928586,esp32-1,-65.0,24.93925,21.39767,20.0,52.0,-1.0,,NORMAL
1790722785.232391,esp32-1,-63.0,41.8838,6.528749,0.0,184.0,-1.0,,NORMAL
1790722790.3588796,esp32-1,-60.0,48.4708,8.2055,0.0,270.0,-1.0,,NORMAL
1790722796.2468388,esp32-1,-61.0,24.59625,20.73233,20.0,251.0,-1.0,,NORMAL
1790722800.3544414,esp32-1,-62.0,41.4908,6.49725,0.0,238.0,-1.0,,NORMAL
1790722805.9611983,esp32-1,-62.0,21.4195,16.901,20.0,31.0,-1.0,,NORMAL
1790722811.876212,esp32-1,-61.0,21.70275,17.02567,20.0,951.0,-1.0,,NORMAL
1790722815.9775639,esp32-1,-61.0,32.3425,11.81433,20.0,4.0,-1.0,,NORMAL
1790722821.172911,esp32-1,-62.0,48.1598,7.4855,0.0,53.0,-1.0,,NORMAL
1790722826.240318,esp32-1,-62.0,24.191,20.296,20.0,257.0,-1.0,,NORMAL
1790722830.351091,esp32-1,-62.0,40.8092,6.91375,0.0,244.0,-1.0,,NORMAL
1790722836.2266743,esp32-1,-63.0,47.9022,7.378751,0.0,53.0,-1.0,,NORMAL
1790722841.0881839,esp32-1,-62.0,25.1585,21.668,20.0,48.0,-1.0,,NORMAL
1790722845.0972598,esp32-1,-63.0,43.7546,32.108,0.0,39.0,-1.0,,NORMAL
1790722850.3030047,esp32-1,-66.0,72.8378,38.21175,0.0,29.0,-1.0,,NORMAL
1790722856.204192,esp32-1,-65.0,24.18925,20.33367,20.0,259.0,-1.0,,NORMAL
1790722860.3501568,esp32-1,-63.0,40.7698,7.142999,0.0,248.0,-1.0,,NORMAL
1790722865.3843107,esp32-1,-61.0,47.4388,6.779751,0.0,232.0,-1.0,,NORMAL
1790722871.240795,esp32-1,-64.0,23.5325,17.93,20.0,213.0,-1.0,,NORMAL
1790722876.15911,esp32-1,-62.0,40.5672,6.1575,0.0,53.0,-1.0,,NORMAL
1790722880.3082798,esp32-1,-65.0,47.2954,6.7175,0.0,183.0,-1.0,,NORMAL
1790722886.1970053,esp32-1,-62.0,23.164,18.037,20.0,266.0,-1.0,,NORMAL
1790722890.3014913,esp32-1,-63.0,40.4506,6.29775,0.0,253.0,-1.0,,NORMAL
1790722895.1280868,esp32-1,-61.0,47.49,6.173749,0.0,53.0,-1.0,,NORMAL
1790722901.156306,esp32-1,-63.0,22.9605,18.86967,20.0,218.0,-1.0,,NORMAL
1790722905.294275,esp32-1,-64.0,70.674,44.302,0.0,52.0,-1.0,,NORMAL
1790722910.3155735,esp32-1,-63.0,47.0226,6.00625,0.0,187.0,-1.0,,NORMAL
1790722916.2062016,esp32-1,-66.0,22.78425,18.73367,20.0,272.0,-1.0,,NORMAL
1790722920.3486767,esp32-1,-62.0,40.1072,8.280999,0.0,258.0,-1.0,,NORMAL
1790722925.3826044,esp32-1,-69.0,47.1508,6.243751,0.0,241.0,-1.0,,NORMAL
1790722931.8817801,esp32-1,-63.0,22.0,16.00433,20.0,952.0,-1.0,,NORMAL
1790722935.8821957,esp32-1,-66.0,50.5434,19.77475,0.0,786.0,-1.0,,NORMAL
1790722940.274767,esp32-1,-67.0,46.9788,6.237751,0.0,192.0,-1.0,,NORMAL
1790722946.211566,esp32-1,-66.0,22.265,17.96533,20.0,277.0,-1.0,,NORMAL
1790722950.351932,esp32-1,-63.0,39.8972,6.498249,0.0,263.0,-1.0,,NORMAL
1790722955.325373,esp32-1,-64.0,46.717,6.972,0.0,246.0,-1.0,,NORMAL
1790722962.0809107,esp32-1,-61.0,22.023,17.26433,20.0,53.0,-1.0,,NORMAL
1790722965.098456,esp32-1,-63.0,39.5174,6.25225,0.0,52.0,-1.0,,NORMAL
1790722970.8825662,esp32-1,-67.0,41.0566,12.323,0.0,832.0,-1.0,,NORMAL
1790722976.11657,esp32-1,-63.0,22.04075,17.30234,20.0,180.0,-1.0,,NORMAL
1790722980.3138964,esp32-1,-63.0,39.485,6.2495,0.0,268.0,-1.0,,NORMAL
1790722985.333234,esp32-1,-62.0,46.2056,6.10625,0.0,252.0,-1.0,,NORMAL
1790722991.1687567,esp32-1,-65.0,21.758,16.87067,20.0,233.0,-1.0,,NORMAL
1790722995.3462336,esp32-1,-63.0,39.293,6.59075,0.0,219.0,-1.0,,NORMAL
1790723000.4269598,esp32-1,-64.0,45.8256,6.35775,0.0,203.0,-1.0,,NORMAL
1790723005.984151,esp32-1,-64.0,22.07375,18.503,20.0,51.0,-1.0,,NORMAL
1790723010.156058,esp32-1,-62.0,39.0268,6.1955,0.0,52.0,-1.0,,NORMAL
1790723015.3813517,esp32-1,-60.0,45.892,5.93625,0.0,257.0,-1.0,,NORMAL
1790723021.171705,esp32-1,-63.0,21.38425,16.95467,20.0,237.0,-1.0,,NORMAL
1790723025.2647343,esp32-1,-62.0,38.7404,6.991501,0.0,225.0,-1.0,,NORMAL
1790723031.2509933,esp32-1,-64.0,70.7145,127.7803,20.0,3.0,-1.0,,NORMAL
1790723036.1257823,esp32-1,-63.0,21.62975,17.01133,20.0,187.0,-1.0,,NORMAL
1790723041.394756,esp32-1,-70.0,80.1446,122.9075,0.0,53.0,-1.0,,NORMAL
1790723045.4853077,esp32-1,-55.0,45.861,6.677999,0.0,259.0,-1.0,,NORMAL
1790723050.9890199,esp32-1,-56.0,22.12375,15.334,20.0,50.0,-1.0,,NORMAL
1790723056.1673265,esp32-1,-57.0,79.3455,66.58666,20.0,4.0,-1.0,,NORMAL
1790723060.1261935,esp32-1,-56.0,45.7422,6.0875,0.0,53.0,-1.0,,NORMAL
1790723065.9875317,esp32-1,-61.0,21.70125,17.203,20.0,50.0,-1.0,,NORMAL
1790723070.2672646,esp32-1,-59.0,38.7054,6.644501,0.0,178.0,-1.0,,NORMAL
1790723076.5140073,esp32-1,-58.0,86.58881,115.904,0.0,53.0,-1.0,,NORMAL
1790723081.0325549,esp32-1,-57.0,21.53725,16.92133,20.0,51.0,-1.0,,NORMAL
1790723085.347751,esp32-1,-59.0,38.458,6.59675,0.0,232.0,-1.0,,NORMAL
1790723090.3839355,esp32-1,-57.0,45.3026,6.151501,0.0,216.0,-1.0,,NORMAL
1790723095.9817421,esp32-1,-58.0,22.09425,14.86067,20.0,47.0,-1.0,,NORMAL
1790723100.2720408,esp32-1,-58.0,38.328,6.1895,0.0,184.0,-1.0,,NORMAL
1790723105.3483214,esp32-1,-58.0,45.0122,6.11875,0.0,270.0,-1.0,,NORMAL
1790723111.034906,esp32-1,-57.0,22.1485,18.313,20.0,47.0,-1.0,,NORMAL
1790723115.3467782,esp32-1,-58.0,38.0988,6.577251,0.0,237.0,-1.0,,NORMAL
1790723121.2132056,esp32-1,-58.0,45.2994,5.86975,0.0,53.0,-1.0,,NORMAL
1790723126.077117,esp32-1,-57.0,22.04225,17.41334,20.0,45.0,-1.0,,NORMAL
1790723130.0954716,esp32-1,-60.0,38.0338,6.565749,0.0,52.0,-1.0,,NORMAL
1790723135.9761677,esp32-1,-56.0,31.02575,5.278334,20.0,4.0,-1.0,,NORMAL
1790723141.9413817,esp32-1,-57.0,28.01233,0.361001,40.0,4.0,-1.0,,NORMAL
1790723145.345728,esp32-1,-57.0,37.781,6.884,0.0,242.0,-1.0,,NORMAL
1790723150.3801801,esp32-1,-58.0,44.393,6.78925,0.0,226.0,-1.0,,NORMAL
1790723156.0810606,esp32-1,-59.0,21.9985,16.68433,20.0,45.0,-1.0,,NORMAL
1790723161.1580744,esp32-1,-59.0,28.3205,25.738,20.0,190.0,-1.0,,NORMAL
1790723165.1285164,esp32-1,-58.0,44.2142,5.739999,0.0,52.0,-1.0,,NORMAL
1790723170.9918432,esp32-1,-59.0,22.18775,17.34433,20.0,44.0,-1.0,,NORMAL
1790723176.359385,esp32-1,-59.0,27.81175,25.214,20.0,244.0,-1.0,,NORMAL
1790723181.305713,esp32-1,-57.0,43.9072,5.694,0.0,52.0,-1.0,,NORMAL
1790723185.9873986,esp32-1,-58.0,22.24275,17.578,20.0,42.0,-1.0,,NORMAL
1790723191.1601467,esp32-1,-56.0,27.877,23.87733,20.0,196.0,-1.0,,NORMAL
1790723195.3048549,esp32-1,-59.0,43.7872,6.359001,0.0,183.0,-1.0,,NORMAL
1790723201.2430737,esp32-1,-58.0,21.536,16.835,20.0,256.0,-1.0,,NORMAL
1790723207.130934,esp32-1,-58.0,27.368,24.26767,20.0,53.0,-1.0,,NORMAL
1790723210.3792117,esp32-1,-56.0,43.7646,5.97425,0.0,237.0,-1.0,,NORMAL
1790723215.979494,esp32-1,-57.0,23.02875,18.24,20.0,37.0,-1.0,,NORMAL
1790723221.3144372,esp32-1,-57.0,27.08725,23.22733,20.0,202.0,-1.0,,NORMAL
1790723225.1269221,esp32-1,-58.0,43.4498,6.287,0.0,53.0,-1.0,,NORMAL
1790723230.980161,esp32-1,-60.0,22.74275,16.69867,20.0,35.0,-1.0,,NORMAL
1790723236.2127485,esp32-1,-58.0,26.9465,23.74467,20.0,256.0,-1.0,,NORMAL
1790723241.2130032,esp32-1,-60.0,88.80125,71.78,20.0,4.0,-1.0,,NORMAL
1790723245.9891188,esp32-1,-58.0,23.32025,16.72133,20.0,33.0,-1.0,,NORMAL
1790723251.168751,esp32-1,-58.0,26.80025,23.00033,20.0,207.0,-1.0,,NORMAL
1790723255.2644951,esp32-1,-59.0,43.1992,6.3005,0.0,193.0,-1.0,,NORMAL
1790723260.9774427,esp32-1,-57.0,22.8455,18.00067,20.0,33.0,-1.0,,NORMAL
1790723266.2284906,esp32-1,-58.0,26.66125,23.68366,20.0,259.0,-1.0,,NORMAL
1790723270.173174,esp32-1,-58.0,43.056,7.13025,0.0,51.0,-1.0,,NORMAL
1790723276.0981865,esp32-1,-57.0,21.66925,16.881,20.0,37.0,-1.0,,NORMAL
1790723282.0891044,esp32-1,-59.0,25.8505,20.75233,20.0,53.0,-1.0,,NORMAL
1790723285.1234193,esp32-1,-58.0,42.4396,6.19875,0.0,51.0,-1.0,,NORMAL
1790723291.9505696,esp32-1,-60.0,28.258,0.153,40.0,4.0,-1.0,,NORMAL
1790723296.2237332,esp32-1,-60.0,25.91375,22.22633,20.0,266.0,-1.0,,NORMAL
1790723300.324282,esp32-1,-57.0,42.1788,6.9775,0.0,253.0,-1.0,,NORMAL
1790723306.2063735,esp32-1,-58.0,22.5325,18.36533,20.0,133.0,-1.0,,NORMAL
1790723311.1799417,esp32-1,-58.0,25.33675,20.024,20.0,218.0,-1.0,,NORMAL
1790723315.4214625,esp32-1,-59.0,42.0906,6.16925,0.0,208.0,-1.0,,NORMAL
1790723321.05473,esp32-1,-59.0,23.99425,15.84933,20.0,25.0,-1.0,,NORMAL
1790723326.238586,esp32-1,-58.0,25.3605,20.96667,20.0,271.0,-1.0,,NORMAL
1790723330.3290126,esp32-1,-58.0,41.9938,7.141749,0.0,258.0,-1.0,,NORMAL
1790723335.9784508,esp32-1,-58.0,22.36725,16.41167,20.0,29.0,-1.0,,NORMAL
1790723341.1841047,esp32-1,-58.0,24.91725,21.39967,20.0,223.0,-1.0,,NORMAL
1790723345.221955,esp32-1,-58.0,41.818,5.496,0.0,53.0,-1.0,,NORMAL
1790723351.9300456,esp32-1,-58.0,20.828,27.0555,40.0,4.0,-1.0,,NORMAL
1790723356.1793935,esp32-1,-60.0,24.304,17.897,20.0,175.0,-1.0,,NORMAL
1790723360.334654,esp32-1,-61.0,41.8678,6.357749,0.0,264.0,-1.0,,NORMAL
1790723365.975783,esp32-1,-57.0,22.5835,18.15433,20.0,27.0,-1.0,,NORMAL
1790723371.1914427,esp32-1,-57.0,24.20875,20.60167,20.0,229.0,-1.0,,NORMAL
1790723375.3722878,esp32-1,-56.0,41.5474,6.05525,0.0,216.0,-1.0,,NORMAL
1790723381.9852471,esp32-1,-58.0,21.08,23.9685,40.0,4.0,-1.0,,NORMAL
1790723386.9078052,esp32-1,-61.0,22.8875,16.635,20.0,950.0,-1.0,,NORMAL
1790723391.2563508,esp32-1,-59.0,41.0652,6.12925,0.0,53.0,-1.0,,NORMAL
1790723395.3542023,esp32-1,-59.0,47.9192,6.3005,0.0,252.0,-1.0,,NORMAL
1790723401.1910625,esp32-1,-57.0,23.81775,17.89467,20.0,234.0,-1.0,,NORMAL
1790723405.8130121,esp32-1,-57.0,40.9408,6.38025,0.0,53.0,-1.0,,NORMAL
1790723410.3101556,esp32-1,-55.0,47.6864,6.425001,0.0,204.0,-1.0,,NORMAL
1790723416.1440783,esp32-1,-57.0,23.878,14.209,20.0,185.0,-1.0,,NORMAL
1790723420.3862908,esp32-1,-60.0,40.7476,6.427,0.0,274.0,-1.0,,NORMAL
1790723425.4069827,esp32-1,-59.0,47.5338,5.60025,0.0,258.0,-1.0,,NORMAL
1790723431.2030218,esp32-1,-58.0,23.53425,19.653,20.0,239.0,-1.0,,NORMAL
1790723435.2912405,esp32-1,-59.0,40.5542,6.085751,0.0,226.0,-1.0,,NORMAL
1790723440.3178513,esp32-1,-58.0,47.3936,5.71525,0.0,209.0,-1.0,,NORMAL
1790723446.1486983,esp32-1,-60.0,23.2255,12.15767,20.0,190.0,-1.0,,NORMAL
1790723450.1855562,esp32-1,-59.0,40.448,6.24275,0.0,53.0,-1.0,,NORMAL
1790723455.1572616,esp32-1,-60.0,46.9276,5.658001,0.0,52.0,-1.0,,NORMAL
1790723461.2617245,esp32-1,-58.0,23.048,18.67933,20.0,244.0,-1.0,,NORMAL
1790723465.374039,esp32-1,-58.0,40.1794,6.237999,0.0,231.0,-1.0,,NORMAL
1790723470.3156178,esp32-1,-59.0,46.8748,5.357999,0.0,213.0,-1.0,,NORMAL
1790723476.1995604,esp32-1,-58.0,22.776,16.17133,20.0,195.0,-1.0,,NORMAL
1790723480.2937,esp32-1,-58.0,39.9726,24.835,0.0,182.0,-1.0,,NORMAL
1790723485.3752687,esp32-1,-60.0,46.818,6.277999,0.0,267.0,-1.0,,NORMAL
1790723491.21018,esp32-1,-58.0,22.57875,18.214,20.0,249.0,-1.0,,NORMAL
1790723495.3698986,esp32-1,-60.0,39.7434,6.427749,0.0,236.0,-1.0,,NORMAL
1790723501.2380896,esp32-1,-57.0,46.6804,6.23025,0.0,53.0,-1.0,,NORMAL
1790723506.0997038,esp32-1,-60.0,22.49125,18.02267,20.0,53.0,-1.0,,NORMAL
1790723510.9618084,esp32-1,-61.0,22.1935,8.489667,20.0,3.0,-1.0,,NORMAL
1790723515.9139864,esp32-1,-61.0,87.54079,120.0912,0.0,604.0,-1.0,,NORMAL
1790723521.1098132,esp32-1,-59.0,22.18475,16.092,20.0,154.0,-1.0,,NORMAL
1790723525.8844302,esp32-1,-57.0,39.5868,5.823,0.0,53.0,-1.0,,NORMAL
1790723531.242359,esp32-1,-57.0,46.389,6.27,0.0,53.0,-1.0,,NORMAL
1790723536.0106852,esp32-1,-58.0,22.41025,16.171,20.0,51.0,-1.0,,NORMAL
1790723540.258758,esp32-1,-61.0,39.1562,6.125499,0.0,192.0,-1.0,,NORMAL
1790723545.279649,esp32-1,-59.0,46.0478,6.058251,0.0,178.0,-1.0,,NORMAL
1790723551.0534158,esp32-1,-60.0,22.18525,17.31866,20.0,50.0,-1.0,,NORMAL
1790723555.1217415,esp32-1,-59.0,39.0986,6.21425,0.0,52.0,-1.0,,NORMAL
1790723560.4042788,esp32-1,-59.0,45.9286,6.267251,0.0,230.0,-1.0,,NORMAL
1790723566.003414,esp32-1,-57.0,22.79275,16.91967,20.0,47.0,-1.0,,NORMAL
1790723571.1783876,esp32-1,-58.0,38.8116,6.15725,0.0,53.0,-1.0,,NORMAL
1790723575.3259172,esp32-1,-59.0,45.534,6.19975,0.0,181.0,-1.0,,NORMAL
1790723581.0067694,esp32-1,-59.0,22.87975,18.49167,20.0,46.0,-1.0,,NORMAL
1790723585.8244438,esp32-1,-58.0,38.5674,6.0805,0.0,53.0,-1.0,,NORMAL
1790723590.342792,esp32-1,-60.0,45.297,5.38675,0.0,235.0,-1.0,,NORMAL
1790723596.0039475,esp32-1,-58.0,21.6665,16.685,20.0,49.0,-1.0,,NORMAL
1790723601.1306634,esp32-1,-57.0,29.3225,25.48467,20.0,53.0,-1.0,,NORMAL
1790723605.2855124,esp32-1,-60.0,45.1236,6.28825,0.0,186.0,-1.0,,NORMAL
1790723611.0684288,esp32-1,-59.0,23.2845,17.774,20.0,43.0,-1.0,,NORMAL
1790723615.525648,esp32-1,-58.0,79.3514,107.9315,0.0,255.0,-1.0,,NORMAL
1790723621.2516851,esp32-1,-59.0,45.1332,5.59675,0.0,53.0,-1.0,,NORMAL
1790723626.0187306,esp32-1,-58.0,21.86725,17.532,20.0,47.0,-1.0,,NORMAL
1790723631.339673,esp32-1,-58.0,28.8605,26.41933,20.0,205.0,-1.0,,NORMAL
1790723636.0499468,esp32-1,-58.0,25.69225,12.825,20.0,3.0,-1.0,,NORMAL
1790723641.0675035,esp32-1,-60.0,22.341,17.287,20.0,44.0,-1.0,,NORMAL
1790723645.8260996,esp32-1,-58.0,38.209,7.0265,0.0,53.0,-1.0,,NORMAL
1790723651.0151453,esp32-1,-57.0,83.2822,53.9275,0.0,629.0,-1.0,,NORMAL
1790723657.041772,esp32-1,-59.0,20.41467,14.792,40.0,5.0,-1.0,,NORMAL
1790723660.3646593,esp32-1,-60.0,37.7676,6.492,0.0,212.0,-1.0,,NORMAL
1790723665.4403594,esp32-1,-59.0,44.7336,5.7665,0.0,196.0,-1.0,,NORMAL
1790723671.003913,esp32-1,-59.0,21.44025,16.86233,20.0,45.0,-1.0,,NORMAL
1790723676.9396203,esp32-1,-59.0,19.65333,25.3505,40.0,4.0,-1.0,,NORMAL
1790723680.3982253,esp32-1,-59.0,44.2618,5.558,0.0,250.0,-1.0,,NORMAL
1790723686.1299043,esp32-1,-60.0,22.044,17.776,20.0,42.0,-1.0,,NORMAL
1790723691.143339,esp32-1,-59.0,27.98375,25.325,20.0,52.0,-1.0,,NORMAL
1790723695.1445184,esp32-1,-59.0,44.331,6.13125,0.0,53.0,-1.0,,NORMAL
1790723701.0766954,esp32-1,-61.0,21.95475,16.29333,20.0,42.0,-1.0,,NORMAL
1790723706.0953963,esp32-1,-58.0,27.718,23.08233,20.0,4.0,-1.0,,NORMAL
1790723710.3555765,esp32-1,-58.0,43.9426,6.39675,0.0,255.0,-1.0,,NORMAL
1790723716.0014255,esp32-1,-59.0,22.33975,18.73067,20.0,39.0,-1.0,,NORMAL
1790723721.2016206,esp32-1,-60.0,27.33025,24.37533,20.0,220.0,-1.0,,NORMAL
1790723726.3705046,esp32-1,-62.0,43.5994,6.142251,0.0,53.0,-1.0,,NORMAL
1790723731.0055091,esp32-1,-59.0,22.56775,16.667,20.0,36.0,-1.0,,NORMAL
1790723737.126103,esp32-1,-58.0,27.14025,24.096,20.0,53.0,-1.0,,NORMAL
1790723740.6047492,esp32-1,-57.0,84.5786,111.8558,0.0,259.0,-1.0,,NORMAL
1790723746.051691,esp32-1,-58.0,22.87925,17.70167,20.0,34.0,-1.0,,NORMAL
1790723751.9418938,esp32-1,-58.0,21.02467,11.23,40.0,3.0,-1.0,,NORMAL
1790723756.2091007,esp32-1,-59.0,80.833,61.62267,20.0,4.0,-1.0,,NORMAL
1790723761.0864367,esp32-1,-59.0,22.56625,18.316,20.0,35.0,-1.0,,NORMAL
1790723767.0249991,esp32-1,-60.0,23.13775,19.739,20.0,954.0,-1.0,,NORMAL
1790723771.0184271,esp32-1,-58.0,84.1266,114.58,0.0,627.0,-1.0,,NORMAL
1790723775.9968522,esp32-1,-59.0,24.2815,20.414,20.0,27.0,-1.0,,NORMAL
1790723781.2179084,esp32-1,-59.0,26.11125,21.903,20.0,232.0,-1.0,,NORMAL
1790723786.228153,esp32-1,-59.0,42.8636,6.418999,0.0,53.0,-1.0,,NORMAL
1790723791.0885687,esp32-1,-58.0,22.763,18.44234,20.0,30.0,-1.0,,NORMAL
1790723797.07953,esp32-1,-58.0,25.75575,22.42,20.0,54.0,-1.0,,NORMAL
1790723800.4115589,esp32-1,-59.0,42.5472,6.932,0.0,272.0,-1.0,,NORMAL
1790723806.0455287,esp32-1,-59.0,24.63525,16.36767,20.0,24.0,-1.0,,NORMAL
1790723811.2172842,esp32-1,-61.0,25.42375,19.41467,20.0,237.0,-1.0,,NORMAL
1790723815.3936136,esp32-1,-61.0,42.3664,6.076499,0.0,223.0,-1.0,,NORMAL
1790723821.092632,esp32-1,-59.0,23.36025,18.25867,20.0,27.0,-1.0,,NORMAL
1790723827.0325654,esp32-1,-62.0,21.45675,16.79133,20.0,960.0,-1.0,,NORMAL
1790723830.272242,esp32-1,-57.0,42.1546,6.246251,0.0,175.0,-1.0,,NORMAL
1790723836.0486305,esp32-1,-58.0,21.8755,17.297,20.0,32.0,-1.0,,NORMAL
1790723841.2217693,esp32-1,-61.0,24.81825,20.212,20.0,242.0,-1.0,,NORMAL
1790723845.2644935,esp32-1,-60.0,42.0114,7.9905,0.0,52.0,-1.0,,NORMAL
1790723852.0210443,esp32-1,-59.0,21.27467,13.444,40.0,3.0,-1.0,,NORMAL
1790723856.2174718,esp32-1,-61.0,24.73475,19.89733,20.0,194.0,-1.0,,NORMAL
1790723860.3139544,esp32-1,-58.0,41.6414,6.854001,0.0,181.0,-1.0,,NORMAL
1790723866.953529,esp32-1,-61.0,21.542,23.961,40.0,4.0,-1.0,,NORMAL
1790723871.2277017,esp32-1,-57.0,24.7265,17.71067,20.0,247.0,-1.0,,NORMAL
1790723875.1455922,esp32-1,-61.0,41.467,6.13775,0.0,53.0,-1.0,,NORMAL
1790723882.0228434,esp32-1,-59.0,19.74333,13.468,40.0,3.0,-1.0,,NORMAL
1790723887.0440025,esp32-1,-58.0,21.406,16.88367,20.0,960.0,-1.0,,NORMAL
1790723891.1930006,esp32-1,-59.0,41.2282,6.7055,0.0,53.0,-1.0,,NORMAL
1790723896.0040314,esp32-1,-59.0,23.88575,19.79933,20.0,20.0,-1.0,,NORMAL
1790723902.0003598,esp32-1,-60.0,20.174,13.428,40.0,4.0,-1.0,,NORMAL
1790723905.1858916,esp32-1,-75.0,41.057,6.04875,0.0,53.0,-1.0,,NORMAL
1790723910.9305265,esp32-1,-60.0,81.87321,48.06575,0.0,636.0,-1.0,,NORMAL
1790723916.334112,esp32-1,-61.0,23.83175,19.91434,20.0,204.0,-1.0,,NORMAL
1790723920.3260255,esp32-1,-61.0,40.8204,5.72125,0.0,190.0,-1.0,,NORMAL
1790723925.4473927,esp32-1,-62.0,47.7126,5.82825,0.0,276.0,-1.0,,NORMAL
1790723931.284001,esp32-1,-62.0,23.5595,19.36767,20.0,258.0,-1.0,,NORMAL
1790723935.3940132,esp32-1,-57.0,40.8872,6.863751,0.0,244.0,-1.0,,NORMAL
1790723943.0529854,esp32-1,-58.0,47.3544,5.453251,0.0,228.0,-1.0,,NORMAL
1790723946.9303465,esp32-1,-61.0,22.28575,17.65233,20.0,956.0,-1.0,,NORMAL
1790723951.0454535,esp32-1,-60.0,22.779,9.931001,20.0,2.0,-1.0,,NORMAL
1790723955.2972643,esp32-1,-59.0,47.285,6.342001,0.0,179.0,-1.0,,NORMAL
1790723961.2841508,esp32-1,-60.0,23.16375,19.06233,20.0,262.0,-1.0,,NORMAL
1790723965.389662,esp32-1,-58.0,40.3906,6.539,0.0,249.0,-1.0,,NORMAL
1790723970.3506021,esp32-1,-61.0,47.1542,6.161001,0.0,232.0,-1.0,,NORMAL
1790723976.285533,esp32-1,-59.0,22.96825,18.445,20.0,213.0,-1.0,,NORMAL
1790723981.2622895,esp32-1,-60.0,40.4018,6.874,0.0,53.0,-1.0,,NORMAL
1790723985.350039,esp32-1,-62.0,47.0566,5.828249,0.0,183.0,-1.0,,NORMAL
1790723991.2466764,esp32-1,-62.0,22.91475,18.59467,20.0,268.0,-1.0,,NORMAL
1790723995.1446729,esp32-1,-61.0,40.2878,6.50875,0.0,52.0,-1.0,,NORMAL
1790724000.4250398,esp32-1,-62.0,47.1564,5.814749,0.0,237.0,-1.0,,NORMAL
1790724007.0678127,esp32-1,-61.0,21.61975,16.88033,20.0,961.0,-1.0,,NORMAL
1790724010.9853747,esp32-1,-59.0,22.281,7.538999,20.0,3.0,-1.0,,NORMAL
1790724016.0753748,esp32-1,-60.0,28.1265,21.54033,20.0,3.0,-1.0,,NORMAL
1790724021.0876014,esp32-1,-60.0,22.5365,16.42467,20.0,52.0,-1.0,,NORMAL
1790724025.3446853,esp32-1,-62.0,39.5458,5.88625,0.0,260.0,-1.0,,NORMAL
1790724030.425373,esp32-1,-59.0,46.3228,6.248751,0.0,242.0,-1.0,,NORMAL
1790724036.1472545,esp32-1,-62.0,22.90275,16.895,20.0,49.0,-1.0,,NORMAL
1790724040.2429159,esp32-1,-61.0,39.5996,6.0585,0.0,53.0,-1.0,,NORMAL
1790724045.4148378,esp32-1,-61.0,67.01241,85.26051,0.0,193.0,-1.0,,NORMAL
1790724051.149332,esp32-1,-61.0,22.15675,16.18167,20.0,174.0,-1.0,,NORMAL
1790724056.0127196,esp32-1,-62.0,29.956,3.890001,20.0,5.0,-1.0,,NORMAL
1790724061.2917783,esp32-1,-60.0,46.3796,6.23675,0.0,53.0,-1.0,,NORMAL
1790724066.1496394,esp32-1,-61.0,22.63325,15.688,20.0,48.0,-1.0,,NORMAL
1790724071.3160925,esp32-1,-64.0,39.3306,6.576,0.0,53.0,-1.0,,NORMAL
1790724075.367815,esp32-1,-63.0,67.1148,86.4215,0.0,51.0,-1.0,,NORMAL
1790724081.1030815,esp32-1,-60.0,23.15975,18.39533,20.0,46.0,-1.0,,NORMAL
1790724085.454098,esp32-1,-59.0,102.6438,99.20025,0.0,42.0,-1.0,,NORMAL
1790724090.1719396,esp32-1,-62.0,45.9622,6.59925,0.0,51.0,-1.0,,NORMAL
1790724096.0257745,esp32-1,-62.0,22.52075,17.96767,20.0,49.0,-1.0,,NORMAL
1790724100.3879786,esp32-1,-62.0,38.7518,6.4195,0.0,221.0,-1.0,,NORMAL
1790724106.0894725,esp32-1,-61.0,26.083,17.865,20.0,3.0,-1.0,,NORMAL
1790724111.1668742,esp32-1,-61.0,23.73975,20.36267,20.0,174.0,-1.0,,NORMAL
1790724115.4071832,esp32-1,-60.0,38.2604,6.535001,0.0,274.0,-1.0,,NORMAL
1790724120.5248642,esp32-1,-60.0,45.4844,6.08125,0.0,258.0,-1.0,,NORMAL
1790724126.1599767,esp32-1,-62.0,22.89525,17.83633,20.0,45.0,-1.0,,NORMAL
1790724130.3871763,esp32-1,-59.0,38.4154,6.03325,0.0,225.0,-1.0,,NORMAL
1790724135.1727598,esp32-1,-60.0,45.2784,5.809499,0.0,52.0,-1.0,,NORMAL
1790724141.0332277,esp32-1,-61.0,22.78275,16.66,20.0,44.0,-1.0,,NORMAL
1790724146.0162067,esp32-1,-61.0,29.336,1.584667,20.0,4.0,-1.0,,NORMAL
1790724150.4293606,esp32-1,-62.0,44.9258,6.283251,0.0,263.0,-1.0,,NORMAL
1790724156.025683,esp32-1,-61.0,21.5585,17.26267,20.0,47.0,-1.0,,NORMAL
1790724161.2385945,esp32-1,-61.0,28.69375,25.64167,20.0,227.0,-1.0,,NORMAL
1790724165.4194765,esp32-1,-65.0,44.6478,5.953749,0.0,214.0,-1.0,,NORMAL
1790724171.0266871,esp32-1,-61.0,21.96525,17.99767,20.0,45.0,-1.0,,NORMAL
1790724176.0296116,esp32-1,-62.0,32.8912,12.88225,0.0,882.0,-1.0,,NORMAL
1790724180.4330833,esp32-1,-63.0,44.265,5.675499,0.0,268.0,-1.0,,NORMAL
1790724186.0728273,esp32-1,-63.0,21.542,16.86633,20.0,46.0,-1.0,,NORMAL
1790724190.3174922,esp32-1,-61.0,37.739,6.282751,0.0,236.0,-1.0,,NORMAL
1790724195.3342104,esp32-1,-61.0,44.3536,5.99175,0.0,220.0,-1.0,,NORMAL
1790724201.026364,esp32-1,-60.0,21.31075,16.57133,20.0,45.0,-1.0,,NORMAL
1790724206.1928906,esp32-1,-62.0,27.9005,24.93267,20.0,185.0,-1.0,,NORMAL
1790724210.4384778,esp32-1,-62.0,44.3646,5.66675,0.0,273.0,-1.0,,NORMAL
1790724216.0704246,esp32-1,-58.0,22.04125,18.27333,20.0,43.0,-1.0,,NORMAL
1790724222.1560638,esp32-1,-60.0,27.66925,22.45167,20.0,53.0,-1.0,,NORMAL
1790724225.41831,esp32-1,-64.0,43.8544,6.04125,0.0,226.0,-1.0,,NORMAL
1790724231.125189,esp32-1,-61.0,23.0395,19.20633,20.0,36.0,-1.0,,NORMAL
1790724236.058999,esp32-1,-63.0,27.27325,24.19933,20.0,53.0,-1.0,,NORMAL
1790724240.3923972,esp32-1,-63.0,64.3652,81.78725,0.0,175.0,-1.0,,NORMAL
1790724246.384716,esp32-1,-63.0,22.471,17.889,20.0,38.0,-1.0,,NORMAL
1790724251.2455933,esp32-1,-62.0,27.031,23.34033,20.0,243.0,-1.0,,NORMAL
1790724255.3412685,esp32-1,-63.0,43.3952,6.361001,0.0,230.0,-1.0,,NORMAL
1790724260.4546504,esp32-1,-63.0,50.0788,10.86875,0.0,213.0,-1.0,,NORMAL
1790724266.3509085,esp32-1,-63.0,27.1215,24.22267,20.0,194.0,-1.0,,NORMAL
1790724271.2081583,esp32-1,-62.0,43.304,6.361251,0.0,53.0,-1.0,,NORMAL
1790724276.021054,esp32-1,-62.0,22.39075,17.996,20.0,37.0,-1.0,,NORMAL
1790724282.2308526,esp32-1,-64.0,26.58375,21.22733,20.0,53.0,-1.0,,NORMAL
1790724285.2939475,esp32-1,-61.0,42.9362,5.895,0.0,53.0,-1.0,,NORMAL
1790724291.0657783,esp32-1,-63.0,22.227,17.46733,20.0,3.0,-1.0,,NORMAL
1790724296.19845,esp32-1,-60.0,26.3295,22.94967,20.0,201.0,-1.0,,NORMAL
1790724300.3047788,esp32-1,-63.0,42.9446,6.839999,0.0,186.0,-1.0,,NORMAL
1790724306.0826383,esp32-1,-62.0,22.395,19.149,20.0,34.0,-1.0,,NORMAL
1790724311.1005478,esp32-1,-63.0,26.541,22.99867,20.0,51.0,-1.0,,NORMAL
1790724315.353919,esp32-1,-62.0,42.6744,7.103251,0.0,241.0,-1.0,,NORMAL
1790724321.137112,esp32-1,-63.0,22.792,18.546,20.0,31.0,-1.0,,NORMAL
1790724326.3612635,esp32-1,-62.0,25.8255,22.42933,20.0,206.0,-1.0,,NORMAL
1790724330.2992978,esp32-1,-63.0,42.6224,6.6975,0.0,192.0,-1.0,,NORMAL
1790724336.029105,esp32-1,-64.0,22.7445,16.779,20.0,32.0,-1.0,,NORMAL
1790724341.2584126,esp32-1,-57.0,25.528,20.175,20.0,259.0,-1.0,,NORMAL
1790724345.2087975,esp32-1,-59.0,42.4454,6.51575,0.0,52.0,-1.0,,NORMAL
1790724351.1388323,esp32-1,-60.0,21.9165,18.464,20.0,32.0,-1.0,,NORMAL
1790724356.054963,esp32-1,-58.0,25.4395,20.854,20.0,52.0,-1.0,,NORMAL
1790724360.3131328,esp32-1,-59.0,42.2306,6.0085,0.0,199.0,-1.0,,NORMAL
1790724367.1139896,esp32-1,-60.0,21.326,25.1985,40.0,9.0,-1.0,,NORMAL
1790724371.1076846,esp32-1,-59.0,25.211,19.35133,20.0,53.0,-1.0,,NORMAL
1790724375.358336,esp32-1,-60.0,41.7938,6.694499,0.0,252.0,-1.0,,NORMAL
1790724381.3761613,esp32-1,-60.0,48.6588,7.357002,0.0,53.0,-1.0,,NORMAL
1790724385.2388604,esp32-1,-57.0,55.661,24.86825,0.0,54.0,-1.0,,NORMAL
1790724390.2573428,esp32-1,-57.0,41.614,6.217249,0.0,52.0,-1.0,,NORMAL
1790724396.9666758,esp32-1,-58.0,20.724,26.88,40.0,5.0,-1.0,,NORMAL
1790724401.2701018,esp32-1,-59.0,24.6585,20.848,20.0,270.0,-1.0,,NORMAL
1790724406.285625,esp32-1,-60.0,41.256,5.7115,0.0,54.0,-1.0,,NORMAL
1790724411.1491466,esp32-1,-60.0,21.521,17.267,20.0,29.0,-1.0,,NORMAL
1790724417.1307933,esp32-1,-58.0,24.2085,20.40933,20.0,53.0,-1.0,,NORMAL
1790724420.5699334,esp32-1,-58.0,41.0264,6.3125,0.0,209.0,-1.0,,NORMAL
1790724425.9851928,esp32-1,-56.0,21.38525,16.74167,20.0,3.0,-1.0,,NORMAL
1790724431.9669888,esp32-1,-58.0,20.75567,13.685,40.0,3.0,-1.0,,NORMAL
1790724436.1398702,esp32-1,-58.0,31.95475,10.99667,20.0,5.0,-1.0,,NORMAL
1790724440.3855677,esp32-1,-58.0,47.5062,7.448999,0.0,246.0,-1.0,,NORMAL
1790724446.0491412,esp32-1,-57.0,23.6445,17.871,20.0,53.0,-1.0,,NORMAL
1790724451.2345114,esp32-1,-57.0,40.9074,6.53475,0.0,53.0,-1.0,,NORMAL
1790724455.1918504,esp32-1,-57.0,47.4046,6.39975,0.0,52.0,-1.0,,NORMAL
1790724461.1751711,esp32-1,-57.0,23.289,16.86967,20.0,179.0,-1.0,,NORMAL
1790724465.320006,esp32-1,-57.0,40.7018,6.601,0.0,165.0,-1.0,,NORMAL
1790724471.3091402,esp32-1,-59.0,47.2702,5.41475,0.0,53.0,-1.0,,NORMAL
1790724476.2267215,esp32-1,-58.0,22.99775,15.73633,20.0,233.0,-1.0,,NORMAL
1790724480.3256395,esp32-1,-58.0,40.375,7.32,0.0,220.0,-1.0,,NORMAL
1790724486.2138958,esp32-1,-57.0,40.17675,13.87967,20.0,5.0,-1.0,,NORMAL
1790724491.1755614,esp32-1,-56.0,22.78425,17.91167,20.0,185.0,-1.0,,NORMAL
1790724496.1895819,esp32-1,-59.0,40.0092,6.384749,0.0,53.0,-1.0,,NORMAL
1790724500.2834742,esp32-1,-59.0,46.986,6.263749,0.0,54.0,-1.0,,NORMAL
1790724507.2241325,esp32-1,-59.0,22.7745,17.60933,20.0,53.0,-1.0,,NORMAL
1790724510.9606369,esp32-1,-57.0,74.143,49.07525,0.0,678.0,-1.0,,NORMAL
1790724515.4971495,esp32-1,-58.0,46.5188,6.466498,0.0,207.0,-1.0,,NORMAL
1790724521.0440195,esp32-1,-59.0,22.343,17.98867,20.0,52.0,-1.0,,NORMAL
1790724525.2765985,esp32-1,-57.0,39.9216,6.11925,0.0,175.0,-1.0,,NORMAL
1790724531.0626724,esp32-1,-57.0,27.481,20.67533,20.0,3.0,-1.0,,NORMAL
1790724536.1844556,esp32-1,-58.0,22.9755,18.70333,20.0,50.0,-1.0,,NORMAL
1790724541.332257,esp32-1,-57.0,39.588,6.1165,0.0,53.0,-1.0,,NORMAL
1790724545.4488997,esp32-1,-59.0,46.33739,6.213249,0.0,213.0,-1.0,,NORMAL
1790724551.1367307,esp32-1,-59.0,22.31225,17.91133,20.0,51.0,-1.0,,NORMAL
1790724555.2589586,esp32-1,-58.0,65.0188,38.25775,0.0,28.0,-1.0,,NORMAL
1790724560.1931894,esp32-1,-59.0,46.2068,6.07825,0.0,52.0,-1.0,,NORMAL
1790724566.054339,esp32-1,-58.0,21.79475,17.58967,20.0,51.0,-1.0,,NORMAL
1790724570.1535637,esp32-1,-59.0,39.3684,6.612999,0.0,52.0,-1.0,,NORMAL
1790724575.3595164,esp32-1,-57.0,46.0962,5.883249,0.0,218.0,-1.0,,NORMAL
1790724581.0432897,esp32-1,-56.0,22.17625,17.602,20.0,50.0,-1.0,,NORMAL
1790724585.2841308,esp32-1,-59.0,38.9946,6.253,0.0,186.0,-1.0,,NORMAL
1790724591.0688162,esp32-1,-59.0,38.414,14.15167,20.0,4.0,-1.0,,NORMAL
1790724596.0904422,esp32-1,-58.0,22.54575,17.936,20.0,48.0,-1.0,,NORMAL
1790724600.4074094,esp32-1,-58.0,38.7006,6.474,0.0,240.0,-1.0,,NORMAL
1790724605.1864018,esp32-1,-58.0,45.559,6.159251,0.0,52.0,-1.0,,NORMAL
1790724611.0447466,esp32-1,-56.0,22.632,17.838,20.0,47.0,-1.0,,NORMAL
1790724615.2271168,esp32-1,-58.0,62.1522,83.3775,0.0,4.0,-1.0,,NORMAL
1790724621.1769905,esp32-1,-58.0,37.40125,15.28633,20.0,4.0,-1.0,,NORMAL
1790724626.073405,esp32-1,-59.0,22.929,16.97733,20.0,51.0,-1.0,,NORMAL
1790724630.34641,esp32-1,-61.0,38.2634,6.5945,0.0,246.0,-1.0,,NORMAL
1790724636.2774312,esp32-1,-60.0,45.044,5.9105,0.0,53.0,-1.0,,NORMAL
1790724641.1442454,esp32-1,-58.0,23.88825,16.49833,20.0,40.0,-1.0,,NORMAL
1790724647.1888247,esp32-1,-60.0,28.67,24.17533,20.0,52.0,-1.0,,NORMAL
1790724651.3331895,esp32-1,-61.0,44.8936,6.229,0.0,53.0,-1.0,,NORMAL
1790724656.097279,esp32-1,-58.0,23.606,16.55533,20.0,39.0,-1.0,,NORMAL
1790724661.422806,esp32-1,-60.0,37.8218,6.10275,0.0,53.0,-1.0,,NORMAL
1790724665.8623717,esp32-1,-58.0,44.5732,6.1575,0.0,53.0,-1.0,,NORMAL
1790724671.151413,esp32-1,-59.0,22.31575,15.74467,20.0,43.0,-1.0,,NORMAL
1790724675.4529424,esp32-1,-60.0,37.7606,22.90025,0.0,202.0,-1.0,,NORMAL
1790724680.316672,esp32-1,-62.0,44.4828,6.30425,0.0,185.0,-1.0,,NORMAL
1790724686.0491447,esp32-1,-60.0,22.56575,16.12867,20.0,41.0,-1.0,,NORMAL
1790724692.2017875,esp32-1,-60.0,28.32925,25.67567,20.0,53.0,-1.0,,NORMAL
1790724695.4387488,esp32-1,-59.0,44.2002,6.207,0.0,241.0,-1.0,,NORMAL
1790724701.0401027,esp32-1,-58.0,21.5885,17.22233,20.0,43.0,-1.0,,NORMAL
1790724705.251424,esp32-1,-60.0,57.9594,31.6235,0.0,52.0,-1.0,,NORMAL
1790724710.3703015,esp32-1,-60.0,43.9968,7.373999,0.0,191.0,-1.0,,NORMAL
1790724716.2105355,esp32-1,-58.0,22.65,16.241,20.0,38.0,-1.0,,NORMAL
1790724721.2831142,esp32-1,-59.0,27.5835,24.90033,20.0,260.0,-1.0,,NORMAL
1790724725.3781934,esp32-1,-62.0,44.024,5.753749,0.0,244.0,-1.0,,NORMAL
1790724731.0380003,esp32-1,-61.0,21.8905,17.181,20.0,41.0,-1.0,,NORMAL
1790724737.1442225,esp32-1,-59.0,27.253,24.451,20.0,53.0,-1.0,,NORMAL
1790724740.332835,esp32-1,-61.0,43.4996,6.344749,0.0,197.0,-1.0,,NORMAL
1790724746.04525,esp32-1,-62.0,21.32275,16.70133,20.0,41.0,-1.0,,NORMAL
1790724751.0811377,esp32-1,-58.0,26.9375,23.978,20.0,53.0,-1.0,,NORMAL
1790724755.43398,esp32-1,-59.0,43.2336,7.41225,0.0,251.0,-1.0,,NORMAL
1790724760.4692833,esp32-1,-58.0,50.0716,10.25925,0.0,234.0,-1.0,,NORMAL
1790724766.326952,esp32-1,-59.0,26.7305,23.193,20.0,215.0,-1.0,,NORMAL
1790724770.3380597,esp32-1,-58.0,43.3548,35.025,0.0,202.0,-1.0,,NORMAL
1790724776.1148474,esp32-1,-61.0,23.10375,18.10433,20.0,32.0,-1.0,,NORMAL
1790724782.2082572,esp32-1,-60.0,26.684,21.24433,20.0,53.0,-1.0,,NORMAL
1790724785.434236,esp32-1,-60.0,42.8404,6.039999,0.0,257.0,-1.0,,NORMAL
1790724791.167733,esp32-1,-57.0,22.486,16.10467,20.0,34.0,-1.0,,NORMAL
1790724796.2402706,esp32-1,-59.0,26.36075,23.09567,20.0,222.0,-1.0,,NORMAL
1790724800.4885662,esp32-1,-58.0,43.0966,6.031499,0.0,206.0,-1.0,,NORMAL
1790724806.045083,esp32-1,-57.0,25.09525,18.97667,20.0,22.0,-1.0,,NORMAL
1790724811.2905245,esp32-1,-60.0,26.1805,22.83633,20.0,274.0,-1.0,,NORMAL
1790724815.3957086,esp32-1,-57.0,43.0088,5.6675,0.0,259.0,-1.0,,NORMAL
1790724821.043739,esp32-1,-60.0,22.14675,17.32133,20.0,34.0,-1.0,,NORMAL
1790724826.3966331,esp32-1,-57.0,25.81225,22.56333,20.0,225.0,-1.0,,NORMAL
1790724831.0829508,esp32-1,-59.0,39.44425,7.726334,20.0,4.0,-1.0,,NORMAL
1790724836.0420144,esp32-1,-60.0,22.9885,19.21167,20.0,29.0,-1.0,,NORMAL
1790724841.2439632,esp32-1,-60.0,25.669,22.29833,20.0,178.0,-1.0,,NORMAL
1790724845.1838062,esp32-1,-58.0,42.324,6.1775,0.0,52.0,-1.0,,NORMAL
1790724851.0382545,esp32-1,-57.0,22.92425,18.01433,20.0,28.0,-1.0,,NORMAL
1790724856.3241336,esp32-1,-59.0,25.29575,21.642,20.0,230.0,-1.0,,NORMAL
1790724860.3430955,esp32-1,-58.0,41.9488,5.649499,0.0,218.0,-1.0,,NORMAL
1790724866.1280215,esp32-1,-59.0,22.8585,16.992,20.0,28.0,-1.0,,NORMAL
1790724871.2014542,esp32-1,-59.0,25.027,20.81667,20.0,184.0,-1.0,,NORMAL
1790724876.0252068,esp32-1,-58.0,23.822,10.21,20.0,3.0,-1.0,,NORMAL
1790724881.042881,esp32-1,-59.0,24.99225,19.87267,20.0,18.0,-1.0,,NORMAL
1790724886.3230052,esp32-1,-58.0,24.543,20.58367,20.0,238.0,-1.0,,NORMAL
1790724890.347553,esp32-1,-57.0,41.6342,5.822,0.0,223.0,-1.0,,NORMAL
1790724896.1309934,esp32-1,-59.0,22.9025,15.617,20.0,25.0,-1.0,,NORMAL
1790724901.2523186,esp32-1,-59.0,24.4055,20.72933,20.0,187.0,-1.0,,NORMAL
1790724905.4098263,esp32-1,-60.0,41.5356,6.81075,0.0,284.0,-1.0,,NORMAL
1790724911.034986,esp32-1,-60.0,22.707,17.818,20.0,28.0,-1.0,,NORMAL
1790724916.2661939,esp32-1,-60.0,25.33275,21.514,20.0,237.0,-1.0,,NORMAL
1790724920.4356124,esp32-1,-58.0,41.8376,6.56075,0.0,224.0,-1.0,,NORMAL
1790724926.137915,esp32-1,-61.0,22.2245,18.00733,20.0,31.0,-1.0,,NORMAL
1790724931.07442,esp32-1,-59.0,24.90425,21.374,20.0,52.0,-1.0,,NORMAL
1790724936.173605,esp32-1,-59.0,33.214,11.02367,20.0,5.0,-1.0,,NORMAL
1790724941.0885606,esp32-1,-58.0,21.79875,17.56033,20.0,31.0,-1.0,,NORMAL
1790724947.2483535,esp32-1,-59.0,24.591,20.23733,20.0,54.0,-1.0,,NORMAL
1790724951.0805836,esp32-1,-57.0,38.4,7.913,20.0,4.0,-1.0,,NORMAL
1790724956.1419363,esp32-1,-59.0,22.38,18.007,20.0,26.0,-1.0,,NORMAL
1790724961.21649,esp32-1,-59.0,24.47275,20.55533,20.0,195.0,-1.0,,NORMAL
1790724965.3632963,esp32-1,-60.0,41.3194,5.84175,0.0,181.0,-1.0,,NORMAL
1790724971.0361605,esp32-1,-59.0,23.17475,16.25567,20.0,21.0,-1.0,,NORMAL
1790724976.3244476,esp32-1,-58.0,24.10625,18.272,20.0,249.0,-1.0,,NORMAL
1790724980.3598888,esp32-1,-59.0,41.0558,6.04775,0.0,234.0,-1.0,,NORMAL
1790724987.1720846,esp32-1,-57.0,29.20067,2.699,40.0,41.0,-1.0,,NORMAL
1790724991.3646517,esp32-1,-59.0,23.59925,20.06033,20.0,200.0,-1.0,,NORMAL
1790724995.9773765,esp32-1,-59.0,36.2046,11.96925,0.0,870.0,-1.0,,NORMAL
1790725001.0988264,esp32-1,-60.0,21.4365,16.81433,20.0,27.0,-1.0,,NORMAL
1790725006.2693982,esp32-1,-58.0,23.3075,18.63334,20.0,253.0,-1.0,,NORMAL
1790725010.4343872,esp32-1,-58.0,40.5992,6.20925,0.0,243.0,-1.0,,NORMAL
1790725015.466363,esp32-1,-58.0,47.38081,29.46725,0.0,228.0,-1.0,,NORMAL
1790725021.3732076,esp32-1,-60.0,23.21925,17.52167,20.0,205.0,-1.0,,NORMAL
1790725025.3661737,esp32-1,-58.0,40.3702,6.6475,0.0,194.0,-1.0,,NORMAL
1790725031.1013806,esp32-1,-56.0,21.6405,9.028999,20.0,3.0,-1.0,,NORMAL
1790725037.1947236,esp32-1,-58.0,22.92525,18.72367,20.0,55.0,-1.0,,NORMAL
1790725040.431345,esp32-1,-58.0,40.0588,6.206749,0.0,246.0,-1.0,,NORMAL
1790725046.1542835,esp32-1,-58.0,27.57875,22.00767,20.0,3.0,-1.0,,NORMAL
1790725050.9081402,esp32-1,-59.0,53.8164,19.95375,0.0,54.0,-1.0,,NORMAL
1790725056.2924178,esp32-1,-58.0,40.1456,7.083,0.0,53.0,-1.0,,NORMAL
1790725061.1047897,esp32-1,-58.0,27.77925,20.95933,20.0,3.0,-1.0,,NORMAL
1790725066.0783584,esp32-1,-57.0,22.4375,17.55733,20.0,53.0,-1.0,,NORMAL
1790725070.431169,esp32-1,-59.0,39.507,6.465999,0.0,251.0,-1.0,,NORMAL
1790725076.1584623,esp32-1,-59.0,26.53525,16.154,20.0,3.0,-1.0,,NORMAL
1790725081.2328014,esp32-1,-61.0,22.25525,17.76467,20.0,216.0,-1.0,,NORMAL
1790725085.4792643,esp32-1,-58.0,39.4844,6.206501,0.0,202.0,-1.0,,NORMAL
1790725091.0381153,esp32-1,-59.0,26.79475,20.67433,20.0,2.0,-1.0,,NORMAL
1790725096.287037,esp32-1,-59.0,21.88625,17.413,20.0,272.0,-1.0,,NORMAL
1790725100.4292603,esp32-1,-58.0,39.1746,6.2605,0.0,258.0,-1.0,,NORMAL
1790725106.161986,esp32-1,-60.0,27.44925,13.532,20.0,3.0,-1.0,,NORMAL
1790725111.1778595,esp32-1,-59.0,22.57,17.82867,20.0,49.0,-1.0,,NORMAL
1790725115.124219,esp32-1,-58.0,39.1832,6.628499,0.0,3.0,-1.0,,NORMAL
1790725121.3183877,esp32-1,-59.0,25.918,17.42733,20.0,238.0,-1.0,,NORMAL
1790725126.1310577,esp32-1,-59.0,23.74425,19.555,20.0,43.0,-1.0,,NORMAL
1790725130.3883798,esp32-1,-58.0,39.7544,7.42275,0.0,258.0,-1.0,,NORMAL
1790725136.1668258,esp32-1,-59.0,27.30225,16.143,20.0,2.0,-1.0,,NORMAL
1790725141.0615745,esp32-1,-58.0,21.61175,16.938,20.0,51.0,-1.0,,NORMAL
1790725145.881607,esp32-1,-59.0,38.6096,6.12175,0.0,53.0,-1.0,,NORMAL
1790725151.1192496,esp32-1,-57.0,25.0115,13.55567,20.0,2.0,-1.0,,NORMAL
1790725156.0606556,esp32-1,-58.0,22.05725,16.884,20.0,47.0,-1.0,,NORMAL
1790725161.206646,esp32-1,-58.0,38.4082,6.72225,0.0,53.0,-1.0,,NORMAL
1790725166.1726794,esp32-1,-56.0,31.1815,6.635667,20.0,4.0,-1.0,,NORMAL
1790725171.067005,esp32-1,-59.0,21.9615,17.47367,20.0,47.0,-1.0,,NORMAL
1790725175.4242184,esp32-1,-58.0,38.2932,7.698751,0.0,220.0,-1.0,,NORMAL
1790725181.0388074,esp32-1,-55.0,25.31425,14.777,20.0,3.0,-1.0,,NORMAL
1790725186.0671964,esp32-1,-58.0,21.56475,16.76767,20.0,47.0,-1.0,,NORMAL
1790725190.388252,esp32-1,-57.0,38.0274,6.17625,0.0,274.0,-1.0,,NORMAL
1790725196.0790715,esp32-1,-59.0,36.8305,16.64567,20.0,4.0,-1.0,,NORMAL
1790725201.1938205,esp32-1,-59.0,22.93475,18.17233,20.0,40.0,-1.0,,NORMAL
1790725206.9923081,esp32-1,-59.0,27.559,24.45333,20.0,944.0,-1.0,,NORMAL
1790725211.2298687,esp32-1,-58.0,37.49925,14.67933,20.0,4.0,-1.0,,NORMAL
1790725215.3852265,esp32-1,-58.0,50.9258,45.78125,0.0,195.0,-1.0,,NORMAL
1790725221.3668742,esp32-1,-57.0,28.0965,24.22967,20.0,278.0,-1.0,,NORMAL
1790725225.983879,esp32-1,-60.0,39.4038,12.84175,0.0,858.0,-1.0,,NORMAL
1790725231.0602136,esp32-1,-57.0,22.96425,17.14633,20.0,39.0,-1.0,,NORMAL
1790725236.2693274,esp32-1,-56.0,27.696,24.26833,20.0,229.0,-1.0,,NORMAL
1790725241.3876057,esp32-1,-57.0,43.9018,5.913001,0.0,53.0,-1.0,,NORMAL
1790725246.0636454,esp32-1,-57.0,24.2115,17.395,20.0,33.0,-1.0,,NORMAL
1790725251.219093,esp32-1,-59.0,27.54475,24.075,20.0,181.0,-1.0,,NORMAL
1790725255.2637975,esp32-1,-58.0,38.5132,12.197,0.0,4.0,-1.0,,NORMAL
1790725261.1063473,esp32-1,-58.0,23.631,17.868,20.0,33.0,-1.0,,NORMAL
1790725266.3497202,esp32-1,-60.0,27.0445,24.22034,20.0,235.0,-1.0,,NORMAL
1790725270.3180654,esp32-1,-57.0,68.4728,96.94399,0.0,31.0,-1.0,,NORMAL
1790725276.0578954,esp32-1,-59.0,22.55675,17.977,20.0,37.0,-1.0,,NORMAL
1790725281.2444904,esp32-1,-60.0,26.94925,22.37766,20.0,186.0,-1.0,,NORMAL
1790725286.2380848,esp32-1,-60.0,43.3762,6.57125,0.0,53.0,-1.0,,NORMAL
1790725291.1051288,esp32-1,-58.0,147.478,299.1443,0.0,317.0,-1.0,,NORMAL
1790725296.346973,esp32-1,-59.0,26.44,22.809,20.0,241.0,-1.0,,NORMAL
1790725300.98162,esp32-1,-57.0,43.0538,6.239249,0.0,56.0,-1.0,,NORMAL
1790725306.0580058,esp32-1,-57.0,21.8895,17.37433,20.0,37.0,-1.0,,NORMAL
1790725311.2314153,esp32-1,-58.0,26.26,23.18134,20.0,191.0,-1.0,,NORMAL
1790725315.9892962,esp32-1,-57.0,42.778,6.33825,0.0,53.0,-1.0,,NORMAL
1790725322.006369,esp32-1,-59.0,19.96133,12.9625,40.0,3.0,-1.0,,NORMAL
1790725325.4194815,esp32-1,-58.0,35.808,10.6065,0.0,248.0,-1.0,,NORMAL
1790725330.380429,esp32-1,-59.0,42.3514,6.13875,0.0,232.0,-1.0,,NORMAL
1790725336.0562983,esp32-1,-59.0,22.1755,17.62,20.0,34.0,-1.0,,NORMAL
1790725342.1480618,esp32-1,-60.0,25.60475,22.05467,20.0,53.0,-1.0,,NORMAL
1790725345.279374,esp32-1,-59.0,42.437,6.78375,0.0,3.0,-1.0,,NORMAL
1790725351.0576324,esp32-1,-59.0,21.48975,16.73567,20.0,35.0,-1.0,,NORMAL
1790725356.3450937,esp32-1,-58.0,25.58025,21.92567,20.0,251.0,-1.0,,NORMAL
1790725360.4534857,esp32-1,-57.0,42.197,5.736501,0.0,237.0,-1.0,,NORMAL
1790725366.1668503,esp32-1,-57.0,22.12075,17.44333,20.0,31.0,-1.0,,NORMAL
1790725372.2090614,esp32-1,-58.0,24.958,21.43967,20.0,52.0,-1.0,,NORMAL
1790725376.0149167,esp32-1,-59.0,42.0406,7.39775,0.0,53.0,-1.0,,NORMAL
1790725381.06161,esp32-1,-59.0,21.8885,16.27333,20.0,30.0,-1.0,,NORMAL
1790725386.238133,esp32-1,-58.0,34.2735,5.789,20.0,44.0,-1.0,,NORMAL
1790725390.1976304,esp32-1,-60.0,41.6956,6.49425,0.0,52.0,-1.0,,NORMAL
1790725396.3747978,esp32-1,-59.0,73.12825,149.4343,20.0,30.0,-1.0,,NORMAL
1790725401.2476864,esp32-1,-59.0,24.52975,20.933,20.0,208.0,-1.0,,NORMAL
1790725405.3359582,esp32-1,-60.0,41.5694,6.266249,0.0,193.0,-1.0,,NORMAL
1790725411.0571408,esp32-1,-59.0,21.992,17.24067,20.0,27.0,-1.0,,NORMAL
1790725416.0936081,esp32-1,-57.0,24.569,20.80233,20.0,54.0,-1.0,,NORMAL
1790725421.0246508,esp32-1,-59.0,41.2704,6.189499,0.0,53.0,-1.0,,NORMAL
1790725425.4889703,esp32-1,-57.0,47.9976,5.357751,0.0,231.0,-1.0,,NORMAL
1790725431.0910547,esp32-1,-59.0,24.1675,20.29033,20.0,53.0,-1.0,,NORMAL
1790725435.3465297,esp32-1,-59.0,40.9284,6.064,0.0,199.0,-1.0,,NORMAL
1790725440.3612652,esp32-1,-59.0,47.7884,6.91475,0.0,182.0,-1.0,,NORMAL
1790725446.0462143,esp32-1,-59.0,23.7315,16.24333,20.0,4.0,-1.0,,NORMAL
1790725450.3966067,esp32-1,-58.0,40.6502,6.49375,0.0,253.0,-1.0,,NORMAL
1790725455.4864402,esp32-1,-60.0,47.3912,6.3035,0.0,237.0,-1.0,,NORMAL
1790725461.2568767,esp32-1,-60.0,23.514,19.50133,20.0,217.0,-1.0,,NORMAL
1790725465.4970088,esp32-1,-59.0,40.5904,7.497249,0.0,204.0,-1.0,,NORMAL
1790725471.3363056,esp32-1,-57.0,47.6026,5.702499,0.0,53.0,-1.0,,NORMAL
1790725476.3547893,esp32-1,-58.0,23.4525,18.25367,20.0,271.0,-1.0,,NORMAL
1790725480.4500048,esp32-1,-60.0,40.6044,6.677,0.0,257.0,-1.0,,NORMAL
1790725485.483482,esp32-1,-60.0,47.512,5.8085,0.0,240.0,-1.0,,NORMAL
1790725491.340655,esp32-1,-59.0,23.2315,18.92833,20.0,222.0,-1.0,,NORMAL
1790725495.3536294,esp32-1,-60.0,40.6272,6.614,0.0,209.0,-1.0,,NORMAL
1790725500.2268155,esp32-1,-58.0,47.0788,6.351749,0.0,52.0,-1.0,,NORMAL
1790725506.032885,esp32-1,-60.0,22.90575,16.78967,20.0,2.0,-1.0,,NORMAL
1790725510.4104125,esp32-1,-57.0,40.1776,6.694,0.0,262.0,-1.0,,NORMAL
1790725515.4826887,esp32-1,-60.0,46.9816,6.19275,0.0,246.0,-1.0,,NORMAL
1790725521.3404477,esp32-1,-59.0,22.58825,18.281,20.0,227.0,-1.0,,NORMAL
1790725526.1684716,esp32-1,-61.0,39.9074,5.66725,0.0,52.0,-1.0,,NORMAL
1790725530.5234623,esp32-1,-59.0,46.6406,6.381499,0.0,197.0,-1.0,,NORMAL
1790725537.136363,esp32-1,-59.0,22.32275,16.38833,20.0,54.0,-1.0,,NORMAL
1790725540.9987376,esp32-1,-61.0,39.4046,7.505,0.0,859.0,-1.0,,NORMAL
1790725546.409603,esp32-1,-60.0,46.3868,6.11375,0.0,53.0,-1.0,,NORMAL
1790725551.621797,esp32-1,-60.0,22.07875,15.87533,20.0,233.0,-1.0,,NORMAL
1790725555.360522,esp32-1,-59.0,39.4838,7.11325,0.0,220.0,-1.0,,NORMAL
1790725560.381369,esp32-1,-60.0,46.5576,6.083499,0.0,201.0,-1.0,,NORMAL
1790725566.037771,esp32-1,-61.0,22.311,18.69033,20.0,3.0,-1.0,,NORMAL
1790725570.4642332,esp32-1,-60.0,39.4706,7.224499,0.0,274.0,-1.0,,NORMAL
1790725576.4065213,esp32-1,-61.0,46.2516,6.133001,0.0,53.0,-1.0,,NORMAL
1790725581.0833027,esp32-1,-60.0,23.03975,17.89667,20.0,48.0,-1.0,,NORMAL
1790725586.0051632,esp32-1,-60.0,73.3384,49.18975,0.0,690.0,-1.0,,NORMAL
1790725591.1787784,esp32-1,-60.0,57.2975,24.75933,20.0,4.0,-1.0,,NORMAL
1790725596.0370924,esp32-1,-58.0,22.28175,17.75533,20.0,3.0,-1.0,,NORMAL
1790725600.2597265,esp32-1,-60.0,38.83,6.019251,0.0,53.0,-1.0,,NORMAL
1790725605.4387033,esp32-1,-60.0,45.9172,7.632751,0.0,262.0,-1.0,,NORMAL
1790725611.0853965,esp32-1,-60.0,22.67875,16.774,20.0,47.0,-1.0,,NORMAL
1790725616.165062,esp32-1,-61.0,38.9266,6.47625,0.0,53.0,-1.0,,NORMAL
1790725620.4793594,esp32-1,-59.0,45.4702,5.34725,0.0,214.0,-1.0,,NORMAL
1790725626.0823102,esp32-1,-61.0,22.0305,18.12733,20.0,41.0,-1.0,,NORMAL
1790725630.2636352,esp32-1,-61.0,38.6498,6.472,0.0,51.0,-1.0,,NORMAL
1790725636.0589242,esp32-1,-59.0,25.7755,15.24433,20.0,4.0,-1.0,,NORMAL
1790725641.1309683,esp32-1,-61.0,21.89475,17.48967,20.0,49.0,-1.0,,NORMAL
1790725646.106642,esp32-1,-63.0,38.3012,6.0425,0.0,53.0,-1.0,,NORMAL
1790725650.395904,esp32-1,-60.0,45.1576,6.337999,0.0,220.0,-1.0,,NORMAL
1790725656.0393894,esp32-1,-60.0,22.05325,17.39233,20.0,3.0,-1.0,,NORMAL
1790725660.3260157,esp32-1,-59.0,37.9758,6.157249,0.0,187.0,-1.0,,NORMAL
1790725666.0591457,esp32-1,-60.0,26.762,12.54233,20.0,4.0,-1.0,,NORMAL
1790725671.0806897,esp32-1,-60.0,22.4575,16.315,20.0,43.0,-1.0,,NORMAL
1790725675.3778138,esp32-1,-60.0,38.004,6.6405,0.0,240.0,-1.0,,NORMAL
1790725680.3976371,esp32-1,-61.0,44.6354,6.224001,0.0,225.0,-1.0,,NORMAL
1790725686.1849196,esp32-1,-61.0,22.48625,17.81,20.0,43.0,-1.0,,NORMAL
1790725690.3795652,esp32-1,-61.0,37.6922,7.08875,0.0,192.0,-1.0,,NORMAL
1790725696.3145986,esp32-1,-59.0,44.4004,6.37,0.0,53.0,-1.0,,NORMAL
1790725701.1304882,esp32-1,-60.0,22.49025,15.188,20.0,41.0,-1.0,,NORMAL
1790725705.3392773,esp32-1,-60.0,37.6498,7.16825,0.0,156.0,-1.0,,NORMAL
1790725711.4025366,esp32-1,-59.0,44.2158,6.331251,0.0,52.0,-1.0,,NORMAL
1790725717.0104704,esp32-1,-60.0,20.084,13.0575,40.0,2.0,-1.0,,NORMAL
1790725722.119955,esp32-1,-59.0,28.401,25.80567,20.0,68.0,-1.0,,NORMAL
1790725725.2946186,esp32-1,-61.0,44.257,6.27525,0.0,53.0,-1.0,,NORMAL
1790725731.132386,esp32-1,-57.0,21.79225,17.062,20.0,46.0,-1.0,,NORMAL
1790725736.1618211,esp32-1,-60.0,27.643,24.84033,20.0,53.0,-1.0,,NORMAL
1790725740.399745,esp32-1,-60.0,44.0206,5.9915,0.0,232.0,-1.0,,NORMAL
1790725746.0806005,esp32-1,-59.0,216.8952,355.1835,0.0,46.0,-1.0,,NORMAL
1790725752.125468,esp32-1,-59.0,27.66025,24.959,20.0,53.0,-1.0,,NORMAL
1790725755.4054244,esp32-1,-60.0,43.811,6.005001,0.0,185.0,-1.0,,NORMAL
1790725761.2949312,esp32-1,-59.0,22.08125,17.256,20.0,255.0,-1.0,,NORMAL
1790725766.3710878,esp32-1,-61.0,27.2765,24.64433,20.0,252.0,-1.0,,NORMAL
1790725770.4774451,esp32-1,-59.0,43.7862,6.25875,0.0,238.0,-1.0,,NORMAL
1790725776.0922422,esp32-1,-59.0,22.98325,18.85533,20.0,36.0,-1.0,,NORMAL
1790725781.1106598,esp32-1,-59.0,27.11125,24.232,20.0,52.0,-1.0,,NORMAL
1790725786.0503144,esp32-1,-60.0,22.71425,10.991,20.0,9.0,-1.0,,NORMAL
1790725791.1408548,esp32-1,-59.0,22.7055,16.67133,20.0,34.0,-1.0,,NORMAL
1790725796.3266025,esp32-1,-61.0,26.67625,21.00133,20.0,259.0,-1.0,,NORMAL
1790725800.3610187,esp32-1,-57.0,43.224,6.061749,0.0,52.0,-1.0,,NORMAL
1790725806.1935308,esp32-1,-60.0,23.978,12.02433,20.0,28.0,-1.0,,NORMAL
1790725811.2147834,esp32-1,-59.0,26.69175,23.38,20.0,53.0,-1.0,,NORMAL
1790725815.4103243,esp32-1,-59.0,42.8886,6.56625,0.0,194.0,-1.0,,NORMAL
1790725821.0804312,esp32-1,-57.0,23.63425,18.514,20.0,29.0,-1.0,,NORMAL
1790725826.3715851,esp32-1,-57.0,26.73375,23.207,20.0,260.0,-1.0,,NORMAL
1790725830.4142275,esp32-1,-58.0,42.9266,9.439502,0.0,248.0,-1.0,,NORMAL
1790725836.1978457,esp32-1,-59.0,21.82875,18.02567,20.0,34.0,-1.0,,NORMAL
1790725841.362658,esp32-1,-58.0,26.096,22.822,20.0,213.0,-1.0,,NORMAL
1790725845.5216787,esp32-1,-60.0,42.7758,6.724,0.0,199.0,-1.0,,NORMAL
1790725851.15058,esp32-1,-60.0,23.42575,17.25567,20.0,29.0,-1.0,,NORMAL
1790725856.1173048,esp32-1,-59.0,25.7975,21.866,20.0,52.0,-1.0,,NORMAL
1790725860.4195387,esp32-1,-59.0,42.3398,6.46425,0.0,254.0,-1.0,,NORMAL
1790725866.2034037,esp32-1,-60.0,21.64875,16.91,20.0,34.0,-1.0,,NORMAL
1790725871.366894,esp32-1,-59.0,25.31525,20.44633,20.0,220.0,-1.0,,NORMAL
1790725876.4469154,esp32-1,-58.0,42.1676,6.1095,0.0,53.0,-1.0,,NORMAL
1790725881.0803792,esp32-1,-58.0,22.09175,17.40867,20.0,32.0,-1.0,,NORMAL
1790725886.3337808,esp32-1,-58.0,25.303,21.812,20.0,273.0,-1.0,,NORMAL
1790725890.2674994,esp32-1,-61.0,41.9132,7.06525,0.0,53.0,-1.0,,NORMAL
1790725896.0810347,esp32-1,-59.0,22.33525,17.42667,20.0,30.0,-1.0,,NORMAL
1790725901.3625107,esp32-1,-60.0,25.004,20.705,20.0,224.0,-1.0,,NORMAL
1790725905.3214514,esp32-1,-57.0,41.757,5.9375,0.0,52.0,-1.0,,NORMAL
1790725911.0774434,esp32-1,-59.0,22.3295,17.53233,20.0,28.0,-1.0,,NORMAL
1790725916.1754057,esp32-1,-58.0,27.1195,20.79,20.0,44.0,-1.0,,NORMAL
1790725920.4268415,esp32-1,-59.0,41.7284,6.91575,0.0,265.0,-1.0,,NORMAL
1790725926.082872,esp32-1,-60.0,21.78325,17.29967,20.0,30.0,-1.0,,NORMAL
1790725932.1548188,esp32-1,-58.0,24.328,18.88367,20.0,53.0,-1.0,,NORMAL
1790725936.3948865,esp32-1,-59.0,41.3616,6.51425,0.0,53.0,-1.0,,NORMAL
1790725941.3673546,esp32-1,-59.0,48.2226,7.698252,0.0,53.0,-1.0,,NORMAL
1790725946.2824306,esp32-1,-59.0,24.18375,20.23933,20.0,181.0,-1.0,,NORMAL
1790725950.2275312,esp32-1,-60.0,41.2342,6.09425,0.0,52.0,-1.0,,NORMAL
1790725955.5042286,esp32-1,-58.0,47.7948,5.691,0.0,254.0,-1.0,,NORMAL
1790725962.1860173,esp32-1,-58.0,23.89075,19.00433,20.0,52.0,-1.0,,NORMAL
1790725965.4731348,esp32-1,-59.0,40.7126,5.33025,0.0,221.0,-1.0,,NORMAL
1790725970.4019778,esp32-1,-59.0,47.6622,6.811499,0.0,205.0,-1.0,,NORMAL
1790725976.2433012,esp32-1,-59.0,23.78325,19.83267,20.0,186.0,-1.0,,NORMAL
1790725980.4424763,esp32-1,-57.0,40.7626,6.401,0.0,275.0,-1.0,,NORMAL
1790725985.9119437,esp32-1,-59.0,88.9308,58.71799,0.0,52.0,-1.0,,NORMAL
1790725991.295058,esp32-1,-58.0,23.356,18.94433,20.0,239.0,-1.0,,NORMAL
1790725996.3119273,esp32-1,-60.0,40.5764,6.187749,0.0,53.0,-1.0,,NORMAL
1790726000.352461,esp32-1,-58.0,47.2578,6.20775,0.0,53.0,-1.0,,NORMAL
1790726006.2536685,esp32-1,-58.0,23.2065,19.03267,20.0,191.0,-1.0,,NORMAL
1790726011.0626056,esp32-1,-59.0,22.486,9.261666,20.0,6.0,-1.0,,NORMAL
1790726015.2562048,esp32-1,-60.0,47.9218,6.43825,0.0,49.0,-1.0,,NORMAL
1790726021.3025098,esp32-1,-57.0,22.9265,17.97733,20.0,245.0,-1.0,,NORMAL
1790726025.4699767,esp32-1,-60.0,40.158,6.196249,0.0,232.0,-1.0,,NORMAL
1790726030.5023105,esp32-1,-59.0,46.8052,6.362499,0.0,215.0,-1.0,,NORMAL
1790726036.397868,esp32-1,-59.0,22.5435,17.537,20.0,196.0,-1.0,,NORMAL
1790726040.347507,esp32-1,-58.0,39.8348,6.3395,0.0,184.0,-1.0,,NORMAL
1790726045.5117886,esp32-1,-61.0,46.7872,6.02325,0.0,270.0,-1.0,,NORMAL
1790726050.388673,esp32-1,-60.0,33.005,6.316,0.0,253.0,-1.0,,NORMAL
1790726055.473158,esp32-1,-59.0,39.7284,6.5355,0.0,236.0,-1.0,,NORMAL
1790726060.503968,esp32-1,-59.0,46.7868,6.172751,0.0,219.0,-1.0,,NORMAL
1790726066.1069999,esp32-1,-59.0,24.27825,17.13867,20.0,45.0,-1.0,,NORMAL
1790726070.3439066,esp32-1,-60.0,39.569,6.023,0.0,187.0,-1.0,,NORMAL
1790726075.2516255,esp32-1,-57.0,46.5518,5.867749,0.0,52.0,-1.0,,NORMAL
1790726081.2237659,esp32-1,-59.0,22.095,15.68867,20.0,157.0,-1.0,,NORMAL
1790726085.2228498,esp32-1,-60.0,39.4336,7.03275,0.0,52.0,-1.0,,NORMAL
1790726090.4339302,esp32-1,-59.0,46.2996,5.409,0.0,225.0,-1.0,,NORMAL
1790726096.202109,esp32-1,-59.0,23.3005,14.669,20.0,47.0,-1.0,,NORMAL
1790726101.275774,esp32-1,-58.0,39.2614,6.70125,0.0,53.0,-1.0,,NORMAL
1790726105.3749769,esp32-1,-59.0,45.8724,6.19325,0.0,177.0,-1.0,,NORMAL
1790726111.1533537,esp32-1,-59.0,22.75275,19.69467,20.0,50.0,-1.0,,NORMAL
1790726115.465995,esp32-1,-59.0,39.0598,6.159,0.0,247.0,-1.0,,NORMAL
1790726120.2567327,esp32-1,-60.0,46.0088,6.27325,0.0,52.0,-1.0,,NORMAL
1790726126.1085906,esp32-1,-58.0,21.512,16.919,20.0,52.0,-1.0,,NORMAL
1790726130.5084357,esp32-1,-60.0,38.9072,6.864751,0.0,198.0,-1.0,,NORMAL
1790726136.0728307,esp32-1,-60.0,25.309,15.371,20.0,4.0,-1.0,,NORMAL
1790726141.156971,esp32-1,-56.0,23.84425,21.328,20.0,42.0,-1.0,,NORMAL
1790726145.419467,esp32-1,-60.0,38.6772,6.8635,0.0,253.0,-1.0,,NORMAL
1790726151.4251473,esp32-1,-58.0,45.3302,5.761249,0.0,53.0,-1.0,,NORMAL
1790726156.2101784,esp32-1,-60.0,22.45,16.53233,20.0,46.0,-1.0,,NORMAL
1790726161.2776065,esp32-1,-58.0,38.45,5.6505,0.0,52.0,-1.0,,NORMAL
1790726166.0447292,esp32-1,-60.0,45.2138,6.131,0.0,53.0,-1.0,,NORMAL
1790726171.1633408,esp32-1,-59.0,23.5045,19.14967,20.0,42.0,-1.0,,NORMAL
1790726175.4659228,esp32-1,-60.0,38.248,6.7305,0.0,257.0,-1.0,,NORMAL
1790726181.3481438,esp32-1,-60.0,45.171,6.2055,0.0,53.0,-1.0,,NORMAL
1790726186.0988452,esp32-1,-58.0,23.20225,18.32367,20.0,41.0,-1.0,,NORMAL
1790726190.620206,esp32-1,-60.0,37.9008,6.5795,0.0,209.0,-1.0,,NORMAL
1790726195.49854,esp32-1,-58.0,65.416,85.20975,0.0,191.0,-1.0,,NORMAL
1790726201.1070313,esp32-1,-60.0,21.93075,17.217,20.0,45.0,-1.0,,NORMAL
1790726205.417782,esp32-1,-60.0,79.877,61.98,0.0,51.0,-1.0,,NORMAL
1790726210.4427564,esp32-1,-59.0,44.8426,5.505001,0.0,246.0,-1.0,,NORMAL
1790726216.2193103,esp32-1,-58.0,21.5565,16.70233,20.0,46.0,-1.0,,NORMAL
1790726221.1390705,esp32-1,-60.0,28.184,23.72267,20.0,53.0,-1.0,,NORMAL
1790726226.051531,esp32-1,-61.0,44.641,5.16925,0.0,53.0,-1.0,,NORMAL
1790726231.1699855,esp32-1,-58.0,22.889,16.668,20.0,39.0,-1.0,,NORMAL
1790726236.1895778,esp32-1,-58.0,28.38575,25.57767,20.0,52.0,-1.0,,NORMAL
1790726241.4228008,esp32-1,-59.0,44.4958,6.33925,0.0,53.0,-1.0,,NORMAL
1790726246.2237005,esp32-1,-59.0,22.21725,17.699,20.0,43.0,-1.0,,NORMAL
1790726250.3771787,esp32-1,-58.0,37.1588,6.33925,0.0,219.0,-1.0,,NORMAL
1790726255.5437932,esp32-1,-57.0,44.129,6.054,0.0,203.0,-1.0,,NORMAL
1790726261.1749218,esp32-1,-61.0,21.76775,16.0,20.0,42.0,-1.0,,NORMAL
1790726266.3589392,esp32-1,-57.0,27.363,23.13067,20.0,273.0,-1.0,,NORMAL
1790726270.6078267,esp32-1,-56.0,43.8018,6.59875,0.0,52.0,-1.0,,NORMAL
1790726276.0990362,esp32-1,-60.0,23.79025,19.14133,20.0,34.0,-1.0,,NORMAL
1790726281.301158,esp32-1,-60.0,27.1015,22.21433,20.0,221.0,-1.0,,NORMAL
1790726285.2461712,esp32-1,-58.0,43.7872,6.09525,0.0,53.0,-1.0,,NORMAL
1790726291.1818016,esp32-1,-58.0,21.77775,16.94467,20.0,40.0,-1.0,,NORMAL
1790726296.358644,esp32-1,-58.0,27.23675,22.99733,20.0,275.0,-1.0,,NORMAL
1790726301.1142657,esp32-1,-59.0,22.79375,11.101,20.0,3.0,-1.0,,NORMAL
1790726307.154325,esp32-1,-57.0,19.835,12.9545,40.0,9.0,-1.0,,NORMAL
1790726311.3055863,esp32-1,-59.0,26.661,21.29433,20.0,227.0,-1.0,,NORMAL
1790726315.350283,esp32-1,-60.0,43.1958,6.218751,0.0,53.0,-1.0,,NORMAL
1790726321.186065,esp32-1,-59.0,22.13575,17.707,20.0,37.0,-1.0,,NORMAL
1790726326.1357563,esp32-1,-59.0,26.4375,21.459,20.0,53.0,-1.0,,NORMAL
1790726330.2445226,esp32-1,-60.0,44.8772,8.35175,0.0,44.0,-1.0,,NORMAL
1790726336.1083457,esp32-1,-60.0,21.73375,17.13233,20.0,36.0,-1.0,,NORMAL
1790726341.383168,esp32-1,-59.0,26.16875,21.99833,20.0,233.0,-1.0,,NORMAL
1790726346.417995,esp32-1,-58.0,227.7234,362.4995,0.0,217.0,-1.0,,NORMAL
1790726351.19221,esp32-1,-59.0,22.11075,18.322,20.0,35.0,-1.0,,NORMAL
1790726356.2081273,esp32-1,-58.0,25.737,20.89967,20.0,52.0,-1.0,,NORMAL
1790726360.5074956,esp32-1,-60.0,42.5002,6.422501,0.0,273.0,-1.0,,NORMAL
1790726366.1447089,esp32-1,-60.0,21.5335,17.017,20.0,36.0,-1.0,,NORMAL
1790726370.4592702,esp32-1,-60.0,35.7082,6.232749,0.0,240.0,-1.0,,NORMAL
1790726375.4941564,esp32-1,-59.0,42.2988,5.81525,0.0,224.0,-1.0,,NORMAL
1790726381.363862,esp32-1,-57.0,49.2114,8.973501,0.0,53.0,-1.0,,NORMAL
1790726386.3144271,esp32-1,-61.0,25.6015,21.35166,20.0,188.0,-1.0,,NORMAL
1790726391.3343306,esp32-1,-59.0,42.2416,6.566249,0.0,53.0,-1.0,,NORMAL
1790726396.1457245,esp32-1,-60.0,22.17325,18.817,20.0,31.0,-1.0,,NORMAL
1790726401.2431488,esp32-1,-59.0,25.23475,20.572,20.0,156.0,-1.0,,NORMAL
1790726405.4286914,esp32-1,-57.0,41.9406,6.648251,0.0,229.0,-1.0,,NORMAL
1790726411.1016257,esp32-1,-60.0,21.94125,17.288,20.0,31.0,-1.0,,NORMAL
1790726417.1394506,esp32-1,-59.0,20.50433,13.381,40.0,3.0,-1.0,,NORMAL
1790726420.4176729,esp32-1,-59.0,41.8016,6.2795,0.0,181.0,-1.0,,NORMAL
1790726426.4584696,esp32-1,-59.0,48.4178,6.511,0.0,53.0,-1.0,,NORMAL
1790726431.3811617,esp32-1,-59.0,24.61075,20.689,20.0,247.0,-1.0,,NORMAL
1790726435.415667,esp32-1,-60.0,41.5802,6.548501,0.0,235.0,-1.0,,NORMAL
1790726442.0433354,esp32-1,-59.0,20.51867,24.4075,40.0,4.0,-1.0,,NORMAL
1790726446.220201,esp32-1,-59.0,27.92625,25.499,20.0,40.0,-1.0,,NORMAL
1790726450.3179233,esp32-1,-59.0,41.1476,6.342249,0.0,3.0,-1.0,,NORMAL
1790726456.1046424,esp32-1,-59.0,21.8875,17.647,20.0,29.0,-1.0,,NORMAL
1790726461.3375118,esp32-1,-58.0,24.4095,20.479,20.0,253.0,-1.0,,NORMAL
1790726465.425203,esp32-1,-56.0,40.9254,6.49275,0.0,240.0,-1.0,,NORMAL
1790726470.4473028,esp32-1,-59.0,48.0122,6.1545,0.0,223.0,-1.0,,NORMAL
1790726477.1994495,esp32-1,-58.0,24.00275,19.67633,20.0,53.0,-1.0,,NORMAL
1790726480.3243039,esp32-1,-59.0,41.0852,6.757999,0.0,52.0,-1.0,,NORMAL
1790726485.5034053,esp32-1,-60.0,47.6862,6.831751,0.0,277.0,-1.0,,NORMAL
1790726490.2531078,esp32-1,-57.0,34.5482,6.552751,0.0,53.0,-1.0,,NORMAL
1790726495.4285731,esp32-1,-60.0,40.8622,6.185501,0.0,244.0,-1.0,,NORMAL
1790726500.52455,esp32-1,-59.0,47.595,6.224999,0.0,228.0,-1.0,,NORMAL
1790726506.2912288,esp32-1,-57.0,23.63575,19.74767,20.0,210.0,-1.0,,NORMAL
1790726511.0736177,esp32-1,-58.0,21.5435,8.801667,20.0,3.0,-1.0,,NORMAL
1790726515.282877,esp32-1,-57.0,47.5366,5.597751,0.0,53.0,-1.0,,NORMAL
1790726521.3370118,esp32-1,-57.0,23.2575,19.15933,20.0,263.0,-1.0,,NORMAL
1790726525.4335058,esp32-1,-59.0,40.5664,6.201749,0.0,249.0,-1.0,,NORMAL
1790726530.444636,esp32-1,-58.0,47.3832,6.09875,0.0,233.0,-1.0,,NORMAL
1790726535.30859,esp32-1,-57.0,54.3028,22.21375,0.0,53.0,-1.0,,NORMAL
1790726540.3926148,esp32-1,-60.0,40.4208,6.126249,0.0,200.0,-1.0,,NORMAL
1790726545.4067419,esp32-1,-58.0,47.1668,5.87925,0.0,184.0,-1.0,,NORMAL
1790726551.3476806,esp32-1,-58.0,22.79725,18.511,20.0,267.0,-1.0,,NORMAL
1790726555.4900663,esp32-1,-60.0,39.8774,6.325001,0.0,254.0,-1.0,,NORMAL
1790726560.6076796,esp32-1,-58.0,46.9154,6.339251,0.0,238.0,-1.0,,NORMAL
1790726567.212498,esp32-1,-59.0,22.7665,18.259,20.0,53.0,-1.0,,NORMAL
1790726570.393823,esp32-1,-58.0,39.879,6.119251,0.0,206.0,-1.0,,NORMAL
1790726575.4573455,esp32-1,-60.0,46.6438,6.294,0.0,189.0,-1.0,,NORMAL
1790726581.3530183,esp32-1,-57.0,22.4235,17.27133,20.0,273.0,-1.0,,NORMAL
1790726585.4524436,esp32-1,-57.0,39.5424,6.2395,0.0,260.0,-1.0,,NORMAL
1790726591.3835044,esp32-1,-57.0,46.6912,5.429499,0.0,53.0,-1.0,,NORMAL
1790726596.378604,esp32-1,-60.0,22.419,17.32934,20.0,224.0,-1.0,,NORMAL
1790726600.3383076,esp32-1,-59.0,39.5096,5.671,0.0,52.0,-1.0,,NORMAL
1790726605.5619295,esp32-1,-59.0,46.4302,5.920501,0.0,194.0,-1.0,,NORMAL
1790726611.2973185,esp32-1,-58.0,22.20775,17.63767,20.0,175.0,-1.0,,NORMAL
1790726616.5211282,esp32-1,-57.0,39.2248,6.61425,0.0,52.0,-1.0,,NORMAL
1790726620.5233128,esp32-1,-59.0,46.518,6.3505,0.0,247.0,-1.0,,NORMAL
1790726626.2508438,esp32-1,-61.0,22.54875,18.17467,20.0,50.0,-1.0,,NORMAL
1790726630.234557,esp32-1,-57.0,39.5304,6.58225,0.0,53.0,-1.0,,NORMAL
1790726636.0984795,esp32-1,-59.0,26.7315,19.408,20.0,3.0,-1.0,,NORMAL
1790726641.1260707,esp32-1,-60.0,22.3875,14.44567,20.0,49.0,-1.0,,NORMAL
1790726645.2494624,esp32-1,-58.0,39.0306,6.190499,0.0,53.0,-1.0,,NORMAL
1790726650.4749594,esp32-1,-58.0,46.0618,5.925001,0.0,253.0,-1.0,,NORMAL
1790726656.313681,esp32-1,-59.0,21.59125,17.01967,20.0,233.0,-1.0,,NORMAL
1790726660.4014208,esp32-1,-54.0,39.0066,6.51575,0.0,221.0,-1.0,,NORMAL
1790726666.4364252,esp32-1,-57.0,66.4744,88.75649,0.0,52.0,-1.0,,NORMAL
1790726671.2047088,esp32-1,-57.0,22.0195,17.76133,20.0,49.0,-1.0,,NORMAL
1790726676.424225,esp32-1,-59.0,29.59175,26.069,20.0,272.0,-1.0,,NORMAL
1790726680.4793134,esp32-1,-57.0,45.518,6.997502,0.0,258.0,-1.0,,NORMAL
1790726686.12382,esp32-1,-56.0,22.121,17.584,20.0,47.0,-1.0,,NORMAL
1790726691.3272247,esp32-1,-58.0,38.4626,6.76175,0.0,53.0,-1.0,,NORMAL
1790726696.3437488,esp32-1,-57.0,45.2574,5.821751,0.0,53.0,-1.0,,NORMAL
1790726701.205032,esp32-1,-57.0,23.249,18.62167,20.0,42.0,-1.0,,NORMAL
1790726705.365337,esp32-1,-57.0,38.392,5.785251,0.0,177.0,-1.0,,NORMAL
1790726711.401803,esp32-1,-60.0,44.9034,6.269249,0.0,56.0,-1.0,,NORMAL
1790726716.1698434,esp32-1,-58.0,22.064,17.46033,20.0,45.0,-1.0,,NORMAL
1790726720.6654077,esp32-1,-56.0,38.2248,6.62525,0.0,53.0,-1.0,,NORMAL
1790726726.2232356,esp32-1,-58.0,57.67675,26.407,20.0,4.0,-1.0,,NORMAL
1790726732.1305635,esp32-1,-57.0,20.513,12.433,40.0,3.0,-1.0,,NORMAL
1790726736.2800837,esp32-1,-57.0,38.036,7.38975,0.0,53.0,-1.0,,NORMAL
1790726741.3993728,esp32-1,-56.0,44.6838,6.25275,0.0,53.0,-1.0,,NORMAL
1790726746.1700087,esp32-1,-55.0,22.641,18.26833,20.0,42.0,-1.0,,NORMAL
1790726751.4100788,esp32-1,-58.0,28.24575,24.212,20.0,234.0,-1.0,,NORMAL
1790726755.439774,esp32-1,-59.0,44.3848,6.106499,0.0,220.0,-1.0,,NORMAL
1790726761.1228824,esp32-1,-57.0,21.95275,17.44533,20.0,45.0,-1.0,,NORMAL
1790726767.0576718,esp32-1,-57.0,24.056,18.06267,20.0,967.0,-1.0,,NORMAL
1790726770.4925792,esp32-1,-57.0,44.5484,5.909999,0.0,274.0,-1.0,,NORMAL
1790726776.1706846,esp32-1,-59.0,22.3575,16.639,20.0,41.0,-1.0,,NORMAL
1790726782.0614753,esp32-1,-57.0,74.632,87.395,20.0,767.0,-1.0,,NORMAL
1790726786.3626437,esp32-1,-60.0,44.3562,6.266001,0.0,53.0,-1.0,,NORMAL
1790726791.2206855,esp32-1,-57.0,22.00575,17.34733,20.0,42.0,-1.0,,NORMAL
1790726796.4402113,esp32-1,-58.0,27.68725,24.46867,20.0,193.0,-1.0,,NORMAL
1790726800.39017,esp32-1,-59.0,44.0686,5.66775,0.0,177.0,-1.0,,NORMAL
1790726806.1251752,esp32-1,-60.0,22.57125,17.441,20.0,39.0,-1.0,,NORMAL
1790726811.4061348,esp32-1,-58.0,27.27375,22.65433,20.0,244.0,-1.0,,NORMAL
1790726815.26516,esp32-1,-58.0,43.869,6.4715,0.0,52.0,-1.0,,NORMAL
1790726821.1214092,esp32-1,-56.0,21.5125,16.78234,20.0,40.0,-1.0,,NORMAL
1790726826.1996868,esp32-1,-58.0,23.8095,18.13467,20.0,106.0,-1.0,,NORMAL
1790726830.4402556,esp32-1,-56.0,43.3342,5.969001,0.0,182.0,-1.0,,NORMAL
1790726836.129875,esp32-1,-58.0,21.991,15.71833,20.0,38.0,-1.0,,NORMAL
1790726841.359032,esp32-1,-58.0,26.46325,22.028,20.0,249.0,-1.0,,NORMAL
1790726845.4494464,esp32-1,-58.0,43.1264,6.20675,0.0,237.0,-1.0,,NORMAL
1790726851.1217856,esp32-1,-58.0,22.46675,18.09067,20.0,35.0,-1.0,,NORMAL
1790726857.3705075,esp32-1,-58.0,26.502,23.11233,20.0,52.0,-1.0,,NORMAL
1790726861.3207161,esp32-1,-56.0,42.973,6.1305,0.0,52.0,-1.0,,NORMAL
1790726866.129373,esp32-1,-59.0,21.5455,16.84133,20.0,37.0,-1.0,,NORMAL
1790726872.1260707,esp32-1,-56.0,21.54367,13.076,40.0,4.0,-1.0,,NORMAL
1790726875.2628534,esp32-1,-59.0,42.964,5.86975,0.0,52.0,-1.0,,NORMAL
1790726881.1210065,esp32-1,-58.0,21.775,15.49667,20.0,35.0,-1.0,,NORMAL
1790726885.4935405,esp32-1,-59.0,56.4056,27.72025,0.0,209.0,-1.0,,NORMAL
1790726891.3730295,esp32-1,-59.0,42.6528,5.81725,0.0,53.0,-1.0,,NORMAL
1790726896.1833928,esp32-1,-58.0,23.19875,17.277,20.0,28.0,-1.0,,NORMAL
1790726901.3617363,esp32-1,-58.0,26.0075,22.65267,20.0,259.0,-1.0,,NORMAL
1790726905.4484646,esp32-1,-59.0,42.5284,6.80275,0.0,247.0,-1.0,,NORMAL
1790726911.1187027,esp32-1,-57.0,21.7205,17.61067,20.0,33.0,-1.0,,NORMAL
1790726915.4341776,esp32-1,-57.0,56.0294,26.77825,0.0,52.0,-1.0,,NORMAL
1790726920.405161,esp32-1,-60.0,42.2808,6.81975,0.0,198.0,-1.0,,NORMAL
1790726927.0779083,esp32-1,-59.0,21.53066,25.714,40.0,4.0,-1.0,,NORMAL
1790726931.3651686,esp32-1,-57.0,24.99375,20.69633,20.0,266.0,-1.0,,NORMAL
1790726936.3743436,esp32-1,-58.0,41.9956,7.32025,0.0,53.0,-1.0,,NORMAL
1790726941.2439897,esp32-1,-57.0,22.024,17.278,20.0,30.0,-1.0,,NORMAL
1790726946.2588987,esp32-1,-59.0,29.54525,0.759333,20.0,35.0,-1.0,,NORMAL
1790726950.4130838,esp32-1,-58.0,41.654,5.852499,0.0,203.0,-1.0,,NORMAL
1790726956.1907513,esp32-1,-58.0,21.99025,17.537,20.0,29.0,-1.0,,NORMAL
1790726961.4130723,esp32-1,-60.0,24.52375,20.80133,20.0,271.0,-1.0,,NORMAL
1790726965.4724925,esp32-1,-58.0,41.3338,7.281498,0.0,258.0,-1.0,,NORMAL
1790726971.2437387,esp32-1,-59.0,21.47375,17.03234,20.0,30.0,-1.0,,NORMAL
1790726976.3230226,esp32-1,-58.0,24.23425,18.74,20.0,223.0,-1.0,,NORMAL
1790726980.259041,esp32-1,-56.0,41.198,6.15425,0.0,52.0,-1.0,,NORMAL
1790726985.375713,esp32-1,-59.0,48.05,7.32325,0.0,3.0,-1.0,,NORMAL
1790726991.4173803,esp32-1,-58.0,24.1635,19.477,20.0,276.0,-1.0,,NORMAL
1790726996.1312177,esp32-1,-59.0,31.9795,10.321,20.0,4.0,-1.0,,NORMAL
1790727001.4699705,esp32-1,-59.0,95.02901,72.80666,20.0,4.0,-1.0,,NORMAL
1790727006.4020684,esp32-1,-59.0,23.81175,18.11633,20.0,228.0,-1.0,,NORMAL
1790727010.4319499,esp32-1,-57.0,40.5872,6.636249,0.0,215.0,-1.0,,NORMAL
1790727016.200053,esp32-1,-58.0,23.15,18.68333,20.0,21.0,-1.0,,NORMAL
1790727021.322098,esp32-1,-58.0,23.4275,18.68233,20.0,179.0,-1.0,,NORMAL
1790727025.3749015,esp32-1,-56.0,40.7198,5.7065,0.0,165.0,-1.0,,NORMAL
1790727030.545418,esp32-1,-58.0,47.4002,6.337249,0.0,252.0,-1.0,,NORMAL
1790727036.2734694,esp32-1,-57.0,23.2925,18.88567,20.0,53.0,-1.0,,NORMAL
1790727040.359158,esp32-1,-56.0,40.2022,5.961751,0.0,156.0,-1.0,,NORMAL
1790727046.4086537,esp32-1,-58.0,47.0628,6.247251,0.0,53.0,-1.0,,NORMAL
1790727051.2821484,esp32-1,-58.0,22.9965,18.62033,20.0,184.0,-1.0,,NORMAL
1790727056.1372514,esp32-1,-58.0,21.398,8.703,20.0,3.0,-1.0,,NORMAL
1790727060.5422826,esp32-1,-58.0,46.8774,5.874001,0.0,257.0,-1.0,,NORMAL
1790727067.323727,esp32-1,-57.0,22.7685,18.36,20.0,53.0,-1.0,,NORMAL
1790727070.3927402,esp32-1,-59.0,39.9328,6.74,0.0,53.0,-1.0,,NORMAL
1790727077.0684822,esp32-1,-57.0,20.247,22.947,40.0,6.0,-1.0,,NORMAL
1790727081.4305053,esp32-1,-57.0,24.073,20.225,20.0,184.0,-1.0,,NORMAL
1790727085.2681396,esp32-1,-58.0,40.9224,5.62625,0.0,52.0,-1.0,,NORMAL
1790727090.3494956,esp32-1,-58.0,47.6592,5.91775,0.0,53.0,-1.0,,NORMAL
1790727095.2744298,esp32-1,-58.0,34.1034,6.7365,0.0,52.0,-1.0,,NORMAL
1790727100.5151386,esp32-1,-59.0,40.73,6.06025,0.0,225.0,-1.0,,NORMAL
1790727105.5981545,esp32-1,-59.0,47.547,5.893999,0.0,208.0,-1.0,,NORMAL
1790727112.1989217,esp32-1,-57.0,23.60525,19.12967,20.0,52.0,-1.0,,NORMAL
1790727115.432378,esp32-1,-57.0,40.7068,6.269249,0.0,175.0,-1.0,,NORMAL
1790727120.5497699,esp32-1,-59.0,48.078,6.971999,0.0,259.0,-1.0,,NORMAL
1790727126.3486357,esp32-1,-57.0,23.361,19.227,20.0,243.0,-1.0,,NORMAL
1790727131.3507767,esp32-1,-58.0,40.7256,6.429249,0.0,53.0,-1.0,,NORMAL
1790727135.4610634,esp32-1,-58.0,47.4742,6.10525,0.0,212.0,-1.0,,NORMAL
1790727141.2974367,esp32-1,-59.0,23.1965,18.95067,20.0,194.0,-1.0,,NORMAL
1790727145.259542,esp32-1,-57.0,40.3146,6.63675,0.0,52.0,-1.0,,NORMAL
1790727150.5539296,esp32-1,-58.0,47.1632,7.246,0.0,267.0,-1.0,,NORMAL
1790727156.4016166,esp32-1,-60.0,22.8955,18.24233,20.0,248.0,-1.0,,NORMAL
1790727160.5130093,esp32-1,-58.0,40.2092,6.14625,0.0,234.0,-1.0,,NORMAL
1790727165.4021726,esp32-1,-60.0,46.922,6.04375,0.0,53.0,-1.0,,NORMAL
1790727171.4439867,esp32-1,-57.0,22.75525,18.51667,20.0,198.0,-1.0,,NORMAL
1790727175.266375,esp32-1,-57.0,39.8116,6.004001,0.0,53.0,-1.0,,NORMAL
1790727181.1182628,esp32-1,-57.0,22.05125,15.94267,20.0,22.0,-1.0,,NORMAL
1790727186.3537226,esp32-1,-57.0,22.50375,17.96633,20.0,253.0,-1.0,,NORMAL
1790727190.441612,esp32-1,-59.0,39.8186,6.41425,0.0,239.0,-1.0,,NORMAL
1790727196.3768902,esp32-1,-58.0,46.6966,6.253749,0.0,53.0,-1.0,,NORMAL
1790727201.4484165,esp32-1,-58.0,22.1475,16.60567,20.0,205.0,-1.0,,NORMAL
1790727205.4047334,esp32-1,-58.0,39.6266,6.128751,0.0,190.0,-1.0,,NORMAL
1790727210.5182943,esp32-1,-59.0,46.1966,6.365751,0.0,276.0,-1.0,,NORMAL
1790727216.4015307,esp32-1,-57.0,21.8565,17.09767,20.0,258.0,-1.0,,NORMAL
1790727221.3664389,esp32-1,-59.0,39.2434,6.465999,0.0,52.0,-1.0,,NORMAL
1790727225.4729674,esp32-1,-58.0,46.0174,5.542499,0.0,228.0,-1.0,,NORMAL
1790727232.3777683,esp32-1,-57.0,21.73775,17.44933,20.0,53.0,-1.0,,NORMAL
1790727236.1633205,esp32-1,-59.0,34.4872,12.32975,0.0,891.0,-1.0,,NORMAL
1790727240.4646459,esp32-1,-57.0,71.2136,37.20625,0.0,29.0,-1.0,,NORMAL
1790727246.1986537,esp32-1,-57.0,22.853,18.58433,20.0,50.0,-1.0,,NORMAL
1790727250.4575994,esp32-1,-56.0,39.0356,6.237,0.0,250.0,-1.0,,NORMAL
1790727255.4763935,esp32-1,-59.0,45.6052,5.683001,0.0,233.0,-1.0,,NORMAL
1790727261.5054054,esp32-1,-59.0,52.4934,15.81475,0.0,52.0,-1.0,,NORMAL
1790727265.4072943,esp32-1,-58.0,38.8324,6.747749,0.0,200.0,-1.0,,NORMAL
1790727271.3390465,esp32-1,-59.0,45.7714,6.2105,0.0,53.0,-1.0,,NORMAL
1790727276.1504884,esp32-1,-58.0,23.07375,18.231,20.0,44.0,-1.0,,NORMAL
1790727280.464246,esp32-1,-59.0,38.5688,6.05475,0.0,254.0,-1.0,,NORMAL
1790727286.467527,esp32-1,-58.0,45.4214,6.812501,0.0,53.0,-1.0,,NORMAL
1790727291.2569518,esp32-1,-57.0,22.7705,15.595,20.0,44.0,-1.0,,NORMAL
1790727295.4125187,esp32-1,-59.0,38.43,7.126,0.0,205.0,-1.0,,NORMAL
1790727300.431238,esp32-1,-58.0,45.2372,6.21175,0.0,189.0,-1.0,,NORMAL
1790727306.2074864,esp32-1,-59.0,21.69875,16.95633,20.0,3.0,-1.0,,NORMAL
1790727310.2581942,esp32-1,-59.0,38.2016,6.6835,0.0,53.0,-1.0,,NORMAL
1790727315.5448594,esp32-1,-59.0,45.1608,6.157,0.0,244.0,-1.0,,NORMAL
1790727321.1508064,esp32-1,-60.0,23.6915,18.58267,20.0,40.0,-1.0,,NORMAL
1790727325.254766,esp32-1,-59.0,37.8796,6.023501,0.0,52.0,-1.0,,NORMAL
1790727331.4008284,esp32-1,-56.0,44.912,6.008999,0.0,53.0,-1.0,,NORMAL
1790727336.212715,esp32-1,-59.0,22.54625,16.49867,20.0,43.0,-1.0,,NORMAL
1790727341.4352806,esp32-1,-60.0,29.187,25.484,20.0,259.0,-1.0,,NORMAL
1790727345.6919463,esp32-1,-60.0,86.54021,101.3748,0.0,243.0,-1.0,,NORMAL
1790727351.1521506,esp32-1,-60.0,22.80775,18.50967,20.0,44.0,-1.0,,NORMAL
1790727355.364333,esp32-1,-58.0,38.4822,6.663002,0.0,52.0,-1.0,,NORMAL
1790727360.4429073,esp32-1,-59.0,45.4036,5.99,0.0,195.0,-1.0,,NORMAL
1790727366.4264688,esp32-1,-59.0,22.1855,17.08,20.0,4.0,-1.0,,NORMAL
1790727371.440095,esp32-1,-60.0,29.10875,24.975,20.0,263.0,-1.0,,NORMAL
1790727375.5494359,esp32-1,-62.0,45.027,6.327751,0.0,249.0,-1.0,,NORMAL
1790727381.1479383,esp32-1,-62.0,22.579,17.864,20.0,45.0,-1.0,,NORMAL
1790727385.3644934,esp32-1,-59.0,38.2776,7.154501,0.0,155.0,-1.0,,NORMAL
1790727390.6915424,esp32-1,-59.0,65.59081,87.62525,0.0,200.0,-1.0,,NORMAL
1790727396.1520092,esp32-1,-57.0,23.02025,19.226,20.0,41.0,-1.0,,NORMAL
1790727401.4442108,esp32-1,-61.0,28.1375,23.94333,20.0,269.0,-1.0,,NORMAL
1790727405.4995656,esp32-1,-60.0,44.52,6.149249,0.0,255.0,-1.0,,NORMAL
1790727411.1484203,esp32-1,-58.0,22.34975,17.38767,20.0,42.0,-1.0,,NORMAL
1790727415.3717647,esp32-1,-60.0,37.4798,6.530501,0.0,53.0,-1.0,,NORMAL
1790727420.4521098,esp32-1,-60.0,44.709,6.15475,0.0,206.0,-1.0,,NORMAL
1790727426.2277644,esp32-1,-61.0,21.68225,17.13367,20.0,3.0,-1.0,,NORMAL
1790727431.2433374,esp32-1,-60.0,28.112,23.25333,20.0,53.0,-1.0,,NORMAL
1790727435.500788,esp32-1,-59.0,44.2576,5.33775,0.0,259.0,-1.0,,NORMAL
1790727441.194613,esp32-1,-60.0,22.08825,17.62767,20.0,41.0,-1.0,,NORMAL
1790727446.3608456,esp32-1,-58.0,27.84275,20.87533,20.0,225.0,-1.0,,NORMAL
1790727450.3920934,esp32-1,-59.0,44.1192,5.8945,0.0,52.0,-1.0,,NORMAL
1790727456.2312384,esp32-1,-61.0,21.862,16.784,20.0,40.0,-1.0,,NORMAL
1790727461.350691,esp32-1,-58.0,27.3965,24.01367,20.0,176.0,-1.0,,NORMAL
1790727466.4267607,esp32-1,-59.0,43.8304,6.84425,0.0,53.0,-1.0,,NORMAL
1790727471.1937897,esp32-1,-59.0,22.95375,16.453,20.0,36.0,-1.0,,NORMAL
1790727476.3588195,esp32-1,-58.0,27.44275,24.55867,20.0,230.0,-1.0,,NORMAL
1790727481.469505,esp32-1,-59.0,43.7976,5.85775,0.0,53.0,-1.0,,NORMAL
1790727486.1121006,esp32-1,-59.0,22.55875,18.431,20.0,3.0,-1.0,,NORMAL
1790727491.3552175,esp32-1,-58.0,27.2935,24.42367,20.0,181.0,-1.0,,NORMAL
1790727495.5072255,esp32-1,-60.0,43.4998,6.15575,0.0,269.0,-1.0,,NORMAL
1790727501.1459312,esp32-1,-59.0,21.75275,17.02733,20.0,39.0,-1.0,,NORMAL
1790727506.3692176,esp32-1,-58.0,26.52,21.324,20.0,236.0,-1.0,,NORMAL
1790727510.4626396,esp32-1,-59.0,43.0652,6.056249,0.0,222.0,-1.0,,NORMAL
1790727516.1407752,esp32-1,-58.0,22.239,16.52,20.0,36.0,-1.0,,NORMAL
1790727521.3586543,esp32-1,-58.0,26.6755,18.58633,20.0,187.0,-1.0,,NORMAL
1790727526.3763597,esp32-1,-59.0,43.097,6.2425,0.0,53.0,-1.0,,NORMAL
1790727531.1914694,esp32-1,-57.0,21.732,16.28733,20.0,38.0,-1.0,,NORMAL
1790727536.4310427,esp32-1,-59.0,26.261,21.61333,20.0,241.0,-1.0,,NORMAL
1790727540.5435557,esp32-1,-58.0,42.8374,6.37925,0.0,226.0,-1.0,,NORMAL
1790727546.2424836,esp32-1,-58.0,22.7325,15.582,20.0,3.0,-1.0,,NORMAL
1790727551.326182,esp32-1,-58.0,26.14425,22.84533,20.0,192.0,-1.0,,NORMAL
1790727555.358367,esp32-1,-57.0,42.5916,6.279749,0.0,52.0,-1.0,,NORMAL
1790727561.1978858,esp32-1,-58.0,22.201,17.617,20.0,36.0,-1.0,,NORMAL
1790727566.433236,esp32-1,-58.0,25.69,20.06667,20.0,246.0,-1.0,,NORMAL
1790727570.4120944,esp32-1,-58.0,42.5252,6.45375,0.0,52.0,-1.0,,NORMAL
1790727576.249172,esp32-1,-58.0,22.30675,16.81267,20.0,30.0,-1.0,,NORMAL
1790727581.3245664,esp32-1,-59.0,25.3055,21.66967,20.0,197.0,-1.0,,NORMAL
1790727586.384964,esp32-1,-59.0,42.0862,6.8425,0.0,54.0,-1.0,,NORMAL
1790727592.088995,esp32-1,-59.0,20.51167,24.079,40.0,6.0,-1.0,,NORMAL
1790727597.0814497,esp32-1,-57.0,20.01333,13.126,40.0,3.0,-1.0,,NORMAL
1790727600.4705617,esp32-1,-57.0,41.7792,5.82225,0.0,238.0,-1.0,,NORMAL
1790727606.254817,esp32-1,-58.0,22.22575,17.82333,20.0,29.0,-1.0,,NORMAL
1790727611.3219662,esp32-1,-59.0,24.6395,18.79533,20.0,203.0,-1.0,,NORMAL
1790727615.4679213,esp32-1,-60.0,41.9346,6.54325,0.0,190.0,-1.0,,NORMAL
1790727621.1408174,esp32-1,-57.0,22.40825,18.847,20.0,27.0,-1.0,,NORMAL
1790727626.4299247,esp32-1,-58.0,24.6005,19.66867,20.0,257.0,-1.0,,NORMAL
1790727630.5372846,esp32-1,-59.0,41.7418,6.877999,0.0,243.0,-1.0,,NORMAL
1790727635.571578,esp32-1,-58.0,48.413,7.442001,0.0,227.0,-1.0,,NORMAL
1790727641.3320343,esp32-1,-57.0,24.2255,17.92567,20.0,207.0,-1.0,,NORMAL
1790727645.5757234,esp32-1,-59.0,41.2904,6.82625,0.0,196.0,-1.0,,NORMAL
1790727651.2089982,esp32-1,-58.0,21.9605,17.24833,20.0,28.0,-1.0,,NORMAL
1790727656.4290812,esp32-1,-59.0,24.8505,19.34767,20.0,260.0,-1.0,,NORMAL
1790727660.5362287,esp32-1,-58.0,41.082,6.158249,0.0,248.0,-1.0,,NORMAL
1790727665.9770896,esp32-1,-57.0,48.1084,5.674751,0.0,53.0,-1.0,,NORMAL
1790727671.4269295,esp32-1,-58.0,23.78225,13.40667,20.0,213.0,-1.0,,NORMAL
1790727675.4321368,esp32-1,-58.0,40.9412,6.1335,0.0,200.0,-1.0,,NORMAL
1790727681.372957,esp32-1,-58.0,21.3405,16.73833,20.0,258.0,-1.0,,NORMAL
1790727685.4605763,esp32-1,-60.0,77.5198,60.964,0.0,41.0,-1.0,,NORMAL
1790727690.2868986,esp32-1,-58.0,40.5566,6.0665,0.0,53.0,-1.0,,NORMAL
1790727695.3182259,esp32-1,-55.0,47.673,5.790751,0.0,52.0,-1.0,,NORMAL
1790727701.4255798,esp32-1,-58.0,23.4105,16.84767,20.0,218.0,-1.0,,NORMAL
1790727705.3818421,esp32-1,-60.0,40.707,6.167501,0.0,52.0,-1.0,,NORMAL
1790727710.4275687,esp32-1,-59.0,69.9234,80.0275,0.0,44.0,-1.0,,NORMAL
1790727716.1768486,esp32-1,-57.0,23.542,19.44967,20.0,51.0,-1.0,,NORMAL
1790727720.535398,esp32-1,-58.0,40.504,6.9025,0.0,258.0,-1.0,,NORMAL
1790727725.5701146,esp32-1,-59.0,47.2798,6.0785,0.0,242.0,-1.0,,NORMAL
1790727731.1752498,esp32-1,-56.0,24.54,18.40833,20.0,48.0,-1.0,,NORMAL
1790727735.443986,esp32-1,-60.0,40.3062,6.332,0.0,209.0,-1.0,,NORMAL
1790727741.2214484,esp32-1,-59.0,22.7395,18.82033,20.0,19.0,-1.0,,NORMAL
1790727747.2631898,esp32-1,-60.0,23.611,17.52567,20.0,53.0,-1.0,,NORMAL
1790727750.398626,esp32-1,-59.0,40.3082,6.674999,0.0,160.0,-1.0,,NORMAL
1790727755.5141308,esp32-1,-58.0,46.723,11.0925,0.0,247.0,-1.0,,NORMAL
1790727761.4247372,esp32-1,-57.0,22.576,17.55867,20.0,227.0,-1.0,,NORMAL
1790727765.4458032,esp32-1,-56.0,39.9058,6.548501,0.0,217.0,-1.0,,NORMAL
1790727770.48296,esp32-1,-59.0,46.7376,5.731001,0.0,198.0,-1.0,,NORMAL
1790727776.3446207,esp32-1,-59.0,22.33,17.80267,20.0,179.0,-1.0,,NORMAL
1790727780.7491202,esp32-1,-58.0,80.8436,116.7742,0.0,267.0,-1.0,,NORMAL
1790727785.9912262,esp32-1,-58.0,46.7562,4.14225,0.0,53.0,-1.0,,NORMAL
1790727791.4255486,esp32-1,-58.0,22.15075,17.445,20.0,233.0,-1.0,,NORMAL
1790727795.3928337,esp32-1,-59.0,39.7496,6.620501,0.0,52.0,-1.0,,NORMAL
1790727800.5697963,esp32-1,-58.0,67.1442,87.94475,0.0,202.0,-1.0,,NORMAL
1790727806.1663063,esp32-1,-58.0,22.56625,19.38467,20.0,52.0,-1.0,,NORMAL
1790727810.5491095,esp32-1,-59.0,39.6324,6.975999,0.0,271.0,-1.0,,NORMAL
1790727815.314091,esp32-1,-59.0,46.3162,6.36175,0.0,52.0,-1.0,,NORMAL
1790727821.424549,esp32-1,-55.0,21.99175,18.20333,20.0,237.0,-1.0,,NORMAL
1790727825.5350797,esp32-1,-57.0,39.4024,6.479,0.0,224.0,-1.0,,NORMAL
1790727831.3934946,esp32-1,-59.0,46.4368,6.244251,0.0,53.0,-1.0,,NORMAL
1790727836.1722674,esp32-1,-58.0,22.5755,18.36067,20.0,49.0,-1.0,,NORMAL
1790727840.4071388,esp32-1,-57.0,39.239,5.921501,0.0,175.0,-1.0,,NORMAL
1790727845.5762417,esp32-1,-58.0,46.2284,6.329751,0.0,259.0,-1.0,,NORMAL
1790727851.8826308,esp32-1,-58.0,270.2972,605.9587,0.0,489.0,-1.0,,NORMAL
1790727855.5345674,esp32-1,-58.0,39.2148,6.04375,0.0,228.0,-1.0,,NORMAL
1790727860.3235123,esp32-1,-57.0,46.0774,6.123249,0.0,53.0,-1.0,,NORMAL
1790727866.1749313,esp32-1,-59.0,21.577,16.90567,20.0,51.0,-1.0,,NORMAL
1790727871.3792667,esp32-1,-57.0,39.0342,7.940248,0.0,53.0,-1.0,,NORMAL
1790727875.529088,esp32-1,-56.0,45.5754,5.9685,0.0,266.0,-1.0,,NORMAL
1790727881.1766987,esp32-1,-59.0,22.795,18.408,20.0,46.0,-1.0,,NORMAL
1790727885.4044292,esp32-1,-60.0,38.6608,6.6295,0.0,53.0,-1.0,,NORMAL
1790727890.5676155,esp32-1,-58.0,45.6142,6.3465,0.0,217.0,-1.0,,NORMAL
1790727896.2621396,esp32-1,-60.0,22.133,16.09867,20.0,48.0,-1.0,,NORMAL
1790727901.3807683,esp32-1,-59.0,38.7742,6.40675,0.0,53.0,-1.0,,NORMAL
1790727905.4281404,esp32-1,-58.0,45.1892,5.721,0.0,168.0,-1.0,,NORMAL
1790727911.217195,esp32-1,-57.0,22.61,18.063,20.0,45.0,-1.0,,NORMAL
1790727915.2863104,esp32-1,-59.0,38.3508,6.214,0.0,53.0,-1.0,,NORMAL
1790727920.3133187,esp32-1,-59.0,44.9842,6.297499,0.0,53.0,-1.0,,NORMAL
1790727926.171541,esp32-1,-59.0,22.71925,17.42267,20.0,43.0,-1.0,,NORMAL
1790727931.384359,esp32-1,-58.0,29.0865,26.446,20.0,186.0,-1.0,,NORMAL
1790727935.3781998,esp32-1,-59.0,44.957,5.178999,0.0,53.0,-1.0,,NORMAL
1790727942.0970223,esp32-1,-58.0,19.669,12.8805,40.0,3.0,-1.0,,NORMAL
1790727947.1033409,esp32-1,-59.0,20.28733,26.0795,40.0,4.0,-1.0,,NORMAL
1790727951.4896796,esp32-1,-59.0,44.6912,6.12625,0.0,53.0,-1.0,,NORMAL
1790727956.2680328,esp32-1,-58.0,21.822,17.522,20.0,45.0,-1.0,,NORMAL
1790727960.57227,esp32-1,-59.0,37.6954,6.487999,0.0,195.0,-1.0,,NORMAL
1790727965.3823128,esp32-1,-59.0,44.3466,6.413502,0.0,53.0,-1.0,,NORMAL
1790727971.1677825,esp32-1,-59.0,21.67175,17.17433,20.0,48.0,-1.0,,NORMAL
1790727976.455509,esp32-1,-60.0,28.07025,24.52133,20.0,246.0,-1.0,,NORMAL
1790727981.1134725,esp32-1,-60.0,80.3306,51.2225,0.0,665.0,-1.0,,NORMAL
1790727986.2739818,esp32-1,-58.0,24.10675,18.03933,20.0,33.0,-1.0,,NORMAL
1790727992.1008072,esp32-1,-58.0,21.215,12.6175,40.0,3.0,-1.0,,NORMAL
1790727995.3873048,esp32-1,-57.0,44.257,6.184,0.0,52.0,-1.0,,NORMAL
1790728001.280564,esp32-1,-57.0,21.52225,16.81867,20.0,156.0,-1.0,,NORMAL
1790728006.4542296,esp32-1,-58.0,27.62575,22.748,20.0,252.0,-1.0,,NORMAL
1790728010.3257744,esp32-1,-57.0,44.0806,5.7635,0.0,52.0,-1.0,,NORMAL
1790728016.2782638,esp32-1,-58.0,23.90725,18.642,20.0,32.0,-1.0,,NORMAL
1790728021.5002494,esp32-1,-60.0,27.39375,23.908,20.0,203.0,-1.0,,NORMAL
1790728025.5503309,esp32-1,-56.0,64.408,84.685,0.0,188.0,-1.0,,NORMAL
1790728031.1657896,esp32-1,-57.0,22.6255,18.80367,20.0,36.0,-1.0,,NORMAL
1790728037.3218255,esp32-1,-60.0,27.09325,23.262,20.0,53.0,-1.0,,NORMAL
1790728040.5078917,esp32-1,-59.0,43.327,6.228,0.0,243.0,-1.0,,NORMAL
1790728046.1704576,esp32-1,-59.0,21.83175,17.24167,20.0,38.0,-1.0,,NORMAL
1790728051.353798,esp32-1,-59.0,26.97025,23.927,20.0,208.0,-1.0,,NORMAL
1790728055.306219,esp32-1,-59.0,43.2618,6.591749,0.0,52.0,-1.0,,NORMAL
1790728062.1075242,esp32-1,-59.0,20.39767,12.3935,40.0,4.0,-1.0,,NORMAL
1790728066.4139216,esp32-1,-59.0,26.452,22.79133,20.0,262.0,-1.0,,NORMAL
1790728071.425264,esp32-1,-60.0,42.9378,6.3445,0.0,52.0,-1.0,,NORMAL
1790728076.289002,esp32-1,-59.0,21.85025,17.11233,20.0,37.0,-1.0,,NORMAL
1790728081.3713546,esp32-1,-57.0,26.24625,23.03633,20.0,214.0,-1.0,,NORMAL
1790728085.6097908,esp32-1,-57.0,42.6998,7.05575,0.0,200.0,-1.0,,NORMAL
1790728091.2454894,esp32-1,-56.0,22.8585,18.085,20.0,32.0,-1.0,,NORMAL
1790728096.4188666,esp32-1,-57.0,26.03375,20.79933,20.0,267.0,-1.0,,NORMAL
1790728100.5614705,esp32-1,-58.0,42.5564,6.705751,0.0,254.0,-1.0,,NORMAL
1790728106.183376,esp32-1,-59.0,22.125,15.59367,20.0,51.0,-1.0,,NORMAL
1790728111.1934083,esp32-1,-57.0,25.4505,21.87,20.0,52.0,-1.0,,NORMAL
1790728116.4292855,esp32-1,-58.0,78.27375,59.08933,20.0,4.0,-1.0,,NORMAL
1790728121.2413223,esp32-1,-59.0,23.367,16.27733,20.0,28.0,-1.0,,NORMAL
1790728126.261682,esp32-1,-59.0,25.7305,21.209,20.0,51.0,-1.0,,NORMAL
1790728130.5179272,esp32-1,-59.0,42.2472,6.5105,0.0,259.0,-1.0,,NORMAL
1790728135.5353377,esp32-1,-59.0,48.9956,9.6805,0.0,243.0,-1.0,,NORMAL
1790728141.3585691,esp32-1,-58.0,35.3404,6.219751,0.0,53.0,-1.0,,NORMAL
1790728145.3118105,esp32-1,-58.0,41.91579,6.662,0.0,53.0,-1.0,,NORMAL
1790728152.167257,esp32-1,-58.0,21.559,28.305,40.0,4.0,-1.0,,NORMAL
1790728156.3656528,esp32-1,-57.0,24.9835,21.295,20.0,175.0,-1.0,,NORMAL
1790728160.3636608,esp32-1,-57.0,41.6384,6.271,0.0,52.0,-1.0,,NORMAL
1790728166.162779,esp32-1,-59.0,21.79025,17.148,20.0,31.0,-1.0,,NORMAL
1790728172.2381372,esp32-1,-57.0,21.21133,13.4845,40.0,3.0,-1.0,,NORMAL
1790728175.5582263,esp32-1,-60.0,41.7396,6.090751,0.0,216.0,-1.0,,NORMAL
1790728182.1206107,esp32-1,-59.0,22.633,29.754,40.0,4.0,-1.0,,NORMAL
1790728186.370652,esp32-1,-58.0,24.53275,20.576,20.0,182.0,-1.0,,NORMAL
1790728190.5721025,esp32-1,-60.0,41.3424,6.427999,0.0,270.0,-1.0,,NORMAL
1790728195.592226,esp32-1,-58.0,48.14201,7.016499,0.0,254.0,-1.0,,NORMAL
1790728201.3770792,esp32-1,-58.0,24.26075,20.15133,20.0,233.0,-1.0,,NORMAL
1790728205.5590813,esp32-1,-59.0,41.4972,6.51625,0.0,220.0,-1.0,,NORMAL
1790728210.6395037,esp32-1,-58.0,48.0974,8.160999,0.0,204.0,-1.0,,NORMAL
1790728216.327331,esp32-1,-60.0,24.1155,18.46033,20.0,185.0,-1.0,,NORMAL
1790728221.3448997,esp32-1,-58.0,41.2352,6.1615,0.0,54.0,-1.0,,NORMAL
1790728225.5927374,esp32-1,-58.0,48.1258,6.55425,0.0,258.0,-1.0,,NORMAL
1790728232.2997541,esp32-1,-59.0,24.05075,20.00267,20.0,52.0,-1.0,,NORMAL
1790728235.309408,esp32-1,-59.0,40.7964,5.91825,0.0,52.0,-1.0,,NORMAL
1790728240.498687,esp32-1,-59.0,47.8428,6.776,0.0,209.0,-1.0,,NORMAL
1790728246.3785331,esp32-1,-59.0,23.676,18.032,20.0,190.0,-1.0,,NORMAL
1790728251.396912,esp32-1,-59.0,40.8248,8.017499,0.0,53.0,-1.0,,NORMAL
1790728255.3441706,esp32-1,-58.0,48.2618,5.73525,0.0,52.0,-1.0,,NORMAL
1790728261.1977441,esp32-1,-58.0,24.3545,16.30033,20.0,49.0,-1.0,,NORMAL
1790728265.5571337,esp32-1,-57.0,40.5206,6.049249,0.0,231.0,-1.0,,NORMAL
1790728271.1143413,esp32-1,-59.0,79.5844,46.4365,0.0,669.0,-1.0,,NORMAL
1790728276.2807355,esp32-1,-58.0,23.4195,19.18266,20.0,53.0,-1.0,,NORMAL
1790728280.4812355,esp32-1,-58.0,40.535,8.6555,0.0,181.0,-1.0,,NORMAL
1790728286.2238083,esp32-1,-58.0,21.599,16.758,20.0,24.0,-1.0,,NORMAL
1790728291.4471805,esp32-1,-58.0,23.036,18.60567,20.0,249.0,-1.0,,NORMAL
1790728296.4071736,esp32-1,-57.0,40.1698,6.70725,0.0,52.0,-1.0,,NORMAL
1790728300.5898824,esp32-1,-60.0,47.1682,6.138,0.0,219.0,-1.0,,NORMAL
1790728307.1208305,esp32-1,-58.0,21.606,16.23033,20.0,982.0,-1.0,,NORMAL
1790728310.436998,esp32-1,-57.0,40.0944,6.944,0.0,186.0,-1.0,,NORMAL
1790728315.559224,esp32-1,-58.0,47.0884,7.519001,0.0,272.0,-1.0,,NORMAL
1790728321.3953898,esp32-1,-57.0,22.599,18.13833,20.0,254.0,-1.0,,NORMAL
1790728326.0765538,esp32-1,-59.0,77.5362,53.172,0.0,569.0,-1.0,,NORMAL
1790728330.4521837,esp32-1,-59.0,46.8132,5.842501,0.0,53.0,-1.0,,NORMAL
1790728337.1240964,esp32-1,-59.0,21.88675,17.62933,20.0,980.0,-1.0,,NORMAL
1790728340.4042616,esp32-1,-58.0,63.196,80.95525,0.0,38.0,-1.0,,NORMAL
1790728345.5088534,esp32-1,-58.0,46.6968,6.235749,0.0,175.0,-1.0,,NORMAL
1790728351.2440455,esp32-1,-58.0,22.74975,19.75567,20.0,52.0,-1.0,,NORMAL
1790728355.4957824,esp32-1,-57.0,39.3868,13.319,0.0,246.0,-1.0,,NORMAL
1790728360.5888724,esp32-1,-58.0,46.3022,6.177001,0.0,229.0,-1.0,,NORMAL
1790728366.2964733,esp32-1,-59.0,21.94825,17.34534,20.0,52.0,-1.0,,NORMAL
1790728370.452599,esp32-1,-57.0,39.3814,6.312251,0.0,197.0,-1.0,,NORMAL
1790728376.2282658,esp32-1,-59.0,21.34375,16.63367,20.0,20.0,-1.0,,NORMAL
1790728381.4534745,esp32-1,-61.0,21.86575,17.243,20.0,264.0,-1.0,,NORMAL
1790728385.5570474,esp32-1,-58.0,39.3424,7.428,0.0,251.0,-1.0,,NORMAL
1790728390.5177295,esp32-1,-58.0,46.0732,6.231001,0.0,234.0,-1.0,,NORMAL
1790728396.1954455,esp32-1,-60.0,22.502,17.99033,20.0,50.0,-1.0,,NORMAL
1790728400.3060212,esp32-1,-58.0,39.041,6.28125,0.0,51.0,-1.0,,NORMAL
1790728405.5158699,esp32-1,-59.0,45.711,6.072,0.0,186.0,-1.0,,NORMAL
1790728411.190475,esp32-1,-57.0,22.532,17.912,20.0,49.0,-1.0,,NORMAL
1790728415.553778,esp32-1,-59.0,38.635,6.58575,0.0,256.0,-1.0,,NORMAL
1790728420.5275788,esp32-1,-57.0,45.7174,6.39125,0.0,239.0,-1.0,,NORMAL
1790728426.3023279,esp32-1,-59.0,23.23025,18.866,20.0,44.0,-1.0,,NORMAL
1790728430.4612386,esp32-1,-58.0,38.433,6.56425,0.0,207.0,-1.0,,NORMAL
1790728435.4767828,esp32-1,-59.0,45.3242,6.174249,0.0,191.0,-1.0,,NORMAL
1790728441.2539876,esp32-1,-57.0,21.7295,17.58833,20.0,51.0,-1.0,,NORMAL
1790728445.5133572,esp32-1,-59.0,38.7634,7.012249,0.0,259.0,-1.0,,NORMAL
1790728451.4262054,esp32-1,-57.0,91.5055,71.89767,20.0,4.0,-1.0,,NORMAL
1790728456.3068166,esp32-1,-61.0,23.18875,12.90167,20.0,43.0,-1.0,,NORMAL
1790728460.4588552,esp32-1,-59.0,38.2156,6.2085,0.0,213.0,-1.0,,NORMAL
1790728465.523336,esp32-1,-58.0,44.8982,6.209999,0.0,196.0,-1.0,,NORMAL
1790728471.1904018,esp32-1,-58.0,22.423,18.27667,20.0,44.0,-1.0,,NORMAL
1790728475.3025134,esp32-1,-59.0,38.0338,6.24375,0.0,52.0,-1.0,,NORMAL
1790728480.3323314,esp32-1,-58.0,44.6744,6.333,0.0,53.0,-1.0,,NORMAL
1790728486.3117328,esp32-1,-59.0,23.04525,19.16967,20.0,40.0,-1.0,,NORMAL
1790728491.38483,esp32-1,-58.0,28.0125,23.43667,20.0,215.0,-1.0,,NORMAL
1790728495.6329398,esp32-1,-59.0,44.6544,6.129501,0.0,200.0,-1.0,,NORMAL
1790728501.265551,esp32-1,-58.0,21.72575,17.214,20.0,45.0,-1.0,,NORMAL
1790728505.566745,esp32-1,-60.0,37.5714,6.9245,0.0,271.0,-1.0,,NORMAL
1790728511.4508781,esp32-1,-58.0,44.5242,6.161251,0.0,53.0,-1.0,,NORMAL
1790728516.3154798,esp32-1,-59.0,22.62475,17.07567,20.0,42.0,-1.0,,NORMAL
1790728520.4146698,esp32-1,-60.0,37.5678,6.83875,0.0,53.0,-1.0,,NORMAL
1790728525.6390438,esp32-1,-59.0,44.56,6.25375,0.0,205.0,-1.0,,NORMAL
1790728531.190737,esp32-1,-59.0,22.28375,17.08367,20.0,40.0,-1.0,,NORMAL
1790728536.4419296,esp32-1,-60.0,27.8885,23.292,20.0,274.0,-1.0,,NORMAL
1790728540.5414577,esp32-1,-58.0,44.127,6.773499,0.0,259.0,-1.0,,NORMAL
1790728546.323324,esp32-1,-58.0,23.05425,17.025,20.0,36.0,-1.0,,NORMAL
1790728552.3991892,esp32-1,-59.0,27.70725,24.26367,20.0,54.0,-1.0,,NORMAL
1790728555.3311164,esp32-1,-60.0,43.8186,6.27325,0.0,53.0,-1.0,,NORMAL
1790728561.275001,esp32-1,-58.0,21.6675,17.16067,20.0,42.0,-1.0,,NORMAL
1790728567.2177155,esp32-1,-60.0,22.2245,17.93033,20.0,982.0,-1.0,,NORMAL
1790728570.7958117,esp32-1,-58.0,84.71019,116.0338,0.0,264.0,-1.0,,NORMAL
1790728576.2365968,esp32-1,-60.0,21.7835,17.04533,20.0,40.0,-1.0,,NORMAL
1790728582.3165777,esp32-1,-59.0,27.05425,24.083,20.0,53.0,-1.0,,NORMAL
1790728585.4957867,esp32-1,-60.0,43.6064,6.15175,0.0,216.0,-1.0,,NORMAL
1790728591.191616,esp32-1,-59.0,21.7175,17.05667,20.0,43.0,-1.0,,NORMAL
1790728596.3491864,esp32-1,-61.0,27.0155,23.474,20.0,181.0,-1.0,,NORMAL
1790728600.391506,esp32-1,-58.0,43.3918,8.197249,0.0,52.0,-1.0,,NORMAL
1790728606.1911635,esp32-1,-59.0,22.661,18.20967,20.0,36.0,-1.0,,NORMAL
1790728611.4761295,esp32-1,-60.0,26.4135,20.95,20.0,235.0,-1.0,,NORMAL
1790728615.4454038,esp32-1,-60.0,43.2116,6.155251,0.0,52.0,-1.0,,NORMAL
1790728621.2814417,esp32-1,-59.0,23.767,17.39567,20.0,29.0,-1.0,,NORMAL
1790728627.2216318,esp32-1,-61.0,23.66175,17.41233,20.0,976.0,-1.0,,NORMAL
1790728630.6015825,esp32-1,-59.0,87.4142,62.2185,0.0,35.0,-1.0,,NORMAL
1790728636.235719,esp32-1,-60.0,22.4025,17.15933,20.0,34.0,-1.0,,NORMAL
1790728641.4745712,esp32-1,-58.0,26.088,22.11667,20.0,240.0,-1.0,,NORMAL
1790728645.4515245,esp32-1,-58.0,42.5944,6.306251,0.0,53.0,-1.0,,NORMAL
1790728651.191591,esp32-1,-59.0,22.81725,16.43867,20.0,31.0,-1.0,,NORMAL
1790728656.509838,esp32-1,-58.0,25.7205,22.48433,20.0,192.0,-1.0,,NORMAL
1790728660.4631653,esp32-1,-58.0,42.3656,6.154251,0.0,178.0,-1.0,,NORMAL
1790728666.195328,esp32-1,-59.0,22.51175,16.87333,20.0,41.0,-1.0,,NORMAL
1790728671.4738648,esp32-1,-57.0,25.3895,20.01833,20.0,246.0,-1.0,,NORMAL
1790728676.511045,esp32-1,-58.0,42.3872,6.36825,0.0,53.0,-1.0,,NORMAL
1790728681.1845968,esp32-1,-60.0,23.20025,16.94433,20.0,27.0,-1.0,,NORMAL
1790728687.1345248,esp32-1,-58.0,21.69375,17.01433,20.0,984.0,-1.0,,NORMAL
1790728690.4643965,esp32-1,-57.0,41.8574,6.003751,0.0,184.0,-1.0,,NORMAL
1790728696.2415788,esp32-1,-60.0,22.456,18.07867,20.0,29.0,-1.0,,NORMAL
1790728701.4735894,esp32-1,-59.0,24.94875,21.26667,20.0,251.0,-1.0,,NORMAL
1790728705.517707,esp32-1,-58.0,41.6236,6.0045,0.0,238.0,-1.0,,NORMAL
1790728711.539864,esp32-1,-59.0,48.7454,7.89525,0.0,53.0,-1.0,,NORMAL
1790728716.3731165,esp32-1,-60.0,24.603,20.96733,20.0,205.0,-1.0,,NORMAL
1790728720.5114582,esp32-1,-58.0,41.648,7.317501,0.0,189.0,-1.0,,NORMAL
1790728726.451648,esp32-1,-60.0,48.4602,7.582251,0.0,53.0,-1.0,,NORMAL
1790728731.423643,esp32-1,-59.0,24.43175,20.81233,20.0,256.0,-1.0,,NORMAL
1790728735.3301113,esp32-1,-58.0,41.4742,6.293,0.0,52.0,-1.0,,NORMAL
1790728741.3678412,esp32-1,-59.0,73.405,149.5553,20.0,3.0,-1.0,,NORMAL
1790728747.1632657,esp32-1,-59.0,139.9157,100.2477,20.0,530.0,-1.0,,NORMAL
1790728750.8739398,esp32-1,-60.0,130.8824,63.90425,0.0,156.0,-1.0,,NORMAL
1790728755.465972,esp32-1,-59.0,68.73161,37.399,0.0,52.0,-1.0,,NORMAL
1790728761.474377,esp32-1,-59.0,24.8365,20.72667,20.0,258.0,-1.0,,NORMAL
1790728765.5311754,esp32-1,-60.0,41.3358,6.337001,0.0,247.0,-1.0,,NORMAL
1790728772.2259638,esp32-1,-59.0,20.955,27.429,40.0,5.0,-1.0,,NORMAL
1790728776.2517295,esp32-1,-59.0,23.96525,14.033,20.0,53.0,-1.0,,NORMAL
1790728780.6203,esp32-1,-58.0,40.9896,6.61675,0.0,198.0,-1.0,,NORMAL
1790728785.4348016,esp32-1,-59.0,47.8482,6.385,0.0,3.0,-1.0,,NORMAL
1790728791.4277036,esp32-1,-57.0,23.8185,19.38533,20.0,265.0,-1.0,,NORMAL
1790728796.4485836,esp32-1,-60.0,40.8284,6.09275,0.0,53.0,-1.0,,NORMAL
1790728800.488947,esp32-1,-59.0,47.346,6.457002,0.0,53.0,-1.0,,NORMAL
1790728807.1447482,esp32-1,-58.0,22.622,17.675,20.0,980.0,-1.0,,NORMAL
1790728810.4723115,esp32-1,-57.0,40.2896,6.208,0.0,205.0,-1.0,,NORMAL
1790728816.4638646,esp32-1,-59.0,47.4334,6.160001,0.0,53.0,-1.0,,NORMAL
1790728822.1973798,esp32-1,-58.0,21.88333,17.7595,40.0,3.0,-1.0,,NORMAL
1790728825.322575,esp32-1,-60.0,40.267,6.022,0.0,52.0,-1.0,,NORMAL
1790728830.492262,esp32-1,-59.0,47.145,6.174,0.0,52.0,-1.0,,NORMAL
1790728836.3308442,esp32-1,-60.0,22.883,16.84333,20.0,52.0,-1.0,,NORMAL
1790728841.3975472,esp32-1,-59.0,40.1472,6.42225,0.0,53.0,-1.0,,NORMAL
1790728846.4675791,esp32-1,-59.0,46.7594,6.089,0.0,53.0,-1.0,,NORMAL
1790728851.2133188,esp32-1,-59.0,22.72875,16.54467,20.0,50.0,-1.0,,NORMAL
1790728856.4003577,esp32-1,-59.0,39.7774,5.64225,0.0,53.0,-1.0,,NORMAL
1790728860.4048502,esp32-1,-57.0,46.906,6.059749,0.0,52.0,-1.0,,NORMAL
1790728866.3336003,esp32-1,-59.0,24.57475,12.134,20.0,44.0,-1.0,,NORMAL
1790728871.4070787,esp32-1,-58.0,39.7748,5.93725,0.0,53.0,-1.0,,NORMAL
1790728876.4243252,esp32-1,-58.0,46.6304,5.394499,0.0,53.0,-1.0,,NORMAL
1790728882.205873,esp32-1,-59.0,19.82233,12.9375,40.0,3.0,-1.0,,NORMAL
1790728886.459847,esp32-1,-59.0,39.341,6.65525,0.0,53.0,-1.0,,NORMAL
1790728891.478275,esp32-1,-59.0,46.4832,6.021751,0.0,53.0,-1.0,,NORMAL
1790728896.3935177,esp32-1,-59.0,21.85575,17.17733,20.0,234.0,-1.0,,NORMAL
1790728900.3284986,esp32-1,-56.0,39.2626,6.3885,0.0,52.0,-1.0,,NORMAL
1790728905.5056264,esp32-1,-59.0,46.2016,6.134,0.0,203.0,-1.0,,NORMAL
1790728911.2186832,esp32-1,-59.0,23.0675,19.79267,20.0,47.0,-1.0,,NORMAL
1790728915.3195617,esp32-1,-57.0,39.0602,6.12675,0.0,53.0,-1.0,,NORMAL
1790728920.3530858,esp32-1,-58.0,45.8814,5.685499,0.0,51.0,-1.0,,NORMAL
1790728926.3422766,esp32-1,-58.0,21.83425,17.24633,20.0,51.0,-1.0,,NORMAL
1790728930.3198159,esp32-1,-59.0,38.7752,7.210999,0.0,52.0,-1.0,,NORMAL
1790728935.363271,esp32-1,-57.0,45.5284,5.031501,0.0,52.0,-1.0,,NORMAL
1790728941.215093,esp32-1,-58.0,24.2005,16.752,20.0,41.0,-1.0,,NORMAL
1790728946.2437677,esp32-1,-59.0,29.27325,27.30667,20.0,52.0,-1.0,,NORMAL
1790728950.6188068,esp32-1,-60.0,87.4152,57.63725,0.0,50.0,-1.0,,NORMAL
1790728956.2099085,esp32-1,-59.0,22.15075,15.874,20.0,48.0,-1.0,,NORMAL
1790728960.501679,esp32-1,-59.0,38.3886,7.32925,0.0,231.0,-1.0,,NORMAL
1790728965.5161822,esp32-1,-59.0,45.1436,6.28175,0.0,214.0,-1.0,,NORMAL
1790728971.2165768,esp32-1,-58.0,22.28525,16.448,20.0,46.0,-1.0,,NORMAL
1790728975.4967084,esp32-1,-58.0,38.1096,6.019999,0.0,182.0,-1.0,,NORMAL
1790728980.571198,esp32-1,-59.0,44.8578,6.435999,0.0,268.0,-1.0,,NORMAL
1790728986.2595973,esp32-1,-58.0,21.87325,17.238,20.0,46.0,-1.0,,NORMAL
1790728990.5102563,esp32-1,-57.0,37.8054,6.352001,0.0,236.0,-1.0,,NORMAL
1790728995.3541088,esp32-1,-59.0,44.6046,6.2085,0.0,52.0,-1.0,,NORMAL
1790729001.2071846,esp32-1,-59.0,21.961,17.49567,20.0,45.0,-1.0,,NORMAL
1790729005.328578,esp32-1,-58.0,37.8002,7.053501,0.0,52.0,-1.0,,NORMAL
1790729011.1722713,esp32-1,-57.0,24.08675,12.357,20.0,3.0,-1.0,,NORMAL
1790729016.2098312,esp32-1,-58.0,22.05025,17.36167,20.0,43.0,-1.0,,NORMAL
1790729021.2449448,esp32-1,-58.0,27.90925,25.38267,20.0,52.0,-1.0,,NORMAL
1790729026.426612,esp32-1,-59.0,59.82,31.37267,20.0,4.0,-1.0,,NORMAL
1790729032.1441977,esp32-1,-58.0,20.34,14.199,40.0,3.0,-1.0,,NORMAL
1790729036.4268203,esp32-1,-61.0,27.8,24.36567,20.0,191.0,-1.0,,NORMAL
1790729040.4796796,esp32-1,-58.0,43.9944,6.2795,0.0,177.0,-1.0,,NORMAL
1790729046.2083554,esp32-1,-59.0,22.76425,16.558,20.0,40.0,-1.0,,NORMAL
1790729051.4958558,esp32-1,-59.0,27.48325,24.75167,20.0,245.0,-1.0,,NORMAL
1790729055.4738421,esp32-1,-59.0,43.6998,6.2665,0.0,53.0,-1.0,,NORMAL
1790729061.2060375,esp32-1,-57.0,22.185,15.688,20.0,40.0,-1.0,,NORMAL
1790729067.1463544,esp32-1,-57.0,20.93867,14.0915,40.0,3.0,-1.0,,NORMAL
1790729071.3968725,esp32-1,-59.0,43.4478,5.840001,0.0,53.0,-1.0,,NORMAL
1790729076.2105348,esp32-1,-58.0,23.2385,18.31367,20.0,34.0,-1.0,,NORMAL
1790729081.4927187,esp32-1,-60.0,26.937,23.91233,20.0,249.0,-1.0,,NORMAL
1790729085.603456,esp32-1,-59.0,43.2954,6.382502,0.0,237.0,-1.0,,NORMAL
1790729091.2091072,esp32-1,-58.0,23.10875,17.392,20.0,33.0,-1.0,,NORMAL
1790729096.5379255,esp32-1,-59.0,26.45825,23.10767,20.0,202.0,-1.0,,NORMAL
1790729100.5303073,esp32-1,-58.0,43.0952,6.08175,0.0,188.0,-1.0,,NORMAL
1790729106.2665625,esp32-1,-58.0,21.891,15.84233,20.0,36.0,-1.0,,NORMAL
1790729111.4388146,esp32-1,-57.0,26.2885,22.32333,20.0,255.0,-1.0,,NORMAL
1790729115.602559,esp32-1,-58.0,42.9394,6.20925,0.0,242.0,-1.0,,NORMAL
1790729121.2042985,esp32-1,-59.0,23.426,16.52567,20.0,30.0,-1.0,,NORMAL
1790729126.5410209,esp32-1,-59.0,26.03525,18.83367,20.0,211.0,-1.0,,NORMAL
1790729130.4993167,esp32-1,-57.0,42.7592,6.345999,0.0,193.0,-1.0,,NORMAL
1790729136.2043824,esp32-1,-58.0,22.963,15.743,20.0,31.0,-1.0,,NORMAL
1790729141.4934216,esp32-1,-56.0,26.1165,22.86233,20.0,259.0,-1.0,,NORMAL
1790729145.6009939,esp32-1,-58.0,42.4896,6.15825,0.0,247.0,-1.0,,NORMAL
1790729151.3239455,esp32-1,-58.0,22.8275,17.678,20.0,31.0,-1.0,,NORMAL
1790729156.2449393,esp32-1,-60.0,25.6335,21.54133,20.0,53.0,-1.0,,NORMAL
1790729160.2978425,esp32-1,-58.0,42.256,6.57175,0.0,3.0,-1.0,,NORMAL
1790729167.1636302,esp32-1,-58.0,21.81133,28.616,40.0,4.0,-1.0,,NORMAL
1790729171.4544933,esp32-1,-58.0,25.554,21.97633,20.0,267.0,-1.0,,NORMAL
1790729175.349564,esp32-1,-61.0,42.112,6.156,0.0,53.0,-1.0,,NORMAL
1790729182.2513516,esp32-1,-59.0,19.97333,13.351,40.0,3.0,-1.0,,NORMAL
1790729186.4488776,esp32-1,-60.0,24.96875,18.67667,20.0,156.0,-1.0,,NORMAL
1790729190.648603,esp32-1,-59.0,41.9746,5.8385,0.0,203.0,-1.0,,NORMAL
1790729196.2795596,esp32-1,-59.0,21.75575,17.02733,20.0,31.0,-1.0,,NORMAL
1790729201.457094,esp32-1,-58.0,24.72275,20.80533,20.0,272.0,-1.0,,NORMAL
1790729205.5515623,esp32-1,-58.0,41.7216,5.230751,0.0,257.0,-1.0,,NORMAL
1790729210.6353736,esp32-1,-59.0,48.4632,6.135501,0.0,241.0,-1.0,,NORMAL
1790729217.3165004,esp32-1,-58.0,24.64125,14.07233,20.0,53.0,-1.0,,NORMAL
1790729220.5029364,esp32-1,-58.0,41.7462,5.854749,0.0,209.0,-1.0,,NORMAL
1790729226.1783395,esp32-1,-57.0,22.0765,17.48333,20.0,3.0,-1.0,,NORMAL
1790729231.3016684,esp32-1,-58.0,24.4555,20.66533,20.0,52.0,-1.0,,NORMAL
1790729236.5402403,esp32-1,-61.0,91.4825,78.41433,20.0,5.0,-1.0,,NORMAL
1790729241.3357563,esp32-1,-57.0,22.58225,16.62033,20.0,40.0,-1.0,,NORMAL
1790729246.4141917,esp32-1,-57.0,27.533,23.35,20.0,213.0,-1.0,,NORMAL
1790729250.656545,esp32-1,-58.0,44.0306,10.06925,0.0,200.0,-1.0,,NORMAL
1790729256.217538,esp32-1,-58.0,22.7345,18.65967,20.0,39.0,-1.0,,NORMAL
1790729261.5091846,esp32-1,-59.0,27.64125,24.27167,20.0,266.0,-1.0,,NORMAL
1790729265.561093,esp32-1,-58.0,43.9528,6.135,0.0,253.0,-1.0,,NORMAL
1790729271.2218375,esp32-1,-58.0,22.8255,13.828,20.0,36.0,-1.0,,NORMAL
1790729276.4114501,esp32-1,-60.0,27.25925,22.73467,20.0,218.0,-1.0,,NORMAL
1790729280.762407,esp32-1,-58.0,43.574,6.22375,0.0,209.0,-1.0,,NORMAL
1790729286.1926055,esp32-1,-59.0,22.33025,18.49833,20.0,3.0,-1.0,,NORMAL
1790729291.4675927,esp32-1,-57.0,27.10175,23.748,20.0,272.0,-1.0,,NORMAL
1790729295.4052057,esp32-1,-59.0,43.7182,6.804,0.0,52.0,-1.0,,NORMAL
1790729302.1599696,esp32-1,-59.0,20.75333,11.6495,40.0,3.0,-1.0,,NORMAL
1790729307.3422387,esp32-1,-59.0,26.6915,22.02867,20.0,53.0,-1.0,,NORMAL
1790729310.4585664,esp32-1,-61.0,43.0056,6.256,0.0,53.0,-1.0,,NORMAL
1790729316.2965875,esp32-1,-60.0,22.82475,20.38667,20.0,34.0,-1.0,,NORMAL
1790729321.3709493,esp32-1,-58.0,26.0925,22.919,20.0,175.0,-1.0,,NORMAL
1790729325.4120677,esp32-1,-58.0,42.7354,6.050251,0.0,53.0,-1.0,,NORMAL
1790729332.2706704,esp32-1,-58.0,23.027,16.104,40.0,4.0,-1.0,,NORMAL
1790729336.2445545,esp32-1,-59.0,26.2,22.80533,20.0,52.0,-1.0,,NORMAL
1790729340.4656024,esp32-1,-58.0,42.7266,6.289251,0.0,53.0,-1.0,,NORMAL
1790729346.2995248,esp32-1,-58.0,22.92325,17.18333,20.0,3.0,-1.0,,NORMAL
1790729352.341922,esp32-1,-58.0,25.97875,18.322,20.0,52.0,-1.0,,NORMAL
1790729355.5778654,esp32-1,-62.0,42.4032,5.98525,0.0,269.0,-1.0,,NORMAL
1790729360.5935323,esp32-1,-57.0,49.3558,5.957,0.0,253.0,-1.0,,NORMAL
1790729366.2585042,esp32-1,-59.0,25.60675,20.60467,20.0,54.0,-1.0,,NORMAL
1790729370.6075423,esp32-1,-60.0,42.4974,6.406751,0.0,221.0,-1.0,,NORMAL
1790729377.225911,esp32-1,-58.0,21.27167,27.877,40.0,4.0,-1.0,,NORMAL
1790729382.2948043,esp32-1,-60.0,25.40325,21.417,20.0,52.0,-1.0,,NORMAL
1790729386.1791477,esp32-1,-57.0,21.77725,8.685666,20.0,3.0,-1.0,,NORMAL
1790729392.1521738,esp32-1,-59.0,19.981,12.9,40.0,3.0,-1.0,,NORMAL
1790729396.247186,esp32-1,-62.0,25.28575,15.22267,20.0,52.0,-1.0,,NORMAL
1790729401.2917643,esp32-1,-60.0,56.0222,24.159,0.0,811.0,-1.0,,NORMAL
1790729407.16332,esp32-1,-60.0,21.80233,18.7535,40.0,5.0,-1.0,,NORMAL
1790729410.5128424,esp32-1,-59.0,55.3926,54.8295,0.0,52.0,-1.0,,NORMAL
1790729415.4230142,esp32-1,-59.0,41.501,7.54875,0.0,53.0,-1.0,,NORMAL
1790729421.2595084,esp32-1,-58.0,22.08725,16.56133,20.0,31.0,-1.0,,NORMAL
1790729426.4961195,esp32-1,-63.0,24.09825,18.504,20.0,246.0,-1.0,,NORMAL
1790729430.607047,esp32-1,-59.0,41.3276,6.53325,0.0,232.0,-1.0,,NORMAL
1790729437.2907243,esp32-1,-60.0,22.98234,30.2075,40.0,6.0,-1.0,,NORMAL
1790729441.5369031,esp32-1,-60.0,24.047,18.96633,20.0,197.0,-1.0,,NORMAL
1790729446.1956975,esp32-1,-59.0,23.13525,8.422334,20.0,3.0,-1.0,,NORMAL
1790729452.288006,esp32-1,-59.0,19.94033,13.8865,40.0,3.0,-1.0,,NORMAL
1790729456.2877338,esp32-1,-58.0,24.24725,15.956,20.0,51.0,-1.0,,NORMAL
1790729461.3034165,esp32-1,-59.0,78.0042,52.409,0.0,705.0,-1.0,,NORMAL
1790729465.5549548,esp32-1,-58.0,47.8966,6.741252,0.0,221.0,-1.0,,NORMAL
1790729471.3350685,esp32-1,-58.0,24.16075,14.673,20.0,51.0,-1.0,,NORMAL
1790729475.4896674,esp32-1,-58.0,40.873,6.033751,0.0,189.0,-1.0,,NORMAL
1790729480.8152688,esp32-1,-59.0,88.7562,122.0477,0.0,274.0,-1.0,,NORMAL
1790729487.2149813,esp32-1,-58.0,20.05567,12.6245,40.0,5.0,-1.0,,NORMAL
1790729490.544659,esp32-1,-58.0,40.5882,7.153248,0.0,242.0,-1.0,,NORMAL
1790729496.474879,esp32-1,-58.0,47.2846,6.35725,0.0,54.0,-1.0,,NORMAL
1790729501.5465856,esp32-1,-58.0,23.30725,18.71867,20.0,207.0,-1.0,,NORMAL
1790729505.4911232,esp32-1,-58.0,40.3768,6.792251,0.0,194.0,-1.0,,NORMAL
1790729511.5801408,esp32-1,-58.0,93.05099,166.8163,20.0,4.0,-1.0,,NORMAL
1790729516.4579735,esp32-1,-59.0,24.58675,20.61967,20.0,255.0,-1.0,,NORMAL
1790729520.4052274,esp32-1,-59.0,41.2828,6.03425,0.0,51.0,-1.0,,NORMAL
1790729526.215453,esp32-1,-58.0,22.783,17.91633,20.0,25.0,-1.0,,NORMAL
1790729531.2560177,esp32-1,-58.0,24.4325,20.22333,20.0,51.0,-1.0,,NORMAL
1790729536.191944,esp32-1,-58.0,21.84875,8.343333,20.0,3.0,-1.0,,NORMAL
1790729540.399373,esp32-1,-58.0,48.07079,5.828751,0.0,51.0,-1.0,,NORMAL
1790729546.455959,esp32-1,-61.0,24.2995,18.31333,20.0,259.0,-1.0,,NORMAL
1790729550.5498016,esp32-1,-59.0,40.764,5.667251,0.0,247.0,-1.0,,NORMAL
1790729557.2537746,esp32-1,-59.0,20.199,23.712,40.0,4.0,-1.0,,NORMAL
1790729561.2454817,esp32-1,-58.0,23.731,18.736,20.0,52.0,-1.0,,NORMAL
1790729565.495172,esp32-1,-59.0,40.725,6.308001,0.0,199.0,-1.0,,NORMAL
1790729570.565065,esp32-1,-59.0,47.45,5.823251,0.0,182.0,-1.0,,NORMAL
1790729576.4608588,esp32-1,-58.0,23.33375,19.27867,20.0,265.0,-1.0,,NORMAL
1790729580.5646205,esp32-1,-64.0,40.702,6.31425,0.0,252.0,-1.0,,NORMAL
1790729585.3951995,esp32-1,-59.0,47.4636,6.5305,0.0,53.0,-1.0,,NORMAL
1790729592.42456,esp32-1,-57.0,23.14625,18.341,20.0,54.0,-1.0,,NORMAL
1790729596.5765178,esp32-1,-59.0,40.5432,6.58125,0.0,53.0,-1.0,,NORMAL
1790729600.569303,esp32-1,-58.0,47.2134,5.441249,0.0,187.0,-1.0,,NORMAL
1790729606.256216,esp32-1,-59.0,23.15525,17.116,20.0,53.0,-1.0,,NORMAL
1790729611.4735315,esp32-1,-59.0,40.2588,6.13625,0.0,53.0,-1.0,,NORMAL
1790729615.575392,esp32-1,-59.0,46.8774,5.969,0.0,241.0,-1.0,,NORMAL
1790729621.3570373,esp32-1,-59.0,22.842,15.03433,20.0,53.0,-1.0,,NORMAL
1790729625.7601662,esp32-1,-59.0,39.9558,6.19625,0.0,208.0,-1.0,,NORMAL
1790729631.4428937,esp32-1,-59.0,46.9152,6.161251,0.0,53.0,-1.0,,NORMAL
1790729636.2456663,esp32-1,-57.0,22.4195,18.036,20.0,54.0,-1.0,,NORMAL
1790729640.355807,esp32-1,-58.0,39.9288,6.299249,0.0,55.0,-1.0,,NORMAL
1790729645.38489,esp32-1,-59.0,46.628,6.114501,0.0,52.0,-1.0,,NORMAL
1790729651.2549467,esp32-1,-59.0,23.4875,17.35667,20.0,50.0,-1.0,,NORMAL
1790729655.6085024,esp32-1,-58.0,39.5398,6.401751,0.0,213.0,-1.0,,NORMAL
1790729661.4995327,esp32-1,-60.0,46.5702,6.254251,0.0,53.0,-1.0,,NORMAL
1790729666.3188145,esp32-1,-60.0,21.82225,17.34067,20.0,56.0,-1.0,,NORMAL
1790729671.3920422,esp32-1,-59.0,39.43,6.457,0.0,53.0,-1.0,,NORMAL
1790729675.5953631,esp32-1,-59.0,46.3726,5.6245,0.0,250.0,-1.0,,NORMAL
1790729681.2428632,esp32-1,-58.0,22.25725,18.94367,20.0,52.0,-1.0,,NORMAL
1790729685.4618313,esp32-1,-55.0,39.1252,6.092251,0.0,52.0,-1.0,,NORMAL
1790729691.466894,esp32-1,-59.0,46.2832,5.3925,0.0,53.0,-1.0,,NORMAL
1790729696.241481,esp32-1,-58.0,22.635,15.71933,20.0,49.0,-1.0,,NORMAL
1790729700.617623,esp32-1,-61.0,39.059,6.9425,0.0,272.0,-1.0,,NORMAL
1790729706.0559545,esp32-1,-58.0,46.0038,6.263251,0.0,53.0,-1.0,,NORMAL
1790729711.3715727,esp32-1,-59.0,22.29725,18.06333,20.0,49.0,-1.0,,NORMAL
1790729715.6040888,esp32-1,-60.0,38.8748,6.624251,0.0,224.0,-1.0,,NORMAL
1790729720.7910364,esp32-1,-59.0,45.781,6.214251,0.0,207.0,-1.0,,NORMAL
1790729726.320966,esp32-1,-58.0,22.82525,20.10333,20.0,47.0,-1.0,,NORMAL
1790729731.3939378,esp32-1,-58.0,38.8048,6.772501,0.0,53.0,-1.0,,NORMAL
1790729735.6417172,esp32-1,-57.0,45.8578,8.746251,0.0,259.0,-1.0,,NORMAL
1790729741.289204,esp32-1,-57.0,22.25125,18.48767,20.0,48.0,-1.0,,NORMAL
1790729745.4705858,esp32-1,-60.0,38.5072,6.98525,0.0,52.0,-1.0,,NORMAL
1790729750.3917572,esp32-1,-59.0,45.205,5.866499,0.0,54.0,-1.0,,NORMAL
1790729756.2414415,esp32-1,-59.0,22.139,17.77567,20.0,48.0,-1.0,,NORMAL
1790729760.424162,esp32-1,-58.0,38.4822,5.8785,0.0,52.0,-1.0,,NORMAL
1790729765.4441729,esp32-1,-59.0,45.097,6.4905,0.0,3.0,-1.0,,NORMAL
1790729771.2485435,esp32-1,-59.0,24.5335,11.18067,20.0,36.0,-1.0,,NORMAL
1790729775.4750285,esp32-1,-60.0,38.3192,6.4595,0.0,53.0,-1.0,,NORMAL
1790729780.493429,esp32-1,-60.0,44.8832,6.437999,0.0,53.0,-1.0,,NORMAL
1790729786.234717,esp32-1,-59.0,22.44875,17.90733,20.0,45.0,-1.0,,NORMAL
1790729790.528265,esp32-1,-59.0,60.156,78.9095,0.0,45.0,-1.0,,NORMAL
1790729795.3369098,esp32-1,-58.0,44.6198,6.272,0.0,3.0,-1.0,,NORMAL
1790729801.2423186,esp32-1,-58.0,23.0765,18.01633,20.0,41.0,-1.0,,NORMAL
1790729805.4791553,esp32-1,-58.0,37.6536,6.608,0.0,52.0,-1.0,,NORMAL
1790729810.5024617,esp32-1,-58.0,44.6054,6.134001,0.0,53.0,-1.0,,NORMAL
1790729816.2463477,esp32-1,-59.0,22.6245,19.00967,20.0,41.0,-1.0,,NORMAL
1790729822.273393,esp32-1,-57.0,19.35367,24.919,40.0,4.0,-1.0,,NORMAL
1790729826.5260017,esp32-1,-58.0,64.842,77.303,0.0,53.0,-1.0,,NORMAL
1790729831.2361388,esp32-1,-60.0,22.4975,17.384,20.0,42.0,-1.0,,NORMAL
1790729836.461497,esp32-1,-58.0,27.979,25.252,20.0,242.0,-1.0,,NORMAL
1790729841.356882,esp32-1,-60.0,60.0,32.437,20.0,6.0,-1.0,,NORMAL
1790729846.3409226,esp32-1,-57.0,22.34375,17.44933,20.0,41.0,-1.0,,NORMAL
1790729851.4110985,esp32-1,-58.0,27.65325,23.17767,20.0,193.0,-1.0,,NORMAL
1790729856.22611,esp32-1,-58.0,39.8806,10.62525,0.0,914.0,-1.0,,NORMAL
1790729861.2402651,esp32-1,-59.0,21.70875,17.199,20.0,42.0,-1.0,,NORMAL
1790729866.5241554,esp32-1,-60.0,27.06825,24.12267,20.0,247.0,-1.0,,NORMAL
1790729870.63409,esp32-1,-60.0,43.5102,5.979499,0.0,234.0,-1.0,,NORMAL
1790729876.3428676,esp32-1,-58.0,22.03075,17.44333,20.0,39.0,-1.0,,NORMAL
1790729881.4192958,esp32-1,-57.0,26.899,23.20833,20.0,199.0,-1.0,,NORMAL
1790729887.5057752,esp32-1,-58.0,264.0165,315.5313,20.0,4.0,-1.0,,NORMAL
1790729891.3475342,esp32-1,-58.0,46.31925,48.21467,20.0,42.0,-1.0,,NORMAL
1790729897.2432065,esp32-1,-59.0,20.64267,14.0695,40.0,3.0,-1.0,,NORMAL
1790729901.4302151,esp32-1,-59.0,76.77425,147.3433,20.0,3.0,-1.0,,NORMAL
1790729906.348579,esp32-1,-58.0,23.0915,14.82567,20.0,32.0,-1.0,,NORMAL
1790729911.3658469,esp32-1,-57.0,26.39525,23.21633,20.0,54.0,-1.0,,NORMAL
1790729915.5158548,esp32-1,-59.0,43.0786,6.390251,0.0,191.0,-1.0,,NORMAL
1790729921.2608204,esp32-1,-60.0,23.6385,17.87333,20.0,52.0,-1.0,,NORMAL
1790729927.1760736,esp32-1,-57.0,19.95867,13.088,40.0,2.0,-1.0,,NORMAL
1790729930.5830004,esp32-1,-58.0,42.453,6.313501,0.0,245.0,-1.0,,NORMAL
1790729936.2362883,esp32-1,-60.0,23.47125,15.97733,20.0,28.0,-1.0,,NORMAL
1790729941.3692718,esp32-1,-59.0,25.80125,19.796,20.0,53.0,-1.0,,NORMAL
1790729945.6704233,esp32-1,-59.0,42.0986,7.753752,0.0,197.0,-1.0,,NORMAL
1790729951.2340684,esp32-1,-59.0,22.31825,17.57867,20.0,34.0,-1.0,,NORMAL
1790729956.2647512,esp32-1,-59.0,25.398,20.57667,20.0,53.0,-1.0,,NORMAL
1790729960.5726137,esp32-1,-59.0,42.1196,6.591501,0.0,251.0,-1.0,,NORMAL
1790729966.2332094,esp32-1,-59.0,22.398,18.77267,20.0,30.0,-1.0,,NORMAL
1790729971.374034,esp32-1,-59.0,24.99625,20.90034,20.0,53.0,-1.0,,NORMAL
1790729976.4940164,esp32-1,-58.0,42.033,6.419749,0.0,53.0,-1.0,,NORMAL
1790729982.1847167,esp32-1,-58.0,19.97867,12.6785,40.0,6.0,-1.0,,NORMAL
1790729986.2750726,esp32-1,-59.0,25.1215,21.58767,20.0,54.0,-1.0,,NORMAL
1790729991.5070236,esp32-1,-57.0,41.778,6.4235,0.0,53.0,-1.0,,NORMAL
1790729996.360793,esp32-1,-59.0,22.2385,16.1,20.0,29.0,-1.0,,NORMAL
1790730001.2711987,esp32-1,-59.0,24.6215,20.77534,20.0,54.0,-1.0,,NORMAL
1790730005.5395195,esp32-1,-58.0,41.2378,5.936749,0.0,208.0,-1.0,,NORMAL
1790730012.1816669,esp32-1,-61.0,19.76967,12.9505,40.0,3.0,-1.0,,NORMAL
1790730016.2645109,esp32-1,-61.0,24.3345,20.11933,20.0,53.0,-1.0,,NORMAL
1790730020.4250786,esp32-1,-57.0,40.9922,5.53575,0.0,3.0,-1.0,,NORMAL
1790730026.5229921,esp32-1,-59.0,48.0022,7.24325,0.0,53.0,-1.0,,NORMAL
1790730031.3835237,esp32-1,-59.0,23.8735,19.88267,20.0,53.0,-1.0,,NORMAL
1790730035.625615,esp32-1,-58.0,40.7682,5.726751,0.0,214.0,-1.0,,NORMAL
1790730040.7031064,esp32-1,-58.0,47.75,6.988499,0.0,197.0,-1.0,,NORMAL
1790730046.2648773,esp32-1,-58.0,23.76125,17.80633,20.0,54.0,-1.0,,NORMAL
1790730051.5005805,esp32-1,-59.0,40.9982,6.70075,0.0,54.0,-1.0,,NORMAL
1790730055.660158,esp32-1,-59.0,47.5242,5.840249,0.0,251.0,-1.0,,NORMAL
1790730061.267367,esp32-1,-58.0,23.6085,19.329,20.0,53.0,-1.0,,NORMAL
1790730065.5386357,esp32-1,-59.0,40.5252,6.187251,0.0,219.0,-1.0,,NORMAL
1790730070.4082513,esp32-1,-59.0,47.4318,5.4105,0.0,52.0,-1.0,,NORMAL
1790730076.2698762,esp32-1,-59.0,23.82075,20.613,20.0,51.0,-1.0,,NORMAL
1790730080.6048634,esp32-1,-59.0,40.1466,6.229749,0.0,273.0,-1.0,,NORMAL
1790730086.530177,esp32-1,-59.0,47.1236,4.856749,0.0,53.0,-1.0,,NORMAL
1790730091.2657547,esp32-1,-58.0,22.98925,17.116,20.0,53.0,-1.0,,NORMAL
1790730095.6250768,esp32-1,-59.0,40.309,6.816249,0.0,224.0,-1.0,,NORMAL
1790730101.6343753,esp32-1,-60.0,46.9596,5.231248,0.0,53.0,-1.0,,NORMAL
1790730106.2609193,esp32-1,-62.0,22.923,18.215,20.0,54.0,-1.0,,NORMAL
1790730110.5431495,esp32-1,-59.0,40.0294,6.1745,0.0,175.0,-1.0,,NORMAL
1790730115.6652946,esp32-1,-59.0,47.4152,6.12025,0.0,259.0,-1.0,,NORMAL
1790730121.3100932,esp32-1,-59.0,22.662,16.93767,20.0,54.0,-1.0,,NORMAL
1790730125.3754535,esp32-1,-57.0,39.9124,6.54825,0.0,53.0,-1.0,,NORMAL
1790730130.5667374,esp32-1,-59.0,46.699,6.4975,0.0,213.0,-1.0,,NORMAL
1790730136.277742,esp32-1,-58.0,22.8445,18.41966,20.0,51.0,-1.0,,NORMAL
1790730140.3317056,esp32-1,-57.0,39.983,6.91175,0.0,4.0,-1.0,,NORMAL
1790730145.3560987,esp32-1,-58.0,46.6634,5.572749,0.0,3.0,-1.0,,NORMAL
1790730151.3080127,esp32-1,-59.0,22.746,14.32333,20.0,51.0,-1.0,,NORMAL
1790730155.6262856,esp32-1,-59.0,39.518,7.810251,0.0,233.0,-1.0,,NORMAL
1790730160.5729198,esp32-1,-59.0,46.325,6.426501,0.0,217.0,-1.0,,NORMAL
1790730166.2657118,esp32-1,-59.0,22.2105,17.76933,20.0,52.0,-1.0,,NORMAL
1790730170.5085564,esp32-1,-61.0,39.5754,6.43075,0.0,185.0,-1.0,,NORMAL
1790730175.6287982,esp32-1,-58.0,45.8894,4.897501,0.0,271.0,-1.0,,NORMAL
1790730181.2688375,esp32-1,-58.0,23.11,17.188,20.0,47.0,-1.0,,NORMAL
1790730185.3701098,esp32-1,-59.0,39.049,5.983999,0.0,53.0,-1.0,,NORMAL
1790730190.4153626,esp32-1,-59.0,45.8832,5.1435,0.0,53.0,-1.0,,NORMAL
1790730196.3601496,esp32-1,-58.0,48.23175,77.89967,20.0,47.0,-1.0,,NORMAL
1790730200.5112386,esp32-1,-57.0,38.9518,6.169999,0.0,190.0,-1.0,,NORMAL
1790730205.6774259,esp32-1,-61.0,90.713,62.06925,0.0,34.0,-1.0,,NORMAL
1790730211.2643423,esp32-1,-56.0,22.62475,16.77767,20.0,49.0,-1.0,,NORMAL
1790730215.6225686,esp32-1,-59.0,38.8788,6.27125,0.0,244.0,-1.0,,NORMAL
1790730220.5882895,esp32-1,-60.0,45.3986,6.24225,0.0,228.0,-1.0,,NORMAL
1790730226.3620548,esp32-1,-57.0,23.69325,18.20967,20.0,43.0,-1.0,,NORMAL
1790730230.5600512,esp32-1,-59.0,38.4236,7.073,0.0,196.0,-1.0,,NORMAL
1790730235.5793016,esp32-1,-59.0,45.3792,6.050501,0.0,179.0,-1.0,,NORMAL
1790730241.3107724,esp32-1,-59.0,22.4685,16.394,20.0,50.0,-1.0,,NORMAL
1790730245.4205353,esp32-1,-60.0,38.1834,7.45375,0.0,52.0,-1.0,,NORMAL
1790730250.6563396,esp32-1,-59.0,45.0632,6.05075,0.0,233.0,-1.0,,NORMAL
1790730256.259714,esp32-1,-60.0,22.253,17.814,20.0,46.0,-1.0,,NORMAL
1790730261.2802725,esp32-1,-57.0,22.176,8.135667,20.0,3.0,-1.0,,NORMAL
1790730266.5052526,esp32-1,-59.0,45.0906,5.982001,0.0,53.0,-1.0,,NORMAL
1790730272.2373416,esp32-1,-60.0,20.07267,13.8635,40.0,4.0,-1.0,,NORMAL
1790730275.6224384,esp32-1,-59.0,37.949,6.42525,0.0,254.0,-1.0,,NORMAL
1790730281.5137894,esp32-1,-57.0,44.5928,5.768,0.0,53.0,-1.0,,NORMAL
1790730286.2665122,esp32-1,-62.0,22.97525,17.63867,20.0,40.0,-1.0,,NORMAL
1790730290.524671,esp32-1,-59.0,37.7816,6.483501,0.0,206.0,-1.0,,NORMAL
1790730295.5424893,esp32-1,-62.0,44.4692,5.395251,0.0,189.0,-1.0,,NORMAL
1790730301.2646723,esp32-1,-59.0,21.511,16.82867,20.0,46.0,-1.0,,NORMAL
1790730307.4173713,esp32-1,-58.0,28.3185,25.045,20.0,53.0,-1.0,,NORMAL
1790730310.5968199,esp32-1,-58.0,44.3908,6.261999,0.0,243.0,-1.0,,NORMAL
1790730316.37361,esp32-1,-58.0,21.59775,16.81433,20.0,45.0,-1.0,,NORMAL
1790730321.4440732,esp32-1,-58.0,28.00775,25.158,20.0,207.0,-1.0,,NORMAL
1790730325.5462697,esp32-1,-59.0,44.0642,6.385,0.0,195.0,-1.0,,NORMAL
1790730331.2586427,esp32-1,-59.0,22.63,16.64733,20.0,40.0,-1.0,,NORMAL
1790730336.5483282,esp32-1,-60.0,27.56975,23.25667,20.0,263.0,-1.0,,NORMAL
1790730341.513786,esp32-1,-57.0,43.9222,6.231,0.0,53.0,-1.0,,NORMAL
1790730346.2527337,esp32-1,-61.0,22.7835,14.72633,20.0,37.0,-1.0,,NORMAL
1790730351.549898,esp32-1,-58.0,27.4895,20.82,20.0,214.0,-1.0,,NORMAL
1790730355.5462992,esp32-1,-59.0,43.9188,6.186,0.0,200.0,-1.0,,NORMAL
1790730361.328444,esp32-1,-58.0,21.86625,17.253,20.0,39.0,-1.0,,NORMAL
1790730366.2467847,esp32-1,-60.0,27.263,22.30933,20.0,3.0,-1.0,,NORMAL
1790730370.3978996,esp32-1,-59.0,43.5938,5.2965,0.0,52.0,-1.0,,NORMAL
1790730376.265935,esp32-1,-59.0,22.5475,17.92567,20.0,38.0,-1.0,,NORMAL
1790730381.2982454,esp32-1,-60.0,26.84675,21.81167,20.0,53.0,-1.0,,NORMAL
1790730386.2307594,esp32-1,-58.0,22.28,9.285001,20.0,3.0,-1.0,,NORMAL
1790730392.2192478,esp32-1,-57.0,28.91567,1.576001,40.0,4.0,-1.0,,NORMAL
1790730396.3510208,esp32-1,-58.0,26.3285,22.96233,20.0,54.0,-1.0,,NORMAL
1790730400.6090534,esp32-1,-58.0,43.2932,6.434,0.0,259.0,-1.0,,NORMAL
1790730406.2584112,esp32-1,-59.0,22.107,17.611,20.0,35.0,-1.0,,NORMAL
1790730411.299631,esp32-1,-59.0,26.308,20.575,20.0,54.0,-1.0,,NORMAL
1790730415.5010262,esp32-1,-61.0,42.6068,7.411749,0.0,53.0,-1.0,,NORMAL
1790730421.2668283,esp32-1,-60.0,24.106,15.39467,20.0,27.0,-1.0,,NORMAL
1790730426.2493103,esp32-1,-59.0,25.63225,21.73,20.0,10.0,-1.0,,NORMAL
1790730430.616374,esp32-1,-58.0,42.4606,6.4355,0.0,265.0,-1.0,,NORMAL
1790730436.5965376,esp32-1,-58.0,85.464,155.364,20.0,3.0,-1.0,,NORMAL
1790730441.285257,esp32-1,-58.0,25.391,21.72767,20.0,54.0,-1.0,,NORMAL
1790730446.4854336,esp32-1,-59.0,42.1054,5.915751,0.0,53.0,-1.0,,NORMAL
1790730451.2658167,esp32-1,-62.0,22.2095,17.79366,20.0,32.0,-1.0,,NORMAL
1790730457.2055805,esp32-1,-60.0,20.91033,13.4865,40.0,3.0,-1.0,,NORMAL
1790730460.3505328,esp32-1,-61.0,41.8898,5.575,0.0,3.0,-1.0,,NORMAL
1790730466.2986531,esp32-1,-59.0,22.448,16.38766,20.0,30.0,-1.0,,NORMAL
1790730471.4135134,esp32-1,-64.0,25.0765,19.20867,20.0,53.0,-1.0,,NORMAL
1790730475.6529608,esp32-1,-61.0,41.5826,6.503751,0.0,223.0,-1.0,,NORMAL
1790730481.2590473,esp32-1,-61.0,22.81525,18.789,20.0,27.0,-1.0,,NORMAL
1790730486.3051436,esp32-1,-59.0,21.97075,17.69067,20.0,64.0,-1.0,,NORMAL
1790730490.7248282,esp32-1,-61.0,61.97561,72.921,0.0,276.0,-1.0,,NORMAL
1790730495.8884158,esp32-1,-61.0,89.469,111.617,0.0,259.0,-1.0,,NORMAL
1790730501.2871482,esp32-1,-59.0,24.56975,20.66133,20.0,53.0,-1.0,,NORMAL
1790730505.6481144,esp32-1,-60.0,41.2424,6.058751,0.0,228.0,-1.0,,NORMAL
1790730510.5349867,esp32-1,-58.0,48.1744,6.414,0.0,54.0,-1.0,,NORMAL
1790730516.285183,esp32-1,-60.0,24.23675,18.86333,20.0,53.0,-1.0,,NORMAL
1790730521.439555,esp32-1,-61.0,41.1946,6.032751,0.0,53.0,-1.0,,NORMAL
1790730525.4324927,esp32-1,-60.0,47.932,5.851999,0.0,52.0,-1.0,,NORMAL
1790730531.3333206,esp32-1,-58.0,23.77525,19.589,20.0,54.0,-1.0,,NORMAL
1790730536.5727875,esp32-1,-59.0,40.8186,6.58175,0.0,53.0,-1.0,,NORMAL
1790730540.4342284,esp32-1,-59.0,47.8238,6.898499,0.0,53.0,-1.0,,NORMAL
1790730546.3724127,esp32-1,-60.0,22.67075,16.331,20.0,58.0,-1.0,,NORMAL
1790730551.494127,esp32-1,-57.0,40.66,6.39325,0.0,52.0,-1.0,,NORMAL
1790730555.6514869,esp32-1,-58.0,47.5338,5.6,0.0,270.0,-1.0,,NORMAL
1790730561.3916214,esp32-1,-61.0,23.33575,16.03133,20.0,156.0,-1.0,,NORMAL
1790730565.5851202,esp32-1,-59.0,40.5252,6.089,0.0,238.0,-1.0,,NORMAL
1790730570.6046884,esp32-1,-58.0,47.2632,6.170251,0.0,222.0,-1.0,,NORMAL
1790730576.3033645,esp32-1,-59.0,23.211,18.482,20.0,57.0,-1.0,,NORMAL
1790730580.473852,esp32-1,-59.0,40.3992,6.566501,0.0,3.0,-1.0,,NORMAL
1790730586.3128994,esp32-1,-61.0,42.3198,11.33975,0.0,902.0,-1.0,,NORMAL
1790730591.2789197,esp32-1,-60.0,23.45025,18.55567,20.0,51.0,-1.0,,NORMAL
1790730595.587547,esp32-1,-60.0,40.168,6.821,0.0,245.0,-1.0,,NORMAL
1790730601.603462,esp32-1,-57.0,46.8592,6.098749,0.0,53.0,-1.0,,NORMAL
1790730606.2867112,esp32-1,-60.0,23.72325,17.04867,20.0,49.0,-1.0,,NORMAL
1790730610.3454232,esp32-1,-59.0,39.979,6.865999,0.0,3.0,-1.0,,NORMAL
1790730615.4966993,esp32-1,-60.0,46.855,6.13775,0.0,3.0,-1.0,,NORMAL
1790730621.2876244,esp32-1,-59.0,23.05175,18.84333,20.0,50.0,-1.0,,NORMAL
1790730625.5913587,esp32-1,-59.0,39.7072,6.17675,0.0,249.0,-1.0,,NORMAL
1790730630.5502687,esp32-1,-58.0,46.5518,4.717,0.0,53.0,-1.0,,NORMAL
1790730635.7115946,esp32-1,-58.0,53.5262,20.0375,0.0,216.0,-1.0,,NORMAL
1790730640.5842118,esp32-1,-59.0,64.2442,87.01125,0.0,33.0,-1.0,,NORMAL
1790730645.4251297,esp32-1,-61.0,46.5716,6.5425,0.0,50.0,-1.0,,NORMAL
1790730651.3373036,esp32-1,-58.0,21.95625,17.52433,20.0,52.0,-1.0,,NORMAL
1790730656.3632057,esp32-1,-59.0,30.2745,5.786332,20.0,4.0,-1.0,,NORMAL
1790730661.3628352,esp32-1,-59.0,53.13325,78.793,20.0,3.0,-1.0,,NORMAL
1790730666.2889204,esp32-1,-58.0,21.5385,17.02633,20.0,54.0,-1.0,,NORMAL
1790730671.5133111,esp32-1,-60.0,74.1925,60.18734,20.0,4.0,-1.0,,NORMAL
1790730675.5037513,esp32-1,-57.0,46.1674,5.55125,0.0,52.0,-1.0,,NORMAL
1790730682.2651176,esp32-1,-60.0,19.85233,12.928,40.0,7.0,-1.0,,NORMAL
1790730685.6025374,esp32-1,-58.0,38.856,6.787,0.0,261.0,-1.0,,NORMAL
1790730690.6757295,esp32-1,-59.0,45.9004,5.6635,0.0,243.0,-1.0,,NORMAL
1790730696.394926,esp32-1,-60.0,21.627,16.87667,20.0,52.0,-1.0,,NORMAL
1790730701.2585428,esp32-1,-62.0,49.5822,20.4985,0.0,866.0,-1.0,,NORMAL
1790730705.9192264,esp32-1,-58.0,45.5808,6.320501,0.0,297.0,-1.0,,NORMAL
1790730711.3453505,esp32-1,-60.0,23.09875,18.657,20.0,44.0,-1.0,,NORMAL
1790730715.6460037,esp32-1,-60.0,38.518,6.08625,0.0,264.0,-1.0,,NORMAL
1790730720.6227603,esp32-1,-59.0,45.317,6.24475,0.0,248.0,-1.0,,NORMAL
1790730726.2862194,esp32-1,-59.0,22.831,17.012,20.0,45.0,-1.0,,NORMAL
1790730730.640511,esp32-1,-59.0,38.2518,6.13375,0.0,218.0,-1.0,,NORMAL
1790730735.5765538,esp32-1,-58.0,45.2142,5.819501,0.0,199.0,-1.0,,NORMAL
1790730741.3521676,esp32-1,-59.0,22.57875,18.25134,20.0,45.0,-1.0,,NORMAL
1790730745.599671,esp32-1,-59.0,81.4436,61.14825,0.0,44.0,-1.0,,NORMAL
1790730750.6275048,esp32-1,-59.0,45.0828,5.821501,0.0,252.0,-1.0,,NORMAL
1790730756.4041393,esp32-1,-61.0,23.3665,19.11233,20.0,43.0,-1.0,,NORMAL
1790730761.4929657,esp32-1,-58.0,29.01725,26.098,20.0,217.0,-1.0,,NORMAL
1790730766.4920547,esp32-1,-59.0,44.9668,5.029001,0.0,53.0,-1.0,,NORMAL
1790730771.356033,esp32-1,-57.0,21.50775,17.02633,20.0,49.0,-1.0,,NORMAL
1790730775.6156037,esp32-1,-60.0,37.728,6.567001,0.0,275.0,-1.0,,NORMAL
1790730780.4247243,esp32-1,-59.0,44.7204,6.06475,0.0,51.0,-1.0,,NORMAL
1790730786.4086576,esp32-1,-57.0,22.361,17.792,20.0,42.0,-1.0,,NORMAL
1790730791.479724,esp32-1,-57.0,28.0545,23.361,20.0,223.0,-1.0,,NORMAL
1790730795.4275937,esp32-1,-59.0,44.3232,6.22525,0.0,52.0,-1.0,,NORMAL
1790730801.359505,esp32-1,-58.0,22.26475,17.52433,20.0,42.0,-1.0,,NORMAL
1790730806.3142219,esp32-1,-58.0,27.89125,24.829,20.0,52.0,-1.0,,NORMAL
1790730810.636603,esp32-1,-58.0,44.166,6.280001,0.0,265.0,-1.0,,NORMAL
1790730816.3242276,esp32-1,-60.0,24.087,18.906,20.0,34.0,-1.0,,NORMAL
1790730821.4824786,esp32-1,-59.0,37.2344,6.676,0.0,53.0,-1.0,,NORMAL
1790730825.5847917,esp32-1,-58.0,43.7868,6.125751,0.0,216.0,-1.0,,NORMAL
1790730831.2873998,esp32-1,-58.0,21.47825,16.718,20.0,43.0,-1.0,,NORMAL
1790730836.313916,esp32-1,-59.0,27.51,24.56667,20.0,54.0,-1.0,,NORMAL
1790730840.423465,esp32-1,-59.0,44.4188,6.426751,0.0,50.0,-1.0,,NORMAL
1790730846.2824285,esp32-1,-58.0,22.768,17.84433,20.0,37.0,-1.0,,NORMAL
1790730852.2183468,esp32-1,-61.0,19.99333,12.838,40.0,3.0,-1.0,,NORMAL
1790730855.4248636,esp32-1,-62.0,43.4304,6.247251,0.0,53.0,-1.0,,NORMAL
1790730861.3679013,esp32-1,-61.0,23.105,18.03267,20.0,35.0,-1.0,,NORMAL
1790730866.3880756,esp32-1,-58.0,26.7855,17.533,20.0,54.0,-1.0,,NORMAL
1790730870.4213192,esp32-1,-61.0,43.1642,6.27825,0.0,52.0,-1.0,,NORMAL
1790730876.3217397,esp32-1,-61.0,23.65925,19.00667,20.0,32.0,-1.0,,NORMAL
1790730881.3070428,esp32-1,-57.0,26.64375,17.438,20.0,53.0,-1.0,,NORMAL
1790730886.2692575,esp32-1,-59.0,77.519,49.38975,0.0,725.0,-1.0,,NORMAL
1790730891.3726902,esp32-1,-59.0,22.67825,16.33767,20.0,33.0,-1.0,,NORMAL
1790730896.3131294,esp32-1,-60.0,25.97375,18.204,20.0,53.0,-1.0,,NORMAL
1790730900.489857,esp32-1,-61.0,42.487,6.166,0.0,4.0,-1.0,,NORMAL
1790730905.7088041,esp32-1,-58.0,49.5294,9.8465,0.0,264.0,-1.0,,NORMAL
1790730911.3533146,esp32-1,-57.0,26.18575,22.822,20.0,53.0,-1.0,,NORMAL
1790730915.5399568,esp32-1,-58.0,42.528,5.9875,0.0,53.0,-1.0,,NORMAL
1790730921.3760264,esp32-1,-60.0,22.24575,18.958,20.0,33.0,-1.0,,NORMAL
1790730926.3967555,esp32-1,-59.0,25.71675,18.55967,20.0,53.0,-1.0,,NORMAL
1790730930.4896371,esp32-1,-58.0,42.391,6.96675,0.0,53.0,-1.0,,NORMAL
1790730935.7141585,esp32-1,-58.0,49.1556,10.32575,0.0,269.0,-1.0,,NORMAL
1790730941.355239,esp32-1,-60.0,25.403,21.40033,20.0,53.0,-1.0,,NORMAL
1790730945.6682997,esp32-1,-60.0,42.1372,6.09325,0.0,237.0,-1.0,,NORMAL
1790730951.2743034,esp32-1,-60.0,22.7975,19.76533,20.0,29.0,-1.0,,NORMAL
1790730956.403887,esp32-1,-57.0,25.263,19.448,20.0,53.0,-1.0,,NORMAL
1790730961.4673574,esp32-1,-58.0,42.0664,5.9505,0.0,53.0,-1.0,,NORMAL
1790730965.684626,esp32-1,-57.0,48.7478,3.974,0.0,274.0,-1.0,,NORMAL
1790730971.319247,esp32-1,-57.0,24.969,21.44767,20.0,53.0,-1.0,,NORMAL
1790730976.5011468,esp32-1,-57.0,86.518,70.52233,20.0,4.0,-1.0,,NORMAL
1790730982.3456604,esp32-1,-61.0,21.468,23.772,40.0,4.0,-1.0,,NORMAL
1790730986.3183334,esp32-1,-59.0,24.94725,21.082,20.0,54.0,-1.0,,NORMAL
1790730990.420607,esp32-1,-58.0,41.5712,6.646999,0.0,52.0,-1.0,,NORMAL
1790730996.335112,esp32-1,-58.0,21.73325,17.211,20.0,30.0,-1.0,,NORMAL
1790731001.3566065,esp32-1,-58.0,24.9575,17.74967,20.0,54.0,-1.0,,NORMAL
1790731005.6185603,esp32-1,-60.0,41.2124,6.83475,0.0,248.0,-1.0,,NORMAL
1790731011.2747123,esp32-1,-57.0,83.7886,50.7875,0.0,696.0,-1.0,,NORMAL
1790731016.3049135,esp32-1,-60.0,24.35,20.50233,20.0,53.0,-1.0,,NORMAL
1790731021.2527094,esp32-1,-59.0,22.41275,9.176666,20.0,3.0,-1.0,,NORMAL
1790731026.1087992,esp32-1,-58.0,68.5192,82.23276,0.0,53.0,-1.0,,NORMAL
1790731031.3589766,esp32-1,-58.0,23.965,19.97267,20.0,53.0,-1.0,,NORMAL
1790731036.594004,esp32-1,-57.0,41.2044,6.608499,0.0,53.0,-1.0,,NORMAL
1790731040.633811,esp32-1,-59.0,47.4308,6.145002,0.0,236.0,-1.0,,NORMAL
1790731046.3047056,esp32-1,-60.0,23.68325,19.69433,20.0,53.0,-1.0,,NORMAL
1790731050.5122437,esp32-1,-59.0,40.7436,6.603,0.0,52.0,-1.0,,NORMAL
1790731056.5532537,esp32-1,-59.0,47.4816,6.34275,0.0,53.0,-1.0,,NORMAL
1790731061.3070216,esp32-1,-58.0,24.38425,18.95167,20.0,48.0,-1.0,,NORMAL
1790731065.6673203,esp32-1,-59.0,40.5602,6.63375,0.0,258.0,-1.0,,NORMAL
1790731070.6984227,esp32-1,-59.0,47.2958,6.25775,0.0,242.0,-1.0,,NORMAL
1790731076.416182,esp32-1,-59.0,23.215,18.61467,20.0,53.0,-1.0,,NORMAL
1790731080.5747247,esp32-1,-59.0,40.37,5.978751,0.0,209.0,-1.0,,NORMAL
1790731085.454233,esp32-1,-61.0,47.039,5.38725,0.0,53.0,-1.0,,NORMAL
1790731091.3660765,esp32-1,-59.0,22.914,16.968,20.0,54.0,-1.0,,NORMAL
1790731095.6688046,esp32-1,-58.0,40.0128,6.390751,0.0,263.0,-1.0,,NORMAL
1790731100.647841,esp32-1,-57.0,47.1174,5.954749,0.0,247.0,-1.0,,NORMAL
1790731106.3055947,esp32-1,-57.0,22.70625,18.12833,20.0,54.0,-1.0,,NORMAL
1790731110.668033,esp32-1,-60.0,39.8164,7.385001,0.0,214.0,-1.0,,NORMAL
1790731115.740282,esp32-1,-60.0,46.9912,6.10075,0.0,197.0,-1.0,,NORMAL
1790731121.3030539,esp32-1,-57.0,22.519,17.764,20.0,53.0,-1.0,,NORMAL
1790731126.4479265,esp32-1,-61.0,39.7056,6.471,0.0,53.0,-1.0,,NORMAL
1790731130.698457,esp32-1,-58.0,46.7332,5.666249,0.0,251.0,-1.0,,NORMAL
1790731136.4248207,esp32-1,-59.0,23.59625,15.51533,20.0,49.0,-1.0,,NORMAL
1790731141.5015266,esp32-1,-59.0,39.5836,6.611001,0.0,53.0,-1.0,,NORMAL
1790731146.110359,esp32-1,-60.0,46.4034,6.0725,0.0,53.0,-1.0,,NORMAL
1790731151.3752444,esp32-1,-57.0,22.72275,19.98767,20.0,50.0,-1.0,,NORMAL
1790731156.4445708,esp32-1,-58.0,39.619,6.702751,0.0,53.0,-1.0,,NORMAL
1790731160.698939,esp32-1,-58.0,46.3366,6.17725,0.0,256.0,-1.0,,NORMAL
1790731166.4294398,esp32-1,-59.0,24.55775,15.75267,20.0,43.0,-1.0,,NORMAL
1790731170.6616337,esp32-1,-60.0,39.3818,6.698751,0.0,224.0,-1.0,,NORMAL
1790731175.7473948,esp32-1,-58.0,46.25,6.259501,0.0,207.0,-1.0,,NORMAL
1790731181.3844998,esp32-1,-59.0,22.63925,17.195,20.0,51.0,-1.0,,NORMAL
1790731185.6806538,esp32-1,-60.0,59.689,72.85201,0.0,175.0,-1.0,,NORMAL
1790731191.568374,esp32-1,-59.0,46.411,7.080249,0.0,53.0,-1.0,,NORMAL
1790731196.3097267,esp32-1,-58.0,22.4515,17.934,20.0,50.0,-1.0,,NORMAL
1790731200.6612577,esp32-1,-58.0,38.8714,6.67225,0.0,229.0,-1.0,,NORMAL
1790731205.7015393,esp32-1,-60.0,45.7222,6.137251,0.0,217.0,-1.0,,NORMAL
1790731211.3881624,esp32-1,-57.0,22.147,17.58667,20.0,50.0,-1.0,,NORMAL
1790731215.5414753,esp32-1,-57.0,38.7738,8.364499,0.0,180.0,-1.0,,NORMAL
1790731220.3927007,esp32-1,-58.0,45.6804,5.20925,0.0,3.0,-1.0,,NORMAL
1790731226.3463051,esp32-1,-57.0,24.489,17.93033,20.0,39.0,-1.0,,NORMAL
1790731231.2750442,esp32-1,-57.0,74.8572,51.3505,0.0,742.0,-1.0,,NORMAL
1790731235.6979177,esp32-1,-59.0,45.3052,5.50275,0.0,218.0,-1.0,,NORMAL
1790731241.3902607,esp32-1,-58.0,22.736,17.90833,20.0,45.0,-1.0,,NORMAL
1790731245.5480015,esp32-1,-59.0,38.1826,5.9245,0.0,187.0,-1.0,,NORMAL
1790731250.662605,esp32-1,-60.0,45.1504,5.77875,0.0,272.0,-1.0,,NORMAL
1790731256.2981765,esp32-1,-58.0,23.02225,16.94333,20.0,44.0,-1.0,,NORMAL
1790731260.4113417,esp32-1,-57.0,37.9798,6.297501,0.0,53.0,-1.0,,NORMAL
1790731265.658016,esp32-1,-58.0,44.928,6.399001,0.0,156.0,-1.0,,NORMAL
1790731271.3932433,esp32-1,-59.0,23.13375,18.1,20.0,43.0,-1.0,,NORMAL
1790731276.5129933,esp32-1,-57.0,38.0814,5.88875,0.0,52.0,-1.0,,NORMAL
1790731281.4800112,esp32-1,-59.0,44.9128,5.049998,0.0,53.0,-1.0,,NORMAL
1790731286.345662,esp32-1,-57.0,23.55975,16.32833,20.0,40.0,-1.0,,NORMAL
1790731290.4112082,esp32-1,-58.0,37.83,6.169751,0.0,53.0,-1.0,,NORMAL
1790731295.7489657,esp32-1,-60.0,115.604,217.2753,0.0,6.0,-1.0,,NORMAL
1790731301.3095784,esp32-1,-60.0,22.91625,18.18633,20.0,41.0,-1.0,,NORMAL
1790731307.337603,esp32-1,-59.0,19.75433,25.4765,40.0,4.0,-1.0,,NORMAL
1790731311.2845197,esp32-1,-58.0,39.4796,11.59975,0.0,919.0,-1.0,,NORMAL
1790731316.351068,esp32-1,-59.0,23.721,13.22966,20.0,38.0,-1.0,,NORMAL
1790731321.4680476,esp32-1,-59.0,28.6575,0.364334,20.0,50.0,-1.0,,NORMAL
1790731325.6196725,esp32-1,-57.0,44.182,6.168751,0.0,234.0,-1.0,,NORMAL
1790731331.4016037,esp32-1,-57.0,23.07525,19.46833,20.0,39.0,-1.0,,NORMAL
1790731336.4195948,esp32-1,-59.0,27.55075,24.61033,20.0,6.0,-1.0,,NORMAL
1790731341.4368076,esp32-1,-60.0,36.10025,34.18267,20.0,3.0,-1.0,,NORMAL
1790731346.306573,esp32-1,-58.0,22.48225,18.69733,20.0,40.0,-1.0,,NORMAL
1790731351.4722438,esp32-1,-58.0,27.496,24.63167,20.0,59.0,-1.0,,NORMAL
1790731355.4856653,esp32-1,-58.0,43.6644,6.720999,0.0,53.0,-1.0,,NORMAL
1790731362.328704,esp32-1,-60.0,21.04233,16.975,40.0,5.0,-1.0,,NORMAL
1790731366.424125,esp32-1,-57.0,26.9325,23.68233,20.0,54.0,-1.0,,NORMAL
1790731371.5487092,esp32-1,-59.0,43.5868,6.180999,0.0,53.0,-1.0,,NORMAL
1790731376.3001256,esp32-1,-58.0,22.33025,17.25667,20.0,37.0,-1.0,,NORMAL
1790731381.3360913,esp32-1,-60.0,26.75225,22.682,20.0,54.0,-1.0,,NORMAL
1790731385.6388466,esp32-1,-58.0,43.0846,6.102,0.0,245.0,-1.0,,NORMAL
1790731391.4096363,esp32-1,-58.0,23.073,18.34267,20.0,32.0,-1.0,,NORMAL
1790731396.3322318,esp32-1,-58.0,26.7085,22.56533,20.0,53.0,-1.0,,NORMAL
1790731400.6262302,esp32-1,-61.0,66.8714,84.963,0.0,35.0,-1.0,,NORMAL
1790731406.360836,esp32-1,-60.0,22.7725,17.87467,20.0,33.0,-1.0,,NORMAL
1790731411.3399158,esp32-1,-58.0,26.39225,23.023,20.0,56.0,-1.0,,NORMAL
1790731415.7820368,esp32-1,-58.0,42.6042,6.208499,0.0,250.0,-1.0,,NORMAL
1790731421.3014548,esp32-1,-58.0,21.64875,16.91367,20.0,38.0,-1.0,,NORMAL
1790731426.4365594,esp32-1,-59.0,26.02175,22.261,20.0,53.0,-1.0,,NORMAL
1790731430.7332609,esp32-1,-58.0,42.4172,6.690001,0.0,201.0,-1.0,,NORMAL
1790731436.2899644,esp32-1,-59.0,23.49575,16.89733,20.0,28.0,-1.0,,NORMAL
1790731441.486526,esp32-1,-56.0,53.876,57.95066,20.0,43.0,-1.0,,NORMAL
1790731445.694906,esp32-1,-59.0,42.4668,6.36175,0.0,255.0,-1.0,,NORMAL
1790731451.2915704,esp32-1,-58.0,21.96075,17.60633,20.0,32.0,-1.0,,NORMAL
1790731456.4362524,esp32-1,-60.0,25.602,21.89833,20.0,53.0,-1.0,,NORMAL
1790731460.5985987,esp32-1,-59.0,41.995,6.0415,0.0,207.0,-1.0,,NORMAL
1790731466.2907574,esp32-1,-59.0,21.92875,17.231,20.0,33.0,-1.0,,NORMAL
1790731471.333801,esp32-1,-57.0,25.3855,20.436,20.0,53.0,-1.0,,NORMAL
1790731475.6581964,esp32-1,-59.0,42.2158,6.85075,0.0,259.0,-1.0,,NORMAL
1790731481.339264,esp32-1,-58.0,22.1845,17.346,20.0,30.0,-1.0,,NORMAL
1790731486.3342285,esp32-1,-57.0,25.00175,21.41533,20.0,54.0,-1.0,,NORMAL
1790731491.7701564,esp32-1,-57.0,41.7614,6.251999,0.0,53.0,-1.0,,NORMAL
1790731496.2988353,esp32-1,-59.0,23.12325,18.72733,20.0,26.0,-1.0,,NORMAL
1790731501.3924549,esp32-1,-58.0,24.819,21.16667,20.0,54.0,-1.0,,NORMAL
1790731505.6930964,esp32-1,-58.0,41.4616,7.0945,0.0,266.0,-1.0,,NORMAL
1790731511.5796294,esp32-1,-56.0,48.1712,7.616999,0.0,53.0,-1.0,,NORMAL
1790731516.4487317,esp32-1,-60.0,24.56125,20.77267,20.0,54.0,-1.0,,NORMAL
1790731520.6854517,esp32-1,-59.0,41.3196,6.3815,0.0,217.0,-1.0,,NORMAL
1790731527.2361982,esp32-1,-57.0,20.49633,23.3285,40.0,4.0,-1.0,,NORMAL
1790731531.3214426,esp32-1,-57.0,24.19825,20.301,20.0,54.0,-1.0,,NORMAL
1790731535.6557748,esp32-1,-60.0,41.1688,6.220501,0.0,271.0,-1.0,,NORMAL
1790731542.35472,esp32-1,-59.0,20.923,25.8735,40.0,4.0,-1.0,,NORMAL
1790731546.4500248,esp32-1,-58.0,24.1245,17.80633,20.0,54.0,-1.0,,NORMAL
1790731550.4332175,esp32-1,-60.0,40.9064,6.14775,0.0,52.0,-1.0,,NORMAL
1790731556.5484245,esp32-1,-58.0,47.7594,6.03475,0.0,53.0,-1.0,,NORMAL
1790731561.4003584,esp32-1,-58.0,23.3455,17.08033,20.0,54.0,-1.0,,NORMAL
1790731565.7019107,esp32-1,-59.0,40.809,6.093749,0.0,276.0,-1.0,,NORMAL
1790731570.680298,esp32-1,-58.0,47.6282,5.993749,0.0,259.0,-1.0,,NORMAL
1790731576.4547398,esp32-1,-58.0,23.53625,15.41233,20.0,53.0,-1.0,,NORMAL
1790731580.6836205,esp32-1,-59.0,40.4572,6.85275,0.0,228.0,-1.0,,NORMAL
1790731585.5690057,esp32-1,-59.0,47.3452,6.36875,0.0,53.0,-1.0,,NORMAL
1790731591.3269398,esp32-1,-61.0,24.61225,17.34,20.0,48.0,-1.0,,NORMAL
1790731595.5672596,esp32-1,-59.0,40.3808,6.19925,0.0,179.0,-1.0,,NORMAL
1790731600.5187669,esp32-1,-61.0,47.1356,5.0975,0.0,52.0,-1.0,,NORMAL
1790731606.3248641,esp32-1,-60.0,22.70825,16.421,20.0,54.0,-1.0,,NORMAL
1790731610.618687,esp32-1,-59.0,39.95,6.4525,0.0,233.0,-1.0,,NORMAL
1790731615.717264,esp32-1,-59.0,46.8684,6.3225,0.0,216.0,-1.0,,NORMAL
1790731621.2761168,esp32-1,-57.0,22.89675,18.08933,20.0,3.0,-1.0,,NORMAL
1790731625.5638046,esp32-1,-56.0,39.7724,6.130499,0.0,184.0,-1.0,,NORMAL
1790731630.7286093,esp32-1,-59.0,46.5048,6.17575,0.0,270.0,-1.0,,NORMAL
1790731636.3674967,esp32-1,-58.0,22.63025,18.23867,20.0,53.0,-1.0,,NORMAL
1790731640.5594933,esp32-1,-60.0,39.7504,5.82,0.0,51.0,-1.0,,NORMAL
1790731645.6410806,esp32-1,-59.0,46.4466,5.708999,0.0,221.0,-1.0,,NORMAL
1790731651.4152524,esp32-1,-58.0,22.457,17.18167,20.0,53.0,-1.0,,NORMAL
1790731656.4792,esp32-1,-58.0,39.6074,6.485001,0.0,54.0,-1.0,,NORMAL
1790731660.6941342,esp32-1,-58.0,46.4656,5.898751,0.0,276.0,-1.0,,NORMAL
1790731666.367348,esp32-1,-59.0,22.2015,17.57067,20.0,54.0,-1.0,,NORMAL
1790731670.4759598,esp32-1,-60.0,39.303,5.919499,0.0,53.0,-1.0,,NORMAL
1790731675.7164571,esp32-1,-59.0,46.198,6.2935,0.0,227.0,-1.0,,NORMAL
1790731682.245787,esp32-1,-61.0,19.85133,12.736,40.0,3.0,-1.0,,NORMAL
1790731686.1609952,esp32-1,-59.0,34.1908,12.026,0.0,785.0,-1.0,,NORMAL
1790731690.464995,esp32-1,-59.0,46.0614,4.75,0.0,51.0,-1.0,,NORMAL
1790731696.3230634,esp32-1,-59.0,22.41025,19.11167,20.0,52.0,-1.0,,NORMAL
1790731700.6816761,esp32-1,-59.0,38.8602,6.083001,0.0,249.0,-1.0,,NORMAL
1790731705.7148585,esp32-1,-59.0,45.9384,5.486,0.0,232.0,-1.0,,NORMAL
1790731711.3282535,esp32-1,-57.0,22.35375,16.049,20.0,48.0,-1.0,,NORMAL
1790731715.7241254,esp32-1,-59.0,38.8298,6.068249,0.0,200.0,-1.0,,NORMAL
1790731721.5617816,esp32-1,-60.0,45.5976,5.933001,0.0,53.0,-1.0,,NORMAL
1790731726.3259392,esp32-1,-58.0,22.994,18.56767,20.0,47.0,-1.0,,NORMAL
1790731730.6347537,esp32-1,-59.0,38.753,7.153749,0.0,253.0,-1.0,,NORMAL
1790731735.7148042,esp32-1,-58.0,45.2696,5.22875,0.0,237.0,-1.0,,NORMAL
1790731741.3232167,esp32-1,-57.0,21.95225,17.81433,20.0,50.0,-1.0,,NORMAL
1790731745.5785933,esp32-1,-59.0,38.4802,7.29425,0.0,204.0,-1.0,,NORMAL
1790731750.6449056,esp32-1,-56.0,44.8968,6.03625,0.0,190.0,-1.0,,NORMAL
1790731756.3193524,esp32-1,-56.0,22.5035,18.24733,20.0,46.0,-1.0,,NORMAL
1790731760.6796598,esp32-1,-59.0,38.2922,8.0525,0.0,258.0,-1.0,,NORMAL
1790731765.4626355,esp32-1,-58.0,45.126,6.188751,0.0,53.0,-1.0,,NORMAL
1790731771.3259842,esp32-1,-57.0,21.8065,17.19133,20.0,47.0,-1.0,,NORMAL
1790731776.6540601,esp32-1,-57.0,48.9504,19.40875,0.0,876.0,-1.0,,NORMAL
1790731780.6016338,esp32-1,-58.0,44.8712,6.149001,0.0,193.0,-1.0,,NORMAL
1790731786.3185515,esp32-1,-59.0,24.33025,18.37333,20.0,37.0,-1.0,,NORMAL
1790731790.684059,esp32-1,-58.0,37.9606,6.19825,0.0,263.0,-1.0,,NORMAL
1790731796.571871,esp32-1,-60.0,44.6972,6.038501,0.0,54.0,-1.0,,NORMAL
1790731800.7488506,esp32-1,-57.0,51.4914,1.5835,0.0,230.0,-1.0,,NORMAL
1790731805.426352,esp32-1,-57.0,37.952,6.718499,0.0,52.0,-1.0,,NORMAL
1790731811.5259793,esp32-1,-59.0,44.6118,6.274249,0.0,54.0,-1.0,,NORMAL
1790731815.630334,esp32-1,-58.0,51.3746,1.591001,0.0,182.0,-1.0,,NORMAL
1790731820.430044,esp32-1,-58.0,37.4738,6.01525,0.0,52.0,-1.0,,NORMAL
1790731826.5869596,esp32-1,-59.0,44.152,5.196751,0.0,54.0,-1.0,,NORMAL
1790731830.4950862,esp32-1,-57.0,51.4276,2.103251,0.0,52.0,-1.0,,NORMAL
1790731836.353647,esp32-1,-59.0,28.0585,25.14633,20.0,53.0,-1.0,,NORMAL
1790731840.6120925,esp32-1,-58.0,44.169,5.7015,0.0,203.0,-1.0,,NORMAL
1790731845.4962666,esp32-1,-58.0,50.8906,2.402749,0.0,53.0,-1.0,,NORMAL
1790731851.3618395,esp32-1,-59.0,27.761,19.33633,20.0,53.0,-1.0,,NORMAL
1790731855.711391,esp32-1,-59.0,43.734,6.0795,0.0,257.0,-1.0,,NORMAL
1790731860.7498045,esp32-1,-58.0,50.6622,2.27225,0.0,241.0,-1.0,,NORMAL
1790731866.3483922,esp32-1,-60.0,27.14525,22.325,20.0,54.0,-1.0,,NORMAL
1790731871.6402676,esp32-1,-59.0,43.8028,6.2335,0.0,53.0,-1.0,,NORMAL
1790731876.604979,esp32-1,-58.0,50.6192,2.54775,0.0,54.0,-1.0,,NORMAL
1790731881.3476791,esp32-1,-57.0,27.212,22.229,20.0,53.0,-1.0,,NORMAL
1790731886.2850716,esp32-1,-59.0,22.77925,11.20867,20.0,4.0,-1.0,,NORMAL
1790731890.6966822,esp32-1,-57.0,50.3548,2.848499,0.0,246.0,-1.0,,NORMAL
1790731896.3484855,esp32-1,-69.0,26.82,23.203,20.0,54.0,-1.0,,NORMAL
1790731900.4610481,esp32-1,-60.0,43.3762,5.925999,0.0,52.0,-1.0,,NORMAL
1790731906.6062303,esp32-1,-58.0,50.0356,3.162498,0.0,53.0,-1.0,,NORMAL
1790731911.3427575,esp32-1,-58.0,26.61925,19.44033,20.0,54.0,-1.0,,NORMAL
1790731915.8773112,esp32-1,-57.0,84.3596,119.6947,0.0,267.0,-1.0,,NORMAL
1790731921.56547,esp32-1,-57.0,80.86674,162.5467,20.0,7.0,-1.0,,NORMAL
1790731926.477422,esp32-1,-58.0,26.325,22.82633,20.0,54.0,-1.0,,NORMAL
1790731930.708252,esp32-1,-58.0,43.0336,6.17075,0.0,219.0,-1.0,,NORMAL
1790731935.7913356,esp32-1,-59.0,49.7614,3.535251,0.0,203.0,-1.0,,NORMAL
1790731941.3508427,esp32-1,-59.0,26.15525,21.41933,20.0,53.0,-1.0,,NORMAL
1790731946.4914625,esp32-1,-59.0,42.6994,6.18575,0.0,53.0,-1.0,,NORMAL
1790731950.744016,esp32-1,-59.0,49.379,3.834249,0.0,257.0,-1.0,,NORMAL
1790731956.4767997,esp32-1,-58.0,25.88625,19.58767,20.0,53.0,-1.0,,NORMAL
1790731960.7098782,esp32-1,-60.0,42.3018,5.868999,0.0,224.0,-1.0,,NORMAL
1790731965.6577873,esp32-1,-58.0,49.1964,4.033999,0.0,207.0,-1.0,,NORMAL
1790731971.3510966,esp32-1,-57.0,25.501,22.241,20.0,54.0,-1.0,,NORMAL
1790731975.5778816,esp32-1,-57.0,42.4512,6.5145,0.0,175.0,-1.0,,NORMAL
1790731980.708529,esp32-1,-58.0,49.833,5.117,0.0,259.0,-1.0,,NORMAL
1790731986.4832308,esp32-1,-60.0,25.538,22.05933,20.0,53.0,-1.0,,NORMAL
1790731990.7085218,esp32-1,-60.0,42.0318,5.99725,0.0,230.0,-1.0,,NORMAL
1790731997.2626452,esp32-1,-60.0,22.91933,30.4235,40.0,4.0,-1.0,,NORMAL
1790732001.3514874,esp32-1,-60.0,25.36625,19.70167,20.0,53.0,-1.0,,NORMAL
1790732006.5056095,esp32-1,-59.0,42.1174,6.06075,0.0,53.0,-1.0,,NORMAL
1790732011.3221478,esp32-1,-58.0,21.3485,16.65034,20.0,34.0,-1.0,,NORMAL
1790732016.3936193,esp32-1,-58.0,24.8425,20.41467,20.0,54.0,-1.0,,NORMAL
1790732020.7061956,esp32-1,-59.0,41.6224,6.188501,0.0,235.0,-1.0,,NORMAL
1790732026.3138971,esp32-1,-59.0,21.592,16.80233,20.0,32.0,-1.0,,NORMAL
1790732031.4367666,esp32-1,-60.0,24.53125,19.19133,20.0,54.0,-1.0,,NORMAL
1790732035.459438,esp32-1,-58.0,41.4862,6.45425,0.0,52.0,-1.0,,NORMAL
1790732041.3112955,esp32-1,-58.0,21.58,17.06367,20.0,30.0,-1.0,,NORMAL
1790732046.393781,esp32-1,-58.0,24.2025,18.76833,20.0,53.0,-1.0,,NORMAL
1790732051.5621762,esp32-1,-59.0,41.1526,6.822751,0.0,53.0,-1.0,,NORMAL
1790732056.0188205,esp32-1,-61.0,130.6076,253.3285,0.0,50.0,-1.0,,NORMAL
1790732061.4438453,esp32-1,-59.0,24.0165,14.18633,20.0,53.0,-1.0,,NORMAL
1790732066.5066235,esp32-1,-61.0,41.09,6.918001,0.0,53.0,-1.0,,NORMAL
1790732070.6113243,esp32-1,-59.0,47.8992,5.079499,0.0,176.0,-1.0,,NORMAL
1790732076.347587,esp32-1,-59.0,23.498,18.68933,20.0,54.0,-1.0,,NORMAL
1790732080.6486971,esp32-1,-58.0,40.7144,6.578499,0.0,246.0,-1.0,,NORMAL
1790732086.6670666,esp32-1,-59.0,47.6994,6.91475,0.0,53.0,-1.0,,NORMAL
1790732091.3512175,esp32-1,-58.0,23.409,19.37033,20.0,53.0,-1.0,,NORMAL
1790732095.7455273,esp32-1,-59.0,40.5364,6.47625,0.0,197.0,-1.0,,NORMAL
1790732100.6159353,esp32-1,-60.0,47.3782,6.6085,0.0,181.0,-1.0,,NORMAL
1790732106.340925,esp32-1,-59.0,24.67375,18.806,20.0,48.0,-1.0,,NORMAL
1790732110.4602687,esp32-1,-59.0,40.1086,6.086249,0.0,53.0,-1.0,,NORMAL
1790732115.7394357,esp32-1,-59.0,47.1662,6.103,0.0,235.0,-1.0,,NORMAL
1790732121.451032,esp32-1,-61.0,23.05425,18.03033,20.0,53.0,-1.0,,NORMAL
1790732125.7493415,esp32-1,-61.0,40.0422,8.592,0.0,202.0,-1.0,,NORMAL
1790732130.5625494,esp32-1,-57.0,47.0222,6.3055,0.0,52.0,-1.0,,NORMAL
1790732136.4013472,esp32-1,-59.0,22.68875,17.429,20.0,53.0,-1.0,,NORMAL
1790732140.7076793,esp32-1,-60.0,39.9088,6.190249,0.0,256.0,-1.0,,NORMAL
1790732145.6183722,esp32-1,-60.0,46.8284,6.048749,0.0,52.0,-1.0,,NORMAL
1790732151.4530714,esp32-1,-57.0,23.52825,19.987,20.0,49.0,-1.0,,NORMAL
1790732155.6228917,esp32-1,-59.0,39.615,6.50825,0.0,208.0,-1.0,,NORMAL
1790732160.6326766,esp32-1,-57.0,46.61559,6.397999,0.0,192.0,-1.0,,NORMAL
1790732166.3046055,esp32-1,-59.0,23.143,17.92,20.0,3.0,-1.0,,NORMAL
1790732170.6622787,esp32-1,-58.0,40.1152,6.526,0.0,259.0,-1.0,,NORMAL
1790732175.679403,esp32-1,-58.0,46.3386,6.155,0.0,245.0,-1.0,,NORMAL
1790732181.3398662,esp32-1,-57.0,22.09425,17.44333,20.0,53.0,-1.0,,NORMAL
1790732186.5267837,esp32-1,-60.0,39.3204,7.404,0.0,52.0,-1.0,,NORMAL
1790732190.6237392,esp32-1,-60.0,45.9458,5.5895,0.0,197.0,-1.0,,NORMAL
1790732196.3429203,esp32-1,-61.0,22.49925,17.68967,20.0,50.0,-1.0,,NORMAL
1790732200.7096803,esp32-1,-59.0,39.1992,6.15975,0.0,267.0,-1.0,,NORMAL
1790732205.7360778,esp32-1,-62.0,45.9384,6.229,0.0,251.0,-1.0,,NORMAL
1790732211.3459997,esp32-1,-60.0,22.37225,16.551,20.0,49.0,-1.0,,NORMAL
1790732215.6275458,esp32-1,-60.0,39.4508,6.662499,0.0,216.0,-1.0,,NORMAL
1790732220.5749142,esp32-1,-61.0,46.0578,6.2505,0.0,3.0,-1.0,,NORMAL
1790732226.4136832,esp32-1,-60.0,26.488,21.49433,20.0,3.0,-1.0,,NORMAL
1790732230.3766925,esp32-1,-59.0,34.437,12.26325,0.0,3.0,-1.0,,NORMAL
1790732235.7384524,esp32-1,-59.0,45.879,6.916749,0.0,253.0,-1.0,,NORMAL
1790732241.34306,esp32-1,-61.0,22.35525,16.107,20.0,49.0,-1.0,,NORMAL
1790732246.5389428,esp32-1,-60.0,39.1616,6.83825,0.0,53.0,-1.0,,NORMAL
1790732250.6863983,esp32-1,-59.0,76.2582,44.1225,0.0,3.0,-1.0,,NORMAL
1790732256.3443515,esp32-1,-62.0,23.13225,16.14934,20.0,46.0,-1.0,,NORMAL
1790732260.6771095,esp32-1,-59.0,38.8366,6.138751,0.0,275.0,-1.0,,NORMAL
1790732265.7365038,esp32-1,-60.0,45.5364,6.059999,0.0,259.0,-1.0,,NORMAL
1790732271.346426,esp32-1,-59.0,22.6585,18.069,20.0,47.0,-1.0,,NORMAL
1790732275.6188743,esp32-1,-62.0,38.6286,6.13375,0.0,227.0,-1.0,,NORMAL
1790732281.3122504,esp32-1,-60.0,23.844,19.87533,20.0,6.0,-1.0,,NORMAL
1790732286.300291,esp32-1,-60.0,22.14025,18.30933,20.0,3.0,-1.0,,NORMAL
1790732291.488881,esp32-1,-56.0,38.262,6.72425,0.0,53.0,-1.0,,NORMAL
1790732296.311281,esp32-1,-60.0,22.2765,18.184,20.0,13.0,-1.0,,NORMAL
1790732302.3956747,esp32-1,-60.0,22.02033,16.6735,40.0,3.0,-1.0,,NORMAL
1790732305.6987047,esp32-1,-61.0,38.087,6.616,0.0,233.0,-1.0,,NORMAL
1790732311.4071147,esp32-1,-59.0,22.70125,16.31333,20.0,8.0,-1.0,,NORMAL
1790732316.3544018,esp32-1,-60.0,22.7195,19.661,20.0,43.0,-1.0,,NORMAL
1790732320.5756483,esp32-1,-61.0,37.6524,7.48675,0.0,184.0,-1.0,,NORMAL
1790732326.3136628,esp32-1,-59.0,21.98975,16.295,20.0,9.0,-1.0,,NORMAL
1790732332.4006066,esp32-1,-58.0,21.902,16.452,40.0,2.0,-1.0,,NORMAL
1790732336.5005825,esp32-1,-58.0,28.006,25.30833,20.0,54.0,-1.0,,NORMAL
1790732341.308249,esp32-1,-56.0,23.0895,16.95833,20.0,4.0,-1.0,,NORMAL
1790732346.4323804,esp32-1,-59.0,23.09525,18.28666,20.0,4.0,-1.0,,NORMAL
1790732351.4475918,esp32-1,-58.0,27.72175,21.37733,20.0,53.0,-1.0,,NORMAL
1790732357.3922088,esp32-1,-59.0,27.944,0.967501,40.0,5.0,-1.0,,NORMAL
1790732361.3503442,esp32-1,-56.0,23.42375,17.47633,20.0,34.0,-1.0,,NORMAL
1790732366.5017178,esp32-1,-59.0,27.27325,23.439,20.0,54.0,-1.0,,NORMAL
1790732371.4179351,esp32-1,-58.0,22.38625,17.83767,20.0,4.0,-1.0,,NORMAL
1790732376.3377862,esp32-1,-58.0,22.86675,15.65767,20.0,37.0,-1.0,,NORMAL
1790732382.274097,esp32-1,-57.0,20.073,13.1015,40.0,3.0,-1.0,,NORMAL
1790732386.3122818,esp32-1,-59.0,22.8595,7.558666,20.0,3.0,-1.0,,NORMAL
1790732391.3328176,esp32-1,-59.0,22.67475,18.24433,20.0,35.0,-1.0,,NORMAL
1790732396.413706,esp32-1,-57.0,26.65925,21.851,20.0,54.0,-1.0,,NORMAL
1790732400.6040168,esp32-1,-57.0,43.1554,6.176251,0.0,52.0,-1.0,,NORMAL
1790732406.3354845,esp32-1,-59.0,21.453,16.857,20.0,38.0,-1.0,,NORMAL
1790732412.3811045,esp32-1,-58.0,19.726,12.9705,40.0,3.0,-1.0,,NORMAL
1790732415.6081042,esp32-1,-59.0,42.7546,6.59225,0.0,186.0,-1.0,,NORMAL
1790732421.3893728,esp32-1,-57.0,22.0415,17.62933,20.0,35.0,-1.0,,NORMAL
1790732426.4121635,esp32-1,-59.0,25.77275,20.942,20.0,53.0,-1.0,,NORMAL
1790732431.6514044,esp32-1,-58.0,42.5864,6.19575,0.0,53.0,-1.0,,NORMAL
1790732436.3255126,esp32-1,-58.0,22.17175,17.61133,20.0,34.0,-1.0,,NORMAL
1790732442.2770405,esp32-1,-58.0,20.08533,12.442,40.0,3.0,-1.0,,NORMAL
1790732445.663363,esp32-1,-58.0,70.4548,42.54525,0.0,17.0,-1.0,,NORMAL
1790732451.3962271,esp32-1,-58.0,22.12975,17.73033,20.0,32.0,-1.0,,NORMAL
1790732456.4142692,esp32-1,-57.0,25.20375,21.43633,20.0,58.0,-1.0,,NORMAL
1790732460.4758425,esp32-1,-57.0,42.0886,5.919749,0.0,52.0,-1.0,,NORMAL
1790732466.3264883,esp32-1,-59.0,22.0295,15.701,20.0,31.0,-1.0,,NORMAL
1790732471.3699434,esp32-1,-58.0,25.0475,21.288,20.0,56.0,-1.0,,NORMAL
1790732476.381134,esp32-1,-57.0,37.7758,12.03625,0.0,935.0,-1.0,,NORMAL
1790732481.602755,esp32-1,-58.0,22.2075,17.54333,20.0,258.0,-1.0,,NORMAL
1790732486.4180987,esp32-1,-60.0,26.5335,22.857,20.0,54.0,-1.0,,NORMAL
1790732490.729772,esp32-1,-59.0,42.4728,7.324,0.0,248.0,-1.0,,NORMAL
1790732495.558289,esp32-1,-58.0,49.2122,4.309,0.0,2.0,-1.0,,NORMAL
1790732501.469115,esp32-1,-59.0,23.52925,17.57033,20.0,61.0,-1.0,,NORMAL
1790732505.7701464,esp32-1,-59.0,42.1392,6.0255,0.0,199.0,-1.0,,NORMAL
1790732511.3275774,esp32-1,-58.0,21.66325,17.14467,20.0,33.0,-1.0,,NORMAL
1790732516.4201472,esp32-1,-60.0,25.147,21.116,20.0,53.0,-1.0,,NORMAL
1790732520.728266,esp32-1,-59.0,41.984,6.633001,0.0,253.0,-1.0,,NORMAL
1790732525.7611802,esp32-1,-56.0,48.7368,9.38775,0.0,237.0,-1.0,,NORMAL
1790732531.3711846,esp32-1,-57.0,24.994,20.583,20.0,53.0,-1.0,,NORMAL
1790732536.3901324,esp32-1,-59.0,22.44,7.462333,20.0,7.0,-1.0,,NORMAL
1790732540.6911786,esp32-1,-56.0,70.90779,82.3095,0.0,43.0,-1.0,,NORMAL
1790732546.4279032,esp32-1,-58.0,24.58625,20.30533,20.0,54.0,-1.0,,NORMAL
1790732551.343518,esp32-1,-59.0,22.30125,10.23667,20.0,3.0,-1.0,,NORMAL
1790732555.6879776,esp32-1,-55.0,48.2478,8.442,0.0,53.0,-1.0,,NORMAL
1790732561.4795723,esp32-1,-58.0,24.49275,15.56333,20.0,53.0,-1.0,,NORMAL
1790732566.3119135,esp32-1,-59.0,22.965,10.06033,20.0,5.0,-1.0,,NORMAL
1790732572.334096,esp32-1,-60.0,19.52133,25.0085,40.0,4.0,-1.0,,NORMAL
1790732576.3761888,esp32-1,-59.0,24.85,18.10567,20.0,50.0,-1.0,,NORMAL
1790732581.3003411,esp32-1,-58.0,21.55725,8.867332,20.0,3.0,-1.0,,NORMAL
1790732585.506536,esp32-1,-61.0,47.8458,6.92175,0.0,52.0,-1.0,,NORMAL
1790732591.3663642,esp32-1,-58.0,24.2765,17.966,20.0,52.0,-1.0,,NORMAL
1790732596.3089383,esp32-1,-58.0,21.703,8.559667,20.0,3.0,-1.0,,NORMAL
1790732601.5680213,esp32-1,-58.0,47.6144,6.174751,0.0,53.0,-1.0,,NORMAL
1790732607.279878,esp32-1,-59.0,19.577,12.7035,40.0,3.0,-1.0,,NORMAL
1790732611.3485909,esp32-1,-59.0,22.42475,9.444667,20.0,3.0,-1.0,,NORMAL
1790732615.7626362,esp32-1,-58.0,47.276,6.281999,0.0,253.0,-1.0,,NORMAL
1790732621.3696983,esp32-1,-60.0,23.40825,16.35133,20.0,52.0,-1.0,,NORMAL
1790732626.3147771,esp32-1,-59.0,22.02025,9.154334,20.0,3.0,-1.0,,NORMAL
1790732630.6009035,esp32-1,-58.0,47.1572,5.333501,0.0,52.0,-1.0,,NORMAL
1790732636.4377398,esp32-1,-57.0,22.93525,18.30533,20.0,52.0,-1.0,,NORMAL
1790732641.354343,esp32-1,-58.0,23.3705,10.97633,20.0,3.0,-1.0,,NORMAL
1790732645.9685478,esp32-1,-60.0,87.9754,109.2737,0.0,259.0,-1.0,,NORMAL
1790732651.3650844,esp32-1,-59.0,22.9485,14.248,20.0,53.0,-1.0,,NORMAL
1790732656.4073582,esp32-1,-59.0,21.503,8.794333,20.0,3.0,-1.0,,NORMAL
1790732660.5050864,esp32-1,-58.0,46.7102,4.987251,0.0,52.0,-1.0,,NORMAL
1790732666.3725612,esp32-1,-58.0,25.0025,18.944,20.0,43.0,-1.0,,NORMAL
1790732671.3575559,esp32-1,-59.0,22.8155,11.188,20.0,3.0,-1.0,,NORMAL
1790732675.7619174,esp32-1,-59.0,46.3862,5.898499,0.0,265.0,-1.0,,NORMAL
1790732681.4059021,esp32-1,-59.0,23.08025,16.62367,20.0,49.0,-1.0,,NORMAL
1790732685.5924978,esp32-1,-59.0,39.173,6.89525,0.0,52.0,-1.0,,NORMAL
1790732690.6107264,esp32-1,-59.0,46.0048,5.4005,0.0,52.0,-1.0,,NORMAL
1790732696.3771548,esp32-1,-61.0,21.7515,16.96767,20.0,53.0,-1.0,,NORMAL
1790732701.5152676,esp32-1,-56.0,39.158,5.899,0.0,53.0,-1.0,,NORMAL
1790732705.7650268,esp32-1,-58.0,45.7898,5.32675,0.0,270.0,-1.0,,NORMAL
1790732711.407524,esp32-1,-58.0,21.45825,16.76933,20.0,52.0,-1.0,,NORMAL
1790732715.7197585,esp32-1,-60.0,38.8682,7.3175,0.0,238.0,-1.0,,NORMAL
1790732720.5109482,esp32-1,-58.0,45.7242,5.31975,0.0,53.0,-1.0,,NORMAL
1790732726.3633428,esp32-1,-62.0,25.355,21.84933,20.0,36.0,-1.0,,NORMAL
1790732730.6538303,esp32-1,-59.0,38.8198,9.158251,0.0,189.0,-1.0,,NORMAL
1790732735.432041,esp32-1,-58.0,40.5584,12.31575,0.0,3.0,-1.0,,NORMAL
1790732741.363669,esp32-1,-58.0,22.25375,16.69934,20.0,48.0,-1.0,,NORMAL
1790732745.720909,esp32-1,-59.0,38.6586,8.401999,0.0,243.0,-1.0,,NORMAL
1790732750.684086,esp32-1,-59.0,45.3678,6.023249,0.0,227.0,-1.0,,NORMAL
1790732756.3162968,esp32-1,-59.0,21.90525,17.26033,20.0,3.0,-1.0,,NORMAL
1790732761.3480077,esp32-1,-59.0,34.6744,12.5205,0.0,953.0,-1.0,,NORMAL
1790732765.625655,esp32-1,-58.0,45.098,6.85625,0.0,178.0,-1.0,,NORMAL
1790732771.4062424,esp32-1,-57.0,22.37775,16.62233,20.0,49.0,-1.0,,NORMAL
1790732776.344261,esp32-1,-59.0,29.3455,1.516,20.0,4.0,-1.0,,NORMAL
1790732781.5954483,esp32-1,-58.0,44.99281,6.051498,0.0,53.0,-1.0,,NORMAL
1790732787.2931666,esp32-1,-60.0,22.20267,17.9615,40.0,3.0,-1.0,,NORMAL
1790732791.4054403,esp32-1,-59.0,44.1265,66.78467,20.0,3.0,-1.0,,NORMAL
1790732795.5756118,esp32-1,-55.0,44.5332,6.196749,0.0,52.0,-1.0,,NORMAL
1790732801.6169376,esp32-1,-56.0,22.29925,18.45833,20.0,259.0,-1.0,,NORMAL
1790732806.410592,esp32-1,-58.0,45.19925,68.451,20.0,4.0,-1.0,,NORMAL
1790732810.7507193,esp32-1,-58.0,44.2596,6.373749,0.0,238.0,-1.0,,NORMAL
1790732816.3578885,esp32-1,-60.0,21.4995,16.96233,20.0,45.0,-1.0,,NORMAL
1790732821.417746,esp32-1,-57.0,46.091,70.96867,20.0,3.0,-1.0,,NORMAL
1790732825.5778933,esp32-1,-59.0,44.1522,6.271999,0.0,52.0,-1.0,,NORMAL
1790732831.4201238,esp32-1,-58.0,22.593,17.93,20.0,39.0,-1.0,,NORMAL
1790732835.8213222,esp32-1,-60.0,57.6558,57.44875,0.0,260.0,-1.0,,NORMAL
1790732841.6803849,esp32-1,-59.0,43.983,6.351499,0.0,53.0,-1.0,,NORMAL
1790732846.4686453,esp32-1,-57.0,22.014,17.10667,20.0,41.0,-1.0,,NORMAL
1790732850.668376,esp32-1,-60.0,57.1748,56.495,0.0,53.0,-1.0,,NORMAL
1790732855.6505542,esp32-1,-59.0,43.595,6.326249,0.0,195.0,-1.0,,NORMAL
1790732861.3519547,esp32-1,-57.0,22.30325,18.083,20.0,39.0,-1.0,,NORMAL
1790732865.618325,esp32-1,-57.0,57.141,61.06775,0.0,52.0,-1.0,,NORMAL
1790732870.501165,esp32-1,-58.0,43.5652,6.127501,0.0,53.0,-1.0,,NORMAL
1790732876.474415,esp32-1,-60.0,21.7185,17.08433,20.0,41.0,-1.0,,NORMAL
1790732880.6728814,esp32-1,-57.0,57.0778,61.007,0.0,52.0,-1.0,,NORMAL
1790732887.3057563,esp32-1,-59.0,264.398,316.0587,20.0,4.0,-1.0,,NORMAL
1790732891.424668,esp32-1,-59.0,22.86575,17.73,20.0,35.0,-1.0,,NORMAL
1790732895.7941082,esp32-1,-58.0,56.792,62.65874,0.0,271.0,-1.0,,NORMAL
1790732900.542612,esp32-1,-58.0,43.066,6.36,0.0,52.0,-1.0,,NORMAL
1790732906.3527522,esp32-1,-59.0,22.3425,17.75067,20.0,35.0,-1.0,,NORMAL
1790732910.738095,esp32-1,-59.0,56.46381,64.23951,0.0,222.0,-1.0,,NORMAL
1790732915.6538332,esp32-1,-60.0,42.8552,6.88575,0.0,206.0,-1.0,,NORMAL
1790732921.428998,esp32-1,-58.0,22.24575,17.87967,20.0,34.0,-1.0,,NORMAL
1790732925.8332958,esp32-1,-60.0,56.213,64.17651,0.0,276.0,-1.0,,NORMAL
1790732931.673663,esp32-1,-61.0,42.9308,6.475249,0.0,53.0,-1.0,,NORMAL
1790732936.482267,esp32-1,-59.0,22.23125,17.31,20.0,34.0,-1.0,,NORMAL
1790732940.7343912,esp32-1,-58.0,56.10001,64.8385,0.0,227.0,-1.0,,NORMAL
1790732948.1565537,esp32-1,-58.0,227.222,419.3692,0.0,1641.0,-1.0,,NORMAL
1790732951.4542007,esp32-1,-59.0,51.659,54.638,20.0,16.0,-1.0,,NORMAL
1790732956.6132963,esp32-1,-59.0,55.877,66.42351,0.0,53.0,-1.0,,NORMAL
1790732960.9234002,esp32-1,-57.0,83.391,114.229,0.0,265.0,-1.0,,NORMAL
1790732966.3544946,esp32-1,-59.0,22.53775,18.98233,20.0,29.0,-1.0,,NORMAL
1790732970.7417877,esp32-1,-60.0,55.6476,69.52625,0.0,232.0,-1.0,,NORMAL
1790732975.744368,esp32-1,-59.0,41.9658,6.143,0.0,217.0,-1.0,,NORMAL
1790732981.439797,esp32-1,-59.0,24.6685,18.575,20.0,21.0,-1.0,,NORMAL
1790732986.4736931,esp32-1,-58.0,59.00925,103.7673,20.0,3.0,-1.0,,NORMAL
1790732991.7806683,esp32-1,-61.0,41.8052,5.78125,0.0,53.0,-1.0,,NORMAL
1790732996.3521256,esp32-1,-58.0,22.2975,18.64633,20.0,28.0,-1.0,,NORMAL
1790733001.6101344,esp32-1,-57.0,62.527,105.9133,20.0,3.0,-1.0,,NORMAL
1790733006.1857266,esp32-1,-57.0,41.4576,7.251999,0.0,53.0,-1.0,,NORMAL
1790733011.5798194,esp32-1,-57.0,85.69875,59.63967,20.0,4.0,-1.0,,NORMAL
1790733016.4867663,esp32-1,-59.0,61.49225,113.625,20.0,4.0,-1.0,,NORMAL
1790733020.7194314,esp32-1,-57.0,41.0008,6.167251,0.0,276.0,-1.0,,NORMAL
1790733027.418463,esp32-1,-57.0,20.506,22.488,40.0,5.0,-1.0,,NORMAL
1790733031.524247,esp32-1,-58.0,69.74775,107.797,20.0,4.0,-1.0,,NORMAL
1790733035.6752617,esp32-1,-59.0,41.1366,6.307251,0.0,228.0,-1.0,,NORMAL
1790733041.4465032,esp32-1,-58.0,79.456,45.68275,0.0,731.0,-1.0,,NORMAL
1790733046.5682728,esp32-1,-59.0,64.1165,119.579,20.0,3.0,-1.0,,NORMAL
1790733050.614734,esp32-1,-58.0,40.6354,6.2885,0.0,179.0,-1.0,,NORMAL
1790733056.399451,esp32-1,-60.0,42.6754,11.8945,0.0,915.0,-1.0,,NORMAL
1790733061.49789,esp32-1,-60.0,65.98525,121.8417,20.0,3.0,-1.0,,NORMAL
1790733065.4936469,esp32-1,-58.0,40.5622,6.650499,0.0,53.0,-1.0,,NORMAL
1790733070.5295992,esp32-1,-58.0,47.3974,5.873,0.0,52.0,-1.0,,NORMAL
1790733076.5732126,esp32-1,-57.0,66.216,122.0307,20.0,3.0,-1.0,,NORMAL
1790733080.6214197,esp32-1,-60.0,40.367,5.949501,0.0,184.0,-1.0,,NORMAL
1790733085.7881348,esp32-1,-59.0,47.242,6.05375,0.0,270.0,-1.0,,NORMAL
1790733090.9119768,esp32-1,-60.0,74.6286,98.18626,0.0,253.0,-1.0,,NORMAL
1790733095.7405183,esp32-1,-56.0,40.1124,6.194252,0.0,238.0,-1.0,,NORMAL
1790733100.7745602,esp32-1,-60.0,46.978,6.254,0.0,222.0,-1.0,,NORMAL
1790733105.961052,esp32-1,-61.0,74.4494,94.74151,0.0,205.0,-1.0,,NORMAL
1790733110.628021,esp32-1,-60.0,39.9856,6.07025,0.0,189.0,-1.0,,NORMAL
1790733116.5631118,esp32-1,-60.0,46.7054,5.518499,0.0,53.0,-1.0,,NORMAL
1790733121.7921245,esp32-1,-60.0,74.04201,101.1127,0.0,53.0,-1.0,,NORMAL
1790733125.7444708,esp32-1,-62.0,39.881,6.2795,0.0,242.0,-1.0,,NORMAL
1790733130.7023413,esp32-1,-61.0,46.9088,6.23825,0.0,227.0,-1.0,,NORMAL
1790733136.581638,esp32-1,-61.0,47.98325,35.48333,20.0,4.0,-1.0,,NORMAL
1790733140.6775022,esp32-1,-60.0,68.20119,41.4,0.0,13.0,-1.0,,NORMAL
1790733146.615866,esp32-1,-61.0,46.6884,6.316501,0.0,52.0,-1.0,,NORMAL
1790733151.839875,esp32-1,-60.0,73.9254,104.3292,0.0,53.0,-1.0,,NORMAL
1790733155.5344937,esp32-1,-60.0,39.8066,6.30725,0.0,52.0,-1.0,,NORMAL
1790733161.6982903,esp32-1,-61.0,46.141,7.82175,0.0,53.0,-1.0,,NORMAL
1790733166.4816425,esp32-1,-60.0,106.2228,146.9435,0.0,599.0,-1.0,,NORMAL
1790733171.6028206,esp32-1,-62.0,39.4476,6.90875,0.0,54.0,-1.0,,NORMAL
1790733175.4692354,esp32-1,-60.0,45.9758,6.13125,0.0,4.0,-1.0,,NORMAL
1790733181.3782215,esp32-1,-60.0,69.5816,102.3085,0.0,783.0,-1.0,,NORMAL
1790733185.6849473,esp32-1,-61.0,39.2204,6.6275,0.0,253.0,-1.0,,NORMAL
1790733190.774954,esp32-1,-57.0,45.8756,6.366249,0.0,237.0,-1.0,,NORMAL
1790733195.909554,esp32-1,-57.0,73.1944,108.2077,0.0,220.0,-1.0,,NORMAL
1790733200.6426551,esp32-1,-58.0,38.7938,6.950749,0.0,205.0,-1.0,,NORMAL
1790733205.7042716,esp32-1,-58.0,45.8726,6.275249,0.0,188.0,-1.0,,NORMAL
1790733210.9267287,esp32-1,-60.0,73.0554,109.0987,0.0,274.0,-1.0,,NORMAL
1790733215.6922271,esp32-1,-59.0,39.0254,6.49375,0.0,257.0,-1.0,,NORMAL
1790733220.7737741,esp32-1,-61.0,45.8322,5.7915,0.0,241.0,-1.0,,NORMAL
1790733226.3720057,esp32-1,-59.0,71.4174,108.6925,0.0,778.0,-1.0,,NORMAL
1790733230.4957843,esp32-1,-59.0,38.796,6.481999,0.0,52.0,-1.0,,NORMAL
1790733236.628234,esp32-1,-60.0,45.5466,6.08175,0.0,53.0,-1.0,,NORMAL
1790733240.8274255,esp32-1,-60.0,72.9566,111.7315,0.0,175.0,-1.0,,NORMAL
1790733246.265486,esp32-1,-60.0,39.1972,7.41675,0.0,53.0,-1.0,,NORMAL
1790733250.7756033,esp32-1,-58.0,45.6352,5.2545,0.0,246.0,-1.0,,NORMAL
1790733256.6318536,esp32-1,-59.0,78.6375,158.3137,20.0,6.0,-1.0,,NORMAL
1790733261.515033,esp32-1,-58.0,28.82375,25.16467,20.0,54.0,-1.0,,NORMAL
1790733265.6104796,esp32-1,-60.0,45.38,6.370251,0.0,4.0,-1.0,,NORMAL
1790733271.6524506,esp32-1,-61.0,79.6255,160.912,20.0,8.0,-1.0,,NORMAL
1790733276.6702871,esp32-1,-59.0,38.033,6.29175,0.0,53.0,-1.0,,NORMAL
1790733280.569473,esp32-1,-59.0,44.8976,6.24625,0.0,52.0,-1.0,,NORMAL
1790733286.627112,esp32-1,-60.0,81.703,162.2767,20.0,3.0,-1.0,,NORMAL
1790733292.5869308,esp32-1,-57.0,21.85,14.283,40.0,3.0,-1.0,,NORMAL
1790733296.3844943,esp32-1,-60.0,39.8242,11.99525,0.0,942.0,-1.0,,NORMAL
1790733301.5770466,esp32-1,-60.0,82.71075,168.6953,20.0,3.0,-1.0,,NORMAL
1790733306.527879,esp32-1,-58.0,28.12375,25.23133,20.0,169.0,-1.0,,NORMAL
1790733310.7728324,esp32-1,-60.0,44.2896,6.56075,0.0,258.0,-1.0,,NORMAL
1790733316.7101445,esp32-1,-61.0,83.74799,168.871,20.0,4.0,-1.0,,NORMAL
1790733321.4075825,esp32-1,-61.0,27.74025,24.73967,20.0,54.0,-1.0,,NORMAL
1790733325.8244545,esp32-1,-60.0,44.3226,6.10875,0.0,209.0,-1.0,,NORMAL
1790733331.6622913,esp32-1,-62.0,85.13375,170.957,20.0,3.0,-1.0,,NORMAL
1790733336.4285097,esp32-1,-58.0,27.6855,23.339,20.0,52.0,-1.0,,NORMAL
1790733341.696792,esp32-1,-60.0,43.8154,6.210001,0.0,56.0,-1.0,,NORMAL
1790733346.7139246,esp32-1,-62.0,85.3675,176.5133,20.0,3.0,-1.0,,NORMAL
1790733351.4051058,esp32-1,-62.0,27.34325,24.463,20.0,53.0,-1.0,,NORMAL
1790733356.6474078,esp32-1,-60.0,69.62625,133.8697,20.0,3.0,-1.0,,NORMAL
1790733361.589621,esp32-1,-60.0,86.38676,178.756,20.0,2.0,-1.0,,NORMAL
1790733366.4801552,esp32-1,-59.0,22.00575,17.03833,20.0,73.0,-1.0,,NORMAL
1790733370.9836028,esp32-1,-61.0,84.3154,117.519,0.0,268.0,-1.0,,NORMAL
1790733376.600426,esp32-1,-62.0,86.74975,181.304,20.0,2.0,-1.0,,NORMAL
1790733381.531694,esp32-1,-60.0,26.731,23.265,20.0,54.0,-1.0,,NORMAL
1790733385.515286,esp32-1,-61.0,43.1576,6.19425,0.0,53.0,-1.0,,NORMAL
1790733390.910326,esp32-1,-60.0,90.9216,137.1343,0.0,204.0,-1.0,,NORMAL
1790733396.4824271,esp32-1,-59.0,26.2375,21.817,20.0,54.0,-1.0,,NORMAL
1790733400.9385223,esp32-1,-62.0,84.1632,126.9355,0.0,274.0,-1.0,,NORMAL
1790733405.7512288,esp32-1,-62.0,90.8322,141.4098,0.0,53.0,-1.0,,NORMAL
1790733411.5343323,esp32-1,-61.0,25.901,22.494,20.0,55.0,-1.0,,NORMAL
1790733416.6896865,esp32-1,-61.0,42.8258,7.17,0.0,53.0,-1.0,,NORMAL
1790733421.0065472,esp32-1,-60.0,90.5978,142.874,0.0,209.0,-1.0,,NORMAL
1790733426.414469,esp32-1,-59.0,22.149,15.47967,20.0,68.0,-1.0,,NORMAL
1790733430.685145,esp32-1,-61.0,42.4766,6.6535,0.0,177.0,-1.0,,NORMAL
1790733436.9310863,esp32-1,-61.0,90.4792,144.4575,0.0,56.0,-1.0,,NORMAL
1790733441.599967,esp32-1,-60.0,25.6005,20.292,20.0,245.0,-1.0,,NORMAL
1790733445.7653992,esp32-1,-61.0,42.3152,6.063251,0.0,231.0,-1.0,,NORMAL
1790733450.919603,esp32-1,-60.0,90.3086,146.619,0.0,214.0,-1.0,,NORMAL
1790733456.409446,esp32-1,-59.0,25.47875,21.96633,20.0,54.0,-1.0,,NORMAL
1790733461.610907,esp32-1,-60.0,42.1326,6.530499,0.0,53.0,-1.0,,NORMAL
1790733465.969979,esp32-1,-61.0,89.69521,149.3008,0.0,269.0,-1.0,,NORMAL
1790733471.4208937,esp32-1,-61.0,25.12075,19.60467,20.0,54.0,-1.0,,NORMAL
1790733476.4832733,esp32-1,-62.0,78.5952,52.36025,0.0,750.0,-1.0,,NORMAL
1790733481.929544,esp32-1,-60.0,89.83839,148.5578,0.0,53.0,-1.0,,NORMAL
1790733486.4054186,esp32-1,-60.0,22.48775,17.50033,20.0,63.0,-1.0,,NORMAL
1790733491.5621374,esp32-1,-62.0,41.833,6.7525,0.0,53.0,-1.0,,NORMAL
1790733496.0189157,esp32-1,-60.0,89.31139,150.3945,0.0,273.0,-1.0,,NORMAL
1790733501.4028711,esp32-1,-61.0,24.57425,20.738,20.0,54.0,-1.0,,NORMAL
1790733505.645941,esp32-1,-62.0,41.5512,6.54225,0.0,51.0,-1.0,,NORMAL
1790733510.5950158,esp32-1,-60.0,48.1416,6.447499,0.0,3.0,-1.0,,NORMAL
1790733516.4984517,esp32-1,-62.0,24.11,17.08433,20.0,53.0,-1.0,,NORMAL
1790733520.6972756,esp32-1,-61.0,40.9766,6.208499,0.0,193.0,-1.0,,NORMAL
1790733527.401023,esp32-1,-62.0,112.9678,226.54,20.0,693.0,-1.0,,NORMAL
1790733531.4517627,esp32-1,-62.0,24.393,20.55367,20.0,54.0,-1.0,,NORMAL
1790733535.5150554,esp32-1,-61.0,40.7628,6.424999,0.0,54.0,-1.0,,NORMAL
1790733540.5960083,esp32-1,-63.0,47.5792,5.348751,0.0,3.0,-1.0,,NORMAL
1790733546.503219,esp32-1,-58.0,21.69625,17.11133,20.0,62.0,-1.0,,NORMAL
1790733550.8044987,esp32-1,-60.0,40.478,6.42175,0.0,199.0,-1.0,,NORMAL
1790733555.6777155,esp32-1,-60.0,47.4734,6.473249,0.0,184.0,-1.0,,NORMAL
1790733561.4050553,esp32-1,-59.0,23.49275,19.24267,20.0,53.0,-1.0,,NORMAL
1790733565.7123342,esp32-1,-59.0,40.5002,5.98,0.0,253.0,-1.0,,NORMAL
1790733570.774083,esp32-1,-59.0,47.5096,6.447001,0.0,189.0,-1.0,,NORMAL
1790733576.5065563,esp32-1,-63.0,23.10375,18.99067,20.0,55.0,-1.0,,NORMAL
1790733580.6641805,esp32-1,-61.0,40.3186,5.908,0.0,203.0,-1.0,,NORMAL
1790733585.646725,esp32-1,-57.0,69.70781,79.4215,0.0,43.0,-1.0,,NORMAL
1790733590.742943,esp32-1,-61.0,33.4604,7.076499,0.0,274.0,-1.0,,NORMAL
1790733595.7616682,esp32-1,-60.0,40.2996,6.485499,0.0,257.0,-1.0,,NORMAL
1790733600.5898685,esp32-1,-60.0,47.2004,6.245749,0.0,52.0,-1.0,,NORMAL
1790733606.400519,esp32-1,-60.0,22.28925,16.584,20.0,56.0,-1.0,,NORMAL
1790733610.6088755,esp32-1,-59.0,39.897,5.895249,0.0,52.0,-1.0,,NORMAL
1790733615.683787,esp32-1,-60.0,46.714,6.666,0.0,193.0,-1.0,,NORMAL
1790733621.3993764,esp32-1,-61.0,23.04675,15.077,20.0,51.0,-1.0,,NORMAL
1790733625.763783,esp32-1,-62.0,39.6906,6.53375,0.0,263.0,-1.0,,NORMAL
1790733630.6993105,esp32-1,-59.0,46.7936,5.950001,0.0,53.0,-1.0,,NORMAL
1790733635.8281968,esp32-1,-62.0,53.3444,18.52025,0.0,229.0,-1.0,,NORMAL
1790733640.7587655,esp32-1,-60.0,39.7772,6.2075,0.0,213.0,-1.0,,NORMAL
1790733645.8347905,esp32-1,-60.0,99.2148,102.1965,0.0,3.0,-1.0,,NORMAL
1790733652.4414732,esp32-1,-59.0,22.0005,17.373,20.0,54.0,-1.0,,NORMAL
1790733655.565693,esp32-1,-60.0,39.3792,6.14525,0.0,53.0,-1.0,,NORMAL
1790733660.588505,esp32-1,-60.0,46.3388,5.870751,0.0,52.0,-1.0,,NORMAL
1790733666.51917,esp32-1,-60.0,22.38,16.284,20.0,51.0,-1.0,,NORMAL
1790733670.757197,esp32-1,-59.0,39.3944,6.687249,0.0,218.0,-1.0,,NORMAL
1790733675.6352258,esp32-1,-61.0,46.0898,6.203751,0.0,52.0,-1.0,,NORMAL
1790733681.4712634,esp32-1,-62.0,22.201,18.315,20.0,51.0,-1.0,,NORMAL
1790733685.5682828,esp32-1,-61.0,41.7922,6.959,0.0,54.0,-1.0,,NORMAL
1790733690.7485864,esp32-1,-60.0,48.1972,6.82525,0.0,244.0,-1.0,,NORMAL
1790733696.1143312,esp32-1,-60.0,138.195,273.398,0.0,48.0,-1.0,,NORMAL
1790733700.768477,esp32-1,-59.0,41.3916,6.019,0.0,212.0,-1.0,,NORMAL
1790733705.7042687,esp32-1,-58.0,48.1268,8.20275,0.0,195.0,-1.0,,NORMAL
1790733711.4121253,esp32-1,-59.0,24.3055,19.94433,20.0,53.0,-1.0,,NORMAL
1790733715.7325885,esp32-1,-60.0,41.3162,5.844,0.0,266.0,-1.0,,NORMAL
1790733720.6925745,esp32-1,-60.0,47.984,6.514,0.0,53.0,-1.0,,NORMAL
1790733725.485622,esp32-1,-62.0,34.3414,6.24125,0.0,53.0,-1.0,,NORMAL
1790733730.5201495,esp32-1,-61.0,40.8694,6.622749,0.0,53.0,-1.0,,NORMAL
1790733735.8478,esp32-1,-62.0,68.3148,93.42751,0.0,53.0,-1.0,,NORMAL
1790733741.4147015,esp32-1,-60.0,23.66925,19.629,20.0,51.0,-1.0,,NORMAL
1790733745.4694517,esp32-1,-58.0,40.5244,6.125,0.0,3.0,-1.0,,NORMAL
1790733750.7841337,esp32-1,-61.0,47.7076,5.782,0.0,257.0,-1.0,,NORMAL
1790733756.4109647,esp32-1,-60.0,23.53225,19.47733,20.0,53.0,-1.0,,NORMAL
1790733761.8571427,esp32-1,-60.0,80.44975,65.23833,20.0,127.0,-1.0,,NORMAL
1790733765.7794936,esp32-1,-61.0,47.1114,6.14475,0.0,53.0,-1.0,,NORMAL
1790733771.7384865,esp32-1,-59.0,22.981,16.625,20.0,53.0,-1.0,,NORMAL
1790733776.5034475,esp32-1,-60.0,35.1044,11.712,0.0,968.0,-1.0,,NORMAL
1790733780.5534766,esp32-1,-59.0,47.2746,6.15475,0.0,53.0,-1.0,,NORMAL
1790733786.5391524,esp32-1,-59.0,24.97425,19.853,20.0,45.0,-1.0,,NORMAL
1790733791.6931524,esp32-1,-59.0,40.1336,6.70875,0.0,53.0,-1.0,,NORMAL
1790733795.5515466,esp32-1,-61.0,46.811,6.37375,0.0,53.0,-1.0,,NORMAL
1790733801.4896367,esp32-1,-59.0,22.777,19.76367,20.0,53.0,-1.0,,NORMAL
1790733805.6442268,esp32-1,-61.0,40.0206,6.246251,0.0,179.0,-1.0,,NORMAL
1790733810.7594597,esp32-1,-59.0,46.7398,5.586001,0.0,265.0,-1.0,,NORMAL
1790733816.541974,esp32-1,-59.0,22.4755,17.97567,20.0,53.0,-1.0,,NORMAL
1790733820.6919508,esp32-1,-60.0,39.8584,5.887751,0.0,233.0,-1.0,,NORMAL
1790733826.110114,esp32-1,-59.0,46.3142,6.479,0.0,319.0,-1.0,,NORMAL
1790733831.407017,esp32-1,-58.0,23.12075,17.07667,20.0,49.0,-1.0,,NORMAL
1790733835.5243936,esp32-1,-59.0,39.3788,6.56575,0.0,61.0,-1.0,,NORMAL
1790733840.8129637,esp32-1,-58.0,46.8756,6.330999,0.0,268.0,-1.0,,NORMAL
1790733846.6629806,esp32-1,-59.0,22.55625,18.17867,20.0,249.0,-1.0,,NORMAL
1790733850.706507,esp32-1,-59.0,39.8368,6.105501,0.0,235.0,-1.0,,NORMAL
1790733855.7199864,esp32-1,-60.0,46.6982,6.324999,0.0,219.0,-1.0,,NORMAL
1790733860.735717,esp32-1,-60.0,53.4656,21.283,0.0,202.0,-1.0,,NORMAL
1790733865.5943825,esp32-1,-60.0,39.8794,5.90375,0.0,51.0,-1.0,,NORMAL
1790733870.7691877,esp32-1,-60.0,46.4932,6.14125,0.0,272.0,-1.0,,NORMAL
1790733877.5847402,esp32-1,-57.0,22.492,17.60967,20.0,53.0,-1.0,,NORMAL
1790733880.7691646,esp32-1,-59.0,39.626,6.600999,0.0,240.0,-1.0,,NORMAL
1790733886.6399662,esp32-1,-59.0,46.4648,6.005749,0.0,52.0,-1.0,,NORMAL
1790733891.5025747,esp32-1,-62.0,22.72525,15.95667,20.0,51.0,-1.0,,NORMAL
1790733895.7016425,esp32-1,-61.0,62.504,81.80299,0.0,39.0,-1.0,,NORMAL
1790733901.640385,esp32-1,-61.0,46.216,6.369,0.0,53.0,-1.0,,NORMAL
1790733907.5848393,esp32-1,-61.0,22.07425,17.59633,20.0,53.0,-1.0,,NORMAL
1790733910.7738252,esp32-1,-59.0,39.3222,5.882001,0.0,244.0,-1.0,,NORMAL
1790733916.643503,esp32-1,-59.0,46.296,5.87125,0.0,53.0,-1.0,,NORMAL
1790733921.5064676,esp32-1,-60.0,22.13825,17.56933,20.0,52.0,-1.0,,NORMAL
1790733925.6576843,esp32-1,-59.0,39.1804,6.392999,0.0,196.0,-1.0,,NORMAL
1790733930.7232068,esp32-1,-61.0,45.975,5.82225,0.0,179.0,-1.0,,NORMAL
1790733936.414101,esp32-1,-60.0,22.976,16.666,20.0,50.0,-1.0,,NORMAL
1790733940.714939,esp32-1,-60.0,39.1492,6.170249,0.0,250.0,-1.0,,NORMAL
1790733945.800719,esp32-1,-60.0,45.4834,6.098749,0.0,233.0,-1.0,,NORMAL
1790733952.3427577,esp32-1,-60.0,22.16733,18.544,40.0,2.0,-1.0,,NORMAL
1790733956.5895805,esp32-1,-61.0,38.7832,5.878001,0.0,54.0,-1.0,,NORMAL
1790733960.6845245,esp32-1,-60.0,45.289,6.38675,0.0,185.0,-1.0,,NORMAL
1790733966.4105508,esp32-1,-61.0,23.12375,17.046,20.0,43.0,-1.0,,NORMAL
1790733970.7666607,esp32-1,-60.0,38.5744,6.1785,0.0,255.0,-1.0,,NORMAL
1790733975.8005736,esp32-1,-62.0,45.355,6.187999,0.0,238.0,-1.0,,NORMAL
1790733981.515645,esp32-1,-59.0,22.204,17.68067,20.0,47.0,-1.0,,NORMAL
1790733986.5325572,esp32-1,-59.0,29.14075,25.42433,20.0,53.0,-1.0,,NORMAL
1790733991.4221208,esp32-1,-60.0,39.9712,11.85725,0.0,946.0,-1.0,,NORMAL
1790733996.4673622,esp32-1,-60.0,21.6205,16.93067,20.0,48.0,-1.0,,NORMAL
1790734001.4850128,esp32-1,-59.0,29.13675,26.271,20.0,53.0,-1.0,,NORMAL
1790734006.656172,esp32-1,-61.0,45.0932,5.95725,0.0,53.0,-1.0,,NORMAL
1790734010.8328793,esp32-1,-61.0,51.9646,14.8475,0.0,227.0,-1.0,,NORMAL
1790734015.517141,esp32-1,-60.0,37.9398,6.465,0.0,53.0,-1.0,,NORMAL
1790734021.5576808,esp32-1,-59.0,36.65375,15.14,20.0,6.0,-1.0,,NORMAL
1790734026.4737024,esp32-1,-62.0,22.5625,18.81167,20.0,3.0,-1.0,,NORMAL
1790734032.3367078,esp32-1,-60.0,20.053,25.7595,40.0,4.0,-1.0,,NORMAL
1790734035.9490037,esp32-1,-59.0,83.9698,54.68375,0.0,258.0,-1.0,,NORMAL
1790734041.4064367,esp32-1,-60.0,22.169,18.80033,20.0,42.0,-1.0,,NORMAL
1790734046.4393559,esp32-1,-60.0,28.172,25.72233,20.0,53.0,-1.0,,NORMAL
1790734050.8433857,esp32-1,-61.0,44.1244,6.43625,0.0,201.0,-1.0,,NORMAL
1790734056.4010298,esp32-1,-62.0,22.546,19.61667,20.0,40.0,-1.0,,NORMAL
1790734061.4407477,esp32-1,-59.0,27.70925,22.613,20.0,53.0,-1.0,,NORMAL
1790734065.8020027,esp32-1,-59.0,44.0034,6.2665,0.0,255.0,-1.0,,NORMAL
1790734071.4107153,esp32-1,-60.0,21.86575,17.50667,20.0,42.0,-1.0,,NORMAL
1790734076.546436,esp32-1,-63.0,27.6655,22.17767,20.0,53.0,-1.0,,NORMAL
1790734080.7006936,esp32-1,-61.0,43.7904,6.195,0.0,206.0,-1.0,,NORMAL
1790734087.3697188,esp32-1,-57.0,28.56333,0.9925,40.0,4.0,-1.0,,NORMAL
1790734091.4381952,esp32-1,-61.0,27.43275,24.58533,20.0,53.0,-1.0,,NORMAL
1790734095.5529652,esp32-1,-60.0,43.7346,5.93425,0.0,53.0,-1.0,,NORMAL
1790734101.400932,esp32-1,-59.0,21.7195,17.17433,20.0,40.0,-1.0,,NORMAL
1790734106.55101,esp32-1,-60.0,26.818,15.08633,20.0,53.0,-1.0,,NORMAL
1790734110.64869,esp32-1,-60.0,43.1254,6.402,0.0,53.0,-1.0,,NORMAL
1790734116.4842317,esp32-1,-59.0,22.1425,18.64467,20.0,37.0,-1.0,,NORMAL
1790734122.4236214,esp32-1,-60.0,19.88667,12.9605,40.0,3.0,-1.0,,NORMAL
1790734125.5996964,esp32-1,-60.0,42.7908,5.694499,0.0,3.0,-1.0,,NORMAL
1790734131.4104292,esp32-1,-60.0,24.898,19.243,20.0,24.0,-1.0,,NORMAL
1790734136.4367728,esp32-1,-60.0,26.44625,23.22967,20.0,54.0,-1.0,,NORMAL
1790734141.623627,esp32-1,-59.0,42.9024,6.160251,0.0,53.0,-1.0,,NORMAL
1790734146.3718076,esp32-1,-59.0,22.13925,17.882,20.0,3.0,-1.0,,NORMAL
1790734152.4316688,esp32-1,-58.0,20.79767,11.6345,40.0,3.0,-1.0,,NORMAL
1790734155.8065524,esp32-1,-59.0,42.3486,6.791749,0.0,274.0,-1.0,,NORMAL
1790734161.4479303,esp32-1,-59.0,22.18925,15.99433,20.0,33.0,-1.0,,NORMAL
1790734166.4296284,esp32-1,-60.0,25.6455,22.00433,20.0,53.0,-1.0,,NORMAL
1790734170.7932847,esp32-1,-58.0,42.2974,5.6975,0.0,223.0,-1.0,,NORMAL
1790734176.402807,esp32-1,-59.0,22.99625,18.66933,20.0,29.0,-1.0,,NORMAL
1790734181.4334779,esp32-1,-59.0,25.74875,22.25533,20.0,54.0,-1.0,,NORMAL
1790734186.43103,esp32-1,-59.0,33.5555,11.91033,20.0,10.0,-1.0,,NORMAL
1790734191.443499,esp32-1,-59.0,22.82,17.958,20.0,28.0,-1.0,,NORMAL
1790734196.4395075,esp32-1,-59.0,25.3245,20.85,20.0,54.0,-1.0,,NORMAL
1790734200.7202613,esp32-1,-62.0,42.1026,6.59,0.0,228.0,-1.0,,NORMAL
1790734206.3716652,esp32-1,-61.0,22.21025,17.327,20.0,3.0,-1.0,,NORMAL
1790734211.432,esp32-1,-58.0,24.88175,20.17333,20.0,54.0,-1.0,,NORMAL
1790734216.634942,esp32-1,-58.0,41.7946,5.71025,0.0,53.0,-1.0,,NORMAL
1790734222.3537278,esp32-1,-58.0,24.26467,23.116,40.0,4.0,-1.0,,NORMAL
1790734226.4351373,esp32-1,-61.0,24.533,18.98667,20.0,54.0,-1.0,,NORMAL
1790734231.640502,esp32-1,-59.0,41.6294,7.33675,0.0,52.0,-1.0,,NORMAL
1790734237.348395,esp32-1,-59.0,20.84533,23.6075,40.0,4.0,-1.0,,NORMAL
1790734241.4439814,esp32-1,-59.0,24.35875,19.333,20.0,60.0,-1.0,,NORMAL
1790734245.7193434,esp32-1,-62.0,41.2852,5.397249,0.0,186.0,-1.0,,NORMAL
1790734251.5555382,esp32-1,-60.0,38.5268,11.5695,0.0,957.0,-1.0,,NORMAL
1790734256.4869423,esp32-1,-60.0,24.08375,17.29233,20.0,53.0,-1.0,,NORMAL
1790734260.789691,esp32-1,-62.0,41.1066,7.458001,0.0,240.0,-1.0,,NORMAL
1790734265.74455,esp32-1,-59.0,47.9908,7.28125,0.0,222.0,-1.0,,NORMAL
1790734271.5252512,esp32-1,-57.0,22.039,15.951,20.0,63.0,-1.0,,NORMAL
1790734275.678936,esp32-1,-61.0,41.1414,6.54175,0.0,190.0,-1.0,,NORMAL
1790734280.9466422,esp32-1,-59.0,47.5928,5.846499,0.0,276.0,-1.0,,NORMAL
1790734286.4340518,esp32-1,-61.0,23.61225,18.99067,20.0,53.0,-1.0,,NORMAL
1790734290.7920058,esp32-1,-59.0,40.9272,6.26275,0.0,245.0,-1.0,,NORMAL
1790734295.825135,esp32-1,-59.0,47.621,6.496,0.0,227.0,-1.0,,NORMAL
1790734301.4335144,esp32-1,-59.0,22.9015,18.807,20.0,55.0,-1.0,,NORMAL
1790734306.4175904,esp32-1,-57.0,31.47725,8.879,20.0,5.0,-1.0,,NORMAL
1790734310.7041724,esp32-1,-57.0,47.247,4.88575,0.0,180.0,-1.0,,NORMAL
1790734317.6071284,esp32-1,-59.0,23.20875,20.87833,20.0,56.0,-1.0,,NORMAL
1790734320.7399917,esp32-1,-59.0,40.153,6.142,0.0,249.0,-1.0,,NORMAL
1790734326.2435274,esp32-1,-60.0,47.253,6.11175,0.0,53.0,-1.0,,NORMAL
1790734331.5327864,esp32-1,-59.0,23.59225,18.25833,20.0,51.0,-1.0,,NORMAL
1790734335.5394273,esp32-1,-59.0,40.166,6.1705,0.0,52.0,-1.0,,NORMAL
1790734340.7496471,esp32-1,-58.0,46.8758,6.034001,0.0,184.0,-1.0,,NORMAL
1790734347.609542,esp32-1,-60.0,22.6625,18.11633,20.0,60.0,-1.0,,NORMAL
1790734350.7384765,esp32-1,-59.0,39.899,6.833,0.0,255.0,-1.0,,NORMAL
1790734356.748763,esp32-1,-58.0,46.797,5.807249,0.0,53.0,-1.0,,NORMAL
1790734361.4362805,esp32-1,-58.0,23.29975,18.31733,20.0,50.0,-1.0,,NORMAL
1790734365.8379824,esp32-1,-59.0,39.7288,6.594,0.0,206.0,-1.0,,NORMAL
1790734370.6502938,esp32-1,-57.0,46.7292,6.347,0.0,52.0,-1.0,,NORMAL
1790734376.5004845,esp32-1,-59.0,23.08075,18.37867,20.0,50.0,-1.0,,NORMAL
1790734381.712983,esp32-1,-57.0,39.665,7.63125,0.0,52.0,-1.0,,NORMAL
1790734386.2406974,esp32-1,-59.0,84.4418,52.14675,0.0,534.0,-1.0,,NORMAL
1790734391.426848,esp32-1,-58.0,22.46275,16.45233,20.0,52.0,-1.0,,NORMAL
1790734396.5597494,esp32-1,-56.0,50.639,27.16833,20.0,4.0,-1.0,,NORMAL
1790734400.655142,esp32-1,-59.0,46.2104,5.718749,0.0,51.0,-1.0,,NORMAL
1790734407.4138813,esp32-1,-59.0,20.793,14.003,40.0,3.0,-1.0,,NORMAL
1790734410.7934692,esp32-1,-59.0,39.2476,7.097001,0.0,264.0,-1.0,,NORMAL
1790734415.8215725,esp32-1,-57.0,45.9668,6.079,0.0,247.0,-1.0,,NORMAL
1790734421.4299326,esp32-1,-57.0,25.0965,21.41933,20.0,40.0,-1.0,,NORMAL
1790734425.699195,esp32-1,-58.0,39.112,6.495001,0.0,215.0,-1.0,,NORMAL
1790734430.8647947,esp32-1,-60.0,46.0244,6.2715,0.0,199.0,-1.0,,NORMAL
1790734436.4219527,esp32-1,-60.0,22.9325,16.748,20.0,47.0,-1.0,,NORMAL
1790734440.7565408,esp32-1,-58.0,38.8394,6.415249,0.0,269.0,-1.0,,NORMAL
1790734445.7758312,esp32-1,-59.0,45.5428,5.732749,0.0,253.0,-1.0,,NORMAL
1790734451.549483,esp32-1,-60.0,23.00275,17.672,20.0,46.0,-1.0,,NORMAL
1790734456.7103267,esp32-1,-59.0,38.7642,7.016249,0.0,54.0,-1.0,,NORMAL
1790734460.8702338,esp32-1,-60.0,45.7182,7.4605,0.0,203.0,-1.0,,NORMAL
1790734466.4286234,esp32-1,-59.0,22.2935,18.12367,20.0,48.0,-1.0,,NORMAL
1790734470.8581665,esp32-1,-57.0,59.2342,63.74,0.0,273.0,-1.0,,NORMAL
1790734475.822323,esp32-1,-59.0,86.58141,108.1465,0.0,53.0,-1.0,,NORMAL
1790734481.4314904,esp32-1,-60.0,21.91075,17.35267,20.0,48.0,-1.0,,NORMAL
1790734485.7870333,esp32-1,-60.0,38.4256,6.638,0.0,225.0,-1.0,,NORMAL
1790734491.4756284,esp32-1,-59.0,45.051,60.55566,20.0,3.0,-1.0,,NORMAL
1790734496.507652,esp32-1,-59.0,21.68075,16.97367,20.0,48.0,-1.0,,NORMAL
1790734501.5249014,esp32-1,-61.0,33.3042,9.651251,0.0,985.0,-1.0,,NORMAL
1790734505.7786758,esp32-1,-60.0,44.8456,5.988501,0.0,263.0,-1.0,,NORMAL
1790734511.4359334,esp32-1,-61.0,21.787,17.26833,20.0,47.0,-1.0,,NORMAL
1790734516.630625,esp32-1,-60.0,37.9808,6.133501,0.0,53.0,-1.0,,NORMAL
1790734520.736675,esp32-1,-59.0,44.876,6.24075,0.0,214.0,-1.0,,NORMAL
1790734526.4211764,esp32-1,-57.0,23.485,16.841,20.0,40.0,-1.0,,NORMAL
1790734530.537191,esp32-1,-59.0,37.7746,6.64125,0.0,52.0,-1.0,,NORMAL
1790734535.8312197,esp32-1,-58.0,44.5886,6.1255,0.0,268.0,-1.0,,NORMAL
1790734541.4256468,esp32-1,-58.0,21.5195,16.832,20.0,46.0,-1.0,,NORMAL
1790734546.5807753,esp32-1,-58.0,28.119,21.19933,20.0,55.0,-1.0,,NORMAL
1790734550.7374105,esp32-1,-57.0,44.2438,6.019999,0.0,220.0,-1.0,,NORMAL
1790734556.3858004,esp32-1,-59.0,24.12375,18.193,20.0,5.0,-1.0,,NORMAL
1790734561.5314817,esp32-1,-59.0,27.67675,23.58533,20.0,53.0,-1.0,,NORMAL
1790734565.7980373,esp32-1,-60.0,44.251,6.0595,0.0,273.0,-1.0,,NORMAL
1790734571.420815,esp32-1,-57.0,22.69575,18.06367,20.0,39.0,-1.0,,NORMAL
1790734576.4556274,esp32-1,-58.0,27.60475,22.11567,20.0,53.0,-1.0,,NORMAL
1790734580.7374475,esp32-1,-60.0,44.0246,5.9045,0.0,225.0,-1.0,,NORMAL
1790734586.4198103,esp32-1,-61.0,23.5935,14.72167,20.0,35.0,-1.0,,NORMAL
1790734591.5393016,esp32-1,-58.0,27.58575,24.67967,20.0,54.0,-1.0,,NORMAL
1790734595.693999,esp32-1,-57.0,43.9872,5.975249,0.0,176.0,-1.0,,NORMAL
1790734601.4217155,esp32-1,-58.0,21.80825,17.12733,20.0,42.0,-1.0,,NORMAL
1790734607.359978,esp32-1,-59.0,19.82,12.9555,40.0,3.0,-1.0,,NORMAL
1790734611.669169,esp32-1,-58.0,43.6522,6.0635,0.0,53.0,-1.0,,NORMAL
1790734616.4301333,esp32-1,-59.0,23.054,18.94234,20.0,35.0,-1.0,,NORMAL
1790734621.5405312,esp32-1,-59.0,26.48625,23.03867,20.0,53.0,-1.0,,NORMAL
1790734625.6364818,esp32-1,-57.0,43.2502,6.153001,0.0,52.0,-1.0,,NORMAL
1790734631.473213,esp32-1,-60.0,24.21175,20.96267,20.0,28.0,-1.0,,NORMAL
1790734637.3564205,esp32-1,-59.0,21.089,11.886,40.0,3.0,-1.0,,NORMAL
1790734640.7470798,esp32-1,-61.0,42.7986,6.105999,0.0,237.0,-1.0,,NORMAL
1790734646.5273411,esp32-1,-59.0,22.055,17.72467,20.0,37.0,-1.0,,NORMAL
1790734651.5442107,esp32-1,-58.0,26.215,22.96733,20.0,53.0,-1.0,,NORMAL
1790734656.615614,esp32-1,-60.0,42.661,6.16875,0.0,53.0,-1.0,,NORMAL
1790734661.422302,esp32-1,-60.0,21.8195,17.619,20.0,36.0,-1.0,,NORMAL
1790734666.4505882,esp32-1,-61.0,25.76725,20.04933,20.0,53.0,-1.0,,NORMAL
1790734671.738485,esp32-1,-60.0,87.323,71.178,20.0,4.0,-1.0,,NORMAL
1790734676.5309412,esp32-1,-58.0,23.076,20.116,20.0,30.0,-1.0,,NORMAL
1790734681.4468749,esp32-1,-59.0,25.645,16.54533,20.0,52.0,-1.0,,NORMAL
1790734686.2558987,esp32-1,-59.0,42.4926,6.7825,0.0,53.0,-1.0,,NORMAL
1790734691.4264448,esp32-1,-59.0,21.998,16.33667,20.0,32.0,-1.0,,NORMAL
1790734696.4520044,esp32-1,-58.0,25.441,14.45267,20.0,54.0,-1.0,,NORMAL
1790734701.737851,esp32-1,-58.0,42.087,6.627,0.0,53.0,-1.0,,NORMAL
1790734706.4187076,esp32-1,-60.0,22.528,18.38067,20.0,28.0,-1.0,,NORMAL
1790734711.4501648,esp32-1,-56.0,25.0955,16.30567,20.0,53.0,-1.0,,NORMAL
1790734715.649656,esp32-1,-58.0,41.8206,6.60475,0.0,51.0,-1.0,,NORMAL
1790734722.5115247,esp32-1,-61.0,21.53933,27.677,40.0,51.0,-1.0,,NORMAL
1790734726.5052252,esp32-1,-59.0,24.58075,20.39,20.0,53.0,-1.0,,NORMAL
1790734730.8112972,esp32-1,-59.0,41.3368,6.104749,0.0,253.0,-1.0,,NORMAL
1790734736.6317601,esp32-1,-61.0,75.169,156.3143,20.0,21.0,-1.0,,NORMAL
1790734744.423805,esp32-1,-58.0,24.43825,20.471,20.0,53.0,-1.0,,NORMAL
1790734747.6012208,esp32-1,-57.0,62.0258,59.99775,0.0,203.0,-1.0,,NORMAL
1790734747.804904,esp32-1,-58.0,24.43825,20.471,20.0,53.0,-1.0,,NORMAL
1790734751.4907675,esp32-1,-59.0,21.90425,18.08933,20.0,29.0,-1.0,,NORMAL
1790734756.4568894,esp32-1,-58.0,24.394,16.804,20.0,52.0,-1.0,,NORMAL
1790734761.6824658,esp32-1,-60.0,41.2812,7.765,0.0,54.0,-1.0,,NORMAL
1790734766.6196659,esp32-1,-59.0,75.771,159.349,20.0,18.0,-1.0,,NORMAL
1790734771.5623639,esp32-1,-58.0,24.15275,19.79667,20.0,53.0,-1.0,,NORMAL
1790734776.6818306,esp32-1,-58.0,77.6325,60.18066,20.0,4.0,-1.0,,NORMAL
1790734780.9828875,esp32-1,-59.0,68.3672,88.082,0.0,193.0,-1.0,,NORMAL
1790734787.5894415,esp32-1,-61.0,23.96425,19.683,20.0,54.0,-1.0,,NORMAL
1790734790.7756402,esp32-1,-61.0,40.981,6.21125,0.0,262.0,-1.0,,NORMAL
1790734796.5637808,esp32-1,-58.0,65.7034,27.969,0.0,829.0,-1.0,,NORMAL
1790734802.6309762,esp32-1,-58.0,23.82025,19.72833,20.0,55.0,-1.0,,NORMAL
1790734805.8094015,esp32-1,-58.0,40.7174,6.111001,0.0,214.0,-1.0,,NORMAL
1790734811.65576,esp32-1,-59.0,47.5474,5.82775,0.0,52.0,-1.0,,NORMAL
1790734816.518203,esp32-1,-58.0,21.8415,17.213,20.0,65.0,-1.0,,NORMAL
1790734820.561723,esp32-1,-61.0,40.3966,6.3475,0.0,53.0,-1.0,,NORMAL
1790734825.608306,esp32-1,-58.0,47.3396,6.452999,0.0,52.0,-1.0,,NORMAL
1790734832.5452123,esp32-1,-59.0,23.216,18.87467,20.0,53.0,-1.0,,NORMAL
1790734835.8082228,esp32-1,-56.0,40.187,6.085001,0.0,219.0,-1.0,,NORMAL
1790734840.8911688,esp32-1,-59.0,47.1716,6.31275,0.0,203.0,-1.0,,NORMAL
1790734847.496147,esp32-1,-59.0,22.901,18.606,20.0,59.0,-1.0,,NORMAL
1790734850.7617419,esp32-1,-60.0,84.3134,61.0065,0.0,39.0,-1.0,,NORMAL
1790734855.7967916,esp32-1,-59.0,47.13219,6.167751,0.0,257.0,-1.0,,NORMAL
1790734862.6231582,esp32-1,-60.0,22.89225,18.141,20.0,60.0,-1.0,,NORMAL
1790734866.2506385,esp32-1,-61.0,40.0166,6.1405,0.0,54.0,-1.0,,NORMAL
1790734871.6634216,esp32-1,-59.0,46.7544,5.752001,0.0,53.0,-1.0,,NORMAL
1790734877.5508738,esp32-1,-58.0,22.48175,15.41633,20.0,61.0,-1.0,,NORMAL
1790734880.7248447,esp32-1,-59.0,39.7496,6.73675,0.0,176.0,-1.0,,NORMAL
1790734885.8451412,esp32-1,-59.0,88.0802,82.41975,0.0,52.0,-1.0,,NORMAL
1790734891.5802813,esp32-1,-59.0,23.648,18.73466,20.0,48.0,-1.0,,NORMAL
1790734896.0356848,esp32-1,-58.0,39.7482,6.62875,0.0,53.0,-1.0,,NORMAL
1790734900.753831,esp32-1,-59.0,46.5294,6.079751,0.0,212.0,-1.0,,NORMAL
1790734906.4452639,esp32-1,-59.0,23.1555,17.91467,20.0,49.0,-1.0,,NORMAL
1790734910.6902204,esp32-1,-58.0,39.5442,6.548999,0.0,180.0,-1.0,,NORMAL
1790734916.7713418,esp32-1,-58.0,46.3906,5.855,0.0,53.0,-1.0,,NORMAL
1790734921.4918983,esp32-1,-58.0,23.01075,18.66666,20.0,47.0,-1.0,,NORMAL
1790734925.80882,esp32-1,-61.0,39.4054,6.7845,0.0,234.0,-1.0,,NORMAL
1790734930.5918376,esp32-1,-59.0,46.1884,5.823251,0.0,53.0,-1.0,,NORMAL
1790734937.5068161,esp32-1,-58.0,21.861,17.39667,20.0,66.0,-1.0,,NORMAL
1790734940.5603817,esp32-1,-60.0,39.1594,6.7755,0.0,52.0,-1.0,,NORMAL
1790734946.729526,esp32-1,-59.0,45.902,6.181749,0.0,53.0,-1.0,,NORMAL
1790734951.4911485,esp32-1,-60.0,25.00675,13.91767,20.0,38.0,-1.0,,NORMAL
1790734956.7308657,esp32-1,-58.0,39.0466,6.1525,0.0,53.0,-1.0,,NORMAL
1790734960.705209,esp32-1,-59.0,45.8748,6.282,0.0,52.0,-1.0,,NORMAL
1790734966.538917,esp32-1,-59.0,23.0165,16.789,20.0,45.0,-1.0,,NORMAL
1790734970.6956933,esp32-1,-60.0,38.7422,6.1845,0.0,191.0,-1.0,,NORMAL
1790734976.677557,esp32-1,-58.0,45.7462,5.143749,0.0,53.0,-1.0,,NORMAL
1790734981.491261,esp32-1,-60.0,22.42625,16.732,20.0,47.0,-1.0,,NORMAL
1790734986.7298462,esp32-1,-62.0,82.78125,71.951,20.0,4.0,-1.0,,NORMAL
1790734990.8382742,esp32-1,-60.0,45.4116,6.272001,0.0,229.0,-1.0,,NORMAL
1790734996.447552,esp32-1,-60.0,22.884,19.50467,20.0,45.0,-1.0,,NORMAL
1790735000.5536416,esp32-1,-59.0,38.1908,6.1195,0.0,52.0,-1.0,,NORMAL
1790735005.7615926,esp32-1,-60.0,45.0432,29.0025,0.0,179.0,-1.0,,NORMAL
1790735011.4953468,esp32-1,-59.0,22.9035,16.42067,20.0,47.0,-1.0,,NORMAL
1790735016.2180414,esp32-1,-59.0,38.0628,6.544999,0.0,53.0,-1.0,,NORMAL
1790735020.5822,esp32-1,-59.0,45.129,5.447999,0.0,52.0,-1.0,,NORMAL
1790735026.4545085,esp32-1,-61.0,23.00325,17.62167,20.0,43.0,-1.0,,NORMAL
1790735031.670153,esp32-1,-58.0,38.14,5.99075,0.0,53.0,-1.0,,NORMAL
1790735036.6866348,esp32-1,-60.0,44.8534,6.135,0.0,53.0,-1.0,,NORMAL
1790735041.5033076,esp32-1,-59.0,22.12675,17.428,20.0,56.0,-1.0,,NORMAL
1790735046.4267476,esp32-1,-59.0,201.2076,185.9365,0.0,58.0,-1.0,,NORMAL
1790735051.7645993,esp32-1,-59.0,44.9672,6.203501,0.0,53.0,-1.0,,NORMAL
1790735056.5521283,esp32-1,-60.0,22.207,18.20367,20.0,44.0,-1.0,,NORMAL
1790735060.7100253,esp32-1,-58.0,37.8282,8.969749,0.0,205.0,-1.0,,NORMAL
1790735065.9743185,esp32-1,-60.0,65.2836,82.20725,0.0,188.0,-1.0,,NORMAL
1790735071.4521432,esp32-1,-60.0,23.79025,18.298,20.0,37.0,-1.0,,NORMAL
1790735076.5235276,esp32-1,-57.0,28.2175,25.19967,20.0,53.0,-1.0,,NORMAL
1790735080.7825565,esp32-1,-61.0,44.3456,6.000251,0.0,242.0,-1.0,,NORMAL
1790735086.4416194,esp32-1,-59.0,23.29325,19.03767,20.0,37.0,-1.0,,NORMAL
1790735091.5783882,esp32-1,-60.0,27.676,24.77433,20.0,54.0,-1.0,,NORMAL
1790735095.7318695,esp32-1,-60.0,44.064,27.91725,0.0,194.0,-1.0,,NORMAL
1790735101.4499896,esp32-1,-58.0,21.52475,16.95267,20.0,44.0,-1.0,,NORMAL
1790735106.4945326,esp32-1,-61.0,28.38425,21.96867,20.0,52.0,-1.0,,NORMAL
1790735110.632656,esp32-1,-61.0,44.1082,5.8605,0.0,53.0,-1.0,,NORMAL
1790735116.438539,esp32-1,-60.0,22.6195,16.42533,20.0,38.0,-1.0,,NORMAL
1790735122.3806744,esp32-1,-59.0,22.469,16.1695,40.0,3.0,-1.0,,NORMAL
1790735125.8806956,esp32-1,-59.0,43.7218,8.391749,0.0,200.0,-1.0,,NORMAL
1790735131.4472854,esp32-1,-59.0,21.9435,17.894,20.0,40.0,-1.0,,NORMAL
1790735136.5746424,esp32-1,-61.0,54.702,57.78833,20.0,45.0,-1.0,,NORMAL
1790735140.7874143,esp32-1,-60.0,43.6256,5.957001,0.0,256.0,-1.0,,NORMAL
1790735146.44681,esp32-1,-60.0,22.148,16.58233,20.0,38.0,-1.0,,NORMAL
1790735151.5837166,esp32-1,-61.0,27.0495,23.228,20.0,53.0,-1.0,,NORMAL
1790735155.7435398,esp32-1,-60.0,43.2202,6.626001,0.0,204.0,-1.0,,NORMAL
1790735162.3863704,esp32-1,-60.0,20.99733,15.829,40.0,2.0,-1.0,,NORMAL
1790735166.432204,esp32-1,-60.0,26.649,23.711,20.0,3.0,-1.0,,NORMAL
1790735170.8383012,esp32-1,-60.0,84.2634,58.39675,0.0,53.0,-1.0,,NORMAL
1790735176.4867127,esp32-1,-61.0,24.644,17.27167,20.0,27.0,-1.0,,NORMAL
1790735181.588725,esp32-1,-57.0,26.56925,20.57267,20.0,53.0,-1.0,,NORMAL
1790735186.6573005,esp32-1,-59.0,43.0052,5.36675,0.0,53.0,-1.0,,NORMAL
1790735191.4499316,esp32-1,-58.0,21.54975,16.956,20.0,38.0,-1.0,,NORMAL
1790735196.5407016,esp32-1,-59.0,25.79125,21.83533,20.0,54.0,-1.0,,NORMAL
1790735200.5825183,esp32-1,-60.0,42.879,6.83575,0.0,53.0,-1.0,,NORMAL
1790735205.8691535,esp32-1,-59.0,49.503,10.72675,0.0,248.0,-1.0,,NORMAL
1790735211.4699183,esp32-1,-59.0,25.70325,17.50533,20.0,53.0,-1.0,,NORMAL
1790735215.8404987,esp32-1,-61.0,42.4134,6.130751,0.0,214.0,-1.0,,NORMAL
1790735221.5262916,esp32-1,-59.0,22.225,16.63967,20.0,32.0,-1.0,,NORMAL
1790735226.5446308,esp32-1,-62.0,25.45375,21.50533,20.0,4.0,-1.0,,NORMAL
1790735230.8020394,esp32-1,-60.0,42.3098,6.636499,0.0,269.0,-1.0,,NORMAL
1790735236.5798986,esp32-1,-60.0,22.863,17.99367,20.0,28.0,-1.0,,NORMAL
1790735241.4772322,esp32-1,-59.0,25.2565,21.83,20.0,54.0,-1.0,,NORMAL
1790735245.6967754,esp32-1,-60.0,41.9456,6.020251,0.0,53.0,-1.0,,NORMAL
1790735251.792143,esp32-1,-59.0,67.54675,137.236,20.0,203.0,-1.0,,NORMAL
1790735257.5322053,esp32-1,-60.0,24.93675,21.441,20.0,54.0,-1.0,,NORMAL
1790735261.4608653,esp32-1,-58.0,30.05275,4.587667,20.0,4.0,-1.0,,NORMAL
1790735267.5070052,esp32-1,-59.0,20.81967,27.133,40.0,5.0,-1.0,,NORMAL
1790735272.6509638,esp32-1,-60.0,24.893,21.163,20.0,55.0,-1.0,,NORMAL
1790735275.836593,esp32-1,-60.0,41.3808,6.115749,0.0,226.0,-1.0,,NORMAL
1790735282.455076,esp32-1,-58.0,20.32767,24.2035,40.0,4.0,-1.0,,NORMAL
1790735286.4845119,esp32-1,-60.0,22.95625,18.532,20.0,66.0,-1.0,,NORMAL
1790735290.750037,esp32-1,-61.0,41.3238,6.8125,0.0,178.0,-1.0,,NORMAL
1790735296.484168,esp32-1,-60.0,22.451,17.82433,20.0,28.0,-1.0,,NORMAL
1790735302.579574,esp32-1,-60.0,24.21775,19.497,20.0,59.0,-1.0,,NORMAL
1790735305.7014573,esp32-1,-60.0,41.006,6.5325,0.0,53.0,-1.0,,NORMAL
1790735310.718461,esp32-1,-61.0,48.0012,7.1485,0.0,53.0,-1.0,,NORMAL
1790735317.5799184,esp32-1,-59.0,23.9075,19.10967,20.0,53.0,-1.0,,NORMAL
1790735320.7173927,esp32-1,-60.0,40.744,6.35625,0.0,184.0,-1.0,,NORMAL
1790735325.6703672,esp32-1,-60.0,47.6792,5.842751,0.0,52.0,-1.0,,NORMAL
1790735332.585107,esp32-1,-60.0,23.573,15.405,20.0,53.0,-1.0,,NORMAL
1790735335.5813196,esp32-1,-60.0,40.7614,6.23875,0.0,53.0,-1.0,,NORMAL
1790735341.5799744,esp32-1,-61.0,62.3165,29.15933,20.0,4.0,-1.0,,NORMAL
1790735346.5607486,esp32-1,-59.0,24.173,20.40767,20.0,49.0,-1.0,,NORMAL
1790735350.7584748,esp32-1,-60.0,40.557,5.72525,0.0,188.0,-1.0,,NORMAL
1790735355.8796525,esp32-1,-59.0,47.156,6.42025,0.0,274.0,-1.0,,NORMAL
1790735361.6161942,esp32-1,-61.0,25.232,20.07667,20.0,56.0,-1.0,,NORMAL
1790735365.5752096,esp32-1,-59.0,40.1864,6.425499,0.0,52.0,-1.0,,NORMAL
1790735371.6937056,esp32-1,-61.0,47.052,6.360248,0.0,53.0,-1.0,,NORMAL
1790735377.5477045,esp32-1,-59.0,22.94575,18.50567,20.0,65.0,-1.0,,NORMAL
1790735381.454894,esp32-1,-60.0,31.7775,7.261,20.0,4.0,-1.0,,NORMAL
1790735386.463701,esp32-1,-73.0,33.1735,14.06633,20.0,4.0,-1.0,,NORMAL
1790735391.4673023,esp32-1,-57.0,23.87325,17.47033,20.0,50.0,-1.0,,NORMAL
1790735396.6923563,esp32-1,-63.0,39.7284,6.749001,0.0,53.0,-1.0,,NORMAL
1790735400.8091257,esp32-1,-59.0,46.5778,6.09125,0.0,239.0,-1.0,,NORMAL
1790735406.4854493,esp32-1,-60.0,21.79425,16.98467,20.0,70.0,-1.0,,NORMAL
1790735411.6897802,esp32-1,-59.0,39.7452,6.71325,0.0,54.0,-1.0,,NORMAL
1790735415.6843574,esp32-1,-58.0,46.4934,6.09675,0.0,52.0,-1.0,,NORMAL
1790735421.4687562,esp32-1,-59.0,23.667,17.933,20.0,47.0,-1.0,,NORMAL
1790735425.5799046,esp32-1,-59.0,39.438,6.45575,0.0,52.0,-1.0,,NORMAL
1790735430.7982373,esp32-1,-60.0,46.2378,6.2835,0.0,239.0,-1.0,,NORMAL
1790735436.5750551,esp32-1,-59.0,24.969,17.56133,20.0,40.0,-1.0,,NORMAL
1790735440.668991,esp32-1,-60.0,39.2872,5.951749,0.0,52.0,-1.0,,NORMAL
1790735445.7478995,esp32-1,-61.0,46.0246,6.236251,0.0,188.0,-1.0,,NORMAL
1790735451.472533,esp32-1,-58.0,22.39175,16.35367,20.0,50.0,-1.0,,NORMAL
1790735455.7874684,esp32-1,-61.0,39.131,6.597751,0.0,257.0,-1.0,,NORMAL
1790735460.8620436,esp32-1,-59.0,45.998,5.007,0.0,241.0,-1.0,,NORMAL
1790735466.4726613,esp32-1,-60.0,22.259,17.68067,20.0,50.0,-1.0,,NORMAL
1790735471.6467938,esp32-1,-60.0,38.6096,7.0615,0.0,54.0,-1.0,,NORMAL
1790735476.6654458,esp32-1,-61.0,45.8634,5.1,0.0,53.0,-1.0,,NORMAL
1790735481.528082,esp32-1,-60.0,22.116,17.41467,20.0,49.0,-1.0,,NORMAL
1790735486.697938,esp32-1,-59.0,39.3798,7.809,0.0,53.0,-1.0,,NORMAL
1790735490.7980912,esp32-1,-60.0,45.466,6.315001,0.0,246.0,-1.0,,NORMAL
1790735496.5823884,esp32-1,-59.0,22.52125,16.65133,20.0,44.0,-1.0,,NORMAL
1790735501.7510028,esp32-1,-61.0,38.6484,7.8465,0.0,52.0,-1.0,,NORMAL
1790735506.4833517,esp32-1,-60.0,37.798,15.83567,20.0,5.0,-1.0,,NORMAL
1790735511.4640892,esp32-1,-59.0,21.98475,17.99167,20.0,47.0,-1.0,,NORMAL
1790735515.6309268,esp32-1,-60.0,38.4898,7.04575,0.0,53.0,-1.0,,NORMAL
1790735520.6053941,esp32-1,-61.0,45.2838,7.0625,0.0,52.0,-1.0,,NORMAL
1790735526.466278,esp32-1,-61.0,23.9035,17.527,20.0,40.0,-1.0,,NORMAL
1790735530.7348468,esp32-1,-61.0,38.0312,7.716749,0.0,219.0,-1.0,,NORMAL
1790735535.907248,esp32-1,-60.0,44.9066,5.861,0.0,203.0,-1.0,,NORMAL
1790735541.465832,esp32-1,-60.0,24.008,19.23933,20.0,38.0,-1.0,,NORMAL
1790735546.4641502,esp32-1,-61.0,28.80575,2.116999,20.0,4.0,-1.0,,NORMAL
1790735550.8579574,esp32-1,-58.0,44.4586,5.744001,0.0,257.0,-1.0,,NORMAL
1790735556.5903776,esp32-1,-59.0,22.063,17.50367,20.0,44.0,-1.0,,NORMAL
1790735561.6095116,esp32-1,-59.0,28.5105,24.90567,20.0,54.0,-1.0,,NORMAL
1790735566.0136116,esp32-1,-60.0,44.3364,6.104751,0.0,209.0,-1.0,,NORMAL
1790735571.5422554,esp32-1,-58.0,22.27475,17.708,20.0,42.0,-1.0,,NORMAL
1790735576.497787,esp32-1,-60.0,27.95625,25.04667,20.0,54.0,-1.0,,NORMAL
1790735580.8146205,esp32-1,-61.0,44.4488,5.859501,0.0,262.0,-1.0,,NORMAL
1790735586.4642801,esp32-1,-61.0,22.3045,17.56933,20.0,41.0,-1.0,,NORMAL
1790735591.61217,esp32-1,-60.0,27.7645,24.775,20.0,54.0,-1.0,,NORMAL
1790735595.861612,esp32-1,-60.0,43.9612,6.4275,0.0,214.0,-1.0,,NORMAL
1790735601.5508008,esp32-1,-61.0,22.4095,16.57533,20.0,39.0,-1.0,,NORMAL
1790735606.5655541,esp32-1,-60.0,27.667,24.78433,20.0,53.0,-1.0,,NORMAL
1790735610.6066928,esp32-1,-61.0,43.927,6.203,0.0,53.0,-1.0,,NORMAL
1790735616.4658706,esp32-1,-62.0,22.40925,16.26167,20.0,38.0,-1.0,,NORMAL
1790735621.6190648,esp32-1,-61.0,27.084,22.09133,20.0,54.0,-1.0,,NORMAL
1790735626.7867894,esp32-1,-60.0,43.5582,5.68625,0.0,53.0,-1.0,,NORMAL
1790735631.4534154,esp32-1,-60.0,21.67125,16.90633,20.0,40.0,-1.0,,NORMAL
1790735636.5696783,esp32-1,-62.0,27.11275,18.97367,20.0,53.0,-1.0,,NORMAL
1790735640.868724,esp32-1,-62.0,43.301,6.01775,0.0,274.0,-1.0,,NORMAL
1790735646.5060396,esp32-1,-61.0,21.76825,17.26267,20.0,39.0,-1.0,,NORMAL
1790735651.621378,esp32-1,-60.0,26.9295,19.96467,20.0,53.0,-1.0,,NORMAL
1790735655.6155746,esp32-1,-60.0,43.2474,6.27025,0.0,52.0,-1.0,,NORMAL
1790735661.462073,esp32-1,-59.0,22.50225,16.49267,20.0,35.0,-1.0,,NORMAL
1790735666.5023136,esp32-1,-60.0,22.36975,19.29967,20.0,70.0,-1.0,,NORMAL
1790735671.6925204,esp32-1,-58.0,42.8802,6.1675,0.0,53.0,-1.0,,NORMAL
1790735677.3941088,esp32-1,-60.0,19.71933,12.9265,40.0,3.0,-1.0,,NORMAL
1790735681.4959266,esp32-1,-60.0,27.753,15.15867,20.0,49.0,-1.0,,NORMAL
1790735685.7824605,esp32-1,-61.0,42.7956,7.351001,0.0,230.0,-1.0,,NORMAL
1790735692.4145603,esp32-1,-61.0,23.712,27.2745,40.0,4.0,-1.0,,NORMAL
1790735697.6082263,esp32-1,-59.0,25.87525,20.34167,20.0,52.0,-1.0,,NORMAL
1790735701.4743612,esp32-1,-59.0,33.94475,10.98,20.0,4.0,-1.0,,NORMAL
1790735706.4658864,esp32-1,-59.0,21.99575,18.374,20.0,33.0,-1.0,,NORMAL
1790735712.6159801,esp32-1,-60.0,25.46875,19.69667,20.0,56.0,-1.0,,NORMAL
1790735716.7787051,esp32-1,-60.0,42.1432,6.008751,0.0,54.0,-1.0,,NORMAL
1790735722.4082396,esp32-1,-58.0,20.89767,11.4205,40.0,3.0,-1.0,,NORMAL
1790735727.7085319,esp32-1,-59.0,25.289,21.68867,20.0,58.0,-1.0,,NORMAL
1790735730.6869981,esp32-1,-59.0,42.042,6.15275,0.0,7.0,-1.0,,NORMAL
1790735736.4601398,esp32-1,-60.0,22.03475,17.45767,20.0,32.0,-1.0,,NORMAL
1790735741.490463,esp32-1,-60.0,24.96925,21.237,20.0,52.0,-1.0,,NORMAL
1790735745.6049342,esp32-1,-59.0,41.832,6.53425,0.0,53.0,-1.0,,NORMAL
1790735750.885127,esp32-1,-59.0,48.6142,7.990501,0.0,225.0,-1.0,,NORMAL
1790735757.5650933,esp32-1,-59.0,24.43125,18.45333,20.0,61.0,-1.0,,NORMAL
1790735761.5086052,esp32-1,-59.0,21.8915,8.479334,20.0,3.0,-1.0,,NORMAL
1790735766.4714022,esp32-1,-60.0,22.80375,18.02767,20.0,25.0,-1.0,,NORMAL
1790735772.6137087,esp32-1,-59.0,24.5485,20.82067,20.0,62.0,-1.0,,NORMAL
1790735776.775787,esp32-1,-59.0,41.156,6.25775,0.0,53.0,-1.0,,NORMAL
1790735781.574973,esp32-1,-61.0,22.9,14.82567,20.0,24.0,-1.0,,NORMAL
1790735786.5855231,esp32-1,-63.0,24.31075,20.41533,20.0,54.0,-1.0,,NORMAL
1790735790.748525,esp32-1,-58.0,40.8272,6.565749,0.0,199.0,-1.0,,NORMAL
1790735795.7598095,esp32-1,-61.0,47.6944,5.8105,0.0,183.0,-1.0,,NORMAL
1790735802.6173906,esp32-1,-62.0,23.86125,19.72467,20.0,65.0,-1.0,,NORMAL
1790735805.8009663,esp32-1,-59.0,40.8128,6.665,0.0,253.0,-1.0,,NORMAL
1790735811.7362974,esp32-1,-61.0,47.8536,5.841751,0.0,53.0,-1.0,,NORMAL
1790735817.5630646,esp32-1,-61.0,23.42625,17.387,20.0,54.0,-1.0,,NORMAL
1790735821.611534,esp32-1,-60.0,31.46,8.353332,20.0,5.0,-1.0,,NORMAL
1790735826.3643196,esp32-1,-61.0,201.0712,215.1918,0.0,9.0,-1.0,,NORMAL
1790735832.4672987,esp32-1,-59.0,20.418,13.5635,40.0,3.0,-1.0,,NORMAL
1790735835.808267,esp32-1,-61.0,40.1698,6.739001,0.0,258.0,-1.0,,NORMAL
1790735840.8228533,esp32-1,-60.0,47.1144,6.132249,0.0,242.0,-1.0,,NORMAL
1790735847.5825617,esp32-1,-61.0,23.02675,18.52867,20.0,68.0,-1.0,,NORMAL
1790735851.0056863,esp32-1,-60.0,40.2916,6.846499,0.0,209.0,-1.0,,NORMAL
1790735856.6926847,esp32-1,-60.0,47.0058,6.941751,0.0,53.0,-1.0,,NORMAL
1790735861.5530694,esp32-1,-60.0,23.31475,18.31233,20.0,50.0,-1.0,,NORMAL
1790735866.475094,esp32-1,-62.0,31.81675,5.017334,20.0,4.0,-1.0,,NORMAL
1790735870.8327017,esp32-1,-58.0,46.8214,5.563749,0.0,248.0,-1.0,,NORMAL
1790735877.57381,esp32-1,-59.0,22.826,18.024,20.0,52.0,-1.0,,NORMAL
1790735880.699755,esp32-1,-59.0,39.7786,6.46975,0.0,52.0,-1.0,,NORMAL
1790735887.4622366,esp32-1,-60.0,264.0385,320.2426,20.0,4.0,-1.0,,NORMAL
1790735892.6830282,esp32-1,-60.0,22.439,17.598,20.0,70.0,-1.0,,NORMAL
1790735895.652526,esp32-1,-59.0,39.5566,5.773499,0.0,53.0,-1.0,,NORMAL
1790735901.7389503,esp32-1,-59.0,46.2852,5.73725,0.0,53.0,-1.0,,NORMAL
1790735906.592292,esp32-1,-58.0,22.128,17.50633,20.0,157.0,-1.0,,NORMAL
1790735910.5996974,esp32-1,-60.0,39.384,6.028251,0.0,51.0,-1.0,,NORMAL
1790735915.779803,esp32-1,-60.0,46.1122,5.7485,0.0,203.0,-1.0,,NORMAL
1790735921.4917781,esp32-1,-59.0,22.904,18.65133,20.0,48.0,-1.0,,NORMAL
1790735925.8612807,esp32-1,-59.0,39.0042,6.1205,0.0,274.0,-1.0,,NORMAL
1790735931.805823,esp32-1,-58.0,45.895,6.12575,0.0,54.0,-1.0,,NORMAL
1790735936.4880135,esp32-1,-59.0,23.028,18.171,20.0,47.0,-1.0,,NORMAL
1790735941.6840918,esp32-1,-58.0,38.8716,6.137001,0.0,53.0,-1.0,,NORMAL
1790735945.786833,esp32-1,-58.0,45.8362,5.998001,0.0,208.0,-1.0,,NORMAL
1790735951.4853475,esp32-1,-59.0,23.38975,20.645,20.0,44.0,-1.0,,NORMAL
1790735955.6170645,esp32-1,-57.0,38.8914,6.22525,0.0,51.0,-1.0,,NORMAL
1790735960.8837245,esp32-1,-59.0,45.9792,5.526999,0.0,259.0,-1.0,,NORMAL
1790735966.47926,esp32-1,-59.0,22.01375,16.38933,20.0,49.0,-1.0,,NORMAL
1790735970.7785542,esp32-1,-59.0,38.6696,6.388249,0.0,233.0,-1.0,,NORMAL
1790735976.7079308,esp32-1,-59.0,45.3638,6.136251,0.0,57.0,-1.0,,NORMAL
1790735981.5698707,esp32-1,-59.0,22.33825,17.87533,20.0,47.0,-1.0,,NORMAL
1790735986.4649994,esp32-1,-61.0,29.2255,1.360667,20.0,4.0,-1.0,,NORMAL
1790735990.88998,esp32-1,-60.0,45.2332,6.217249,0.0,267.0,-1.0,,NORMAL
1790735996.4800277,esp32-1,-60.0,22.66125,17.82867,20.0,45.0,-1.0,,NORMAL
1790736001.8516629,esp32-1,-61.0,81.6785,60.61567,20.0,50.0,-1.0,,NORMAL
1790736005.882317,esp32-1,-61.0,45.6476,6.239249,0.0,216.0,-1.0,,NORMAL
1790736011.4889143,esp32-1,-58.0,24.71675,18.84267,20.0,38.0,-1.0,,NORMAL
1790736016.692067,esp32-1,-59.0,38.4686,8.280751,0.0,53.0,-1.0,,NORMAL
1790736020.639032,esp32-1,-60.0,45.4666,6.139001,0.0,53.0,-1.0,,NORMAL
1790736026.488815,esp32-1,-59.0,22.24925,18.35233,20.0,47.0,-1.0,,NORMAL
1790736031.774338,esp32-1,-58.0,38.305,6.4425,0.0,53.0,-1.0,,NORMAL
1790736035.7449007,esp32-1,-59.0,45.213,6.304,0.0,53.0,-1.0,,NORMAL
1790736041.4845364,esp32-1,-59.0,23.85675,19.68767,20.0,40.0,-1.0,,NORMAL
1790736045.7740655,esp32-1,-58.0,38.3432,6.5715,0.0,188.0,-1.0,,NORMAL
1790736051.1011486,esp32-1,-60.0,86.1692,120.5597,0.0,274.0,-1.0,,NORMAL
1790736056.488166,esp32-1,-61.0,22.87375,19.85267,20.0,43.0,-1.0,,NORMAL
1790736060.937367,esp32-1,-61.0,38.3184,6.501001,0.0,243.0,-1.0,,NORMAL
1790736065.8801746,esp32-1,-60.0,45.153,6.297,0.0,226.0,-1.0,,NORMAL
1790736071.487264,esp32-1,-58.0,23.63375,14.96233,20.0,39.0,-1.0,,NORMAL
1790736075.740992,esp32-1,-60.0,37.8448,6.5925,0.0,193.0,-1.0,,NORMAL
1790736080.863766,esp32-1,-60.0,65.3488,67.00401,0.0,176.0,-1.0,,NORMAL
1790736086.5308359,esp32-1,-60.0,22.403,16.982,20.0,45.0,-1.0,,NORMAL
1790736091.5641594,esp32-1,-60.0,28.16975,24.347,20.0,53.0,-1.0,,NORMAL
1790736095.811073,esp32-1,-59.0,44.577,6.2535,0.0,231.0,-1.0,,NORMAL
1790736101.5924654,esp32-1,-60.0,24.24175,14.59433,20.0,35.0,-1.0,,NORMAL
1790736105.594678,esp32-1,-58.0,37.6544,6.14275,0.0,52.0,-1.0,,NORMAL
1790736111.723021,esp32-1,-60.0,44.512,6.197,0.0,53.0,-1.0,,NORMAL
1790736116.536994,esp32-1,-59.0,22.65475,18.074,20.0,40.0,-1.0,,NORMAL
1790736121.5615058,esp32-1,-60.0,28.11425,25.39733,20.0,54.0,-1.0,,NORMAL
1790736126.4015207,esp32-1,-60.0,44.5176,5.853001,0.0,53.0,-1.0,,NORMAL
1790736131.595746,esp32-1,-61.0,22.41175,15.88766,20.0,40.0,-1.0,,NORMAL
1790736136.6074133,esp32-1,-58.0,27.91825,23.54533,20.0,52.0,-1.0,,NORMAL
1790736140.8078535,esp32-1,-61.0,44.2032,6.731248,0.0,186.0,-1.0,,NORMAL
1790736147.447039,esp32-1,-61.0,29.073,2.017499,40.0,4.0,-1.0,,NORMAL
1790736152.6951635,esp32-1,-60.0,27.557,24.83067,20.0,54.0,-1.0,,NORMAL
1790736155.8176382,esp32-1,-60.0,43.7362,6.350501,0.0,241.0,-1.0,,NORMAL
1790736161.594578,esp32-1,-63.0,23.06875,19.10267,20.0,36.0,-1.0,,NORMAL
1790736167.739829,esp32-1,-62.0,27.24075,24.11167,20.0,55.0,-1.0,,NORMAL
1790736170.7655745,esp32-1,-61.0,43.5512,6.252749,0.0,193.0,-1.0,,NORMAL
1790736176.5829377,esp32-1,-62.0,48.43825,52.44633,20.0,36.0,-1.0,,NORMAL
1790736182.6939561,esp32-1,-60.0,26.9625,21.09833,20.0,58.0,-1.0,,NORMAL
1790736185.8228734,esp32-1,-60.0,43.1728,7.07925,0.0,246.0,-1.0,,NORMAL
1790736191.5980961,esp32-1,-59.0,21.8725,17.34167,20.0,38.0,-1.0,,NORMAL
1790736197.7434776,esp32-1,-57.0,26.4825,22.019,20.0,55.0,-1.0,,NORMAL
1790736200.7732985,esp32-1,-60.0,43.27,6.420501,0.0,198.0,-1.0,,NORMAL
1790736206.4807131,esp32-1,-58.0,21.56975,16.42067,20.0,38.0,-1.0,,NORMAL
1790736211.5176377,esp32-1,-60.0,26.455,21.09667,20.0,52.0,-1.0,,NORMAL
1790736215.63307,esp32-1,-58.0,43.0922,6.02025,0.0,53.0,-1.0,,NORMAL
1790736221.4830303,esp32-1,-58.0,23.17575,16.805,20.0,31.0,-1.0,,NORMAL
1790736226.5166,esp32-1,-59.0,26.13525,22.659,20.0,52.0,-1.0,,NORMAL
1790736230.718979,esp32-1,-58.0,42.7264,6.0565,0.0,53.0,-1.0,,NORMAL
1790736236.4848907,esp32-1,-59.0,22.08525,17.85333,20.0,34.0,-1.0,,NORMAL
1790736241.5750341,esp32-1,-59.0,25.7595,19.602,20.0,54.0,-1.0,,NORMAL
1790736245.8778906,esp32-1,-61.0,42.7166,5.907249,0.0,257.0,-1.0,,NORMAL
1790736251.6128426,esp32-1,-60.0,23.6235,16.18433,20.0,27.0,-1.0,,NORMAL
1790736257.7527971,esp32-1,-59.0,25.39075,19.13333,20.0,66.0,-1.0,,NORMAL
1790736260.777853,esp32-1,-59.0,42.422,6.232501,0.0,209.0,-1.0,,NORMAL
1790736266.5603373,esp32-1,-59.0,22.155,15.489,20.0,30.0,-1.0,,NORMAL
1790736272.6580086,esp32-1,-59.0,25.218,20.75367,20.0,64.0,-1.0,,NORMAL
1790736275.834829,esp32-1,-75.0,86.1606,60.04325,0.0,45.0,-1.0,,NORMAL
1790736280.859349,esp32-1,-58.0,48.9336,4.419,0.0,246.0,-1.0,,NORMAL
1790736287.6876705,esp32-1,-58.0,25.07125,15.79567,20.0,68.0,-1.0,,NORMAL
1790736290.6301758,esp32-1,-61.0,42.175,6.7825,0.0,53.0,-1.0,,NORMAL
1790736295.6730661,esp32-1,-59.0,48.8552,8.19425,0.0,53.0,-1.0,,NORMAL
1790736301.5922678,esp32-1,-62.0,26.1955,12.62333,20.0,49.0,-1.0,,NORMAL
1790736305.6881588,esp32-1,-61.0,41.7084,6.1775,0.0,54.0,-1.0,,NORMAL
1790736311.6264632,esp32-1,-61.0,88.21281,58.29475,0.0,728.0,-1.0,,NORMAL
1790736317.6958442,esp32-1,-61.0,24.607,20.653,20.0,68.0,-1.0,,NORMAL
1790736321.9022067,esp32-1,-61.0,42.6145,59.92466,20.0,280.0,-1.0,,NORMAL
1790736325.658659,esp32-1,-60.0,48.5322,8.490499,0.0,53.0,-1.0,,NORMAL
1790736332.669462,esp32-1,-59.0,24.4435,20.58533,20.0,71.0,-1.0,,NORMAL
1790736335.646544,esp32-1,-61.0,41.5176,6.066249,0.0,53.0,-1.0,,NORMAL
1790736340.6542878,esp32-1,-60.0,48.2678,6.312749,0.0,53.0,-1.0,,NORMAL
1790736347.622405,esp32-1,-59.0,24.1485,17.88633,20.0,53.0,-1.0,,NORMAL
1790736351.7147508,esp32-1,-60.0,41.08,6.381749,0.0,53.0,-1.0,,NORMAL
1790736355.810165,esp32-1,-61.0,47.9392,7.336002,0.0,207.0,-1.0,,NORMAL
1790736362.442,esp32-1,-57.0,26.723,15.0645,40.0,3.0,-1.0,,NORMAL
1790736365.6324282,esp32-1,-60.0,41.0598,6.169001,0.0,53.0,-1.0,,NORMAL
1790736370.9156065,esp32-1,-59.0,48.0184,7.24225,0.0,259.0,-1.0,,NORMAL
1790736376.5103629,esp32-1,-59.0,24.044,19.23933,20.0,51.0,-1.0,,NORMAL
1790736380.8755877,esp32-1,-58.0,40.836,8.11525,0.0,229.0,-1.0,,NORMAL
1790736386.7816215,esp32-1,-60.0,68.91275,139.961,20.0,42.0,-1.0,,NORMAL
1790736392.619013,esp32-1,-59.0,23.51075,19.299,20.0,78.0,-1.0,,NORMAL
1790736395.7925098,esp32-1,-60.0,40.4904,6.839749,0.0,180.0,-1.0,,NORMAL
1790736400.6558976,esp32-1,-60.0,48.8334,7.5765,0.0,45.0,-1.0,,NORMAL
1790736407.625723,esp32-1,-59.0,23.388,18.551,20.0,83.0,-1.0,,NORMAL
1790736410.6205962,esp32-1,-62.0,40.4606,6.14875,0.0,51.0,-1.0,,NORMAL
1790736415.8244812,esp32-1,-61.0,47.1442,4.566001,0.0,220.0,-1.0,,NORMAL
1790736422.7237568,esp32-1,-59.0,23.137,18.33267,20.0,85.0,-1.0,,NORMAL
1790736425.7600589,esp32-1,-62.0,40.2382,6.85325,0.0,185.0,-1.0,,NORMAL
1790736430.8795328,esp32-1,-58.0,47.0516,6.258749,0.0,273.0,-1.0,,NORMAL
1790736436.509626,esp32-1,-59.0,22.877,15.76933,20.0,53.0,-1.0,,NORMAL
1790736440.8693986,esp32-1,-60.0,40.0772,6.665751,0.0,238.0,-1.0,,NORMAL
1790736445.969367,esp32-1,-59.0,46.9394,9.8615,0.0,222.0,-1.0,,NORMAL
1790736452.5815945,esp32-1,-60.0,22.73525,18.49267,20.0,84.0,-1.0,,NORMAL
1790736455.8003988,esp32-1,-59.0,39.9246,6.3285,0.0,190.0,-1.0,,NORMAL
1790736460.923981,esp32-1,-60.0,46.7018,6.241749,0.0,276.0,-1.0,,NORMAL
1790736466.508821,esp32-1,-59.0,22.83175,18.13967,20.0,51.0,-1.0,,NORMAL
1790736471.721945,esp32-1,-61.0,39.7902,6.86325,0.0,53.0,-1.0,,NORMAL
1790736475.8357322,esp32-1,-62.0,46.4026,5.501,0.0,228.0,-1.0,,NORMAL
1790736482.7378368,esp32-1,-58.0,22.39775,18.91633,20.0,88.0,-1.0,,NORMAL
1790736485.8078353,esp32-1,-62.0,63.3424,84.7095,0.0,38.0,-1.0,,NORMAL
1790736490.8234746,esp32-1,-64.0,46.1374,5.585,0.0,178.0,-1.0,,NORMAL
1790736496.5562851,esp32-1,-59.0,24.15775,15.61967,20.0,47.0,-1.0,,NORMAL
1790736501.736615,esp32-1,-60.0,39.4312,6.01,0.0,53.0,-1.0,,NORMAL
1790736506.828714,esp32-1,-60.0,89.55825,66.73833,20.0,5.0,-1.0,,NORMAL
1790736511.7658384,esp32-1,-60.0,53.127,21.0585,0.0,54.0,-1.0,,NORMAL
1790736515.9138112,esp32-1,-58.0,39.2462,6.967499,0.0,200.0,-1.0,,NORMAL
1790736520.6533308,esp32-1,-58.0,46.2012,6.20975,0.0,52.0,-1.0,,NORMAL
1790736526.5614781,esp32-1,-60.0,24.55575,15.55167,20.0,40.0,-1.0,,NORMAL
1790736531.7953,esp32-1,-58.0,38.9482,6.542249,0.0,54.0,-1.0,,NORMAL
1790736536.698184,esp32-1,-60.0,78.965,147.8033,20.0,4.0,-1.0,,NORMAL
1790736541.65734,esp32-1,-59.0,21.97025,17.511,20.0,72.0,-1.0,,NORMAL
1790736546.6355042,esp32-1,-59.0,201.9446,217.1693,0.0,175.0,-1.0,,NORMAL
1790736552.474894,esp32-1,-60.0,28.519,0.739499,40.0,4.0,-1.0,,NORMAL
1790736557.6454325,esp32-1,-59.0,21.8515,17.42267,20.0,96.0,-1.0,,NORMAL
1790736561.5590475,esp32-1,-59.0,79.8526,57.3555,0.0,786.0,-1.0,,NORMAL
1790736565.845143,esp32-1,-60.0,46.012,6.07375,0.0,240.0,-1.0,,NORMAL
1790736571.6207669,esp32-1,-61.0,22.18725,17.608,20.0,51.0,-1.0,,NORMAL
1790736576.6933796,esp32-1,-59.0,38.9094,6.47975,0.0,53.0,-1.0,,NORMAL
1790736581.7589166,esp32-1,-60.0,45.819,6.272251,0.0,53.0,-1.0,,NORMAL
1790736586.5694108,esp32-1,-59.0,21.9185,15.41633,20.0,50.0,-1.0,,NORMAL
1790736591.0780902,esp32-1,-60.0,80.3682,111.1625,0.0,259.0,-1.0,,NORMAL
1790736596.8275602,esp32-1,-60.0,45.8614,6.305,0.0,53.0,-1.0,,NORMAL
1790736601.5044928,esp32-1,-62.0,22.465,18.08566,20.0,46.0,-1.0,,NORMAL
1790736606.4380789,esp32-1,-60.0,38.711,8.70375,0.0,54.0,-1.0,,NORMAL
1790736610.7990031,esp32-1,-60.0,45.3572,6.265751,0.0,195.0,-1.0,,NORMAL
1790736616.5088866,esp32-1,-60.0,21.80075,17.795,20.0,49.0,-1.0,,NORMAL
1790736621.6555452,esp32-1,-61.0,38.4888,6.5535,0.0,53.0,-1.0,,NORMAL
1790736626.7654815,esp32-1,-59.0,45.3028,6.625,0.0,53.0,-1.0,,NORMAL
1790736632.4438202,esp32-1,-61.0,20.49033,13.1995,40.0,3.0,-1.0,,NORMAL
1790736635.784435,esp32-1,-60.0,38.144,6.58775,0.0,218.0,-1.0,,NORMAL
1790736640.796677,esp32-1,-58.0,45.0198,6.137749,0.0,201.0,-1.0,,NORMAL
1790736646.5111678,esp32-1,-58.0,21.8625,17.376,20.0,47.0,-1.0,,NORMAL
1790736650.6755195,esp32-1,-60.0,37.92,6.43875,0.0,54.0,-1.0,,NORMAL
1790736656.7745612,esp32-1,-62.0,44.8794,6.16075,0.0,54.0,-1.0,,NORMAL
1790736661.5057778,esp32-1,-60.0,21.81375,17.78733,20.0,45.0,-1.0,,NORMAL
1790736666.4452987,esp32-1,-59.0,37.8996,6.960248,0.0,53.0,-1.0,,NORMAL
1790736671.7237718,esp32-1,-60.0,44.574,5.987999,0.0,53.0,-1.0,,NORMAL
1790736676.586493,esp32-1,-61.0,21.509,16.98233,20.0,46.0,-1.0,,NORMAL
1790736680.8415456,esp32-1,-61.0,37.5904,6.483751,0.0,276.0,-1.0,,NORMAL
1790736685.9034004,esp32-1,-59.0,44.3364,8.564499,0.0,260.0,-1.0,,NORMAL
1790736691.5021665,esp32-1,-57.0,21.82025,17.145,20.0,43.0,-1.0,,NORMAL
1790736697.7163656,esp32-1,-58.0,28.01625,23.77733,20.0,80.0,-1.0,,NORMAL
1790736700.8086321,esp32-1,-59.0,44.1362,6.27475,0.0,212.0,-1.0,,NORMAL
1790736706.5111988,esp32-1,-58.0,22.058,17.961,20.0,42.0,-1.0,,NORMAL
1790736712.7320507,esp32-1,-59.0,27.95825,25.35833,20.0,82.0,-1.0,,NORMAL
1790736715.6528082,esp32-1,-59.0,43.847,13.78675,0.0,52.0,-1.0,,NORMAL
1790736721.5046124,esp32-1,-58.0,22.4935,17.35733,20.0,39.0,-1.0,,NORMAL
1790736727.6371906,esp32-1,-61.0,27.371,23.835,20.0,84.0,-1.0,,NORMAL
1790736730.813234,esp32-1,-59.0,43.8698,6.06075,0.0,216.0,-1.0,,NORMAL
1790736736.5914414,esp32-1,-59.0,22.59125,18.184,20.0,37.0,-1.0,,NORMAL
1790736741.6101155,esp32-1,-59.0,27.30925,24.50167,20.0,52.0,-1.0,,NORMAL
1790736746.5393145,esp32-1,-57.0,35.4865,15.18433,20.0,8.0,-1.0,,NORMAL
1790736751.644782,esp32-1,-59.0,23.79725,19.71467,20.0,30.0,-1.0,,NORMAL
1790736756.6687343,esp32-1,-60.0,26.80375,23.47767,20.0,53.0,-1.0,,NORMAL
1790736760.65594,esp32-1,-61.0,43.5064,6.0875,0.0,52.0,-1.0,,NORMAL
1790736766.5996523,esp32-1,-59.0,22.082,16.584,20.0,35.0,-1.0,,NORMAL
1790736772.694841,esp32-1,-58.0,26.3705,23.66333,20.0,87.0,-1.0,,NORMAL
1790736775.6122675,esp32-1,-60.0,38.5066,11.9885,0.0,3.0,-1.0,,NORMAL
1790736782.4322321,esp32-1,-57.0,19.787,13.0635,40.0,3.0,-1.0,,NORMAL
1790736787.7103267,esp32-1,-60.0,26.1115,22.73867,20.0,53.0,-1.0,,NORMAL
1790736790.8967638,esp32-1,-58.0,42.6144,6.407001,0.0,229.0,-1.0,,NORMAL
1790736797.4395103,esp32-1,-59.0,19.579,25.554,40.0,4.0,-1.0,,NORMAL
1790736802.745764,esp32-1,-61.0,25.69875,22.00333,20.0,90.0,-1.0,,NORMAL
1790736805.6440554,esp32-1,-60.0,42.5888,6.533252,0.0,52.0,-1.0,,NORMAL
1790736811.55104,esp32-1,-58.0,23.65975,18.01567,20.0,27.0,-1.0,,NORMAL
1790736817.710762,esp32-1,-59.0,25.6645,21.521,20.0,92.0,-1.0,,NORMAL
1790736821.8208294,esp32-1,-59.0,42.425,6.107,0.0,53.0,-1.0,,NORMAL
1790736826.501215,esp32-1,-59.0,22.54,17.853,20.0,30.0,-1.0,,NORMAL
1790736832.7532065,esp32-1,-59.0,25.486,21.66167,20.0,95.0,-1.0,,NORMAL
1790736835.8241687,esp32-1,-58.0,42.2212,7.048,0.0,185.0,-1.0,,NORMAL
1790736841.5564864,esp32-1,-59.0,21.6125,17.02467,20.0,33.0,-1.0,,NORMAL
1790736847.7115004,esp32-1,-60.0,25.07525,16.531,20.0,95.0,-1.0,,NORMAL
1790736851.744495,esp32-1,-60.0,41.9274,5.873001,0.0,53.0,-1.0,,NORMAL
1790736856.7111835,esp32-1,-59.0,32.498,29.69733,20.0,92.0,-1.0,,NORMAL
1790736862.6560192,esp32-1,-59.0,25.04025,21.50567,20.0,52.0,-1.0,,NORMAL
1790736865.8289099,esp32-1,-59.0,41.8222,22.1715,0.0,191.0,-1.0,,NORMAL
1790736871.498484,esp32-1,-58.0,22.635,17.53267,20.0,27.0,-1.0,,NORMAL
1790736876.5344934,esp32-1,-60.0,27.1745,24.40467,20.0,48.0,-1.0,,NORMAL
1790736881.6994078,esp32-1,-61.0,79.8964,54.1555,0.0,798.0,-1.0,,NORMAL
1790736885.6912253,esp32-1,-60.0,48.6528,6.805503,0.0,53.0,-1.0,,NORMAL
1790736892.762634,esp32-1,-59.0,24.533,19.127,20.0,53.0,-1.0,,NORMAL
1790736895.7852879,esp32-1,-59.0,41.6096,6.30725,0.0,195.0,-1.0,,NORMAL
1790736902.4872174,esp32-1,-59.0,19.789,12.59,40.0,3.0,-1.0,,NORMAL
1790736906.4859302,esp32-1,-59.0,24.19,19.82833,20.0,9.0,-1.0,,NORMAL
1790736910.8341553,esp32-1,-58.0,41.2754,7.309249,0.0,249.0,-1.0,,NORMAL
1790736917.5423386,esp32-1,-58.0,20.85033,22.316,40.0,4.0,-1.0,,NORMAL
1790736921.6344721,esp32-1,-60.0,52.6275,98.90799,20.0,42.0,-1.0,,NORMAL
1790736925.939517,esp32-1,-60.0,41.0522,6.21475,0.0,200.0,-1.0,,NORMAL
1790736930.689698,esp32-1,-60.0,47.778,5.299999,0.0,52.0,-1.0,,NORMAL
1790736936.6347003,esp32-1,-59.0,23.75075,18.30533,20.0,105.0,-1.0,,NORMAL
1790736940.640055,esp32-1,-58.0,40.8812,6.399,0.0,53.0,-1.0,,NORMAL
1790736945.8068964,esp32-1,-58.0,47.5052,6.22275,0.0,53.0,-1.0,,NORMAL
1790736951.7426198,esp32-1,-60.0,23.43475,19.48333,20.0,106.0,-1.0,,NORMAL
1790736956.706186,esp32-1,-60.0,40.5124,5.653501,0.0,53.0,-1.0,,NORMAL
1790736960.8175573,esp32-1,-58.0,47.311,5.66175,0.0,191.0,-1.0,,NORMAL
1790736966.4775388,esp32-1,-59.0,23.0685,18.257,20.0,4.0,-1.0,,NORMAL
1790736970.8951032,esp32-1,-59.0,40.4524,6.619501,0.0,260.0,-1.0,,NORMAL
1790736975.9245188,esp32-1,-59.0,47.0792,6.2245,0.0,244.0,-1.0,,NORMAL
1790736981.7497432,esp32-1,-60.0,22.92775,18.73033,20.0,110.0,-1.0,,NORMAL
1790736986.4749343,esp32-1,-61.0,21.7285,8.479667,20.0,3.0,-1.0,,NORMAL
1790736990.9633687,esp32-1,-58.0,46.8128,5.7055,0.0,196.0,-1.0,,NORMAL
1790736997.5679736,esp32-1,-60.0,22.7205,18.281,20.0,53.0,-1.0,,NORMAL
1790737000.8975525,esp32-1,-59.0,82.4206,59.25075,0.0,46.0,-1.0,,NORMAL
1790737005.6858182,esp32-1,-59.0,46.7156,6.008251,0.0,53.0,-1.0,,NORMAL
1790737011.626464,esp32-1,-59.0,22.569,18.217,20.0,114.0,-1.0,,NORMAL
1790737015.7488735,esp32-1,-58.0,39.6492,7.081501,0.0,54.0,-1.0,,NORMAL
1790737020.776162,esp32-1,-60.0,76.22359,43.2825,0.0,7.0,-1.0,,NORMAL
1790737026.603598,esp32-1,-60.0,22.3355,18.60633,20.0,4.0,-1.0,,NORMAL
1790737030.698037,esp32-1,-60.0,39.6338,6.835,0.0,54.0,-1.0,,NORMAL
1790737036.7908564,esp32-1,-60.0,46.434,5.87025,0.0,53.0,-1.0,,NORMAL
1790737041.5288649,esp32-1,-59.0,22.87275,18.424,20.0,49.0,-1.0,,NORMAL
1790737045.75232,esp32-1,-59.0,39.395,6.115499,0.0,53.0,-1.0,,NORMAL
1790737050.8284206,esp32-1,-59.0,46.105,5.731,0.0,205.0,-1.0,,NORMAL
1790737056.6080518,esp32-1,-59.0,23.0355,19.512,20.0,48.0,-1.0,,NORMAL
1790737060.6375322,esp32-1,-60.0,39.2882,6.47725,0.0,53.0,-1.0,,NORMAL
1790737065.7209692,esp32-1,-58.0,46.2812,6.15075,0.0,51.0,-1.0,,NORMAL
1790737071.6763806,esp32-1,-61.0,21.7845,17.549,20.0,117.0,-1.0,,NORMAL
1790737075.7552397,esp32-1,-59.0,39.036,5.97975,0.0,54.0,-1.0,,NORMAL
1790737080.7740877,esp32-1,-60.0,45.7468,6.156001,0.0,54.0,-1.0,,NORMAL
1790737087.4887812,esp32-1,-59.0,29.328,2.229499,40.0,7.0,-1.0,,NORMAL
1790737090.8100853,esp32-1,-59.0,63.8322,37.258,0.0,30.0,-1.0,,NORMAL
1790737095.930413,esp32-1,-57.0,45.5724,6.1335,0.0,263.0,-1.0,,NORMAL
1790737101.5732362,esp32-1,-60.0,21.81825,17.50067,20.0,51.0,-1.0,,NORMAL
1790737105.637995,esp32-1,-61.0,38.7214,6.755,0.0,53.0,-1.0,,NORMAL
1790737111.8035426,esp32-1,-58.0,72.112,133.19,20.0,3.0,-1.0,,NORMAL
1790737116.5279732,esp32-1,-60.0,22.59875,17.324,20.0,46.0,-1.0,,NORMAL
1790737122.76021,esp32-1,-59.0,29.25475,26.86733,20.0,88.0,-1.0,,NORMAL
1790737125.7309682,esp32-1,-58.0,44.9222,6.0145,0.0,59.0,-1.0,,NORMAL
1790737131.634685,esp32-1,-58.0,22.521,17.87,20.0,117.0,-1.0,,NORMAL
1790737135.7638757,esp32-1,-61.0,39.8424,6.738999,0.0,53.0,-1.0,,NORMAL
1790737140.930201,esp32-1,-58.0,46.844,6.10125,0.0,212.0,-1.0,,NORMAL
1790737146.6087332,esp32-1,-59.0,21.976,16.813,20.0,122.0,-1.0,,NORMAL
1790737150.7176256,esp32-1,-59.0,39.7168,22.522,0.0,53.0,-1.0,,NORMAL
1790737156.8057547,esp32-1,-59.0,46.7628,5.524501,0.0,53.0,-1.0,,NORMAL
1790737161.5804567,esp32-1,-58.0,24.2,18.76433,20.0,45.0,-1.0,,NORMAL
1790737165.6610546,esp32-1,-59.0,39.543,7.10425,0.0,55.0,-1.0,,NORMAL
1790737170.846446,esp32-1,-59.0,46.2118,6.643501,0.0,218.0,-1.0,,NORMAL
1790737176.5393343,esp32-1,-61.0,23.44,19.232,20.0,48.0,-1.0,,NORMAL
1790737180.642353,esp32-1,-60.0,39.2762,6.89625,0.0,53.0,-1.0,,NORMAL
1790737185.7469704,esp32-1,-60.0,46.0334,6.262001,0.0,52.0,-1.0,,NORMAL
1790737191.6283338,esp32-1,-60.0,21.94475,17.63634,20.0,122.0,-1.0,,NORMAL
1790737195.6480923,esp32-1,-59.0,39.1632,6.5395,0.0,52.0,-1.0,,NORMAL
1790737200.6998055,esp32-1,-59.0,45.7192,6.097749,0.0,52.0,-1.0,,NORMAL
1790737207.4903305,esp32-1,-59.0,30.74667,3.797,40.0,4.0,-1.0,,NORMAL
1790737210.5957837,esp32-1,-60.0,38.8458,6.71525,0.0,3.0,-1.0,,NORMAL
1790737215.7964685,esp32-1,-60.0,45.4926,6.035251,0.0,175.0,-1.0,,NORMAL
1790737221.529061,esp32-1,-60.0,23.504,19.635,20.0,43.0,-1.0,,NORMAL
1790737225.779445,esp32-1,-60.0,38.3372,5.801499,0.0,54.0,-1.0,,NORMAL
1790737230.6734757,esp32-1,-61.0,45.3652,5.6325,0.0,52.0,-1.0,,NORMAL
1790737236.5327983,esp32-1,-59.0,22.5105,16.113,20.0,47.0,-1.0,,NORMAL
1790737240.7294862,esp32-1,-59.0,38.2396,6.275249,0.0,53.0,-1.0,,NORMAL
1790737245.8035798,esp32-1,-59.0,44.9914,6.204,0.0,181.0,-1.0,,NORMAL
1790737251.5348196,esp32-1,-58.0,22.075,18.19267,20.0,45.0,-1.0,,NORMAL
1790737255.6851084,esp32-1,-60.0,38.2454,6.51225,0.0,53.0,-1.0,,NORMAL
1790737261.7614808,esp32-1,-58.0,89.07575,69.588,20.0,4.0,-1.0,,NORMAL
1790737266.5314343,esp32-1,-60.0,27.90475,0.732333,20.0,22.0,-1.0,,NORMAL
1790737270.638469,esp32-1,-60.0,37.9684,6.344001,0.0,53.0,-1.0,,NORMAL
1790737275.8525088,esp32-1,-60.0,65.3592,83.78475,0.0,53.0,-1.0,,NORMAL
1790737281.6899443,esp32-1,-59.0,22.53425,17.60533,20.0,145.0,-1.0,,NORMAL
1790737285.6410868,esp32-1,-58.0,37.9462,6.444499,0.0,54.0,-1.0,,NORMAL
1790737291.772463,esp32-1,-60.0,44.3874,6.503751,0.0,53.0,-1.0,,NORMAL
1790737296.521684,esp32-1,-59.0,22.29175,18.10667,20.0,43.0,-1.0,,NORMAL
1790737301.763273,esp32-1,-62.0,68.54179,45.1895,0.0,875.0,-1.0,,NORMAL
1790737305.812377,esp32-1,-61.0,44.3318,6.20375,0.0,191.0,-1.0,,NORMAL
1790737311.5916224,esp32-1,-61.0,22.804,18.017,20.0,39.0,-1.0,,NORMAL
1790737316.6567452,esp32-1,-59.0,27.751,23.549,20.0,103.0,-1.0,,NORMAL
1790737320.8653493,esp32-1,-58.0,43.961,5.806,0.0,245.0,-1.0,,NORMAL
1790737326.535854,esp32-1,-61.0,22.55675,17.60767,20.0,39.0,-1.0,,NORMAL
1790737332.6351557,esp32-1,-61.0,27.71475,23.93533,20.0,53.0,-1.0,,NORMAL
1790737335.9642632,esp32-1,-58.0,43.8958,6.313,0.0,196.0,-1.0,,NORMAL
1790737341.5984447,esp32-1,-60.0,21.71325,16.858,20.0,42.0,-1.0,,NORMAL
1790737346.6589532,esp32-1,-61.0,27.395,23.663,20.0,108.0,-1.0,,NORMAL
1790737350.8736076,esp32-1,-60.0,43.7372,6.063001,0.0,249.0,-1.0,,NORMAL
1790737356.5232666,esp32-1,-61.0,22.8255,18.21667,20.0,36.0,-1.0,,NORMAL
1790737361.661633,esp32-1,-59.0,26.99825,22.903,20.0,111.0,-1.0,,NORMAL
1790737366.7347791,esp32-1,-59.0,43.3524,6.208999,0.0,53.0,-1.0,,NORMAL
1790737371.603669,esp32-1,-59.0,21.64275,17.42433,20.0,39.0,-1.0,,NORMAL
1790737376.5590236,esp32-1,-62.0,29.395,25.767,20.0,43.0,-1.0,,NORMAL
1790737380.7163742,esp32-1,-60.0,43.1296,7.18425,0.0,54.0,-1.0,,NORMAL
1790737386.8020046,esp32-1,-61.0,49.743,12.3465,0.0,54.0,-1.0,,NORMAL
1790737392.6407886,esp32-1,-61.0,26.55475,23.59433,20.0,53.0,-1.0,,NORMAL
1790737395.666838,esp32-1,-59.0,43.0232,5.95125,0.0,54.0,-1.0,,NORMAL
1790737401.60977,esp32-1,-62.0,22.388,18.279,20.0,35.0,-1.0,,NORMAL
1790737406.658074,esp32-1,-62.0,26.04775,22.48166,20.0,114.0,-1.0,,NORMAL
1790737411.9936612,esp32-1,-61.0,84.1666,109.6512,0.0,53.0,-1.0,,NORMAL
1790737416.5732353,esp32-1,-60.0,22.04975,17.83667,20.0,33.0,-1.0,,NORMAL
1790737421.7784421,esp32-1,-62.0,25.9715,21.959,20.0,118.0,-1.0,,NORMAL
1790737425.7721791,esp32-1,-62.0,42.4272,6.77375,0.0,54.0,-1.0,,NORMAL
1790737431.5306096,esp32-1,-62.0,25.37625,21.25633,20.0,19.0,-1.0,,NORMAL
1790737436.650378,esp32-1,-62.0,25.8405,19.27867,20.0,119.0,-1.0,,NORMAL
1790737440.7301414,esp32-1,-60.0,42.5264,6.475751,0.0,53.0,-1.0,,NORMAL
1790737446.5269,esp32-1,-61.0,22.841,18.76133,20.0,29.0,-1.0,,NORMAL
1790737452.4740028,esp32-1,-62.0,19.49067,12.535,40.0,3.0,-1.0,,NORMAL
1790737456.625239,esp32-1,-62.0,75.3918,48.569,0.0,845.0,-1.0,,NORMAL
1790737461.103959,esp32-1,-60.0,69.23781,96.741,0.0,202.0,-1.0,,NORMAL
1790737466.732728,esp32-1,-60.0,25.18225,21.34667,20.0,120.0,-1.0,,NORMAL
1790737470.7277677,esp32-1,-59.0,41.7462,6.074251,0.0,53.0,-1.0,,NORMAL
1790737476.2621207,esp32-1,-62.0,89.1626,57.83175,0.0,257.0,-1.0,,NORMAL
1790737481.7070258,esp32-1,-61.0,24.92075,20.582,20.0,121.0,-1.0,,NORMAL
1790737485.7800992,esp32-1,-62.0,41.7658,6.022751,0.0,53.0,-1.0,,NORMAL
1790737491.7802997,esp32-1,-61.0,48.3758,4.859499,0.0,53.0,-1.0,,NORMAL
1790737496.6369605,esp32-1,-62.0,24.5685,20.63733,20.0,53.0,-1.0,,NORMAL
1790737500.7602167,esp32-1,-61.0,62.16261,72.55,0.0,52.0,-1.0,,NORMAL
1790737505.905697,esp32-1,-61.0,48.6644,9.60375,0.0,259.0,-1.0,,NORMAL
1790737511.6891387,esp32-1,-60.0,24.42225,20.289,20.0,53.0,-1.0,,NORMAL
1790737516.7400198,esp32-1,-60.0,82.806,67.41566,20.0,4.0,-1.0,,NORMAL
1790737520.701844,esp32-1,-61.0,48.3186,3.1865,0.0,54.0,-1.0,,NORMAL
1790737526.657384,esp32-1,-61.0,24.27175,20.371,20.0,123.0,-1.0,,NORMAL
1790737530.6799498,esp32-1,-61.0,41.0898,6.153749,0.0,54.0,-1.0,,NORMAL
1790737535.7523634,esp32-1,-62.0,48.0906,7.2965,0.0,51.0,-1.0,,NORMAL
1790737541.6495254,esp32-1,-60.0,24.04125,20.06634,20.0,124.0,-1.0,,NORMAL
1790737545.6716905,esp32-1,-61.0,40.8602,6.16025,0.0,53.0,-1.0,,NORMAL
1790737551.731118,esp32-1,-60.0,69.98025,142.5837,20.0,40.0,-1.0,,NORMAL
1790737556.561635,esp32-1,-58.0,25.4835,15.20433,20.0,45.0,-1.0,,NORMAL
1790737560.741738,esp32-1,-58.0,40.7346,6.79175,0.0,54.0,-1.0,,NORMAL
1790737565.7569706,esp32-1,-59.0,47.542,5.728251,0.0,53.0,-1.0,,NORMAL
1790737571.7022386,esp32-1,-59.0,24.54375,21.46867,20.0,48.0,-1.0,,NORMAL
1790737575.6674194,esp32-1,-61.0,40.5006,5.942499,0.0,54.0,-1.0,,NORMAL
1790737580.7028139,esp32-1,-60.0,47.2788,6.030751,0.0,52.0,-1.0,,NORMAL
1790737586.5637474,esp32-1,-57.0,23.09125,18.60133,20.0,53.0,-1.0,,NORMAL
1790737590.669358,esp32-1,-61.0,40.4464,6.68,0.0,54.0,-1.0,,NORMAL
1790737596.7361822,esp32-1,-59.0,47.0066,6.309251,0.0,53.0,-1.0,,NORMAL
1790737601.673938,esp32-1,-61.0,23.126,18.76,20.0,160.0,-1.0,,NORMAL
1790737606.751397,esp32-1,-60.0,85.1365,73.16734,20.0,4.0,-1.0,,NORMAL
1790737610.874816,esp32-1,-60.0,46.884,6.098249,0.0,227.0,-1.0,,NORMAL
1790737616.7548618,esp32-1,-61.0,22.48425,17.93767,20.0,132.0,-1.0,,NORMAL
1790737620.7479627,esp32-1,-60.0,40.066,8.27,0.0,53.0,-1.0,,NORMAL
1790737627.4079835,esp32-1,-59.0,63.3868,73.8325,0.0,1632.0,-1.0,,NORMAL
1790737632.680203,esp32-1,-60.0,23.2485,18.973,20.0,53.0,-1.0,,NORMAL
1790737635.8023534,esp32-1,-59.0,40.3908,5.7195,0.0,53.0,-1.0,,NORMAL
1790737640.8764496,esp32-1,-58.0,47.128,5.48625,0.0,230.0,-1.0,,NORMAL
1790737646.5564678,esp32-1,-58.0,23.06725,18.87833,20.0,53.0,-1.0,,NORMAL
1790737650.66419,esp32-1,-58.0,40.2926,7.4585,0.0,53.0,-1.0,,NORMAL
1790737655.8399668,esp32-1,-60.0,46.911,6.3415,0.0,181.0,-1.0,,NORMAL
1790737661.7098641,esp32-1,-58.0,49.81075,49.62433,20.0,48.0,-1.0,,NORMAL
1790737665.712351,esp32-1,-57.0,39.9684,6.98525,0.0,54.0,-1.0,,NORMAL
1790737670.8821583,esp32-1,-60.0,46.8896,5.340251,0.0,235.0,-1.0,,NORMAL
1790737676.662843,esp32-1,-61.0,22.7075,18.375,20.0,51.0,-1.0,,NORMAL
1790737680.668942,esp32-1,-60.0,39.7776,6.2105,0.0,53.0,-1.0,,NORMAL
1790737685.697105,esp32-1,-59.0,46.6438,6.07525,0.0,53.0,-1.0,,NORMAL
1790737691.6123078,esp32-1,-59.0,22.51425,16.81367,20.0,51.0,-1.0,,NORMAL
1790737695.6666276,esp32-1,-61.0,39.5418,7.2755,0.0,54.0,-1.0,,NORMAL
1790737700.889264,esp32-1,-60.0,46.3656,4.07175,0.0,240.0,-1.0,,NORMAL
1790737706.5594797,esp32-1,-59.0,22.99375,15.47033,20.0,49.0,-1.0,,NORMAL
1790737710.6636348,esp32-1,-59.0,39.325,7.815001,0.0,53.0,-1.0,,NORMAL
1790737715.803876,esp32-1,-59.0,74.0366,40.53775,0.0,16.0,-1.0,,NORMAL
1790737721.5545285,esp32-1,-57.0,23.976,20.55867,20.0,44.0,-1.0,,NORMAL
1790737725.8846157,esp32-1,-60.0,81.1402,58.13625,0.0,53.0,-1.0,,NORMAL
1790737730.7438293,esp32-1,-61.0,46.0342,6.357501,0.0,52.0,-1.0,,NORMAL
1790737736.5557177,esp32-1,-58.0,22.85875,14.07167,20.0,46.0,-1.0,,NORMAL
1790737740.6643195,esp32-1,-58.0,38.7998,6.27825,0.0,53.0,-1.0,,NORMAL
1790737747.5254152,esp32-1,-59.0,263.986,313.5804,20.0,7.0,-1.0,,NORMAL
1790737751.5661924,esp32-1,-59.0,22.875,17.04967,20.0,45.0,-1.0,,NORMAL
1790737755.718373,esp32-1,-59.0,38.561,6.0925,0.0,53.0,-1.0,,NORMAL
1790737760.903636,esp32-1,-59.0,45.332,6.15125,0.0,251.0,-1.0,,NORMAL
1790737766.6750128,esp32-1,-59.0,22.2665,17.21133,20.0,47.0,-1.0,,NORMAL
1790737770.6638434,esp32-1,-61.0,38.3988,6.051499,0.0,52.0,-1.0,,NORMAL
1790737775.9929342,esp32-1,-57.0,45.2868,6.0745,0.0,203.0,-1.0,,NORMAL
1790737781.6276712,esp32-1,-56.0,25.677,13.34367,20.0,33.0,-1.0,,NORMAL
1790737785.7267175,esp32-1,-58.0,28.7306,1.97675,0.0,101.0,-1.0,,NORMAL
1790737790.7024035,esp32-1,-58.0,45.0844,5.884999,0.0,52.0,-1.0,,NORMAL
1790737796.555692,esp32-1,-60.0,22.4215,17.73067,20.0,45.0,-1.0,,NORMAL
1790737801.6800902,esp32-1,-58.0,28.89175,26.50133,20.0,110.0,-1.0,,NORMAL
1790737805.7950647,esp32-1,-58.0,44.5874,5.342501,0.0,54.0,-1.0,,NORMAL
1790737811.633213,esp32-1,-60.0,21.96375,16.449,20.0,46.0,-1.0,,NORMAL
1790737815.667673,esp32-1,-59.0,38.3224,20.30625,0.0,53.0,-1.0,,NORMAL
1790737820.9053254,esp32-1,-59.0,45.182,6.416252,0.0,259.0,-1.0,,NORMAL
1790737826.550981,esp32-1,-59.0,23.37375,18.885,20.0,42.0,-1.0,,NORMAL
1790737830.7815387,esp32-1,-60.0,38.1534,6.432,0.0,53.0,-1.0,,NORMAL
1790737835.7968192,esp32-1,-59.0,44.8864,4.950749,0.0,53.0,-1.0,,NORMAL
1790737841.556874,esp32-1,-60.0,22.5955,17.35367,20.0,44.0,-1.0,,NORMAL
1790737846.6431518,esp32-1,-60.0,28.4595,25.86633,20.0,115.0,-1.0,,NORMAL
1790737851.8765366,esp32-1,-60.0,44.7106,6.200249,0.0,53.0,-1.0,,NORMAL
1790737856.5681107,esp32-1,-59.0,23.62125,17.92633,20.0,39.0,-1.0,,NORMAL
1790737860.6630418,esp32-1,-58.0,37.6972,6.60075,0.0,54.0,-1.0,,NORMAL
1790737866.3881626,esp32-1,-60.0,97.4786,63.169,0.0,470.0,-1.0,,NORMAL
1790737871.5522006,esp32-1,-62.0,24.61025,17.71333,20.0,34.0,-1.0,,NORMAL
1790737877.6815994,esp32-1,-60.0,28.056,20.55267,20.0,53.0,-1.0,,NORMAL
1790737880.6992047,esp32-1,-62.0,44.4942,6.292249,0.0,53.0,-1.0,,NORMAL
1790737887.5198467,esp32-1,-62.0,19.69167,12.815,40.0,4.0,-1.0,,NORMAL
1790737892.6869092,esp32-1,-61.0,27.9,23.82267,20.0,55.0,-1.0,,NORMAL
1790737895.9454126,esp32-1,-61.0,43.9952,6.301749,0.0,222.0,-1.0,,NORMAL
1790737901.6438344,esp32-1,-60.0,23.116,17.513,20.0,36.0,-1.0,,NORMAL
1790737907.482597,esp32-1,-60.0,20.622,14.1765,40.0,3.0,-1.0,,NORMAL
1790737910.755592,esp32-1,-64.0,43.786,6.19525,0.0,53.0,-1.0,,NORMAL
1790737916.596238,esp32-1,-61.0,22.731,18.372,20.0,37.0,-1.0,,NORMAL
1790737921.684458,esp32-1,-60.0,27.288,24.47633,20.0,119.0,-1.0,,NORMAL
1790737925.8113215,esp32-1,-61.0,43.483,6.8215,0.0,53.0,-1.0,,NORMAL
1790737931.5447428,esp32-1,-61.0,22.12275,17.13233,20.0,39.0,-1.0,,NORMAL
1790737936.7681897,esp32-1,-60.0,26.79625,23.45167,20.0,123.0,-1.0,,NORMAL
1790737941.6544704,esp32-1,-62.0,29.2315,1.048334,20.0,115.0,-1.0,,NORMAL
1790737946.5993128,esp32-1,-61.0,22.5495,18.095,20.0,40.0,-1.0,,NORMAL
1790737951.729835,esp32-1,-61.0,26.46675,22.90833,20.0,121.0,-1.0,,NORMAL
1790737955.8158221,esp32-1,-61.0,43.3204,6.166499,0.0,53.0,-1.0,,NORMAL
1790737961.6515272,esp32-1,-62.0,24.12525,20.079,20.0,29.0,-1.0,,NORMAL
1790737967.640837,esp32-1,-61.0,26.36175,22.664,20.0,54.0,-1.0,,NORMAL
1790737970.7670166,esp32-1,-60.0,42.8112,6.44875,0.0,53.0,-1.0,,NORMAL
1790737977.4858496,esp32-1,-61.0,21.47833,11.3055,40.0,4.0,-1.0,,NORMAL
1790737981.6800737,esp32-1,-60.0,25.925,21.74067,20.0,124.0,-1.0,,NORMAL
1790737985.7131658,esp32-1,-60.0,42.8262,5.959,0.0,53.0,-1.0,,NORMAL
1790737991.5449529,esp32-1,-60.0,21.791,15.70633,20.0,36.0,-1.0,,NORMAL
1790737996.828156,esp32-1,-64.0,56.1394,27.24,0.0,54.0,-1.0,,NORMAL
1790738000.6931431,esp32-1,-63.0,42.526,6.871001,0.0,53.0,-1.0,,NORMAL
1790738006.609656,esp32-1,-61.0,22.03575,17.199,20.0,33.0,-1.0,,NORMAL
1790738012.5002582,esp32-1,-60.0,21.29133,17.6575,40.0,4.0,-1.0,,NORMAL
1790738015.687613,esp32-1,-60.0,42.1162,6.95175,0.0,54.0,-1.0,,NORMAL
1790738021.8203764,esp32-1,-62.0,49.0804,10.1545,0.0,53.0,-1.0,,NORMAL
1790738026.781424,esp32-1,-61.0,25.3165,19.74467,20.0,127.0,-1.0,,NORMAL
1790738031.0821407,esp32-1,-60.0,65.74159,83.33175,0.0,179.0,-1.0,,NORMAL
1790738036.6136472,esp32-1,-60.0,22.0255,18.091,20.0,31.0,-1.0,,NORMAL
1790738042.7062857,esp32-1,-62.0,24.733,19.97533,20.0,57.0,-1.0,,NORMAL
1790738045.6886995,esp32-1,-60.0,41.91,5.99375,0.0,52.0,-1.0,,NORMAL
1790738051.667551,esp32-1,-61.0,21.531,17.182,20.0,31.0,-1.0,,NORMAL
1790738056.7882438,esp32-1,-61.0,24.9285,21.21933,20.0,129.0,-1.0,,NORMAL
1790738061.8068776,esp32-1,-61.0,29.487,3.938667,20.0,114.0,-1.0,,NORMAL
1790738066.5437832,esp32-1,-60.0,21.914,17.34067,20.0,29.0,-1.0,,NORMAL
1790738071.7366836,esp32-1,-60.0,24.249,15.49867,20.0,130.0,-1.0,,NORMAL
1790738075.7346034,esp32-1,-60.0,41.4354,6.403749,0.0,53.0,-1.0,,NORMAL
1790738080.9025028,esp32-1,-61.0,48.121,7.585,0.0,238.0,-1.0,,NORMAL
1790738087.752055,esp32-1,-60.0,24.229,19.98933,20.0,53.0,-1.0,,NORMAL
1790738090.7865677,esp32-1,-61.0,41.2286,6.517,0.0,53.0,-1.0,,NORMAL
1790738097.5419877,esp32-1,-62.0,22.62967,8.873,40.0,3.0,-1.0,,NORMAL
1790738101.5246933,esp32-1,-61.0,23.9985,20.01,20.0,3.0,-1.0,,NORMAL
1790738105.6860588,esp32-1,-62.0,40.9686,8.132751,0.0,55.0,-1.0,,NORMAL
1790738111.8955588,esp32-1,-61.0,47.7328,6.686999,0.0,53.0,-1.0,,NORMAL
1790738116.6926053,esp32-1,-62.0,23.65775,18.50967,20.0,53.0,-1.0,,NORMAL
1790738120.689448,esp32-1,-60.0,40.7508,6.0935,0.0,54.0,-1.0,,NORMAL
1790738126.0097492,esp32-1,-60.0,47.4008,6.064249,0.0,194.0,-1.0,,NORMAL
1790738131.675958,esp32-1,-60.0,23.4225,18.86167,20.0,135.0,-1.0,,NORMAL
1790738135.7398233,esp32-1,-59.0,40.5324,6.4815,0.0,54.0,-1.0,,NORMAL
1790738140.916708,esp32-1,-59.0,47.3644,6.35225,0.0,250.0,-1.0,,NORMAL
1790738146.6744237,esp32-1,-61.0,23.3165,19.20067,20.0,136.0,-1.0,,NORMAL
1790738150.7956173,esp32-1,-58.0,40.2316,6.1305,0.0,54.0,-1.0,,NORMAL
1790738156.5454593,esp32-1,-60.0,28.11275,22.818,20.0,3.0,-1.0,,NORMAL
1790738161.7505567,esp32-1,-60.0,22.82075,18.93833,20.0,139.0,-1.0,,NORMAL
1790738165.8927665,esp32-1,-63.0,84.1256,61.831,0.0,39.0,-1.0,,NORMAL
1790738171.819179,esp32-1,-61.0,95.92551,75.289,20.0,4.0,-1.0,,NORMAL
1790738176.7024674,esp32-1,-61.0,22.98525,16.92733,20.0,51.0,-1.0,,NORMAL
1790738180.7969208,esp32-1,-60.0,40.0332,6.6555,0.0,52.0,-1.0,,NORMAL
1790738186.5381446,esp32-1,-61.0,21.93525,16.97034,20.0,20.0,-1.0,,NORMAL
1790738191.6708603,esp32-1,-59.0,22.30275,17.99267,20.0,140.0,-1.0,,NORMAL
1790738195.7493896,esp32-1,-62.0,39.6266,6.7825,0.0,53.0,-1.0,,NORMAL
1790738201.846081,esp32-1,-59.0,46.2696,6.092,0.0,54.0,-1.0,,NORMAL
1790738207.6280031,esp32-1,-60.0,19.59133,12.7615,40.0,4.0,-1.0,,NORMAL
1790738210.8008468,esp32-1,-60.0,39.4282,6.682749,0.0,53.0,-1.0,,NORMAL
1790738215.8193429,esp32-1,-60.0,46.1136,5.28325,0.0,53.0,-1.0,,NORMAL
1790738221.67087,esp32-1,-62.0,21.9105,17.19267,20.0,142.0,-1.0,,NORMAL
1790738225.9153185,esp32-1,-59.0,59.7846,74.8485,0.0,178.0,-1.0,,NORMAL
1790738231.5905554,esp32-1,-60.0,25.88975,19.723,20.0,5.0,-1.0,,NORMAL
1790738236.581632,esp32-1,-60.0,22.48075,17.96033,20.0,49.0,-1.0,,NORMAL
1790738240.6900854,esp32-1,-59.0,39.0022,6.38225,0.0,53.0,-1.0,,NORMAL
1790738246.8923497,esp32-1,-60.0,46.0564,6.130499,0.0,53.0,-1.0,,NORMAL
1790738251.569809,esp32-1,-61.0,23.306,16.286,20.0,46.0,-1.0,,NORMAL
1790738255.686074,esp32-1,-60.0,38.9708,6.073499,0.0,52.0,-1.0,,NORMAL
1790738261.5495288,esp32-1,-61.0,26.0645,16.93433,20.0,9.0,-1.0,,NORMAL
1790738266.5656097,esp32-1,-61.0,22.65425,19.22267,20.0,46.0,-1.0,,NORMAL
1790738270.6897764,esp32-1,-59.0,38.457,6.119751,0.0,54.0,-1.0,,NORMAL
1790738275.8827386,esp32-1,-62.0,45.233,6.755499,0.0,223.0,-1.0,,NORMAL
1790738281.5661788,esp32-1,-61.0,24.1885,18.529,20.0,40.0,-1.0,,NORMAL
1790738285.7621095,esp32-1,-61.0,38.223,13.49225,0.0,56.0,-1.0,,NORMAL
1790738290.6609726,esp32-1,-59.0,40.4934,11.813,0.0,10.0,-1.0,,NORMAL
1790738296.5649035,esp32-1,-60.0,21.94225,17.746,20.0,47.0,-1.0,,NORMAL
1790738302.513865,esp32-1,-60.0,27.247,23.7975,40.0,3.0,-1.0,,NORMAL
1790738305.7146864,esp32-1,-60.0,45.137,6.31375,0.0,53.0,-1.0,,NORMAL
1790738311.5637002,esp32-1,-59.0,24.1215,19.133,20.0,37.0,-1.0,,NORMAL
1790738315.8706827,esp32-1,-60.0,61.8328,84.65076,0.0,35.0,-1.0,,NORMAL
1790738321.706642,esp32-1,-59.0,37.11475,15.49833,20.0,11.0,-1.0,,NORMAL
1790738326.620506,esp32-1,-60.0,22.21075,16.28,20.0,46.0,-1.0,,NORMAL
1790738331.6965709,esp32-1,-59.0,28.2205,22.63633,20.0,117.0,-1.0,,NORMAL
1790738335.8367019,esp32-1,-61.0,44.3872,6.19125,0.0,54.0,-1.0,,NORMAL
1790738340.9985104,esp32-1,-60.0,51.1792,15.21425,0.0,217.0,-1.0,,NORMAL
1790738346.6745348,esp32-1,-61.0,22.118,17.16933,20.0,147.0,-1.0,,NORMAL
1790738350.9917312,esp32-1,-62.0,64.7542,84.32401,0.0,186.0,-1.0,,NORMAL
1790738355.7682633,esp32-1,-63.0,50.9784,28.57075,0.0,53.0,-1.0,,NORMAL
1790738361.6235962,esp32-1,-62.0,29.16775,2.291333,20.0,49.0,-1.0,,NORMAL
1790738365.8695538,esp32-1,-61.0,44.1576,5.519249,0.0,55.0,-1.0,,NORMAL
1790738372.5617256,esp32-1,-60.0,29.23667,2.2675,40.0,4.0,-1.0,,NORMAL
1790738376.6410408,esp32-1,-60.0,27.625,24.90067,20.0,53.0,-1.0,,NORMAL
1790738380.8931203,esp32-1,-62.0,43.8766,18.8045,0.0,55.0,-1.0,,NORMAL
1790738387.6605172,esp32-1,-60.0,24.42733,23.1545,40.0,6.0,-1.0,,NORMAL
1790738391.7623549,esp32-1,-62.0,29.39775,27.474,20.0,48.0,-1.0,,NORMAL
1790738395.8499255,esp32-1,-62.0,43.366,5.317251,0.0,54.0,-1.0,,NORMAL
1790738401.8665,esp32-1,-60.0,50.2492,4.7215,0.0,54.0,-1.0,,NORMAL
1790738406.7148027,esp32-1,-61.0,32.64325,30.965,20.0,31.0,-1.0,,NORMAL
1790738410.9036033,esp32-1,-61.0,39.627,17.21225,0.0,74.0,-1.0,,NORMAL
1790738415.7440221,esp32-1,-61.0,49.9384,5.967999,0.0,53.0,-1.0,,NORMAL
1790738421.7413373,esp32-1,-59.0,53.66525,56.454,20.0,57.0,-1.0,,NORMAL
1790738425.7134116,esp32-1,-62.0,43.1398,7.6315,0.0,54.0,-1.0,,NORMAL
1790738431.6857111,esp32-1,-60.0,22.26725,16.85833,20.0,35.0,-1.0,,NORMAL
1790738435.782498,esp32-1,-57.0,57.40459,32.94275,0.0,52.0,-1.0,,NORMAL
1790738440.7226362,esp32-1,-61.0,43.3918,7.91225,0.0,54.0,-1.0,,NORMAL
1790738445.76437,esp32-1,-65.0,50.2608,12.825,0.0,52.0,-1.0,,NORMAL
1790738451.6623986,esp32-1,-58.0,26.68675,23.64133,20.0,53.0,-1.0,,NORMAL
1790738456.162109,esp32-1,-61.0,104.2298,59.7755,0.0,56.0,-1.0,,NORMAL
1790738462.5458486,esp32-1,-58.0,26.39967,29.719,40.0,14.0,-1.0,,NORMAL
1790738466.7491891,esp32-1,-61.0,24.17675,16.47567,20.0,138.0,-1.0,,NORMAL
1790738471.6780958,esp32-1,-61.0,28.97,1.281,20.0,120.0,-1.0,,NORMAL
1790738476.6438022,esp32-1,-61.0,22.58925,15.98333,20.0,33.0,-1.0,,NORMAL
1790738481.765599,esp32-1,-59.0,26.06825,21.545,20.0,128.0,-1.0,,NORMAL
1790738485.873863,esp32-1,-60.0,42.6406,7.013749,0.0,56.0,-1.0,,NORMAL
1790738490.7815173,esp32-1,-57.0,49.4296,2.92625,0.0,54.0,-1.0,,NORMAL
1790738496.6069465,esp32-1,-64.0,30.35425,23.68633,20.0,35.0,-1.0,,NORMAL
1790738500.763262,esp32-1,-61.0,42.453,13.36825,0.0,5.0,-1.0,,NORMAL
1790738505.7495728,esp32-1,-62.0,49.309,4.890249,0.0,52.0,-1.0,,NORMAL
1790738511.8695383,esp32-1,-59.0,25.64425,22.248,20.0,129.0,-1.0,,NORMAL
1790738517.604457,esp32-1,-60.0,21.70167,28.636,40.0,6.0,-1.0,,NORMAL
1790738522.8481264,esp32-1,-63.0,83.75975,173.9047,20.0,899.0,-1.0,,NORMAL
1790738526.5973873,esp32-1,-61.0,25.33525,21.5,20.0,53.0,-1.0,,NORMAL
1790738530.7144296,esp32-1,-65.0,42.1432,5.15775,0.0,54.0,-1.0,,NORMAL
1790738535.8346884,esp32-1,-61.0,48.76839,7.784749,0.0,52.0,-1.0,,NORMAL
1790738541.7747378,esp32-1,-61.0,50.805,6.620665,20.0,52.0,-1.0,,NORMAL
1790738545.681469,esp32-1,-61.0,41.8566,6.691249,0.0,5.0,-1.0,,NORMAL
1790738550.8880389,esp32-1,-61.0,48.4264,8.071,0.0,53.0,-1.0,,NORMAL
1790738557.5513735,esp32-1,-60.0,30.53667,38.3215,40.0,7.0,-1.0,,NORMAL
1790738560.9007282,esp32-1,-62.0,41.5586,6.179248,0.0,233.0,-1.0,,NORMAL
1790738565.748828,esp32-1,-60.0,48.3172,13.855,0.0,55.0,-1.0,,NORMAL
1790738571.6257071,esp32-1,-62.0,32.77275,20.57033,20.0,21.0,-1.0,,NORMAL
1790738575.7574844,esp32-1,-61.0,41.4654,11.90675,0.0,54.0,-1.0,,NORMAL
1790738580.7457674,esp32-1,-59.0,48.1642,6.495501,0.0,52.0,-1.0,,NORMAL
1790738586.7037966,esp32-1,-59.0,29.24625,20.60367,20.0,137.0,-1.0,,NORMAL
1790738591.7429867,esp32-1,-59.0,38.501,59.811,20.0,30.0,-1.0,,NORMAL
1790738595.8626444,esp32-1,-60.0,48.7184,14.4315,0.0,49.0,-1.0,,NORMAL
1790738601.7799363,esp32-1,-59.0,24.19875,20.53333,20.0,137.0,-1.0,,NORMAL
1790738605.7061033,esp32-1,-58.0,40.8212,7.95075,0.0,54.0,-1.0,,NORMAL
1790738612.068015,esp32-1,-59.0,89.49799,116.0173,0.0,53.0,-1.0,,NORMAL
1790738616.692842,esp32-1,-60.0,23.94825,18.39867,20.0,139.0,-1.0,,NORMAL
1790738620.6999054,esp32-1,-61.0,40.7238,6.678501,0.0,52.0,-1.0,,NORMAL
1790738625.9916296,esp32-1,-59.0,47.3608,6.759499,0.0,215.0,-1.0,,NORMAL
1790738632.6492016,esp32-1,-61.0,23.65925,19.48667,20.0,52.0,-1.0,,NORMAL
1790738636.543801,esp32-1,-60.0,22.50275,9.221666,20.0,3.0,-1.0,,NORMAL
1790738640.965381,esp32-1,-59.0,47.2512,6.279,0.0,268.0,-1.0,,NORMAL
1790738645.7741637,esp32-1,-59.0,54.0708,22.1555,0.0,53.0,-1.0,,NORMAL
1790738650.7246165,esp32-1,-58.0,40.3654,7.9175,0.0,52.0,-1.0,,NORMAL
1790738655.9893234,esp32-1,-59.0,47.1822,6.260001,0.0,219.0,-1.0,,NORMAL
1790738661.6921008,esp32-1,-60.0,23.063,17.67533,20.0,142.0,-1.0,,NORMAL
1790738665.7031136,esp32-1,-61.0,39.9594,6.507499,0.0,54.0,-1.0,,NORMAL
1790738671.7709692,esp32-1,-60.0,46.9292,6.407252,0.0,53.0,-1.0,,NORMAL
1790738676.599732,esp32-1,-59.0,24.14025,13.542,20.0,47.0,-1.0,,NORMAL
1790738680.841499,esp32-1,-63.0,40.155,6.042249,0.0,53.0,-1.0,,NORMAL
1790738685.7453291,esp32-1,-58.0,46.8196,13.851,0.0,54.0,-1.0,,NORMAL
1790738691.590532,esp32-1,-61.0,24.56625,20.084,20.0,45.0,-1.0,,NORMAL
1790738696.7232127,esp32-1,-61.0,49.315,25.40133,20.0,6.0,-1.0,,NORMAL
1790738700.7513387,esp32-1,-62.0,46.449,10.17425,0.0,53.0,-1.0,,NORMAL
1790738706.5726068,esp32-1,-60.0,23.046,15.766,20.0,4.0,-1.0,,NORMAL
1790738710.8443298,esp32-1,-61.0,39.441,7.585002,0.0,55.0,-1.0,,NORMAL
1790738715.758506,esp32-1,-60.0,46.8052,6.349499,0.0,51.0,-1.0,,NORMAL
1790738721.6273103,esp32-1,-63.0,25.62725,18.662,20.0,47.0,-1.0,,NORMAL
1790738725.7864335,esp32-1,-61.0,39.3186,6.726749,0.0,57.0,-1.0,,NORMAL
1790738730.8557394,esp32-1,-61.0,72.1388,43.82525,0.0,25.0,-1.0,,NORMAL
1790738736.5918193,esp32-1,-63.0,26.74225,19.48233,20.0,33.0,-1.0,,NORMAL
1790738740.7085657,esp32-1,-61.0,39.0918,6.31225,0.0,53.0,-1.0,,NORMAL
1790738746.6764555,esp32-1,-58.0,51.8525,78.04667,20.0,2.0,-1.0,,NORMAL
1790738751.6006382,esp32-1,-59.0,21.99525,18.23767,20.0,50.0,-1.0,,NORMAL
1790738755.7043087,esp32-1,-60.0,38.9862,6.284999,0.0,53.0,-1.0,,NORMAL
1790738761.5649328,esp32-1,-60.0,26.4535,17.29233,20.0,3.0,-1.0,,NORMAL
1790738766.545731,esp32-1,-60.0,21.582,17.072,20.0,2.0,-1.0,,NORMAL
1790738770.699953,esp32-1,-59.0,38.7044,6.7295,0.0,54.0,-1.0,,NORMAL
1790738775.735242,esp32-1,-59.0,45.2538,6.271,0.0,54.0,-1.0,,NORMAL
1790738781.711385,esp32-1,-59.0,27.136,13.57867,20.0,27.0,-1.0,,NORMAL
1790738785.848481,esp32-1,-59.0,38.4978,6.040501,0.0,55.0,-1.0,,NORMAL
1790738790.7385833,esp32-1,-60.0,45.0518,6.31425,0.0,54.0,-1.0,,NORMAL
1790738796.590483,esp32-1,-59.0,22.4885,17.02033,20.0,45.0,-1.0,,NORMAL
1790738800.7011504,esp32-1,-59.0,38.2314,6.589749,0.0,57.0,-1.0,,NORMAL
1790738805.745398,esp32-1,-60.0,45.1184,5.5545,0.0,53.0,-1.0,,NORMAL
1790738811.710088,esp32-1,-60.0,23.32825,20.85633,20.0,40.0,-1.0,,NORMAL
1790738815.7045014,esp32-1,-60.0,37.9524,6.606,0.0,52.0,-1.0,,NORMAL
1790738820.8432257,esp32-1,-60.0,44.9476,5.658,0.0,57.0,-1.0,,NORMAL
1790738826.657919,esp32-1,-59.0,25.54275,19.51067,20.0,30.0,-1.0,,NORMAL
1790738831.6764858,esp32-1,-61.0,30.319,21.67067,20.0,46.0,-1.0,,NORMAL
1790738835.7387893,esp32-1,-61.0,44.3396,8.112499,0.0,54.0,-1.0,,NORMAL
1790738841.5889616,esp32-1,-58.0,22.67225,17.99733,20.0,41.0,-1.0,,NORMAL
1790738846.832344,esp32-1,-60.0,43.20875,44.30267,20.0,98.0,-1.0,,NORMAL
1790738851.7538373,esp32-1,-60.0,64.2515,76.42433,20.0,45.0,-1.0,,NORMAL
1790738856.593462,esp32-1,-61.0,22.726,16.911,20.0,40.0,-1.0,,NORMAL
1790738861.7873857,esp32-1,-59.0,27.728,23.032,20.0,128.0,-1.0,,NORMAL
1790738866.7053726,esp32-1,-59.0,33.30675,9.175666,20.0,3.0,-1.0,,NORMAL
1790738872.5403905,esp32-1,-61.0,24.87267,24.8605,40.0,5.0,-1.0,,NORMAL
1790738877.714535,esp32-1,-60.0,27.5665,22.64867,20.0,54.0,-1.0,,NORMAL
1790738880.7378235,esp32-1,-59.0,43.7206,5.897,0.0,55.0,-1.0,,NORMAL
1790738886.5943785,esp32-1,-60.0,24.39275,19.04833,20.0,7.0,-1.0,,NORMAL
1790738892.5353935,esp32-1,-58.0,21.56233,14.283,40.0,3.0,-1.0,,NORMAL
1790738896.1477826,esp32-1,-60.0,84.66699,114.3083,0.0,262.0,-1.0,,NORMAL
1790738901.5905683,esp32-1,-58.0,24.07325,18.86067,20.0,29.0,-1.0,,NORMAL
1790738906.7231977,esp32-1,-61.0,26.7855,22.28533,20.0,134.0,-1.0,,NORMAL
1790738910.832878,esp32-1,-59.0,43.3576,6.4975,0.0,53.0,-1.0,,NORMAL
1790738916.675729,esp32-1,-59.0,23.46625,17.00933,20.0,32.0,-1.0,,NORMAL
1790738921.790547,esp32-1,-60.0,26.4045,20.98167,20.0,134.0,-1.0,,NORMAL
1790738925.7304444,esp32-1,-69.0,43.1784,6.228999,0.0,53.0,-1.0,,NORMAL
1790738931.015036,esp32-1,-62.0,49.831,10.36125,0.0,252.0,-1.0,,NORMAL
1790738936.8441389,esp32-1,-61.0,25.97775,21.39733,20.0,136.0,-1.0,,NORMAL
1790738941.7050354,esp32-1,-60.0,76.2888,47.57525,0.0,861.0,-1.0,,NORMAL
1790738946.7089949,esp32-1,-59.0,43.30675,22.592,20.0,53.0,-1.0,,NORMAL
1790738951.66447,esp32-1,-59.0,26.139,18.598,20.0,54.0,-1.0,,NORMAL
1790738955.7898855,esp32-1,-60.0,42.5272,6.9695,0.0,54.0,-1.0,,NORMAL
1790738961.630837,esp32-1,-58.0,22.91275,18.21333,20.0,31.0,-1.0,,NORMAL
1790738966.8502402,esp32-1,-61.0,51.55675,36.57467,20.0,53.0,-1.0,,NORMAL
1790738970.843543,esp32-1,-59.0,42.6478,6.163001,0.0,53.0,-1.0,,NORMAL
1790738976.585951,esp32-1,-60.0,23.40425,18.23367,20.0,27.0,-1.0,,NORMAL
1790738981.6151657,esp32-1,-60.0,25.71,21.124,20.0,53.0,-1.0,,NORMAL
1790738985.7288332,esp32-1,-60.0,42.0728,6.095,0.0,54.0,-1.0,,NORMAL
1790738991.5823748,esp32-1,-59.0,22.765,18.32067,20.0,31.0,-1.0,,NORMAL
1790738996.6706114,esp32-1,-61.0,28.1455,27.42267,20.0,41.0,-1.0,,NORMAL
1790739001.7087762,esp32-1,-60.0,77.7034,50.796,0.0,857.0,-1.0,,NORMAL
1790739006.71042,esp32-1,-64.0,42.15525,22.18733,20.0,53.0,-1.0,,NORMAL
1790739010.7624502,esp32-1,-61.0,55.744,25.778,0.0,14.0,-1.0,,NORMAL
1790739015.7297938,esp32-1,-61.0,41.9352,6.23,0.0,53.0,-1.0,,NORMAL
1790739021.5974562,esp32-1,-61.0,22.111,17.48733,20.0,29.0,-1.0,,NORMAL
1790739026.634706,esp32-1,-61.0,26.57225,19.496,20.0,49.0,-1.0,,NORMAL
1790739030.8529613,esp32-1,-61.0,41.4428,6.5935,0.0,53.0,-1.0,,NORMAL
1790739035.7660294,esp32-1,-62.0,48.3186,3.269,0.0,54.0,-1.0,,NORMAL
1790739041.6600952,esp32-1,-60.0,25.49975,20.70433,20.0,49.0,-1.0,,NORMAL
1790739045.7140627,esp32-1,-61.0,41.2504,6.57925,0.0,3.0,-1.0,,NORMAL
1790739050.7214522,esp32-1,-61.0,48.0156,5.10525,0.0,6.0,-1.0,,NORMAL
1790739056.6246982,esp32-1,-61.0,23.949,21.08733,20.0,53.0,-1.0,,NORMAL
1790739061.7058206,esp32-1,-59.0,58.3422,26.91175,0.0,951.0,-1.0,,NORMAL
1790739065.957288,esp32-1,-61.0,47.7082,6.645,0.0,228.0,-1.0,,NORMAL
1790739071.627925,esp32-1,-60.0,26.28625,20.775,20.0,43.0,-1.0,,NORMAL
1790739075.7264774,esp32-1,-59.0,40.798,6.46225,0.0,54.0,-1.0,,NORMAL
1790739080.7605271,esp32-1,-61.0,47.5126,5.6225,0.0,54.0,-1.0,,NORMAL
1790739086.6314802,esp32-1,-60.0,24.4485,21.20167,20.0,50.0,-1.0,,NORMAL
1790739091.7933285,esp32-1,-59.0,32.21775,30.57467,20.0,117.0,-1.0,,NORMAL
1790739096.8315196,esp32-1,-59.0,65.78825,61.74533,20.0,6.0,-1.0,,NORMAL
1790739101.637494,esp32-1,-57.0,33.386,9.697667,20.0,15.0,-1.0,,NORMAL
1790739106.6712835,esp32-1,-60.0,35.25725,33.59333,20.0,39.0,-1.0,,NORMAL
1790739110.7677755,esp32-1,-60.0,47.2604,6.0595,0.0,53.0,-1.0,,NORMAL
1790739116.630486,esp32-1,-60.0,31.573,24.43933,20.0,26.0,-1.0,,NORMAL
1790739120.8778396,esp32-1,-59.0,40.221,6.16,0.0,59.0,-1.0,,NORMAL
1790739125.8211205,esp32-1,-62.0,47.1454,23.87575,0.0,54.0,-1.0,,NORMAL
1790739131.6068087,esp32-1,-59.0,23.46325,21.62567,20.0,51.0,-1.0,,NORMAL
1790739136.5626612,esp32-1,-59.0,22.47375,8.469,20.0,2.0,-1.0,,NORMAL
1790739140.7546868,esp32-1,-59.0,46.9516,6.190001,0.0,53.0,-1.0,,NORMAL
1790739146.7485056,esp32-1,-59.0,48.14,24.23967,20.0,53.0,-1.0,,NORMAL
1790739150.719041,esp32-1,-59.0,39.6784,6.823751,0.0,53.0,-1.0,,NORMAL
1790739156.9336662,esp32-1,-59.0,92.652,69.60367,20.0,4.0,-1.0,,NORMAL
1790739161.8276238,esp32-1,-61.0,22.1855,16.72467,20.0,158.0,-1.0,,NORMAL
1790739165.8200152,esp32-1,-60.0,39.528,6.14175,0.0,53.0,-1.0,,NORMAL
1790739170.8385777,esp32-1,-58.0,46.4924,6.28525,0.0,53.0,-1.0,,NORMAL
1790739176.6128829,esp32-1,-60.0,25.876,9.018667,20.0,36.0,-1.0,,NORMAL
1790739180.6790261,esp32-1,-60.0,39.1872,9.032501,0.0,12.0,-1.0,,NORMAL
1790739185.9110382,esp32-1,-57.0,46.1288,25.00075,0.0,156.0,-1.0,,NORMAL
1790739191.6243732,esp32-1,-60.0,22.196,18.718,20.0,50.0,-1.0,,NORMAL
1790739195.7193105,esp32-1,-59.0,39.0824,6.12975,0.0,53.0,-1.0,,NORMAL
1790739201.4639552,esp32-1,-59.0,70.6726,85.71025,0.0,279.0,-1.0,,NORMAL
1790739206.6786463,esp32-1,-61.0,21.55725,17.05267,20.0,52.0,-1.0,,NORMAL
1790739210.7767618,esp32-1,-57.0,38.9898,6.235,0.0,54.0,-1.0,,NORMAL
1790739215.7994828,esp32-1,-57.0,45.8284,6.09375,0.0,53.0,-1.0,,NORMAL
1790739221.6150336,esp32-1,-59.0,23.9665,20.46967,20.0,42.0,-1.0,,NORMAL
1790739225.7331831,esp32-1,-61.0,38.9174,6.2035,0.0,58.0,-1.0,,NORMAL
1790739230.8566406,esp32-1,-59.0,45.4604,9.561998,0.0,53.0,-1.0,,NORMAL
1790739235.9778593,esp32-1,-58.0,52.3114,23.7655,0.0,187.0,-1.0,,NORMAL
1790739241.8127236,esp32-1,-60.0,30.9515,32.94533,20.0,48.0,-1.0,,NORMAL
1790739245.769193,esp32-1,-59.0,45.2382,6.96525,0.0,57.0,-1.0,,NORMAL
1790739252.614498,esp32-1,-59.0,30.48733,35.699,40.0,5.0,-1.0,,NORMAL
1790739255.7513082,esp32-1,-59.0,38.3214,6.1215,0.0,57.0,-1.0,,NORMAL
1790739260.8144333,esp32-1,-58.0,45.2166,5.163501,0.0,53.0,-1.0,,NORMAL
1790739266.7974324,esp32-1,-58.0,54.9465,59.30533,20.0,17.0,-1.0,,NORMAL
1790739270.7907324,esp32-1,-57.0,38.2808,17.39875,0.0,52.0,-1.0,,NORMAL
1790739276.6227312,esp32-1,-61.0,24.8145,15.823,20.0,3.0,-1.0,,NORMAL
1790739282.66714,esp32-1,-63.0,22.026,15.1715,40.0,7.0,-1.0,,NORMAL
1790739285.8377793,esp32-1,-58.0,38.0068,6.31475,0.0,53.0,-1.0,,NORMAL
1790739290.8573084,esp32-1,-60.0,44.9844,6.215999,0.0,53.0,-1.0,,NORMAL
1790739295.8734188,esp32-1,-60.0,51.6036,9.745251,0.0,52.0,-1.0,,NORMAL
1790739301.7137134,esp32-1,-60.0,28.3015,25.02333,20.0,52.0,-1.0,,NORMAL
1790739305.7546856,esp32-1,-60.0,44.531,5.98075,0.0,53.0,-1.0,,NORMAL
1790739311.6020515,esp32-1,-60.0,23.53575,18.33567,20.0,35.0,-1.0,,NORMAL
1790739316.7405427,esp32-1,-59.0,27.72675,24.372,20.0,135.0,-1.0,,NORMAL
1790739321.8841827,esp32-1,-59.0,71.74575,135.5447,20.0,3.0,-1.0,,NORMAL
1790739326.6115713,esp32-1,-61.0,22.46825,14.76667,20.0,40.0,-1.0,,NORMAL
1790739332.6378233,esp32-1,-60.0,20.344,11.6325,40.0,3.0,-1.0,,NORMAL
1790739335.810981,esp32-1,-58.0,43.9746,6.150749,0.0,53.0,-1.0,,NORMAL
1790739341.6508565,esp32-1,-59.0,21.30575,16.75433,20.0,43.0,-1.0,,NORMAL
1790739347.7417247,esp32-1,-58.0,27.5795,23.16467,20.0,52.0,-1.0,,NORMAL
1790739350.757206,esp32-1,-61.0,43.7104,6.178501,0.0,54.0,-1.0,,NORMAL
1790739357.010145,esp32-1,-59.0,50.5164,13.77125,0.0,53.0,-1.0,,NORMAL
1790739362.7474296,esp32-1,-58.0,27.37325,24.286,20.0,53.0,-1.0,,NORMAL
1790739365.814971,esp32-1,-58.0,43.656,6.01975,0.0,53.0,-1.0,,NORMAL
1790739371.6518004,esp32-1,-59.0,22.324,17.73067,20.0,40.0,-1.0,,NORMAL
1790739376.6478744,esp32-1,-59.0,32.69675,28.385,20.0,31.0,-1.0,,NORMAL
1790739380.7776554,esp32-1,-59.0,43.4626,6.594999,0.0,54.0,-1.0,,NORMAL
1790739385.9087522,esp32-1,-59.0,50.1896,13.0405,0.0,54.0,-1.0,,NORMAL
1790739391.860454,esp32-1,-60.0,94.5075,87.22967,20.0,4.0,-1.0,,NORMAL
1790739395.8352065,esp32-1,-61.0,44.096,37.1725,0.0,5.0,-1.0,,NORMAL
1790739402.574107,esp32-1,-59.0,22.966,28.302,40.0,4.0,-1.0,,NORMAL
1790739406.6700873,esp32-1,-61.0,33.5795,29.38967,20.0,25.0,-1.0,,NORMAL
1790739411.6973634,esp32-1,-60.0,35.5555,34.98733,20.0,52.0,-1.0,,NORMAL
1790739417.5436382,esp32-1,-61.0,20.27867,13.614,40.0,2.0,-1.0,,NORMAL
1790739421.6582546,esp32-1,-61.0,25.9725,22.42267,20.0,53.0,-1.0,,NORMAL
1790739425.7705092,esp32-1,-60.0,42.5978,6.454499,0.0,54.0,-1.0,,NORMAL
1790739432.6945388,esp32-1,-59.0,30.509,2.275499,40.0,4.0,-1.0,,NORMAL
1790739436.7370017,esp32-1,-59.0,25.74175,21.53033,20.0,152.0,-1.0,,NORMAL
1790739440.7555246,esp32-1,-60.0,42.4392,6.499748,0.0,54.0,-1.0,,NORMAL
1790739447.6357307,esp32-1,-59.0,20.67133,13.5535,40.0,4.0,-1.0,,NORMAL
1790739451.7358658,esp32-1,-58.0,25.085,20.962,20.0,158.0,-1.0,,NORMAL
1790739455.7472937,esp32-1,-60.0,42.0272,6.15475,0.0,54.0,-1.0,,NORMAL
1790739460.8005574,esp32-1,-61.0,48.8836,7.658751,0.0,54.0,-1.0,,NORMAL
1790739466.6520963,esp32-1,-61.0,26.0305,12.21767,20.0,51.0,-1.0,,NORMAL
1790739470.7520394,esp32-1,-62.0,41.931,7.665999,0.0,54.0,-1.0,,NORMAL
1790739475.8228621,esp32-1,-61.0,48.59,5.47875,0.0,58.0,-1.0,,NORMAL
1790739481.74419,esp32-1,-61.0,24.824,20.68767,20.0,54.0,-1.0,,NORMAL
1790739485.8327522,esp32-1,-60.0,41.7294,6.298749,0.0,53.0,-1.0,,NORMAL
1790739491.6047888,esp32-1,-61.0,22.34975,18.261,20.0,28.0,-1.0,,NORMAL
1790739497.5457647,esp32-1,-60.0,21.06667,14.319,40.0,3.0,-1.0,,NORMAL
1790739500.787886,esp32-1,-62.0,41.6712,6.399251,0.0,53.0,-1.0,,NORMAL
1790739505.9032326,esp32-1,-61.0,48.4284,7.97075,0.0,53.0,-1.0,,NORMAL
1790739510.921757,esp32-1,-61.0,57.1888,26.77525,0.0,43.0,-1.0,,NORMAL
1790739516.684729,esp32-1,-63.0,35.95,40.70233,20.0,40.0,-1.0,,NORMAL
1790739521.0783553,esp32-1,-60.0,49.29301,24.75275,0.0,288.0,-1.0,,NORMAL
1790739526.666819,esp32-1,-63.0,28.941,30.57433,20.0,36.0,-1.0,,NORMAL
1790739530.8096604,esp32-1,-61.0,41.4032,10.8755,0.0,55.0,-1.0,,NORMAL
1790739535.919203,esp32-1,-63.0,47.8516,3.80125,0.0,54.0,-1.0,,NORMAL
1790739541.3354309,esp32-1,-58.0,136.7732,134.9538,0.0,52.0,-1.0,,NORMAL
1790739545.7390454,esp32-1,-59.0,40.8864,6.07975,0.0,53.0,-1.0,,NORMAL
1790739550.8591413,esp32-1,-60.0,47.854,6.83225,0.0,54.0,-1.0,,NORMAL
1790739556.696351,esp32-1,-59.0,23.731,18.97833,20.0,53.0,-1.0,,NORMAL
1790739560.7958963,esp32-1,-59.0,40.7694,13.555,0.0,58.0,-1.0,,NORMAL
1790739565.912592,esp32-1,-58.0,47.3676,4.547001,0.0,54.0,-1.0,,NORMAL
1790739571.649413,esp32-1,-62.0,23.87575,16.55067,20.0,52.0,-1.0,,NORMAL
1790739575.7579165,esp32-1,-59.0,40.408,6.685501,0.0,53.0,-1.0,,NORMAL
1790739580.787647,esp32-1,-59.0,47.2842,5.827751,0.0,54.0,-1.0,,NORMAL
1790739586.6310976,esp32-1,-57.0,24.96675,18.155,20.0,46.0,-1.0,,NORMAL
1790739591.92384,esp32-1,-60.0,40.1916,10.0625,0.0,53.0,-1.0,,NORMAL
1790739595.7769485,esp32-1,-61.0,47.2816,6.056751,0.0,53.0,-1.0,,NORMAL
1790739601.8597174,esp32-1,-59.0,23.20575,17.736,20.0,170.0,-1.0,,NORMAL
1790739606.565206,esp32-1,-58.0,201.0724,165.4692,0.0,69.0,-1.0,,NORMAL
1790739610.7736142,esp32-1,-59.0,46.9292,4.744,0.0,52.0,-1.0,,NORMAL
1790739617.5474627,esp32-1,-60.0,20.10467,13.1825,40.0,3.0,-1.0,,NORMAL
1790739620.801273,esp32-1,-59.0,40.0574,7.03125,0.0,52.0,-1.0,,NORMAL
1790739625.8231316,esp32-1,-59.0,46.5968,5.93475,0.0,54.0,-1.0,,NORMAL
1790739631.7826543,esp32-1,-59.0,22.47025,16.1,20.0,53.0,-1.0,,NORMAL
1790739636.9177058,esp32-1,-59.0,39.8296,9.055999,0.0,62.0,-1.0,,NORMAL
1790739640.8792996,esp32-1,-59.0,41.4728,11.50875,0.0,80.0,-1.0,,NORMAL
1790739646.7109447,esp32-1,-60.0,25.55925,16.812,20.0,41.0,-1.0,,NORMAL
1790739651.691984,esp32-1,-59.0,30.6375,16.125,20.0,53.0,-1.0,,NORMAL
1790739655.7880237,esp32-1,-59.0,46.9332,8.08475,0.0,53.0,-1.0,,NORMAL
1790739661.7482789,esp32-1,-58.0,22.0415,17.508,20.0,176.0,-1.0,,NORMAL
1790739665.7391257,esp32-1,-60.0,39.1808,6.520751,0.0,52.0,-1.0,,NORMAL
1790739670.7733018,esp32-1,-59.0,46.1608,6.149501,0.0,53.0,-1.0,,NORMAL
1790739676.6232653,esp32-1,-58.0,31.3175,29.81667,20.0,14.0,-1.0,,NORMAL
1790739680.734913,esp32-1,-59.0,39.2472,6.56775,0.0,53.0,-1.0,,NORMAL
1790739685.7203398,esp32-1,-59.0,45.7056,6.096751,0.0,4.0,-1.0,,NORMAL
1790739692.5656793,esp32-1,-59.0,20.43867,12.515,40.0,6.0,-1.0,,NORMAL
1790739696.9140868,esp32-1,-59.0,38.9616,7.17725,0.0,54.0,-1.0,,NORMAL
1790739700.9018908,esp32-1,-60.0,75.3598,98.86176,0.0,12.0,-1.0,,NORMAL
1790739706.6324275,esp32-1,-58.0,22.292,17.70967,20.0,49.0,-1.0,,NORMAL
1790739711.8397546,esp32-1,-60.0,38.7674,6.601,0.0,68.0,-1.0,,NORMAL
1790739716.7302563,esp32-1,-60.0,38.90225,52.61499,20.0,49.0,-1.0,,NORMAL
1790739720.9682798,esp32-1,-58.0,52.7006,5.072,0.0,52.0,-1.0,,NORMAL
1790739726.7178204,esp32-1,-60.0,37.767,17.564,20.0,19.0,-1.0,,NORMAL
1790739731.7945867,esp32-1,-59.0,74.0845,139.5503,20.0,4.0,-1.0,,NORMAL
1790739736.6251895,esp32-1,-58.0,21.80175,17.24267,20.0,48.0,-1.0,,NORMAL
1790739741.8442063,esp32-1,-60.0,38.3086,6.019001,0.0,53.0,-1.0,,NORMAL
1790739745.7881746,esp32-1,-62.0,45.1116,6.15125,0.0,53.0,-1.0,,NORMAL
1790739751.626459,esp32-1,-57.0,21.8615,17.26067,20.0,47.0,-1.0,,NORMAL
1790739756.8450868,esp32-1,-59.0,38.0868,6.19175,0.0,53.0,-1.0,,NORMAL
1790739760.889364,esp32-1,-58.0,44.7588,6.373001,0.0,53.0,-1.0,,NORMAL
1790739766.6269841,esp32-1,-58.0,22.30775,17.03967,20.0,44.0,-1.0,,NORMAL
1790739770.8420606,esp32-1,-59.0,66.7454,42.68,0.0,11.0,-1.0,,NORMAL
1790739775.7707932,esp32-1,-57.0,49.4614,12.33875,0.0,29.0,-1.0,,NORMAL
1790739781.6255298,esp32-1,-60.0,23.08275,15.781,20.0,40.0,-1.0,,NORMAL
1790739786.7575836,esp32-1,-59.0,27.9815,23.98966,20.0,150.0,-1.0,,NORMAL
1790739790.7776153,esp32-1,-59.0,44.3014,6.36025,0.0,57.0,-1.0,,NORMAL
1790739795.9131427,esp32-1,-57.0,50.9816,11.5925,0.0,53.0,-1.0,,NORMAL
1790739802.7314968,esp32-1,-58.0,27.75475,23.67,20.0,53.0,-1.0,,NORMAL
1790739805.7185693,esp32-1,-60.0,44.0414,6.310251,0.0,3.0,-1.0,,NORMAL
1790739811.6829112,esp32-1,-59.0,22.233,16.08267,20.0,40.0,-1.0,,NORMAL
1790739816.7596378,esp32-1,-59.0,27.48325,23.22,20.0,152.0,-1.0,,NORMAL
1790739820.900084,esp32-1,-59.0,43.8862,6.225501,0.0,52.0,-1.0,,NORMAL
1790739826.621379,esp32-1,-57.0,23.30625,13.81833,20.0,35.0,-1.0,,NORMAL
1790739831.7675679,esp32-1,-59.0,27.47975,24.554,20.0,158.0,-1.0,,NORMAL
1790739836.6709886,esp32-1,-60.0,22.3375,16.48167,20.0,3.0,-1.0,,NORMAL
1790739841.770112,esp32-1,-59.0,22.946,16.536,20.0,176.0,-1.0,,NORMAL
1790739846.6555424,esp32-1,-59.0,27.2775,20.95433,20.0,53.0,-1.0,,NORMAL
1790739850.776601,esp32-1,-58.0,43.4236,5.907751,0.0,53.0,-1.0,,NORMAL
1790739857.6606739,esp32-1,-61.0,22.33533,8.978499,40.0,4.0,-1.0,,NORMAL
1790739861.7572644,esp32-1,-59.0,26.9075,20.297,20.0,53.0,-1.0,,NORMAL
1790739865.7697496,esp32-1,-58.0,43.3904,6.265999,0.0,53.0,-1.0,,NORMAL
1790739871.6168847,esp32-1,-59.0,22.00375,17.347,20.0,37.0,-1.0,,NORMAL
1790739877.8352728,esp32-1,-60.0,26.54425,23.50967,20.0,53.0,-1.0,,NORMAL
1790739881.8770719,esp32-1,-61.0,42.9318,6.78125,0.0,54.0,-1.0,,NORMAL
1790739885.8025615,esp32-1,-59.0,49.7194,10.31525,0.0,57.0,-1.0,,NORMAL
1790739891.8659265,esp32-1,-60.0,26.12375,22.56433,20.0,168.0,-1.0,,NORMAL
1790739896.8378928,esp32-1,-61.0,42.636,6.172499,0.0,56.0,-1.0,,NORMAL
1790739901.6158018,esp32-1,-59.0,21.4685,16.611,20.0,37.0,-1.0,,NORMAL
1790739906.6175554,esp32-1,-60.0,25.735,20.86367,20.0,4.0,-1.0,,NORMAL
1790739911.940175,esp32-1,-58.0,42.6906,6.650251,0.0,58.0,-1.0,,NORMAL
1790739917.570255,esp32-1,-60.0,20.19567,14.588,40.0,3.0,-1.0,,NORMAL
1790739921.8678682,esp32-1,-59.0,25.633,20.443,20.0,173.0,-1.0,,NORMAL
1790739926.8396447,esp32-1,-60.0,42.2786,6.18075,0.0,60.0,-1.0,,NORMAL
1790739931.6180658,esp32-1,-59.0,22.095,16.27933,20.0,31.0,-1.0,,NORMAL
1790739936.8198416,esp32-1,-59.0,25.44325,21.34867,20.0,174.0,-1.0,,NORMAL
1790739941.884567,esp32-1,-61.0,42.1666,6.186251,0.0,61.0,-1.0,,NORMAL
1790739946.6654656,esp32-1,-57.0,23.08475,18.24367,20.0,27.0,-1.0,,NORMAL
1790739952.8280487,esp32-1,-58.0,25.16675,20.245,20.0,53.0,-1.0,,NORMAL
1790739955.7618785,esp32-1,-60.0,41.9262,5.63575,0.0,53.0,-1.0,,NORMAL
1790739962.7283492,esp32-1,-59.0,21.41867,19.612,40.0,7.0,-1.0,,NORMAL
1790739966.7262216,esp32-1,-59.0,28.81525,1.185666,20.0,3.0,-1.0,,NORMAL
1790739971.888994,esp32-1,-60.0,41.4296,9.01425,0.0,67.0,-1.0,,NORMAL
1790739976.7574148,esp32-1,-62.0,21.91575,17.319,20.0,28.0,-1.0,,NORMAL
1790739982.744425,esp32-1,-59.0,24.27825,20.356,20.0,53.0,-1.0,,NORMAL
1790739986.793039,esp32-1,-59.0,42.25075,63.96234,20.0,2.0,-1.0,,NORMAL
1790739992.5886152,esp32-1,-59.0,29.06933,2.037499,40.0,4.0,-1.0,,NORMAL
1790739996.7783434,esp32-1,-57.0,24.20675,20.406,20.0,185.0,-1.0,,NORMAL
1790740001.9484036,esp32-1,-58.0,41.1916,6.45675,0.0,69.0,-1.0,,NORMAL
1790740005.7983098,esp32-1,-60.0,47.8258,6.65875,0.0,53.0,-1.0,,NORMAL
1790740011.788438,esp32-1,-57.0,23.803,19.59433,20.0,183.0,-1.0,,NORMAL
1790740015.8761253,esp32-1,-59.0,41.0144,6.23325,0.0,53.0,-1.0,,NORMAL
1790740020.7910113,esp32-1,-60.0,47.756,6.197749,0.0,53.0,-1.0,,NORMAL
1790740026.7918453,esp32-1,-56.0,22.315,18.386,20.0,195.0,-1.0,,NORMAL
1790740031.8010423,esp32-1,-59.0,40.7258,6.613249,0.0,52.0,-1.0,,NORMAL
1790740035.7998986,esp32-1,-59.0,47.4168,6.333502,0.0,58.0,-1.0,,NORMAL
1790740042.7603421,esp32-1,-58.0,23.364,19.18533,20.0,53.0,-1.0,,NORMAL
1790740046.9341471,esp32-1,-59.0,40.7254,6.0655,0.0,76.0,-1.0,,NORMAL
1790740050.7941296,esp32-1,-59.0,47.5268,5.952499,0.0,52.0,-1.0,,NORMAL
1790740056.7923758,esp32-1,-59.0,23.259,19.02433,20.0,189.0,-1.0,,NORMAL
1790740061.9031236,esp32-1,-59.0,40.2804,7.139251,0.0,77.0,-1.0,,NORMAL
1790740066.2586777,esp32-1,-61.0,88.3932,119.68,0.0,268.0,-1.0,,NORMAL
1790740071.7887661,esp32-1,-59.0,23.019,16.07333,20.0,190.0,-1.0,,NORMAL
1790740076.9352822,esp32-1,-59.0,39.9292,6.34875,0.0,53.0,-1.0,,NORMAL
1790740080.8083172,esp32-1,-62.0,46.952,5.7805,0.0,53.0,-1.0,,NORMAL
1790740086.6485841,esp32-1,-58.0,23.213,17.57167,20.0,50.0,-1.0,,NORMAL
1790740090.7582538,esp32-1,-59.0,46.2542,13.4895,0.0,22.0,-1.0,,NORMAL
1790740095.7959378,esp32-1,-64.0,46.8024,6.186001,0.0,53.0,-1.0,,NORMAL
1790740100.8227322,esp32-1,-58.0,32.92,6.77275,0.0,114.0,-1.0,,NORMAL
1790740106.8618946,esp32-1,-62.0,39.8226,6.157501,0.0,80.0,-1.0,,NORMAL
1790740110.7923903,esp32-1,-59.0,46.7052,6.29975,0.0,53.0,-1.0,,NORMAL
1790740116.6433685,esp32-1,-59.0,22.62525,15.92967,20.0,50.0,-1.0,,NORMAL
1790740120.857065,esp32-1,-61.0,67.41341,43.46075,0.0,16.0,-1.0,,NORMAL
1790740125.7953625,esp32-1,-59.0,46.4596,6.255251,0.0,53.0,-1.0,,NORMAL
1790740131.695128,esp32-1,-60.0,22.6605,17.24533,20.0,50.0,-1.0,,NORMAL
1790740136.8610437,esp32-1,-60.0,39.2762,6.49675,0.0,53.0,-1.0,,NORMAL
1790740142.7944722,esp32-1,-58.0,83.1065,134.9607,20.0,950.0,-1.0,,NORMAL
1790740146.6536722,esp32-1,-59.0,21.6905,16.003,20.0,53.0,-1.0,,NORMAL
1790740151.868573,esp32-1,-58.0,38.9322,6.255499,0.0,53.0,-1.0,,NORMAL
1790740155.9651046,esp32-1,-60.0,71.832,37.703,0.0,26.0,-1.0,,NORMAL
1790740161.7604666,esp32-1,-59.0,23.10775,18.454,20.0,155.0,-1.0,,NORMAL
1790740166.921834,esp32-1,-59.0,29.9165,25.66533,20.0,163.0,-1.0,,NORMAL
1790740170.7937756,esp32-1,-60.0,45.852,6.354501,0.0,55.0,-1.0,,NORMAL
1790740177.5792675,esp32-1,-59.0,21.04933,14.136,40.0,3.0,-1.0,,NORMAL
1790740181.8197086,esp32-1,-59.0,38.6278,7.2945,0.0,53.0,-1.0,,NORMAL
1790740185.796583,esp32-1,-59.0,45.3052,6.017999,0.0,54.0,-1.0,,NORMAL
1790740191.6443639,esp32-1,-61.0,22.155,17.471,20.0,48.0,-1.0,,NORMAL
1790740196.8778033,esp32-1,-61.0,38.2892,7.361251,0.0,54.0,-1.0,,NORMAL
1790740201.9682536,esp32-1,-59.0,45.1786,6.266999,0.0,54.0,-1.0,,NORMAL
1790740206.6522083,esp32-1,-57.0,22.462,18.84867,20.0,46.0,-1.0,,NORMAL
1790740211.8347328,esp32-1,-61.0,38.1398,6.3675,0.0,89.0,-1.0,,NORMAL
1790740216.8937979,esp32-1,-59.0,45.0034,5.358249,0.0,52.0,-1.0,,NORMAL
1790740221.707478,esp32-1,-59.0,22.09725,17.26567,20.0,45.0,-1.0,,NORMAL
1790740226.7980347,esp32-1,-58.0,28.73575,20.53567,20.0,169.0,-1.0,,NORMAL
1790740231.8959198,esp32-1,-58.0,44.8896,5.744001,0.0,57.0,-1.0,,NORMAL
1790740236.760893,esp32-1,-60.0,22.19825,17.96767,20.0,46.0,-1.0,,NORMAL
1790740241.933721,esp32-1,-60.0,37.715,6.1735,0.0,93.0,-1.0,,NORMAL
1790740245.976904,esp32-1,-59.0,68.7654,84.88425,0.0,35.0,-1.0,,NORMAL
1790740251.7137053,esp32-1,-59.0,22.099,17.60066,20.0,44.0,-1.0,,NORMAL
1790740256.7980006,esp32-1,-57.0,28.41625,26.016,20.0,172.0,-1.0,,NORMAL
1790740261.8989155,esp32-1,-61.0,44.583,6.28975,0.0,53.0,-1.0,,NORMAL
1790740267.7446516,esp32-1,-58.0,22.40525,18.396,20.0,52.0,-1.0,,NORMAL
1790740272.7046454,esp32-1,-61.0,21.766,13.791,40.0,4.0,-1.0,,NORMAL
1790740277.0065184,esp32-1,-59.0,43.934,6.10925,0.0,62.0,-1.0,,NORMAL
1790740281.6477766,esp32-1,-61.0,21.619,16.917,20.0,44.0,-1.0,,NORMAL
1790740286.8385477,esp32-1,-61.0,27.484,22.12767,20.0,175.0,-1.0,,NORMAL
1790740291.9074333,esp32-1,-59.0,44.0566,6.233252,0.0,64.0,-1.0,,NORMAL
1790740296.7715316,esp32-1,-58.0,21.66,16.91767,20.0,43.0,-1.0,,NORMAL
1790740301.0260153,esp32-1,-60.0,37.1418,6.553249,0.0,98.0,-1.0,,NORMAL
1790740306.853586,esp32-1,-60.0,43.7224,6.32275,0.0,64.0,-1.0,,NORMAL
1790740311.640564,esp32-1,-58.0,24.00175,20.39633,20.0,32.0,-1.0,,NORMAL
1790740316.8416085,esp32-1,-60.0,27.1995,22.578,20.0,177.0,-1.0,,NORMAL
1790740321.2005942,esp32-1,-57.0,84.789,111.404,0.0,260.0,-1.0,,NORMAL
1790740326.687427,esp32-1,-59.0,21.88225,17.36066,20.0,40.0,-1.0,,NORMAL
1790740331.8931632,esp32-1,-62.0,26.98525,24.01233,20.0,178.0,-1.0,,NORMAL
1790740337.1161237,esp32-1,-59.0,43.3564,6.967751,0.0,65.0,-1.0,,NORMAL
1790740341.7243702,esp32-1,-60.0,22.72325,13.874,20.0,35.0,-1.0,,NORMAL
1790740346.8034954,esp32-1,-61.0,26.57275,21.56433,20.0,179.0,-1.0,,NORMAL
1790740350.9405656,esp32-1,-58.0,63.576,55.7245,0.0,52.0,-1.0,,NORMAL
1790740356.646576,esp32-1,-57.0,22.28325,18.93767,20.0,35.0,-1.0,,NORMAL
1790740361.8090253,esp32-1,-59.0,26.5035,21.21733,20.0,180.0,-1.0,,NORMAL
1790740366.9583924,esp32-1,-60.0,43.1546,6.107751,0.0,68.0,-1.0,,NORMAL
1790740371.729251,esp32-1,-58.0,22.23675,18.06733,20.0,36.0,-1.0,,NORMAL
1790740376.8074071,esp32-1,-59.0,26.572,23.26767,20.0,183.0,-1.0,,NORMAL
1790740381.917989,esp32-1,-59.0,43.0288,6.764001,0.0,72.0,-1.0,,NORMAL
1790740386.689105,esp32-1,-59.0,22.46625,17.69067,20.0,35.0,-1.0,,NORMAL
1790740392.8488696,esp32-1,-58.0,26.1795,21.29033,20.0,53.0,-1.0,,NORMAL
1790740395.8966167,esp32-1,-57.0,42.6246,6.373501,0.0,52.0,-1.0,,NORMAL
1790740401.732333,esp32-1,-61.0,22.9565,17.17967,20.0,31.0,-1.0,,NORMAL
1790740406.8044255,esp32-1,-58.0,26.068,21.254,20.0,187.0,-1.0,,NORMAL
1790740411.9730577,esp32-1,-59.0,42.5334,7.449501,0.0,77.0,-1.0,,NORMAL
1790740416.6857502,esp32-1,-57.0,21.88875,15.94567,20.0,34.0,-1.0,,NORMAL
1790740420.8412085,esp32-1,-58.0,35.6612,7.7205,0.0,109.0,-1.0,,NORMAL
1790740426.9586766,esp32-1,-59.0,42.1318,5.966501,0.0,75.0,-1.0,,NORMAL
1790740431.7375114,esp32-1,-58.0,22.21,16.28733,20.0,32.0,-1.0,,NORMAL
1790740436.68353,esp32-1,-61.0,25.593,18.36733,20.0,53.0,-1.0,,NORMAL
1790740441.8793151,esp32-1,-60.0,42.273,7.473499,0.0,53.0,-1.0,,NORMAL
1790740446.64937,esp32-1,-59.0,23.36225,18.00967,20.0,30.0,-1.0,,NORMAL
1790740452.6436808,esp32-1,-59.0,20.831,11.02,40.0,3.0,-1.0,,NORMAL
1790740456.8798459,esp32-1,-58.0,41.7204,6.871749,0.0,77.0,-1.0,,NORMAL
1790740462.6667788,esp32-1,-60.0,21.53433,21.7625,40.0,4.0,-1.0,,NORMAL
1790740466.813557,esp32-1,-60.0,24.66725,21.52933,20.0,192.0,-1.0,,NORMAL
1790740470.8573241,esp32-1,-58.0,41.7786,6.3695,0.0,53.0,-1.0,,NORMAL
1790740475.8240364,esp32-1,-60.0,48.5844,7.457502,0.0,53.0,-1.0,,NORMAL
1790740480.852771,esp32-1,-59.0,34.8074,6.645999,0.0,159.0,-1.0,,NORMAL
1790740486.9588525,esp32-1,-61.0,42.1518,8.183999,0.0,53.0,-1.0,,NORMAL
1790740491.7477353,esp32-1,-61.0,22.54275,17.955,20.0,30.0,-1.0,,NORMAL
1790740496.968853,esp32-1,-63.0,25.27375,21.66133,20.0,191.0,-1.0,,NORMAL
1790740500.785362,esp32-1,-59.0,41.8614,5.46525,0.0,53.0,-1.0,,NORMAL
1790740506.7000413,esp32-1,-59.0,21.99325,17.38333,20.0,30.0,-1.0,,NORMAL
1790740511.7193449,esp32-1,-60.0,28.52625,25.461,20.0,37.0,-1.0,,NORMAL
1790740516.8875523,esp32-1,-61.0,41.7126,6.6095,0.0,80.0,-1.0,,NORMAL
1790740521.9566653,esp32-1,-59.0,72.70674,152.1533,20.0,32.0,-1.0,,NORMAL
1790740526.8705401,esp32-1,-59.0,24.48925,20.709,20.0,194.0,-1.0,,NORMAL
1790740531.8450074,esp32-1,-58.0,41.6622,6.562251,0.0,81.0,-1.0,,NORMAL
1790740536.7024736,esp32-1,-59.0,22.376,17.806,20.0,27.0,-1.0,,NORMAL
1790740541.9234734,esp32-1,-59.0,24.42375,19.805,20.0,195.0,-1.0,,NORMAL
1790740546.8931243,esp32-1,-56.0,41.2682,5.538249,0.0,82.0,-1.0,,NORMAL
1790740551.8396194,esp32-1,-61.0,73.0755,151.5523,20.0,29.0,-1.0,,NORMAL
1790740557.6944275,esp32-1,-58.0,19.594,12.9075,40.0,3.0,-1.0,,NORMAL
1790740562.0003982,esp32-1,-62.0,41.1634,6.804999,0.0,83.0,-1.0,,NORMAL
1790740565.812558,esp32-1,-60.0,47.8688,7.30075,0.0,52.0,-1.0,,NORMAL
1790740571.8089874,esp32-1,-60.0,23.75425,19.77633,20.0,197.0,-1.0,,NORMAL
1790740576.8989854,esp32-1,-59.0,41.0814,6.869,0.0,84.0,-1.0,,NORMAL
1790740580.812494,esp32-1,-57.0,47.5994,6.96025,0.0,54.0,-1.0,,NORMAL
1790740587.7524025,esp32-1,-58.0,23.777,19.77167,20.0,54.0,-1.0,,NORMAL
1790740591.9510071,esp32-1,-59.0,40.5972,6.170001,0.0,86.0,-1.0,,NORMAL
1790740595.8907945,esp32-1,-58.0,47.7164,6.517251,0.0,52.0,-1.0,,NORMAL
1790740601.8270626,esp32-1,-57.0,23.28125,16.531,20.0,200.0,-1.0,,NORMAL
1790740606.9001622,esp32-1,-59.0,40.4802,6.704499,0.0,88.0,-1.0,,NORMAL
1790740611.9914248,esp32-1,-61.0,47.5098,5.706251,0.0,54.0,-1.0,,NORMAL
1790740616.8184216,esp32-1,-60.0,23.18825,18.927,20.0,201.0,-1.0,,NORMAL
1790740620.981095,esp32-1,-58.0,40.3644,6.255251,0.0,53.0,-1.0,,NORMAL
1790740627.616915,esp32-1,-59.0,29.795,1.521999,40.0,4.0,-1.0,,NORMAL
1790740632.706131,esp32-1,-58.0,22.7705,18.43367,20.0,54.0,-1.0,,NORMAL
1790740636.9570925,esp32-1,-59.0,40.534,5.837999,0.0,88.0,-1.0,,NORMAL
1790740641.990833,esp32-1,-58.0,47.034,6.32,0.0,53.0,-1.0,,NORMAL
1790740646.674622,esp32-1,-60.0,22.8455,18.22767,20.0,52.0,-1.0,,NORMAL
1790740651.8566854,esp32-1,-59.0,40.0542,6.5355,0.0,90.0,-1.0,,NORMAL
1790740655.808907,esp32-1,-58.0,46.9458,6.236,0.0,52.0,-1.0,,NORMAL
1790740661.7378871,esp32-1,-60.0,23.23775,18.78267,20.0,49.0,-1.0,,NORMAL
1790740666.912023,esp32-1,-59.0,39.7836,6.414249,0.0,53.0,-1.0,,NORMAL
1790740671.990763,esp32-1,-58.0,46.5624,6.215,0.0,57.0,-1.0,,NORMAL
1790740676.793374,esp32-1,-60.0,22.3285,19.33367,20.0,51.0,-1.0,,NORMAL
1790740680.7730563,esp32-1,-58.0,39.5838,7.4495,0.0,53.0,-1.0,,NORMAL
1790740686.48419,esp32-1,-59.0,46.2108,6.59275,0.0,52.0,-1.0,,NORMAL
1790740691.740713,esp32-1,-60.0,23.69725,12.60633,20.0,45.0,-1.0,,NORMAL
1790740696.2504466,esp32-1,-59.0,80.8826,118.972,0.0,268.0,-1.0,,NORMAL
1790740700.8126051,esp32-1,-57.0,46.6724,5.89975,0.0,53.0,-1.0,,NORMAL
1790740705.8964598,esp32-1,-58.0,32.7736,6.481499,0.0,127.0,-1.0,,NORMAL
1790740711.8617399,esp32-1,-57.0,39.7656,6.19275,0.0,53.0,-1.0,,NORMAL
1790740715.9154115,esp32-1,-58.0,76.80721,43.32,0.0,5.0,-1.0,,NORMAL
1790740721.6726425,esp32-1,-60.0,24.32025,15.07967,20.0,44.0,-1.0,,NORMAL
1790740726.916945,esp32-1,-59.0,39.7004,6.3905,0.0,97.0,-1.0,,NORMAL
1790740731.9401822,esp32-1,-57.0,46.3468,6.25775,0.0,62.0,-1.0,,NORMAL
1790740736.7979698,esp32-1,-59.0,22.12975,17.70167,20.0,51.0,-1.0,,NORMAL
1790740741.0526605,esp32-1,-58.0,39.301,6.171499,0.0,96.0,-1.0,,NORMAL
1790740746.4874191,esp32-1,-59.0,46.0184,7.186501,0.0,62.0,-1.0,,NORMAL
1790740751.7492092,esp32-1,-59.0,21.84725,15.41133,20.0,51.0,-1.0,,NORMAL
1790740758.524908,esp32-1,-57.0,39.1304,11.96275,0.0,99.0,-1.0,,NORMAL
1790740761.8334434,esp32-1,-58.0,32.1045,10.932,20.0,169.0,-1.0,,NORMAL
1790740766.663934,esp32-1,-59.0,24.46125,19.34966,20.0,39.0,-1.0,,NORMAL
1790740771.0585244,esp32-1,-57.0,38.802,6.60375,0.0,100.0,-1.0,,NORMAL
1790740775.9165092,esp32-1,-58.0,45.8666,6.0575,0.0,53.0,-1.0,,NORMAL
1790740781.6656406,esp32-1,-56.0,21.68625,16.93067,20.0,51.0,-1.0,,NORMAL
1790740785.9547422,esp32-1,-59.0,38.5518,7.045751,0.0,101.0,-1.0,,NORMAL
1790740791.947106,esp32-1,-59.0,45.5172,6.1555,0.0,53.0,-1.0,,NORMAL
1790740796.66912,esp32-1,-60.0,21.93575,17.29567,20.0,48.0,-1.0,,NORMAL
1790740801.010464,esp32-1,-60.0,38.4694,6.710249,0.0,105.0,-1.0,,NORMAL
1790740806.575956,esp32-1,-59.0,45.3466,6.223001,0.0,53.0,-1.0,,NORMAL
1790740811.757924,esp32-1,-59.0,23.597,19.11933,20.0,40.0,-1.0,,NORMAL
1790740815.734161,esp32-1,-60.0,38.059,6.057,0.0,7.0,-1.0,,NORMAL
1790740821.8235905,esp32-1,-58.0,45.1812,4.861001,0.0,74.0,-1.0,,NORMAL
1790740826.9173198,esp32-1,-60.0,276.9774,481.0768,0.0,2.0,-1.0,,NORMAL
1790740831.8797038,esp32-1,-59.0,37.9934,6.01175,0.0,53.0,-1.0,,NORMAL
1790740836.9903078,esp32-1,-59.0,44.9426,6.132249,0.0,53.0,-1.0,,NORMAL
1790740842.389111,esp32-1,-59.0,214.7933,520.8673,20.0,3.0,-1.0,,NORMAL
1790740845.8739216,esp32-1,-57.0,37.6544,6.900749,0.0,108.0,-1.0,,NORMAL
1790740851.950277,esp32-1,-59.0,44.7008,6.419251,0.0,75.0,-1.0,,NORMAL
1790740856.5684028,esp32-1,-58.0,195.8512,397.7655,0.0,50.0,-1.0,,NORMAL
1790740860.8200314,esp32-1,-58.0,37.6472,6.639751,0.0,52.0,-1.0,,NORMAL
1790740865.806079,esp32-1,-61.0,44.321,6.210999,0.0,52.0,-1.0,,NORMAL
1790740871.9731722,esp32-1,-59.0,227.065,436.729,0.0,166.0,-1.0,,NORMAL
1790740877.761952,esp32-1,-58.0,28.068,24.711,20.0,53.0,-1.0,,NORMAL
1790740882.0098364,esp32-1,-59.0,44.1058,6.12025,0.0,77.0,-1.0,,NORMAL
1790740886.821856,esp32-1,-60.0,194.859,401.0455,0.0,266.0,-1.0,,NORMAL
1790740891.942869,esp32-1,-59.0,27.95525,24.833,20.0,189.0,-1.0,,NORMAL
1790740896.9582288,esp32-1,-58.0,75.524,146.83,20.0,4.0,-1.0,,NORMAL
1790740901.1904206,esp32-1,-62.0,70.521,101.3885,0.0,302.0,-1.0,,NORMAL
1790740906.8413215,esp32-1,-57.0,27.629,24.98033,20.0,191.0,-1.0,,NORMAL
1790740910.8134453,esp32-1,-59.0,43.6394,6.19425,0.0,53.0,-1.0,,NORMAL
1790740916.7797742,esp32-1,-59.0,194.4784,404.393,0.0,273.0,-1.0,,NORMAL
1790740921.9058807,esp32-1,-58.0,38.0488,6.431499,0.0,53.0,-1.0,,NORMAL
1790740926.5788348,esp32-1,-57.0,44.783,6.733749,0.0,73.0,-1.0,,NORMAL
1790740932.7425308,esp32-1,-59.0,195.2418,408.7473,0.0,53.0,-1.0,,NORMAL
1790740935.8794281,esp32-1,-59.0,37.8658,6.405,0.0,108.0,-1.0,,NORMAL
1790740940.8206892,esp32-1,-58.0,44.5736,6.29975,0.0,52.0,-1.0,,NORMAL
1790740947.4960108,esp32-1,-60.0,174.9578,367.1255,0.0,53.0,-1.0,,NORMAL
1790740951.704022,esp32-1,-59.0,28.36575,21.93867,20.0,53.0,-1.0,,NORMAL
1790740956.7406113,esp32-1,-59.0,51.182,81.04433,20.0,6.0,-1.0,,NORMAL
1790740961.8872478,esp32-1,-58.0,195.0148,410.7565,0.0,222.0,-1.0,,NORMAL
1790740967.0036845,esp32-1,-61.0,28.04075,25.381,20.0,191.0,-1.0,,NORMAL
1790740971.9750497,esp32-1,-60.0,44.109,6.385749,0.0,80.0,-1.0,,NORMAL
1790740976.9366076,esp32-1,-61.0,194.8618,410.5553,0.0,277.0,-1.0,,NORMAL
1790740981.9534695,esp32-1,-58.0,27.39775,23.17133,20.0,193.0,-1.0,,NORMAL
1790740986.5005553,esp32-1,-61.0,44.0082,5.918999,0.0,86.0,-1.0,,NORMAL
1790740991.816303,esp32-1,-59.0,194.4112,414.1785,0.0,227.0,-1.0,,NORMAL
1790740996.7022865,esp32-1,-59.0,27.49325,24.57667,20.0,53.0,-1.0,,NORMAL
1790741001.8690426,esp32-1,-57.0,43.6552,6.3305,0.0,81.0,-1.0,,NORMAL
1790741007.4589667,esp32-1,-60.0,230.0657,561.2383,20.0,2.0,-1.0,,NORMAL
1790741011.8339164,esp32-1,-58.0,27.177,21.391,20.0,194.0,-1.0,,NORMAL
1790741016.988342,esp32-1,-59.0,43.4324,8.20725,0.0,83.0,-1.0,,NORMAL
1790741022.4681792,esp32-1,-59.0,230.226,563.4097,20.0,3.0,-1.0,,NORMAL
1790741025.7716272,esp32-1,-61.0,36.4886,6.34225,0.0,52.0,-1.0,,NORMAL
1790741031.0070598,esp32-1,-58.0,73.5698,44.101,0.0,5.0,-1.0,,NORMAL
1790741037.5587554,esp32-1,-58.0,231.7143,567.2377,20.0,2.0,-1.0,,NORMAL
1790741041.9627461,esp32-1,-61.0,26.665,21.34833,20.0,198.0,-1.0,,NORMAL
1790741046.5003693,esp32-1,-59.0,43.3122,7.50075,0.0,84.0,-1.0,,NORMAL
1790741052.4763231,esp32-1,-58.0,232.8327,569.5587,20.0,3.0,-1.0,,NORMAL
1790741056.950758,esp32-1,-61.0,26.3665,21.68933,20.0,200.0,-1.0,,NORMAL
1790741060.83997,esp32-1,-57.0,38.2654,12.23975,0.0,112.0,-1.0,,NORMAL
1790741067.4877434,esp32-1,-59.0,233.2402,571.721,20.0,3.0,-1.0,,NORMAL
1790741071.9668415,esp32-1,-58.0,26.10975,21.92,20.0,201.0,-1.0,,NORMAL
1790741076.9319203,esp32-1,-60.0,43.3182,7.386499,0.0,53.0,-1.0,,NORMAL
1790741082.616795,esp32-1,-59.0,235.647,576.8487,20.0,9.0,-1.0,,NORMAL
1790741086.841383,esp32-1,-58.0,25.7815,22.262,20.0,201.0,-1.0,,NORMAL
1790741091.902927,esp32-1,-57.0,42.6376,9.721001,0.0,88.0,-1.0,,NORMAL
1790741097.567509,esp32-1,-60.0,236.205,580.022,20.0,5.0,-1.0,,NORMAL
1790741101.8264499,esp32-1,-59.0,25.72525,22.41467,20.0,178.0,-1.0,,NORMAL
1790741106.4895163,esp32-1,-59.0,42.2322,6.37225,0.0,53.0,-1.0,,NORMAL
1790741112.4943595,esp32-1,-60.0,237.0395,582.6964,20.0,3.0,-1.0,,NORMAL
1790741117.6676571,esp32-1,-60.0,20.41633,13.7315,40.0,3.0,-1.0,,NORMAL
1790741120.916005,esp32-1,-59.0,41.8834,6.21225,0.0,53.0,-1.0,,NORMAL
1790741127.5055509,esp32-1,-58.0,239.6315,588.4354,20.0,3.0,-1.0,,NORMAL
1790741131.7714653,esp32-1,-58.0,24.783,19.884,20.0,53.0,-1.0,,NORMAL
1790741136.1228683,esp32-1,-58.0,41.6268,28.26775,0.0,94.0,-1.0,,NORMAL
1790741141.9194694,esp32-1,-62.0,212.9144,444.151,0.0,240.0,-1.0,,NORMAL
1790741145.8754985,esp32-1,-61.0,35.1294,6.76425,0.0,130.0,-1.0,,NORMAL
1790741151.8882468,esp32-1,-59.0,41.8444,6.181999,0.0,94.0,-1.0,,NORMAL
1790741156.4556024,esp32-1,-59.0,173.0998,355.0842,0.0,47.0,-1.0,,NORMAL
1790741161.8777308,esp32-1,-60.0,24.67825,21.06367,20.0,188.0,-1.0,,NORMAL
1790741166.5077837,esp32-1,-59.0,41.6592,6.19425,0.0,95.0,-1.0,,NORMAL
1790741172.6006916,esp32-1,-58.0,19.91967,12.2945,40.0,3.0,-1.0,,NORMAL
1790741176.8548467,esp32-1,-59.0,24.43275,19.69533,20.0,209.0,-1.0,,NORMAL
1790741180.9243069,esp32-1,-58.0,41.3622,6.620999,0.0,52.0,-1.0,,NORMAL
1790741185.8401518,esp32-1,-58.0,48.249,8.0,0.0,52.0,-1.0,,NORMAL
1790741191.8347492,esp32-1,-56.0,24.177,18.869,20.0,194.0,-1.0,,NORMAL
1790741195.753389,esp32-1,-60.0,41.1078,6.256999,0.0,3.0,-1.0,,NORMAL
1790741201.0496395,esp32-1,-59.0,89.01081,118.6715,0.0,52.0,-1.0,,NORMAL
1790741206.8556788,esp32-1,-58.0,23.701,19.15833,20.0,212.0,-1.0,,NORMAL
1790741211.904645,esp32-1,-60.0,40.9294,6.3245,0.0,53.0,-1.0,,NORMAL
1790741216.7646487,esp32-1,-59.0,43.64825,74.99667,20.0,42.0,-1.0,,NORMAL
1790741221.706587,esp32-1,-60.0,23.89125,18.03066,20.0,51.0,-1.0,,NORMAL
1790741226.5165718,esp32-1,-58.0,40.6558,6.19125,0.0,53.0,-1.0,,NORMAL
1790741230.8469667,esp32-1,-59.0,47.6206,5.59875,0.0,52.0,-1.0,,NORMAL
1790741237.614796,esp32-1,-58.0,21.086,12.879,40.0,3.0,-1.0,,NORMAL
1790741241.9081337,esp32-1,-55.0,40.2114,7.341499,0.0,54.0,-1.0,,NORMAL
1790741246.976662,esp32-1,-60.0,47.1722,5.23875,0.0,69.0,-1.0,,NORMAL
1790741251.841631,esp32-1,-59.0,22.86625,18.81633,20.0,204.0,-1.0,,NORMAL
1790741256.852292,esp32-1,-59.0,40.1774,6.5945,0.0,53.0,-1.0,,NORMAL
1790741261.7212753,esp32-1,-59.0,27.4475,15.74333,20.0,4.0,-1.0,,NORMAL
1790741266.8601706,esp32-1,-60.0,22.73125,17.89533,20.0,219.0,-1.0,,NORMAL
1790741271.9153156,esp32-1,-59.0,39.8454,8.42575,0.0,53.0,-1.0,,NORMAL
1790741275.835053,esp32-1,-59.0,46.7072,6.379499,0.0,52.0,-1.0,,NORMAL
1790741282.718385,esp32-1,-61.0,22.306,13.425,40.0,3.0,-1.0,,NORMAL
1790741286.506561,esp32-1,-59.0,40.0198,8.84675,0.0,53.0,-1.0,,NORMAL
1790741291.9303493,esp32-1,-61.0,46.493,6.215249,0.0,53.0,-1.0,,NORMAL
1790741296.8644176,esp32-1,-60.0,22.2625,17.51033,20.0,220.0,-1.0,,NORMAL
1790741300.9529338,esp32-1,-59.0,39.7282,6.04525,0.0,109.0,-1.0,,NORMAL
1790741305.9619167,esp32-1,-58.0,46.4914,6.21175,0.0,53.0,-1.0,,NORMAL
1790741311.693085,esp32-1,-60.0,24.6585,17.69767,20.0,42.0,-1.0,,NORMAL
1790741315.7517087,esp32-1,-62.0,39.2136,7.180251,0.0,3.0,-1.0,,NORMAL
1790741320.785206,esp32-1,-59.0,46.0686,6.206249,0.0,3.0,-1.0,,NORMAL
1790741327.6691742,esp32-1,-60.0,20.15867,14.1575,40.0,4.0,-1.0,,NORMAL
1790741330.8959534,esp32-1,-60.0,39.2672,6.8965,0.0,110.0,-1.0,,NORMAL
1790741336.872451,esp32-1,-60.0,79.04475,148.9057,20.0,3.0,-1.0,,NORMAL
1790741341.8009043,esp32-1,-61.0,22.15025,17.38733,20.0,50.0,-1.0,,NORMAL
1790741345.9036522,esp32-1,-58.0,38.791,6.50075,0.0,111.0,-1.0,,NORMAL
1790741350.9155555,esp32-1,-60.0,45.7548,5.706999,0.0,53.0,-1.0,,NORMAL
1790741356.6964648,esp32-1,-59.0,22.63225,18.01367,20.0,47.0,-1.0,,NORMAL
1790741360.9073377,esp32-1,-59.0,59.4666,50.08725,0.0,54.0,-1.0,,NORMAL
1790741367.0126925,esp32-1,-60.0,45.7048,5.2055,0.0,79.0,-1.0,,NORMAL
1790741371.6821468,esp32-1,-58.0,22.49925,16.298,20.0,46.0,-1.0,,NORMAL
1790741376.0041802,esp32-1,-60.0,38.6668,7.229001,0.0,114.0,-1.0,,NORMAL
1790741381.9165645,esp32-1,-58.0,45.2848,6.214499,0.0,81.0,-1.0,,NORMAL
1790741386.6906826,esp32-1,-60.0,22.9115,18.52833,20.0,43.0,-1.0,,NORMAL
1790741390.7989974,esp32-1,-60.0,38.0912,6.5025,0.0,52.0,-1.0,,NORMAL
1790741395.8304894,esp32-1,-60.0,44.9828,4.8895,0.0,52.0,-1.0,,NORMAL
1790741401.6942046,esp32-1,-58.0,22.00375,17.185,20.0,46.0,-1.0,,NORMAL
1790741405.9026656,esp32-1,-57.0,37.9152,6.4505,0.0,117.0,-1.0,,NORMAL
1790741411.8943753,esp32-1,-58.0,44.8756,5.899751,0.0,85.0,-1.0,,NORMAL
1790741417.6826398,esp32-1,-59.0,21.08567,14.621,40.0,4.0,-1.0,,NORMAL
1790741421.7418194,esp32-1,-61.0,28.585,24.365,20.0,52.0,-1.0,,NORMAL
1790741427.1132414,esp32-1,-60.0,285.3574,205.1517,0.0,3.0,-1.0,,NORMAL
1790741431.6892276,esp32-1,-58.0,22.57575,18.355,20.0,42.0,-1.0,,NORMAL
1790741435.912663,esp32-1,-58.0,37.489,6.545,0.0,52.0,-1.0,,NORMAL
1790741440.9952638,esp32-1,-60.0,44.262,4.74625,0.0,209.0,-1.0,,NORMAL
1790741447.6380126,esp32-1,-60.0,23.57333,16.9735,40.0,4.0,-1.0,,NORMAL
1790741452.807,esp32-1,-61.0,28.01275,25.42267,20.0,53.0,-1.0,,NORMAL
1790741456.9483976,esp32-1,-60.0,44.2442,7.196749,0.0,87.0,-1.0,,NORMAL
1790741461.685337,esp32-1,-62.0,23.7065,18.644,20.0,35.0,-1.0,,NORMAL
1790741466.7202642,esp32-1,-61.0,29.80425,1.564334,20.0,45.0,-1.0,,NORMAL
1790741471.9175127,esp32-1,-60.0,43.814,5.135251,0.0,89.0,-1.0,,NORMAL
1790741476.7710865,esp32-1,-60.0,23.8515,15.36733,20.0,33.0,-1.0,,NORMAL
1790741481.8544228,esp32-1,-60.0,27.13475,21.09067,20.0,179.0,-1.0,,NORMAL
1790741486.9560053,esp32-1,-60.0,43.4808,5.858502,0.0,89.0,-1.0,,NORMAL
1790741491.824746,esp32-1,-60.0,23.83525,19.997,20.0,34.0,-1.0,,NORMAL
1790741497.7633965,esp32-1,-59.0,21.83733,13.429,40.0,3.0,-1.0,,NORMAL
1790741501.9264948,esp32-1,-59.0,43.179,6.197999,0.0,91.0,-1.0,,NORMAL
1790741506.7769585,esp32-1,-58.0,24.53925,18.93333,20.0,27.0,-1.0,,NORMAL
1790741511.8557086,esp32-1,-58.0,26.939,23.963,20.0,183.0,-1.0,,NORMAL
1790741516.8589318,esp32-1,-58.0,43.294,6.149501,0.0,54.0,-1.0,,NORMAL
1790741522.76118,esp32-1,-58.0,19.92733,12.4765,40.0,4.0,-1.0,,NORMAL
1790741526.8699179,esp32-1,-59.0,26.49525,23.07033,20.0,207.0,-1.0,,NORMAL
1790741531.9154186,esp32-1,-58.0,43.2002,6.1575,0.0,53.0,-1.0,,NORMAL
1790741536.6786015,esp32-1,-58.0,23.376,14.589,20.0,30.0,-1.0,,NORMAL
1790741541.8551195,esp32-1,-57.0,26.18675,21.27267,20.0,188.0,-1.0,,NORMAL
1790741547.1231074,esp32-1,-59.0,42.5868,6.542,0.0,96.0,-1.0,,NORMAL
1790741552.632302,esp32-1,-59.0,21.94233,28.6775,40.0,5.0,-1.0,,NORMAL
1790741557.828214,esp32-1,-59.0,26.1075,22.513,20.0,54.0,-1.0,,NORMAL
1790741562.8173196,esp32-1,-61.0,42.6514,6.839001,0.0,98.0,-1.0,,NORMAL
1790741566.6868222,esp32-1,-58.0,23.287,16.75133,20.0,28.0,-1.0,,NORMAL
1790741571.861682,esp32-1,-59.0,25.49625,19.364,20.0,195.0,-1.0,,NORMAL
1790741576.048052,esp32-1,-58.0,42.543,7.537251,0.0,99.0,-1.0,,NORMAL
1790741581.6797404,esp32-1,-57.0,22.22425,16.739,20.0,32.0,-1.0,,NORMAL
1790741586.7208657,esp32-1,-56.0,25.3365,21.73567,20.0,54.0,-1.0,,NORMAL
1790741592.0019288,esp32-1,-59.0,42.1938,8.07575,0.0,52.0,-1.0,,NORMAL
1790741597.6339393,esp32-1,-57.0,24.38267,15.8365,40.0,4.0,-1.0,,NORMAL
1790741601.8718987,esp32-1,-58.0,25.22425,20.32667,20.0,199.0,-1.0,,NORMAL
1790741605.901715,esp32-1,-59.0,41.9556,6.2375,0.0,53.0,-1.0,,NORMAL
1790741612.6300786,esp32-1,-59.0,23.157,28.7475,40.0,4.0,-1.0,,NORMAL
1790741617.624401,esp32-1,-58.0,20.34534,13.394,40.0,3.0,-1.0,,NORMAL
1790741621.9270196,esp32-1,-57.0,41.244,6.548999,0.0,54.0,-1.0,,NORMAL
1790741626.7918272,esp32-1,-55.0,21.485,16.749,20.0,31.0,-1.0,,NORMAL
1790741631.8633604,esp32-1,-59.0,24.4515,20.615,20.0,205.0,-1.0,,NORMAL
1790741636.7247913,esp32-1,-59.0,22.87975,10.452,20.0,3.0,-1.0,,NORMAL
1790741642.630903,esp32-1,-56.0,21.071,13.56,40.0,3.0,-1.0,,NORMAL
1790741646.967752,esp32-1,-59.0,24.23975,19.82,20.0,217.0,-1.0,,NORMAL
1790741650.822878,esp32-1,-60.0,41.0428,6.620999,0.0,53.0,-1.0,,NORMAL
1790741656.8740025,esp32-1,-59.0,83.3042,50.42875,0.0,898.0,-1.0,,NORMAL
1790741661.7148516,esp32-1,-58.0,24.042,19.81167,20.0,53.0,-1.0,,NORMAL
1790741665.7765248,esp32-1,-58.0,40.9236,6.533998,0.0,3.0,-1.0,,NORMAL
1790741672.0019348,esp32-1,-58.0,47.7742,6.058751,0.0,76.0,-1.0,,NORMAL
1790741677.838771,esp32-1,-60.0,23.57225,19.28667,20.0,53.0,-1.0,,NORMAL
1790741680.9261546,esp32-1,-61.0,40.8834,7.0105,0.0,109.0,-1.0,,NORMAL
1790741687.0372424,esp32-1,-58.0,48.0104,5.393499,0.0,53.0,-1.0,,NORMAL
1790741691.8738635,esp32-1,-58.0,23.916,19.46233,20.0,213.0,-1.0,,NORMAL
1790741695.9167383,esp32-1,-58.0,40.82,6.756001,0.0,51.0,-1.0,,NORMAL
1790741700.8168929,esp32-1,-56.0,47.6984,4.37775,0.0,3.0,-1.0,,NORMAL
1790741706.6639547,esp32-1,-58.0,23.96225,19.99267,20.0,3.0,-1.0,,NORMAL
1790741711.8905542,esp32-1,-59.0,81.1208,55.99775,0.0,910.0,-1.0,,NORMAL
1790741717.035936,esp32-1,-60.0,47.758,6.066999,0.0,53.0,-1.0,,NORMAL
1790741721.877232,esp32-1,-58.0,23.873,19.74333,20.0,219.0,-1.0,,NORMAL
1790741726.0236404,esp32-1,-61.0,40.8098,6.065751,0.0,108.0,-1.0,,NORMAL
1790741732.0643532,esp32-1,-60.0,47.4838,6.610499,0.0,76.0,-1.0,,NORMAL
1790741736.7755437,esp32-1,-56.0,23.4335,19.33233,20.0,52.0,-1.0,,NORMAL
1790741740.9741464,esp32-1,-63.0,40.539,6.963499,0.0,109.0,-1.0,,NORMAL
1790741746.959211,esp32-1,-57.0,47.1228,6.932501,0.0,54.0,-1.0,,NORMAL
1790741751.8284895,esp32-1,-59.0,23.27775,19.24034,20.0,52.0,-1.0,,NORMAL
1790741756.027189,esp32-1,-58.0,40.686,6.127749,0.0,109.0,-1.0,,NORMAL
1790741761.8197143,esp32-1,-57.0,28.0755,22.78633,20.0,135.0,-1.0,,NORMAL
1790741766.659513,esp32-1,-57.0,23.02625,18.51767,20.0,4.0,-1.0,,NORMAL
1790741771.0329978,esp32-1,-57.0,82.7742,59.94475,0.0,48.0,-1.0,,NORMAL
1790741777.034297,esp32-1,-59.0,47.3006,5.968001,0.0,53.0,-1.0,,NORMAL
1790741781.8840175,esp32-1,-57.0,22.93,18.37633,20.0,226.0,-1.0,,NORMAL
1790741786.0311458,esp32-1,-57.0,40.2954,6.374001,0.0,111.0,-1.0,,NORMAL
1790741791.1019626,esp32-1,-58.0,67.582,84.61126,0.0,197.0,-1.0,,NORMAL
1790741796.887143,esp32-1,-58.0,22.7395,18.08667,20.0,179.0,-1.0,,NORMAL
1790741801.2888625,esp32-1,-59.0,80.9784,116.7527,0.0,266.0,-1.0,,NORMAL
1790741806.9730504,esp32-1,-59.0,46.6954,6.271001,0.0,54.0,-1.0,,NORMAL
1790741812.8903368,esp32-1,-58.0,22.56825,17.92667,20.0,53.0,-1.0,,NORMAL
1790741815.8291755,esp32-1,-57.0,39.7562,6.15625,0.0,52.0,-1.0,,NORMAL
1790741820.822906,esp32-1,-60.0,46.569,6.35475,0.0,4.0,-1.0,,NORMAL
1790741826.6624458,esp32-1,-59.0,22.996,18.62733,20.0,3.0,-1.0,,NORMAL
1790741831.962987,esp32-1,-60.0,39.7524,7.79375,0.0,54.0,-1.0,,NORMAL
1790741836.930475,esp32-1,-57.0,87.1836,56.50125,0.0,878.0,-1.0,,NORMAL
1790741842.8894172,esp32-1,-55.0,21.9615,16.954,20.0,52.0,-1.0,,NORMAL
1790741845.8207848,esp32-1,-58.0,39.2174,5.74375,0.0,53.0,-1.0,,NORMAL
1790741851.9295893,esp32-1,-56.0,46.2536,6.204998,0.0,81.0,-1.0,,NORMAL
1790741856.7130172,esp32-1,-57.0,23.26075,14.257,20.0,46.0,-1.0,,NORMAL
1790741860.9222622,esp32-1,-59.0,39.3654,6.2245,0.0,117.0,-1.0,,NORMAL
1790741867.1826835,esp32-1,-58.0,87.1894,109.625,0.0,53.0,-1.0,,NORMAL
1790741871.7124345,esp32-1,-59.0,22.53075,17.67867,20.0,49.0,-1.0,,NORMAL
1790741875.9179432,esp32-1,-59.0,38.6952,7.06075,0.0,120.0,-1.0,,NORMAL
1790741881.945179,esp32-1,-60.0,45.6326,6.222752,0.0,52.0,-1.0,,NORMAL
1790741886.6682355,esp32-1,-55.0,23.39025,15.22633,20.0,2.0,-1.0,,NORMAL
1790741890.9162126,esp32-1,-58.0,38.7926,6.920499,0.0,120.0,-1.0,,NORMAL
1790741896.3233082,esp32-1,-58.0,86.81819,118.1665,0.0,266.0,-1.0,,NORMAL
1790741901.7565498,esp32-1,-57.0,22.25575,16.84667,20.0,48.0,-1.0,,NORMAL
1790741906.8680604,esp32-1,-59.0,36.632,56.62634,20.0,24.0,-1.0,,NORMAL
1790741911.8689702,esp32-1,-60.0,72.972,135.8167,20.0,3.0,-1.0,,NORMAL
1790741916.7053685,esp32-1,-60.0,22.038,16.70733,20.0,47.0,-1.0,,NORMAL
1790741920.9156525,esp32-1,-60.0,38.4976,6.316,0.0,122.0,-1.0,,NORMAL
1790741925.858057,esp32-1,-59.0,45.2408,5.849751,0.0,53.0,-1.0,,NORMAL
1790741931.757243,esp32-1,-59.0,22.77175,18.369,20.0,44.0,-1.0,,NORMAL
1790741937.717328,esp32-1,-60.0,21.29533,14.872,40.0,5.0,-1.0,,NORMAL
1790741941.9393919,esp32-1,-60.0,44.6952,6.0055,0.0,53.0,-1.0,,NORMAL
1790741946.7113225,esp32-1,-60.0,21.989,17.438,20.0,45.0,-1.0,,NORMAL
1790741950.9022028,esp32-1,-60.0,37.6644,6.239249,0.0,53.0,-1.0,,NORMAL
1790741957.044634,esp32-1,-60.0,44.7182,6.203249,0.0,90.0,-1.0,,NORMAL
1790741961.7572985,esp32-1,-62.0,22.00675,17.858,20.0,48.0,-1.0,,NORMAL
1790741965.9713256,esp32-1,-60.0,38.2434,6.05075,0.0,124.0,-1.0,,NORMAL
1790741970.8560112,esp32-1,-59.0,45.066,5.816499,0.0,52.0,-1.0,,NORMAL
1790741976.7113898,esp32-1,-59.0,22.99725,18.697,20.0,43.0,-1.0,,NORMAL
1790741980.831541,esp32-1,-60.0,38.112,6.42225,0.0,53.0,-1.0,,NORMAL
1790741985.854847,esp32-1,-58.0,44.7352,5.818998,0.0,53.0,-1.0,,NORMAL
1790741991.7101457,esp32-1,-61.0,23.47625,16.19,20.0,42.0,-1.0,,NORMAL
1790741996.897947,esp32-1,-61.0,28.276,24.872,20.0,205.0,-1.0,,NORMAL
1790742001.9308567,esp32-1,-60.0,87.43575,67.99,20.0,4.0,-1.0,,NORMAL
1790742007.676216,esp32-1,-59.0,29.92967,1.7785,40.0,4.0,-1.0,,NORMAL
1790742010.8265774,esp32-1,-58.0,37.4692,6.325749,0.0,53.0,-1.0,,NORMAL
1790742016.084244,esp32-1,-60.0,64.8728,84.13075,0.0,182.0,-1.0,,NORMAL
1790742021.7655966,esp32-1,-59.0,21.868,17.51033,20.0,44.0,-1.0,,NORMAL
1790742027.972781,esp32-1,-61.0,77.41175,91.35101,20.0,1010.0,-1.0,,NORMAL
1790742030.853065,esp32-1,-61.0,44.244,7.95775,0.0,53.0,-1.0,,NORMAL
1790742036.7060962,esp32-1,-60.0,22.9365,12.95533,20.0,36.0,-1.0,,NORMAL
1790742042.0556505,esp32-1,-58.0,27.485,24.74033,20.0,203.0,-1.0,,NORMAL
1790742047.0670345,esp32-1,-58.0,44.0304,5.506001,0.0,96.0,-1.0,,NORMAL
1790742051.718029,esp32-1,-59.0,22.61625,17.84767,20.0,38.0,-1.0,,NORMAL
1790742057.8574135,esp32-1,-60.0,27.19625,24.455,20.0,54.0,-1.0,,NORMAL
1790742061.9370008,esp32-1,-59.0,88.85125,70.645,20.0,4.0,-1.0,,NORMAL
1790742066.7046447,esp32-1,-61.0,21.88175,17.65133,20.0,38.0,-1.0,,NORMAL
1790742071.8949153,esp32-1,-59.0,26.79775,23.30167,20.0,208.0,-1.0,,NORMAL
1790742075.9368918,esp32-1,-59.0,43.1418,5.871751,0.0,53.0,-1.0,,NORMAL
1790742081.7231798,esp32-1,-59.0,21.28525,16.73067,20.0,52.0,-1.0,,NORMAL
1790742087.920524,esp32-1,-60.0,27.27775,21.424,20.0,53.0,-1.0,,NORMAL
1790742090.8617046,esp32-1,-60.0,43.0112,6.13725,0.0,53.0,-1.0,,NORMAL
1790742097.6454113,esp32-1,-59.0,20.16367,13.3685,40.0,4.0,-1.0,,NORMAL
1790742101.9957564,esp32-1,-60.0,26.5915,23.352,20.0,214.0,-1.0,,NORMAL
1790742105.948377,esp32-1,-62.0,42.9998,6.255001,0.0,103.0,-1.0,,NORMAL
1790742112.702131,esp32-1,-58.0,23.02867,30.5125,40.0,4.0,-1.0,,NORMAL
1790742116.7503014,esp32-1,-63.0,26.12375,22.642,20.0,54.0,-1.0,,NORMAL
1790742121.959788,esp32-1,-60.0,42.8858,7.73525,0.0,53.0,-1.0,,NORMAL
1790742126.530168,esp32-1,-58.0,49.7142,9.433251,0.0,53.0,-1.0,,NORMAL
1790742132.771095,esp32-1,-58.0,20.927,15.657,40.0,3.0,-1.0,,NORMAL
1790742136.9696064,esp32-1,-59.0,65.9515,127.0067,20.0,10.0,-1.0,,NORMAL
1790742141.783079,esp32-1,-59.0,22.0025,17.80067,20.0,34.0,-1.0,,NORMAL
1790742147.8745062,esp32-1,-60.0,25.46025,19.819,20.0,53.0,-1.0,,NORMAL
1790742150.9468927,esp32-1,-60.0,42.2038,6.666001,0.0,108.0,-1.0,,NORMAL
1790742156.6998327,esp32-1,-57.0,21.83075,17.17433,20.0,34.0,-1.0,,NORMAL
1790742161.989102,esp32-1,-59.0,25.31925,21.61833,20.0,223.0,-1.0,,NORMAL
1790742165.9499085,esp32-1,-62.0,41.9958,6.016001,0.0,52.0,-1.0,,NORMAL
1790742171.788267,esp32-1,-57.0,22.3125,18.01933,20.0,29.0,-1.0,,NORMAL
1790742176.9070847,esp32-1,-58.0,25.07475,20.38133,20.0,177.0,-1.0,,NORMAL
1790742180.8647377,esp32-1,-62.0,41.8814,6.104751,0.0,52.0,-1.0,,NORMAL
1790742186.7088249,esp32-1,-58.0,21.4595,16.99433,20.0,33.0,-1.0,,NORMAL
1790742191.98801,esp32-1,-55.0,24.56425,20.66133,20.0,223.0,-1.0,,NORMAL
1790742195.9561386,esp32-1,-59.0,41.636,6.022749,0.0,52.0,-1.0,,NORMAL
1790742201.7119672,esp32-1,-57.0,21.531,16.97567,20.0,31.0,-1.0,,NORMAL
1790742206.9111254,esp32-1,-60.0,24.388,20.07533,20.0,181.0,-1.0,,NORMAL
1790742210.8465936,esp32-1,-60.0,41.3282,6.457,0.0,52.0,-1.0,,NORMAL
1790742217.016976,esp32-1,-57.0,48.2272,7.260249,0.0,78.0,-1.0,,NORMAL
1790742222.8383179,esp32-1,-60.0,24.491,19.63767,20.0,53.0,-1.0,,NORMAL
1790742226.9305956,esp32-1,-60.0,41.3994,6.330001,0.0,53.0,-1.0,,NORMAL
1790742231.9138718,esp32-1,-58.0,67.50825,135.485,20.0,50.0,-1.0,,NORMAL
1790742236.8134305,esp32-1,-60.0,24.11225,19.134,20.0,3.0,-1.0,,NORMAL
1790742241.9365978,esp32-1,-56.0,41.0082,7.412251,0.0,53.0,-1.0,,NORMAL
1790742246.3379443,esp32-1,-61.0,89.1274,109.8657,0.0,258.0,-1.0,,NORMAL
1790742251.9229596,esp32-1,-56.0,23.90575,19.45233,20.0,230.0,-1.0,,NORMAL
1790742257.0209277,esp32-1,-58.0,41.098,5.997499,0.0,53.0,-1.0,,NORMAL
1790742261.7859795,esp32-1,-60.0,47.93,60.15933,20.0,3.0,-1.0,,NORMAL
1790742267.7899497,esp32-1,-60.0,23.626,18.42467,20.0,52.0,-1.0,,NORMAL
1790742270.9127831,esp32-1,-59.0,40.8256,7.31175,0.0,53.0,-1.0,,NORMAL
1790742276.098482,esp32-1,-59.0,90.1344,58.2105,0.0,48.0,-1.0,,NORMAL
1790742282.9165962,esp32-1,-57.0,23.19825,19.12634,20.0,54.0,-1.0,,NORMAL
1790742285.8418841,esp32-1,-59.0,40.6476,6.28625,0.0,53.0,-1.0,,NORMAL
1790742291.9556339,esp32-1,-59.0,47.3974,5.80025,0.0,53.0,-1.0,,NORMAL
1790742296.7340183,esp32-1,-60.0,23.3205,21.054,20.0,52.0,-1.0,,NORMAL
1790742301.891388,esp32-1,-59.0,40.1656,6.183499,0.0,53.0,-1.0,,NORMAL
1790742306.0893364,esp32-1,-60.0,90.41521,59.31325,0.0,42.0,-1.0,,NORMAL
1790742312.7081819,esp32-1,-59.0,20.09833,14.1445,40.0,3.0,-1.0,,NORMAL
1790742315.8461301,esp32-1,-59.0,40.0916,6.16225,0.0,53.0,-1.0,,NORMAL
1790742322.0537755,esp32-1,-60.0,46.989,5.173251,0.0,53.0,-1.0,,NORMAL
1790742327.0317519,esp32-1,-60.0,22.57425,18.336,20.0,202.0,-1.0,,NORMAL
1790742331.0249128,esp32-1,-60.0,69.0206,42.1365,0.0,11.0,-1.0,,NORMAL
1790742337.1680372,esp32-1,-58.0,88.0174,125.5667,0.0,53.0,-1.0,,NORMAL
1790742341.7431393,esp32-1,-57.0,23.44575,19.09467,20.0,50.0,-1.0,,NORMAL
1790742345.9924157,esp32-1,-60.0,40.0464,6.47225,0.0,120.0,-1.0,,NORMAL
1790742352.053674,esp32-1,-57.0,88.30675,65.44199,20.0,4.0,-1.0,,NORMAL
1790742356.688873,esp32-1,-60.0,22.42475,17.191,20.0,3.0,-1.0,,NORMAL
1790742360.9458206,esp32-1,-60.0,67.7372,41.58475,0.0,15.0,-1.0,,NORMAL
1790742366.546973,esp32-1,-58.0,46.4508,6.149,0.0,91.0,-1.0,,NORMAL
1790742371.7819562,esp32-1,-58.0,23.041,17.10667,20.0,51.0,-1.0,,NORMAL
1790742376.9527488,esp32-1,-57.0,39.4608,6.4065,0.0,59.0,-1.0,,NORMAL
1790742382.0531538,esp32-1,-62.0,46.0106,6.035499,0.0,88.0,-1.0,,NORMAL
1790742386.9935288,esp32-1,-60.0,52.7624,19.70825,0.0,54.0,-1.0,,NORMAL
1790742390.9322007,esp32-1,-59.0,39.1948,6.3815,0.0,52.0,-1.0,,NORMAL
1790742396.9236639,esp32-1,-60.0,45.9794,6.200749,0.0,53.0,-1.0,,NORMAL
1790742401.9477327,esp32-1,-61.0,52.756,22.82025,0.0,53.0,-1.0,,NORMAL
1790742407.0235114,esp32-1,-60.0,38.892,6.21525,0.0,53.0,-1.0,,NORMAL
1790742412.0524724,esp32-1,-60.0,45.8026,6.1725,0.0,89.0,-1.0,,NORMAL
1790742416.7358027,esp32-1,-59.0,21.736,16.249,20.0,50.0,-1.0,,NORMAL
1790742420.9413238,esp32-1,-61.0,38.877,6.31775,0.0,124.0,-1.0,,NORMAL
1790742426.671056,esp32-1,-59.0,45.7932,5.736749,0.0,53.0,-1.0,,NORMAL
1790742431.747588,esp32-1,-59.0,25.26525,19.317,20.0,37.0,-1.0,,NORMAL
1790742437.0169802,esp32-1,-58.0,79.7084,57.29625,0.0,924.0,-1.0,,NORMAL
1790742441.0068521,esp32-1,-59.0,45.79321,6.24675,0.0,52.0,-1.0,,NORMAL
1790742446.8443613,esp32-1,-61.0,22.1465,17.423,20.0,47.0,-1.0,,NORMAL
1790742451.0428085,esp32-1,-58.0,38.8406,6.361,0.0,126.0,-1.0,,NORMAL
1790742457.0325737,esp32-1,-59.0,45.4308,6.249502,0.0,92.0,-1.0,,NORMAL
1790742461.7985098,esp32-1,-64.0,21.88875,17.61367,20.0,49.0,-1.0,,NORMAL
1790742466.9208512,esp32-1,-62.0,29.0365,25.43333,20.0,207.0,-1.0,,NORMAL
1790742470.8767462,esp32-1,-62.0,45.112,6.37775,0.0,53.0,-1.0,,NORMAL
1790742476.8516653,esp32-1,-61.0,21.46,16.90367,20.0,49.0,-1.0,,NORMAL
1790742480.9468288,esp32-1,-62.0,38.0974,6.248751,0.0,129.0,-1.0,,NORMAL
1790742485.8707764,esp32-1,-59.0,44.8856,6.816251,0.0,53.0,-1.0,,NORMAL
1790742491.7986753,esp32-1,-59.0,21.80125,17.10633,20.0,46.0,-1.0,,NORMAL
1790742497.1877918,esp32-1,-60.0,28.63775,26.377,20.0,469.0,-1.0,,NORMAL
1790742502.0519867,esp32-1,-60.0,44.8594,6.377001,0.0,96.0,-1.0,,NORMAL
1790742506.7211328,esp32-1,-60.0,23.04975,18.28867,20.0,40.0,-1.0,,NORMAL
1790742510.8443224,esp32-1,-60.0,37.8782,6.38925,0.0,53.0,-1.0,,NORMAL
1790742515.8777254,esp32-1,-60.0,44.5478,6.16375,0.0,53.0,-1.0,,NORMAL
1790742521.8033872,esp32-1,-58.0,21.903,17.04967,20.0,44.0,-1.0,,NORMAL
1790742526.759719,esp32-1,-60.0,28.09875,17.95167,20.0,51.0,-1.0,,NORMAL
1790742531.3317082,esp32-1,-59.0,85.2534,106.5573,0.0,255.0,-1.0,,NORMAL
1790742536.7275782,esp32-1,-63.0,25.52275,20.833,20.0,29.0,-1.0,,NORMAL
1790742542.0147314,esp32-1,-61.0,27.78625,24.56033,20.0,214.0,-1.0,,NORMAL
1790742545.88198,esp32-1,-60.0,44.1548,6.007751,0.0,52.0,-1.0,,NORMAL
1790742551.734921,esp32-1,-61.0,22.3215,16.259,20.0,40.0,-1.0,,NORMAL
1790742557.8112516,esp32-1,-60.0,27.70925,25.082,20.0,54.0,-1.0,,NORMAL
1790742561.2293487,esp32-1,-61.0,44.2106,7.596001,0.0,102.0,-1.0,,NORMAL
1790742566.8608983,esp32-1,-60.0,22.647,18.20233,20.0,37.0,-1.0,,NORMAL
1790742571.7714472,esp32-1,-61.0,27.32475,23.59333,20.0,52.0,-1.0,,NORMAL
1790742575.9737508,esp32-1,-63.0,43.9304,6.10775,0.0,107.0,-1.0,,NORMAL
1790742581.72443,esp32-1,-61.0,22.41525,14.82533,20.0,38.0,-1.0,,NORMAL
1790742586.9325395,esp32-1,-60.0,27.054,22.624,20.0,177.0,-1.0,,NORMAL
1790742590.846366,esp32-1,-60.0,43.5822,5.949,0.0,3.0,-1.0,,NORMAL
1790742596.8664863,esp32-1,-61.0,22.00775,17.185,20.0,38.0,-1.0,,NORMAL
1790742601.0642028,esp32-1,-61.0,36.5076,6.34275,0.0,146.0,-1.0,,NORMAL
1790742607.9780097,esp32-1,-62.0,248.5886,471.0645,0.0,80.0,-1.0,,NORMAL
1790742610.9019053,esp32-1,-61.0,49.8576,12.32675,0.0,53.0,-1.0,,NORMAL
1790742616.7710085,esp32-1,-65.0,26.7145,25.01133,20.0,52.0,-1.0,,NORMAL
1790742621.9020991,esp32-1,-62.0,42.8642,6.107749,0.0,54.0,-1.0,,NORMAL
1790742626.7822902,esp32-1,-63.0,23.283,21.44233,20.0,31.0,-1.0,,NORMAL
1790742631.7573717,esp32-1,-62.0,25.955,22.29233,20.0,52.0,-1.0,,NORMAL
1790742635.88326,esp32-1,-62.0,42.7718,6.280001,0.0,52.0,-1.0,,NORMAL
1790742642.6770036,esp32-1,-62.0,22.59433,26.453,40.0,5.0,-1.0,,NORMAL
1790742646.7623498,esp32-1,-61.0,25.76975,21.93933,20.0,53.0,-1.0,,NORMAL
1790742650.976951,esp32-1,-60.0,42.6868,6.02775,0.0,112.0,-1.0,,NORMAL
1790742656.748064,esp32-1,-60.0,21.986,16.054,20.0,34.0,-1.0,,NORMAL
1790742661.9372168,esp32-1,-60.0,25.7755,21.017,20.0,224.0,-1.0,,NORMAL
1790742666.8086684,esp32-1,-63.0,201.2006,159.7428,0.0,81.0,-1.0,,NORMAL
1790742672.0407562,esp32-1,-60.0,80.943,44.24825,0.0,922.0,-1.0,,NORMAL
1790742676.9046972,esp32-1,-63.0,25.4525,18.424,20.0,194.0,-1.0,,NORMAL
1790742681.0411818,esp32-1,-63.0,67.4922,38.25025,0.0,28.0,-1.0,,NORMAL
1790742686.739158,esp32-1,-62.0,22.77525,19.65533,20.0,31.0,-1.0,,NORMAL
1790742691.9412405,esp32-1,-60.0,25.2745,19.18933,20.0,227.0,-1.0,,NORMAL
1790742695.992784,esp32-1,-62.0,41.8344,5.98275,0.0,53.0,-1.0,,NORMAL
1790742701.9875002,esp32-1,-61.0,48.8624,8.51975,0.0,53.0,-1.0,,NORMAL
1790742706.7583776,esp32-1,-63.0,25.8215,15.04,20.0,50.0,-1.0,,NORMAL
1790742710.8716276,esp32-1,-63.0,41.7112,6.88175,0.0,52.0,-1.0,,NORMAL
1790742717.0888662,esp32-1,-61.0,48.541,5.123502,0.0,85.0,-1.0,,NORMAL
1790742721.861497,esp32-1,-61.0,24.536,20.187,20.0,155.0,-1.0,,NORMAL
1790742726.017604,esp32-1,-61.0,41.6016,6.61625,0.0,122.0,-1.0,,NORMAL
1790742732.6812572,esp32-1,-64.0,21.94633,26.546,40.0,5.0,-1.0,,NORMAL
1790742735.9402163,esp32-1,-62.0,55.3558,18.047,0.0,53.0,-1.0,,NORMAL
1790742741.0501564,esp32-1,-61.0,41.394,7.38275,0.0,120.0,-1.0,,NORMAL
1790742746.9372075,esp32-1,-58.0,48.3848,4.579001,0.0,53.0,-1.0,,NORMAL
1790742751.9372518,esp32-1,-61.0,24.2155,19.88933,20.0,233.0,-1.0,,NORMAL
1790742757.0440516,esp32-1,-63.0,41.4,6.213,0.0,53.0,-1.0,,NORMAL
1790742761.9901514,esp32-1,-61.0,48.08941,7.1285,0.0,87.0,-1.0,,NORMAL
1790742766.9191425,esp32-1,-63.0,24.0565,19.68,20.0,209.0,-1.0,,NORMAL
1790742770.952104,esp32-1,-64.0,41.1878,6.143251,0.0,4.0,-1.0,,NORMAL
1790742776.9434025,esp32-1,-62.0,47.9314,7.012499,0.0,53.0,-1.0,,NORMAL
1790742781.9402082,esp32-1,-64.0,23.90925,19.85267,20.0,235.0,-1.0,,NORMAL
1790742785.8709674,esp32-1,-61.0,40.8748,5.261751,0.0,52.0,-1.0,,NORMAL
1790742792.07518,esp32-1,-60.0,47.6794,5.384,0.0,88.0,-1.0,,NORMAL
1790742796.755896,esp32-1,-61.0,23.776,17.361,20.0,53.0,-1.0,,NORMAL
1790742800.868042,esp32-1,-60.0,40.433,6.509501,0.0,52.0,-1.0,,NORMAL
1790742805.9026694,esp32-1,-59.0,47.3778,5.902999,0.0,53.0,-1.0,,NORMAL
1790742811.7566407,esp32-1,-60.0,23.1885,18.90033,20.0,53.0,-1.0,,NORMAL
1790742816.0147574,esp32-1,-60.0,40.1692,6.985749,0.0,126.0,-1.0,,NORMAL
1790742822.0754068,esp32-1,-64.0,47.1272,4.92525,0.0,92.0,-1.0,,NORMAL
1790742827.0258002,esp32-1,-62.0,54.0558,21.6495,0.0,58.0,-1.0,,NORMAL
1790742831.9172103,esp32-1,-62.0,75.62075,60.17401,20.0,4.0,-1.0,,NORMAL
1790742836.9477966,esp32-1,-60.0,47.28139,6.066748,0.0,53.0,-1.0,,NORMAL
1790742842.8400946,esp32-1,-59.0,22.8725,18.23667,20.0,53.0,-1.0,,NORMAL
1790742845.9614174,esp32-1,-65.0,39.889,5.774,0.0,128.0,-1.0,,NORMAL
1790742851.9890897,esp32-1,-57.0,93.55125,71.66367,20.0,4.0,-1.0,,NORMAL
1790742856.926338,esp32-1,-61.0,22.681,18.368,20.0,224.0,-1.0,,NORMAL
1790742860.9657216,esp32-1,-60.0,39.7612,6.28325,0.0,53.0,-1.0,,NORMAL
1790742865.853797,esp32-1,-61.0,46.7196,6.260001,0.0,4.0,-1.0,,NORMAL
1790742872.675431,esp32-1,-60.0,20.25533,13.5315,40.0,5.0,-1.0,,NORMAL
1790742875.9633694,esp32-1,-62.0,39.563,5.81625,0.0,131.0,-1.0,,NORMAL
1790742880.9011967,esp32-1,-60.0,46.62679,6.170751,0.0,52.0,-1.0,,NORMAL
1790742886.8741655,esp32-1,-62.0,23.34625,19.453,20.0,47.0,-1.0,,NORMAL
1790742892.0429137,esp32-1,-61.0,39.4606,6.38275,0.0,53.0,-1.0,,NORMAL
1790742895.8983746,esp32-1,-61.0,46.1712,6.089252,0.0,53.0,-1.0,,NORMAL
1790742901.823412,esp32-1,-60.0,23.6955,21.76134,20.0,45.0,-1.0,,NORMAL
1790742905.920906,esp32-1,-61.0,39.2268,6.33875,0.0,52.0,-1.0,,NORMAL
1790742912.0230646,esp32-1,-60.0,45.897,6.214499,0.0,99.0,-1.0,,NORMAL
1790742916.8903074,esp32-1,-60.0,22.47025,18.09067,20.0,48.0,-1.0,,NORMAL
1790742921.9467509,esp32-1,-60.0,38.8088,6.42575,0.0,52.0,-1.0,,NORMAL
1790742926.0949593,esp32-1,-61.0,45.6734,6.0675,0.0,101.0,-1.0,,NORMAL
1790742931.7552567,esp32-1,-59.0,24.39225,19.85067,20.0,41.0,-1.0,,NORMAL
1790742936.90961,esp32-1,-59.0,38.9662,6.090251,0.0,53.0,-1.0,,NORMAL
1790742941.2505496,esp32-1,-63.0,45.3242,6.19125,0.0,102.0,-1.0,,NORMAL
1790742946.8822587,esp32-1,-63.0,22.59,18.819,20.0,47.0,-1.0,,NORMAL
1790742952.0364194,esp32-1,-60.0,78.93825,68.33334,20.0,5.0,-1.0,,NORMAL
1790742955.8972104,esp32-1,-62.0,45.2618,5.98025,0.0,53.0,-1.0,,NORMAL
1790742961.7680137,esp32-1,-60.0,23.3065,19.396,20.0,42.0,-1.0,,NORMAL
1790742965.9313192,esp32-1,-62.0,38.6982,4.777,0.0,53.0,-1.0,,NORMAL
1790742971.0493104,esp32-1,-61.0,45.183,6.134,0.0,104.0,-1.0,,NORMAL
1790742976.7481678,esp32-1,-61.0,23.352,17.33633,20.0,42.0,-1.0,,NORMAL
1790742982.0366547,esp32-1,-60.0,38.0128,6.2175,0.0,53.0,-1.0,,NORMAL
1790742986.000656,esp32-1,-60.0,44.965,6.363249,0.0,52.0,-1.0,,NORMAL
1790742992.6796854,esp32-1,-61.0,21.64767,14.7505,40.0,3.0,-1.0,,NORMAL
1790742996.9066687,esp32-1,-62.0,37.895,7.383,0.0,53.0,-1.0,,NORMAL
1790743001.3608031,esp32-1,-64.0,85.9682,120.2892,0.0,268.0,-1.0,,NORMAL
1790743006.7508388,esp32-1,-62.0,21.6095,16.97733,20.0,47.0,-1.0,,NORMAL
1790743010.9595323,esp32-1,-59.0,37.8248,6.283,0.0,144.0,-1.0,,NORMAL
1790743017.076124,esp32-1,-62.0,44.6392,6.0755,0.0,53.0,-1.0,,NORMAL
1790743021.84201,esp32-1,-61.0,22.47375,18.271,20.0,41.0,-1.0,,NORMAL
1790743025.9588997,esp32-1,-60.0,37.5796,6.61275,0.0,144.0,-1.0,,NORMAL
1790743031.935961,esp32-1,-60.0,44.6606,6.192251,0.0,53.0,-1.0,,NORMAL
1790743036.7963853,esp32-1,-60.0,22.33175,18.192,20.0,42.0,-1.0,,NORMAL
1790743041.8795898,esp32-1,-64.0,28.171,25.37234,20.0,156.0,-1.0,,NORMAL
1790743046.9156518,esp32-1,-60.0,73.38576,140.606,20.0,3.0,-1.0,,NORMAL
1790743052.6865494,esp32-1,-63.0,23.18,22.281,40.0,3.0,-1.0,,NORMAL
1790743056.925234,esp32-1,-63.0,27.8835,25.23033,20.0,191.0,-1.0,,NORMAL
1790743061.9855108,esp32-1,-61.0,44.0202,6.037251,0.0,53.0,-1.0,,NORMAL
1790743066.8004966,esp32-1,-63.0,23.9295,22.17167,20.0,36.0,-1.0,,NORMAL
1790743072.034115,esp32-1,-61.0,27.3455,24.70167,20.0,227.0,-1.0,,NORMAL
1790743075.8965979,esp32-1,-64.0,43.7478,6.18225,0.0,51.0,-1.0,,NORMAL
1790743082.772075,esp32-1,-61.0,19.713,13.0665,40.0,3.0,-1.0,,NORMAL
1790743087.0730636,esp32-1,-63.0,22.091,16.50133,20.0,247.0,-1.0,,NORMAL
1790743090.9878488,esp32-1,-64.0,43.4878,6.367249,0.0,115.0,-1.0,,NORMAL
1790743096.8009017,esp32-1,-60.0,22.9735,18.69567,20.0,35.0,-1.0,,NORMAL
1790743102.9592104,esp32-1,-63.0,26.864,23.846,20.0,53.0,-1.0,,NORMAL
1790743105.9870696,esp32-1,-64.0,43.13,6.06525,0.0,117.0,-1.0,,NORMAL
1790743112.0594418,esp32-1,-61.0,73.34799,151.037,20.0,37.0,-1.0,,NORMAL
1790743116.7838678,esp32-1,-64.0,26.79725,22.76433,20.0,53.0,-1.0,,NORMAL
1790743120.9966154,esp32-1,-63.0,43.1582,6.15925,0.0,117.0,-1.0,,NORMAL
1790743126.8055787,esp32-1,-63.0,22.14025,17.48433,20.0,37.0,-1.0,,NORMAL
1790743131.9263139,esp32-1,-63.0,26.27625,22.52,20.0,53.0,-1.0,,NORMAL
1790743136.041159,esp32-1,-60.0,43.0226,7.327249,0.0,120.0,-1.0,,NORMAL
1790743141.745422,esp32-1,-62.0,21.86625,15.43833,20.0,35.0,-1.0,,NORMAL
1790743146.9328918,esp32-1,-64.0,23.21375,14.232,20.0,217.0,-1.0,,NORMAL
1790743150.9858172,esp32-1,-61.0,42.8808,6.40725,0.0,121.0,-1.0,,NORMAL
1790743157.7440798,esp32-1,-63.0,20.29167,11.556,40.0,3.0,-1.0,,NORMAL
1790743162.9139125,esp32-1,-60.0,26.311,23.17267,20.0,52.0,-1.0,,NORMAL
1790743166.137683,esp32-1,-64.0,42.457,6.958,0.0,122.0,-1.0,,NORMAL
1790743171.7481298,esp32-1,-65.0,23.39825,17.77767,20.0,27.0,-1.0,,NORMAL
1790743176.9544456,esp32-1,-63.0,25.5885,18.76533,20.0,212.0,-1.0,,NORMAL
1790743180.834707,esp32-1,-61.0,42.0634,6.5275,0.0,6.0,-1.0,,NORMAL
1790743186.7466269,esp32-1,-64.0,21.7285,17.04467,20.0,33.0,-1.0,,NORMAL
1790743191.9671998,esp32-1,-61.0,25.128,21.49467,20.0,236.0,-1.0,,NORMAL
1790743196.0144598,esp32-1,-65.0,41.7444,5.982251,0.0,126.0,-1.0,,NORMAL
1790743202.0346315,esp32-1,-62.0,48.5322,7.796501,0.0,91.0,-1.0,,NORMAL
1790743206.9686754,esp32-1,-60.0,21.896,17.563,20.0,249.0,-1.0,,NORMAL
1790743210.980736,esp32-1,-63.0,41.5382,6.395999,0.0,126.0,-1.0,,NORMAL
1790743217.7056627,esp32-1,-62.0,20.765,21.6285,40.0,6.0,-1.0,,NORMAL
1790743222.8212352,esp32-1,-64.0,24.7255,19.13533,20.0,52.0,-1.0,,NORMAL
1790743226.035786,esp32-1,-62.0,41.4332,6.401249,0.0,127.0,-1.0,,NORMAL
1790743231.7414386,esp32-1,-63.0,22.141,17.792,20.0,30.0,-1.0,,NORMAL
1790743236.962298,esp32-1,-64.0,24.4575,20.684,20.0,225.0,-1.0,,NORMAL
1790743241.8157518,esp32-1,-63.0,24.3405,15.49967,20.0,3.0,-1.0,,NORMAL
1790743246.1620536,esp32-1,-63.0,48.1016,7.42375,0.0,94.0,-1.0,,NORMAL
1790743252.815068,esp32-1,-65.0,24.112,20.24067,20.0,54.0,-1.0,,NORMAL
1790743255.9983072,esp32-1,-64.0,41.0834,6.57875,0.0,128.0,-1.0,,NORMAL
1790743262.0822682,esp32-1,-64.0,83.32225,156.1297,20.0,3.0,-1.0,,NORMAL
1790743266.075368,esp32-1,-64.0,34.0854,6.522,0.0,166.0,-1.0,,NORMAL
1790743270.9905787,esp32-1,-60.0,41.2482,6.153749,0.0,52.0,-1.0,,NORMAL
1790743276.1708438,esp32-1,-63.0,47.6978,6.92125,0.0,96.0,-1.0,,NORMAL
1790743281.7738473,esp32-1,-63.0,24.06575,10.61767,20.0,51.0,-1.0,,NORMAL
1790743286.046894,esp32-1,-64.0,40.8028,6.32925,0.0,131.0,-1.0,,NORMAL
1790743291.0709898,esp32-1,-64.0,47.4538,6.523502,0.0,98.0,-1.0,,NORMAL
1790743297.026181,esp32-1,-63.0,70.6514,52.83575,0.0,986.0,-1.0,,NORMAL
1790743301.09872,esp32-1,-62.0,40.593,6.344249,0.0,134.0,-1.0,,NORMAL
1790743306.8386269,esp32-1,-61.0,25.69475,8.246333,20.0,9.0,-1.0,,NORMAL
1790743311.8528926,esp32-1,-63.0,24.231,19.25667,20.0,49.0,-1.0,,NORMAL
1790743315.907476,esp32-1,-63.0,40.4688,5.855751,0.0,52.0,-1.0,,NORMAL
1790743320.9224663,esp32-1,-62.0,47.385,5.844001,0.0,53.0,-1.0,,NORMAL
1790743327.0270607,esp32-1,-63.0,23.0205,17.582,20.0,238.0,-1.0,,NORMAL
1790743330.895909,esp32-1,-61.0,40.0524,6.149751,0.0,52.0,-1.0,,NORMAL
1790743336.0174644,esp32-1,-61.0,47.037,6.364501,0.0,105.0,-1.0,,NORMAL
1790743341.0342784,esp32-1,-61.0,53.7604,42.20475,0.0,52.0,-1.0,,NORMAL
1790743346.781242,esp32-1,-64.0,21.9115,8.269667,20.0,5.0,-1.0,,NORMAL
1790743352.0698829,esp32-1,-61.0,46.6872,6.064751,0.0,56.0,-1.0,,NORMAL
1790743357.695487,esp32-1,-63.0,20.45133,12.918,40.0,3.0,-1.0,,NORMAL
1790743361.1077502,esp32-1,-61.0,39.8242,5.808249,0.0,157.0,-1.0,,NORMAL
1790743366.1240304,esp32-1,-63.0,46.4034,6.570001,0.0,109.0,-1.0,,NORMAL
1790743371.8602364,esp32-1,-65.0,22.9715,17.29567,20.0,51.0,-1.0,,NORMAL
1790743376.0596938,esp32-1,-61.0,39.5156,6.53425,0.0,144.0,-1.0,,NORMAL
1790743381.3473418,esp32-1,-61.0,87.6288,116.5305,0.0,267.0,-1.0,,NORMAL
1790743386.7700226,esp32-1,-65.0,23.76975,21.28767,20.0,46.0,-1.0,,NORMAL
1790743391.9889646,esp32-1,-63.0,39.3792,6.1615,0.0,53.0,-1.0,,NORMAL
1790743396.0281577,esp32-1,-61.0,46.5294,6.12325,0.0,52.0,-1.0,,NORMAL
1790743401.865749,esp32-1,-61.0,21.918,16.05433,20.0,52.0,-1.0,,NORMAL
1790743405.9867654,esp32-1,-64.0,39.3578,5.9575,0.0,147.0,-1.0,,NORMAL
1790743411.387991,esp32-1,-65.0,87.14079,121.292,0.0,274.0,-1.0,,NORMAL
1790743416.8228776,esp32-1,-65.0,23.19675,17.28,20.0,48.0,-1.0,,NORMAL
1790743420.9801252,esp32-1,-64.0,39.111,15.13975,0.0,149.0,-1.0,,NORMAL
1790743426.012737,esp32-1,-61.0,46.0946,6.13075,0.0,115.0,-1.0,,NORMAL
1790743431.7743514,esp32-1,-62.0,23.021,18.791,20.0,47.0,-1.0,,NORMAL
1790743436.067345,esp32-1,-64.0,39.0732,6.784,0.0,150.0,-1.0,,NORMAL
1790743441.089725,esp32-1,-62.0,45.4998,5.9145,0.0,116.0,-1.0,,NORMAL
1790743446.7800236,esp32-1,-63.0,22.596,17.88,20.0,48.0,-1.0,,NORMAL
1790743450.9928071,esp32-1,-61.0,38.6596,6.1655,0.0,154.0,-1.0,,NORMAL
1790743456.7700856,esp32-1,-63.0,32.34125,22.97033,20.0,3.0,-1.0,,NORMAL
1790743461.7792692,esp32-1,-61.0,22.24275,14.806,20.0,47.0,-1.0,,NORMAL
1790743465.881412,esp32-1,-64.0,38.5112,6.35225,0.0,53.0,-1.0,,NORMAL
1790743471.0144572,esp32-1,-63.0,45.4508,6.210749,0.0,118.0,-1.0,,NORMAL
1790743477.7451391,esp32-1,-64.0,20.47867,14.7185,40.0,3.0,-1.0,,NORMAL
1790743481.0320392,esp32-1,-64.0,38.147,6.646,0.0,164.0,-1.0,,NORMAL
1790743486.0417428,esp32-1,-61.0,45.3054,6.07375,0.0,53.0,-1.0,,NORMAL
1790743491.7830117,esp32-1,-64.0,22.4295,18.76367,20.0,44.0,-1.0,,NORMAL
1790743496.076325,esp32-1,-60.0,38.0326,7.036999,0.0,157.0,-1.0,,NORMAL
1790743501.01767,esp32-1,-64.0,45.0148,6.277501,0.0,120.0,-1.0,,NORMAL
1790743506.7735949,esp32-1,-62.0,22.466,17.89767,20.0,42.0,-1.0,,NORMAL
1790743511.041948,esp32-1,-59.0,37.8304,6.1225,0.0,158.0,-1.0,,NORMAL
1790743516.0613995,esp32-1,-60.0,44.9632,6.193501,0.0,121.0,-1.0,,NORMAL
1790743521.7726436,esp32-1,-59.0,21.85875,17.12467,20.0,45.0,-1.0,,NORMAL
1790743526.907905,esp32-1,-63.0,66.286,76.499,20.0,4.0,-1.0,,NORMAL
1790743531.9698899,esp32-1,-63.0,44.6902,6.205251,0.0,53.0,-1.0,,NORMAL
1790743536.764228,esp32-1,-61.0,21.52075,16.98867,20.0,45.0,-1.0,,NORMAL
1790743541.9806104,esp32-1,-63.0,28.10775,23.52633,20.0,235.0,-1.0,,NORMAL
1790743546.0221317,esp32-1,-65.0,44.4102,6.921,0.0,157.0,-1.0,,NORMAL
1790743552.8067675,esp32-1,-61.0,20.55,14.159,40.0,3.0,-1.0,,NORMAL
1790743556.9074335,esp32-1,-63.0,28.02975,25.475,20.0,52.0,-1.0,,NORMAL
1790743560.9050968,esp32-1,-62.0,44.0736,6.0175,0.0,53.0,-1.0,,NORMAL
1790743566.7215016,esp32-1,-63.0,21.5715,16.91233,20.0,3.0,-1.0,,NORMAL
1790743571.9846196,esp32-1,-59.0,27.45975,24.19033,20.0,238.0,-1.0,,NORMAL
1790743578.1007414,esp32-1,-62.0,85.2415,148.512,20.0,1008.0,-1.0,,NORMAL
1790743581.8888426,esp32-1,-63.0,23.45625,15.74767,20.0,34.0,-1.0,,NORMAL
1790743587.0557265,esp32-1,-63.0,27.5285,24.38633,20.0,216.0,-1.0,,NORMAL
1790743590.9117937,esp32-1,-63.0,43.692,5.942501,0.0,53.0,-1.0,,NORMAL
1790743596.8467705,esp32-1,-64.0,23.91825,19.325,20.0,32.0,-1.0,,NORMAL
1790743602.065305,esp32-1,-60.0,27.3755,24.719,20.0,240.0,-1.0,,NORMAL
1790743606.0662496,esp32-1,-61.0,43.6114,6.19525,0.0,127.0,-1.0,,NORMAL
1790743611.7748053,esp32-1,-60.0,22.5355,18.01167,20.0,37.0,-1.0,,NORMAL
1790743617.0518146,esp32-1,-60.0,26.9105,23.02267,20.0,220.0,-1.0,,NORMAL
1790743621.112107,esp32-1,-63.0,43.3392,6.45175,0.0,128.0,-1.0,,NORMAL
1790743626.750415,esp32-1,-63.0,201.0266,218.0745,0.0,48.0,-1.0,,NORMAL
1790743631.9907746,esp32-1,-61.0,26.40775,22.495,20.0,242.0,-1.0,,NORMAL
1790743636.0161805,esp32-1,-62.0,43.2336,6.1365,0.0,128.0,-1.0,,NORMAL
1790743641.8176665,esp32-1,-62.0,22.98925,17.90667,20.0,34.0,-1.0,,NORMAL
1790743646.975405,esp32-1,-60.0,26.38425,23.367,20.0,226.0,-1.0,,NORMAL
1790743651.0124767,esp32-1,-63.0,43.0276,5.918999,0.0,53.0,-1.0,,NORMAL
1790743656.7667556,esp32-1,-61.0,23.037,18.62633,20.0,31.0,-1.0,,NORMAL
1790743662.789642,esp32-1,-63.0,20.37833,13.4275,40.0,2.0,-1.0,,NORMAL
1790743667.0461955,esp32-1,-60.0,42.8734,6.65175,0.0,53.0,-1.0,,NORMAL
1790743671.7666585,esp32-1,-61.0,22.03725,17.41967,20.0,34.0,-1.0,,NORMAL
1790743676.9260998,esp32-1,-62.0,25.95275,21.863,20.0,52.0,-1.0,,NORMAL
1790743681.0190616,esp32-1,-63.0,46.1136,5.56,0.0,138.0,-1.0,,NORMAL
1790743685.9461257,esp32-1,-63.0,49.2414,2.132,0.0,53.0,-1.0,,NORMAL
1790743691.9333167,esp32-1,-61.0,25.3715,17.74533,20.0,183.0,-1.0,,NORMAL
1790743696.0727525,esp32-1,-62.0,42.1262,6.502,0.0,134.0,-1.0,,NORMAL
1790743702.706497,esp32-1,-61.0,20.424,14.058,40.0,4.0,-1.0,,NORMAL
1790743707.8989043,esp32-1,-62.0,25.0185,18.255,20.0,53.0,-1.0,,NORMAL
1790743711.1372283,esp32-1,-61.0,41.701,6.154501,0.0,136.0,-1.0,,NORMAL
1790743717.1673632,esp32-1,-62.0,48.616,8.005999,0.0,53.0,-1.0,,NORMAL
1790743722.8514073,esp32-1,-61.0,25.20325,21.594,20.0,52.0,-1.0,,NORMAL
1790743725.9094653,esp32-1,-61.0,41.7832,6.41875,0.0,52.0,-1.0,,NORMAL
1790743731.8202364,esp32-1,-60.0,22.55,17.73333,20.0,28.0,-1.0,,NORMAL
1790743736.988562,esp32-1,-61.0,24.68175,19.96334,20.0,241.0,-1.0,,NORMAL
1790743741.0253665,esp32-1,-61.0,41.7978,6.269751,0.0,53.0,-1.0,,NORMAL
1790743746.1535153,esp32-1,-64.0,48.399,8.424749,0.0,103.0,-1.0,,NORMAL
1790743752.0921135,esp32-1,-63.0,24.63225,19.88367,20.0,192.0,-1.0,,NORMAL
1790743756.0122995,esp32-1,-60.0,41.316,6.02975,0.0,139.0,-1.0,,NORMAL
1790743761.8139334,esp32-1,-64.0,23.25675,18.114,20.0,26.0,-1.0,,NORMAL
1790743767.9071774,esp32-1,-62.0,24.062,19.67467,20.0,53.0,-1.0,,NORMAL
1790743772.0080757,esp32-1,-62.0,41.0152,6.04425,0.0,52.0,-1.0,,NORMAL
1790743777.0207484,esp32-1,-62.0,48.1002,6.686501,0.0,53.0,-1.0,,NORMAL
1790743782.090713,esp32-1,-63.0,23.87775,20.09133,20.0,199.0,-1.0,,NORMAL
1790743785.8566072,esp32-1,-60.0,40.7684,6.17675,0.0,8.0,-1.0,,NORMAL
1790743792.1256943,esp32-1,-60.0,91.81975,163.4507,20.0,4.0,-1.0,,NORMAL
1790743797.0480754,esp32-1,-60.0,23.63075,17.44867,20.0,252.0,-1.0,,NORMAL
1790743802.7317271,esp32-1,-62.0,24.65533,32.096,40.0,6.0,-1.0,,NORMAL
1790743806.162034,esp32-1,-61.0,47.5294,5.9985,0.0,108.0,-1.0,,NORMAL
1790743811.7900648,esp32-1,-64.0,24.4655,12.99667,20.0,49.0,-1.0,,NORMAL
1790743816.0957723,esp32-1,-62.0,40.5956,9.72525,0.0,143.0,-1.0,,NORMAL
1790743821.0036783,esp32-1,-63.0,47.2712,5.81975,0.0,53.0,-1.0,,NORMAL
1790743826.843984,esp32-1,-63.0,24.8415,21.111,20.0,54.0,-1.0,,NORMAL
1790743830.996836,esp32-1,-64.0,40.4532,7.872999,0.0,145.0,-1.0,,NORMAL
1790743836.0617707,esp32-1,-61.0,47.2918,3.556499,0.0,53.0,-1.0,,NORMAL
1790743842.1010678,esp32-1,-60.0,24.0845,20.22567,20.0,204.0,-1.0,,NORMAL
1790743846.9669228,esp32-1,-63.0,32.68325,27.401,20.0,188.0,-1.0,,NORMAL
1790743851.039942,esp32-1,-63.0,48.4442,5.15,0.0,104.0,-1.0,,NORMAL
1790743857.0519664,esp32-1,-64.0,24.74475,19.423,20.0,254.0,-1.0,,NORMAL
1790743863.0097327,esp32-1,-61.0,33.019,31.26667,20.0,52.0,-1.0,,NORMAL
1790743866.1700442,esp32-1,-64.0,48.21,3.471001,0.0,104.0,-1.0,,NORMAL
1790743871.9053495,esp32-1,-62.0,24.2855,18.61967,20.0,53.0,-1.0,,NORMAL
1790743876.023795,esp32-1,-62.0,64.187,79.92075,0.0,45.0,-1.0,,NORMAL
1790743882.041956,esp32-1,-62.0,48.9352,3.810501,0.0,53.0,-1.0,,NORMAL
1790743886.855563,esp32-1,-62.0,27.034,22.98067,20.0,46.0,-1.0,,NORMAL
1790743891.0138545,esp32-1,-61.0,41.9746,16.35275,0.0,138.0,-1.0,,NORMAL
1790743897.044489,esp32-1,-65.0,48.8382,4.0055,0.0,53.0,-1.0,,NORMAL
1790743902.853644,esp32-1,-63.0,68.45067,94.27,40.0,4.0,-1.0,,NORMAL
1790743906.979729,esp32-1,-61.0,41.6176,8.554,0.0,53.0,-1.0,,NORMAL
1790743912.764369,esp32-1,-62.0,21.30533,26.7365,40.0,4.0,-1.0,,NORMAL
1790743916.8135307,esp32-1,-60.0,26.29975,22.566,20.0,49.0,-1.0,,NORMAL
1790743921.0602639,esp32-1,-61.0,41.3842,4.50675,0.0,138.0,-1.0,,NORMAL
1790743926.1782012,esp32-1,-59.0,48.523,3.195,0.0,104.0,-1.0,,NORMAL
1790743932.0553946,esp32-1,-62.0,24.40275,19.219,20.0,213.0,-1.0,,NORMAL
1790743936.1112216,esp32-1,-61.0,41.4016,7.06775,0.0,139.0,-1.0,,NORMAL
1790743942.767049,esp32-1,-61.0,20.457,22.7025,40.0,6.0,-1.0,,NORMAL
1790743947.0149992,esp32-1,-61.0,24.15925,19.27867,20.0,252.0,-1.0,,NORMAL
1790743951.0182803,esp32-1,-61.0,40.9308,9.01675,0.0,142.0,-1.0,,NORMAL
1790743957.734938,esp32-1,-62.0,27.42633,29.6345,40.0,4.0,-1.0,,NORMAL
1790743962.834823,esp32-1,-62.0,20.351,13.233,40.0,3.0,-1.0,,NORMAL
1790743965.8725772,esp32-1,-60.0,40.836,6.5675,0.0,9.0,-1.0,,NORMAL
1790743972.003453,esp32-1,-63.0,47.5724,3.908751,0.0,53.0,-1.0,,NORMAL
1790743977.0045881,esp32-1,-64.0,23.4035,19.32633,20.0,255.0,-1.0,,NORMAL
1790743980.9244068,esp32-1,-61.0,40.9396,7.41425,0.0,51.0,-1.0,,NORMAL
1790743986.0823803,esp32-1,-62.0,47.2126,5.936749,0.0,53.0,-1.0,,NORMAL
1790743991.9229727,esp32-1,-61.0,23.264,18.743,20.0,53.0,-1.0,,NORMAL
1790743995.9130862,esp32-1,-61.0,40.2236,6.916,0.0,53.0,-1.0,,NORMAL
1790744001.0526974,esp32-1,-60.0,47.042,6.30175,0.0,156.0,-1.0,,NORMAL
1790744006.9284499,esp32-1,-62.0,23.04125,18.807,20.0,174.0,-1.0,,NORMAL
1790744012.091715,esp32-1,-62.0,32.27575,30.51067,20.0,221.0,-1.0,,NORMAL
1790744016.096077,esp32-1,-60.0,47.0898,6.168,0.0,112.0,-1.0,,NORMAL
1790744022.154727,esp32-1,-60.0,53.7346,21.78675,0.0,52.0,-1.0,,NORMAL
1790744026.1227539,esp32-1,-61.0,40.1052,6.560749,0.0,145.0,-1.0,,NORMAL
1790744031.1433487,esp32-1,-62.0,47.0548,6.28275,0.0,111.0,-1.0,,NORMAL
1790744037.9004133,esp32-1,-61.0,22.514,17.841,20.0,52.0,-1.0,,NORMAL
1790744041.3823063,esp32-1,-60.0,81.1956,117.104,0.0,268.0,-1.0,,NORMAL
1790744046.0421672,esp32-1,-60.0,46.7334,6.214499,0.0,112.0,-1.0,,NORMAL
1790744052.0517497,esp32-1,-60.0,22.612,18.06533,20.0,233.0,-1.0,,NORMAL
1790744056.1276438,esp32-1,-62.0,39.5448,6.168,0.0,147.0,-1.0,,NORMAL
1790744061.0445032,esp32-1,-61.0,46.4574,6.302999,0.0,53.0,-1.0,,NORMAL
1790744066.979795,esp32-1,-62.0,22.2775,17.853,20.0,184.0,-1.0,,NORMAL
1790744072.045369,esp32-1,-61.0,39.7794,6.713,0.0,53.0,-1.0,,NORMAL
1790744076.0479565,esp32-1,-61.0,46.1142,5.701001,0.0,114.0,-1.0,,NORMAL
1790744081.988248,esp32-1,-59.0,22.12975,17.316,20.0,238.0,-1.0,,NORMAL
1790744086.8278446,esp32-1,-60.0,41.17375,60.74967,20.0,3.0,-1.0,,NORMAL
1790744091.038819,esp32-1,-62.0,46.0138,6.45575,0.0,115.0,-1.0,,NORMAL
1790744096.800659,esp32-1,-62.0,22.6295,16.18067,20.0,48.0,-1.0,,NORMAL
1790744101.0800822,esp32-1,-62.0,39.0974,6.16125,0.0,151.0,-1.0,,NORMAL
1790744106.0967574,esp32-1,-61.0,45.8884,6.23125,0.0,116.0,-1.0,,NORMAL
1790744112.85887,esp32-1,-62.0,19.83067,13.3895,40.0,5.0,-1.0,,NORMAL
1790744115.9061356,esp32-1,-64.0,38.855,6.53075,0.0,53.0,-1.0,,NORMAL
1790744122.0755255,esp32-1,-60.0,73.24075,130.758,20.0,3.0,-1.0,,NORMAL
1790744126.8890061,esp32-1,-63.0,21.9325,17.80533,20.0,50.0,-1.0,,NORMAL
1790744131.0138755,esp32-1,-64.0,60.8828,75.76601,0.0,46.0,-1.0,,NORMAL
1790744136.7736123,esp32-1,-60.0,25.68125,17.19967,20.0,6.0,-1.0,,NORMAL
1790744141.803893,esp32-1,-62.0,23.051,18.95133,20.0,43.0,-1.0,,NORMAL
1790744147.0816789,esp32-1,-60.0,38.414,6.163,0.0,52.0,-1.0,,NORMAL
1790744151.9618306,esp32-1,-59.0,74.317,138.3787,20.0,3.0,-1.0,,NORMAL
1790744156.7941122,esp32-1,-62.0,23.01175,20.32133,20.0,43.0,-1.0,,NORMAL
1790744160.9928005,esp32-1,-63.0,38.0826,6.734501,0.0,52.0,-1.0,,NORMAL
1790744166.1068816,esp32-1,-61.0,45.1276,5.5955,0.0,120.0,-1.0,,NORMAL
1790744173.0749674,esp32-1,-62.0,46.20425,49.65533,20.0,53.0,-1.0,,NORMAL
1790744176.0090098,esp32-1,-61.0,38.0176,6.233749,0.0,158.0,-1.0,,NORMAL
1790744182.1164439,esp32-1,-61.0,44.9192,6.326,0.0,53.0,-1.0,,NORMAL
1790744186.8986645,esp32-1,-61.0,23.227,16.085,20.0,40.0,-1.0,,NORMAL
1790744191.8334827,esp32-1,-61.0,28.6,25.0,20.0,52.0,-1.0,,NORMAL
1790744196.1127212,esp32-1,-62.0,69.42039,36.892,0.0,33.0,-1.0,,NORMAL
1790744201.8456028,esp32-1,-63.0,22.66325,17.68833,20.0,42.0,-1.0,,NORMAL
1790744206.827042,esp32-1,-65.0,28.43925,25.831,20.0,52.0,-1.0,,NORMAL
1790744210.9378788,esp32-1,-60.0,44.6226,6.25675,0.0,53.0,-1.0,,NORMAL
1790744216.9023616,esp32-1,-61.0,21.927,16.143,20.0,43.0,-1.0,,NORMAL
1790744222.737038,esp32-1,-61.0,20.02333,13.1775,40.0,3.0,-1.0,,NORMAL
1790744226.0374782,esp32-1,-63.0,65.5382,76.45026,0.0,50.0,-1.0,,NORMAL
1790744231.8049831,esp32-1,-61.0,22.9945,18.00967,20.0,40.0,-1.0,,NORMAL
1790744237.0254354,esp32-1,-63.0,27.9685,25.392,20.0,247.0,-1.0,,NORMAL
1790744242.1186452,esp32-1,-61.0,44.0168,5.47625,0.0,53.0,-1.0,,NORMAL
1790744246.796843,esp32-1,-61.0,22.33975,17.435,20.0,40.0,-1.0,,NORMAL
1790744252.2392082,esp32-1,-63.0,57.5078,26.701,0.0,53.0,-1.0,,NORMAL
1790744256.990022,esp32-1,-62.0,43.8998,6.32975,0.0,53.0,-1.0,,NORMAL
1790744262.1053116,esp32-1,-64.0,50.6672,32.316,0.0,92.0,-1.0,,NORMAL
1790744266.8737724,esp32-1,-62.0,27.16425,24.11033,20.0,54.0,-1.0,,NORMAL
1790744271.0848732,esp32-1,-62.0,43.7384,6.261,0.0,129.0,-1.0,,NORMAL
1790744276.9098768,esp32-1,-63.0,24.494,15.719,20.0,29.0,-1.0,,NORMAL
1790744281.824723,esp32-1,-64.0,26.96525,20.92767,20.0,53.0,-1.0,,NORMAL
1790744286.6289117,esp32-1,-63.0,43.5094,6.246999,0.0,54.0,-1.0,,NORMAL
1790744291.8029718,esp32-1,-64.0,23.13,16.532,20.0,33.0,-1.0,,NORMAL
1790744297.721317,esp32-1,-63.0,19.886,13.255,40.0,3.0,-1.0,,NORMAL
1790744301.088121,esp32-1,-63.0,43.133,6.21725,0.0,130.0,-1.0,,NORMAL
1790744306.7848876,esp32-1,-62.0,22.58,15.70633,20.0,35.0,-1.0,,NORMAL
1790744311.8299496,esp32-1,-61.0,26.35525,22.061,20.0,53.0,-1.0,,NORMAL
1790744316.028338,esp32-1,-63.0,42.834,6.204999,0.0,3.0,-1.0,,NORMAL
1790744321.8128488,esp32-1,-64.0,21.86825,16.462,20.0,50.0,-1.0,,NORMAL
1790744327.7349663,esp32-1,-63.0,20.80267,15.5855,40.0,3.0,-1.0,,NORMAL
1790744331.0848875,esp32-1,-64.0,42.7048,7.287001,0.0,132.0,-1.0,,NORMAL
1790744337.7445436,esp32-1,-64.0,23.168,21.27,40.0,4.0,-1.0,,NORMAL
1790744342.9151118,esp32-1,-62.0,25.86175,21.897,20.0,53.0,-1.0,,NORMAL
1790744346.0312405,esp32-1,-61.0,42.437,6.639001,0.0,134.0,-1.0,,NORMAL
1790744352.735488,esp32-1,-60.0,19.793,13.6455,40.0,4.0,-1.0,,NORMAL
1790744357.0927072,esp32-1,-65.0,25.411,22.162,20.0,248.0,-1.0,,NORMAL
1790744362.1103396,esp32-1,-59.0,42.3842,5.50325,0.0,54.0,-1.0,,NORMAL
1790744366.7846754,esp32-1,-61.0,22.57575,18.07533,20.0,30.0,-1.0,,NORMAL
1790744372.9094665,esp32-1,-59.0,25.1415,21.415,20.0,52.0,-1.0,,NORMAL
1790744376.1377413,esp32-1,-63.0,41.7646,6.115001,0.0,136.0,-1.0,,NORMAL
1790744381.870127,esp32-1,-59.0,21.531,16.98,20.0,32.0,-1.0,,NORMAL
1790744387.094622,esp32-1,-61.0,24.8485,21.39933,20.0,249.0,-1.0,,NORMAL
1790744391.0891302,esp32-1,-61.0,41.9206,6.848,0.0,138.0,-1.0,,NORMAL
1790744396.7822258,esp32-1,-67.0,21.593,17.27,20.0,31.0,-1.0,,NORMAL
1790744402.0731084,esp32-1,-60.0,24.7355,19.28066,20.0,229.0,-1.0,,NORMAL
1790744406.1410098,esp32-1,-60.0,41.5654,6.1305,0.0,138.0,-1.0,,NORMAL
1790744411.8764596,esp32-1,-59.0,22.30125,16.85,20.0,27.0,-1.0,,NORMAL
1790744416.9970229,esp32-1,-60.0,24.57925,21.177,20.0,179.0,-1.0,,NORMAL
1790744421.0415273,esp32-1,-58.0,41.4962,5.77175,0.0,138.0,-1.0,,NORMAL
1790744426.0053418,esp32-1,-59.0,43.205,13.54925,0.0,10.0,-1.0,,NORMAL
1790744431.945168,esp32-1,-60.0,24.3325,19.622,20.0,52.0,-1.0,,NORMAL
1790744436.144649,esp32-1,-60.0,41.3644,6.954499,0.0,139.0,-1.0,,NORMAL
1790744440.9714267,esp32-1,-60.0,47.9262,7.578251,0.0,53.0,-1.0,,NORMAL
1790744446.815347,esp32-1,-62.0,24.34525,20.45167,20.0,52.0,-1.0,,NORMAL
1790744451.7622902,esp32-1,-61.0,21.64075,8.594666,20.0,4.0,-1.0,,NORMAL
1790744456.1148732,esp32-1,-56.0,48.1022,6.78175,0.0,106.0,-1.0,,NORMAL
1790744462.0040245,esp32-1,-58.0,24.07375,20.005,20.0,238.0,-1.0,,NORMAL
1790744466.6963696,esp32-1,-58.0,40.9824,6.64025,0.0,53.0,-1.0,,NORMAL
1790744471.8836598,esp32-1,-60.0,23.30525,14.14,20.0,20.0,-1.0,,NORMAL
1790744477.73523,esp32-1,-58.0,20.019,13.299,40.0,2.0,-1.0,,NORMAL
1790744481.1004093,esp32-1,-58.0,40.6528,6.486,0.0,142.0,-1.0,,NORMAL
1790744486.1171734,esp32-1,-61.0,48.331,6.52925,0.0,105.0,-1.0,,NORMAL
1790744491.8152797,esp32-1,-61.0,24.08,21.79533,20.0,50.0,-1.0,,NORMAL
1790744496.0515237,esp32-1,-59.0,40.4022,6.847499,0.0,53.0,-1.0,,NORMAL
1790744501.1720965,esp32-1,-62.0,47.3318,6.27575,0.0,110.0,-1.0,,NORMAL
1790744506.242511,esp32-1,-59.0,74.5948,104.569,0.0,196.0,-1.0,,NORMAL
1790744511.768586,esp32-1,-62.0,21.7735,9.7,20.0,3.0,-1.0,,NORMAL
1790744516.39079,esp32-1,-61.0,88.25739,119.9415,0.0,268.0,-1.0,,NORMAL
1790744522.1656196,esp32-1,-62.0,23.05475,18.61167,20.0,250.0,-1.0,,NORMAL
1790744526.0251,esp32-1,-61.0,40.0438,6.578499,0.0,147.0,-1.0,,NORMAL
1790744531.0720344,esp32-1,-63.0,46.9236,6.098501,0.0,113.0,-1.0,,NORMAL
1790744537.1147952,esp32-1,-61.0,22.9535,12.92533,20.0,198.0,-1.0,,NORMAL
1790744541.0074873,esp32-1,-63.0,39.9864,6.4765,0.0,51.0,-1.0,,NORMAL
1790744546.1839147,esp32-1,-59.0,90.6248,60.968,0.0,39.0,-1.0,,NORMAL
1790744551.1437325,esp32-1,-60.0,32.7992,7.9515,0.0,184.0,-1.0,,NORMAL
1790744555.9766688,esp32-1,-62.0,39.9602,6.152,0.0,52.0,-1.0,,NORMAL
1790744561.1797533,esp32-1,-61.0,46.8514,6.00625,0.0,113.0,-1.0,,NORMAL
1790744566.8150115,esp32-1,-61.0,23.81425,15.26033,20.0,47.0,-1.0,,NORMAL
1790744571.115573,esp32-1,-64.0,39.7778,6.645501,0.0,149.0,-1.0,,NORMAL
1790744576.847248,esp32-1,-63.0,26.44025,20.09933,20.0,3.0,-1.0,,NORMAL
1790744582.3790047,esp32-1,-59.0,22.546,18.67533,20.0,557.0,-1.0,,NORMAL
1790744586.0252411,esp32-1,-59.0,39.5828,6.184,0.0,149.0,-1.0,,NORMAL
1790744591.0604043,esp32-1,-56.0,46.616,6.218501,0.0,117.0,-1.0,,NORMAL
1790744596.8193028,esp32-1,-61.0,22.15525,18.17433,20.0,51.0,-1.0,,NORMAL
1790744601.0287702,esp32-1,-59.0,63.42,83.67976,0.0,35.0,-1.0,,NORMAL
1790744606.0628448,esp32-1,-59.0,46.1202,5.86,0.0,116.0,-1.0,,NORMAL
1790744612.027185,esp32-1,-60.0,22.80775,18.42233,20.0,259.0,-1.0,,NORMAL
1790745836.1807053,pc,-55.0,28.25,2.3333333333333335,0.0,20.716428756713867,10.103227071340509,,NORMAL
1790745839.6514437,pc,-55.0,28.25,1.3333333333333333,0.0,5.96165657043457,-1.0,,NORMAL
1790745844.6801782,pc,-55.0,29.0,2.6666666666666665,0.0,8.736371994018555,-1.0,,NORMAL
1790745849.6197927,pc,-54.0,27.25,0.6666666666666666,0.0,4.445314407348633,-1.0,,NORMAL
1790745854.6811528,pc,-52.0,27.25,0.6666666666666666,0.0,60.109615325927734,-1.0,,NORMAL
1790745859.6341505,pc,-54.0,27.5,0.6666666666666666,0.0,13.854026794433594,-1.0,,NORMAL
1790745864.7641544,pc,-54.0,27.25,0.3333333333333333,0.0,112.35833168029785,-1.0,,NORMAL
1790745869.658714,pc,-54.0,27.5,1.3333333333333333,0.0,6.863117218017578,-1.0,,NORMAL
1790745874.710426,pc,-54.0,27.25,0.3333333333333333,0.0,9.092092514038086,-1.0,,NORMAL
1790745879.6519828,pc,-54.0,28.0,1.6666666666666667,0.0,0.7638931274414062,-1.0,,NORMAL
1790745884.6451962,pc,-53.0,27.25,0.6666666666666666,0.0,0.8006095886230469,-1.0,,NORMAL
1790745889.654027,pc,-54.0,28.0,0.6666666666666666,0.0,0.7865428924560547,-1.0,,NORMAL
1790745894.6563501,pc,-54.0,28.0,1.3333333333333333,0.0,0.8890628814697266,-1.0,,NORMAL
1790745899.6535268,pc,-54.0,28.0,2.0,0.0,0.9279251098632812,-1.0,,NORMAL
1790745904.6284924,pc,-52.0,29.0,3.3333333333333335,0.0,9.155511856079102,-1.0,,NORMAL
1790745909.613652,pc,-53.0,29.0,1.0,0.0,0.8561611175537109,-1.0,,NORMAL
1790745914.657211,pc,-53.0,27.5,0.3333333333333333,0.0,3.1113624572753906,-1.0,,NORMAL
1790745919.6606605,pc,-50.0,27.25,0.6666666666666666,0.0,15.157938003540039,-1.0,,NORMAL
1790745924.6562653,pc,-53.0,27.0,0.0,0.0,3.3822059631347656,-1.0,,NORMAL
1790745929.6202803,pc,-53.0,28.0,2.0,0.0,4.01759147644043,-1.0,,NORMAL
1790745934.6353974,pc,-54.0,27.5,1.6666666666666667,0.0,0.7350444793701172,-1.0,,NORMAL
1790745939.711997,pc,-54.0,44.0,22.666666666666668,0.0,0.7226467132568359,-1.0,,NORMAL
1790745944.6584888,pc,-55.0,27.5,0.6666666666666666,0.0,0.8080005645751953,-1.0,,NORMAL
1790745949.6648934,pc,-56.0,28.0,1.3333333333333333,0.0,11.705875396728516,-1.0,,NORMAL
1790745954.648889,pc,-56.0,27.75,0.3333333333333333,0.0,0.7586479187011719,-1.0,,NORMAL
1790745959.627794,pc,-54.0,27.25,0.6666666666666666,0.0,4.351615905761719,-1.0,,NORMAL
1790745964.6704009,pc,-54.0,27.0,0.0,0.0,10.423660278320312,-1.0,,NORMAL
1790745969.6577384,pc,-55.0,28.0,1.0,0.0,12.215375900268555,-1.0,,NORMAL
1790745974.6266735,pc,-55.0,28.25,0.6666666666666666,0.0,0.8141994476318359,-1.0,,NORMAL
1790745979.6923292,pc,-54.0,30.75,6.0,0.0,0.8971691131591797,-1.0,,NORMAL
1790745984.6428282,pc,-54.0,28.25,1.0,0.0,0.7870197296142578,-1.0,,NORMAL
1790745989.6513667,pc,-53.0,27.5,0.6666666666666666,0.0,0.80108642578125,-1.0,,NORMAL
1790745994.6244884,pc,-54.0,29.0,4.666666666666667,0.0,9.35220718383789,-1.0,,NORMAL
1790745999.6669583,pc,-52.0,27.0,0.0,0.0,0.7314682006835938,-1.0,,NORMAL
1790746004.6491642,pc,-52.0,29.0,2.6666666666666665,0.0,0.8933544158935547,-1.0,,NORMAL
1790746009.6495824,pc,-52.0,27.75,0.6666666666666666,0.0,9.260892868041992,-1.0,,NORMAL
1790746014.6635935,pc,-52.0,27.25,0.6666666666666666,0.0,0.7750988006591797,-1.0,,NORMAL
1790746019.6336377,pc,-52.0,28.0,1.0,0.0,2.1991729736328125,-1.0,,NORMAL
1790746024.6219604,pc,-52.0,27.5,1.3333333333333333,0.0,0.8778572082519531,-1.0,,NORMAL
1790746029.6794884,pc,-52.0,27.75,2.0,0.0,0.6742477416992188,-1.0,,NORMAL
1790746034.6390452,pc,-53.0,29.0,5.0,0.0,0.7607936859130859,-1.0,,NORMAL
1790746039.6564867,pc,-53.0,27.75,1.0,0.0,11.152029037475586,-1.0,,NORMAL
1790746044.661085,pc,-53.0,27.75,1.0,0.0,0.8118152618408203,-1.0,,NORMAL
1790746049.6697488,pc,-54.0,27.0,0.0,0.0,6.647348403930664,-1.0,,NORMAL
1790746054.6660037,pc,-52.0,28.0,1.3333333333333333,0.0,13.031721115112305,-1.0,,NORMAL
1790746059.7504704,pc,-52.0,29.25,3.0,0.0,0.736236572265625,-1.0,,NORMAL
1790746064.6353045,pc,-56.0,27.75,1.0,0.0,0.7524490356445312,-1.0,,NORMAL
1790746069.6402268,pc,-52.0,28.75,4.333333333333333,0.0,0.720977783203125,-1.0,,NORMAL
1790746074.6686628,pc,-52.0,28.75,5.333333333333333,0.0,0.8184909820556641,-1.0,,NORMAL
1790746079.6545808,pc,-53.0,27.25,1.3333333333333333,0.0,0.8561611175537109,-1.0,,NORMAL
1790746084.6658616,pc,-52.0,28.25,3.0,0.0,3.0672550201416016,-1.0,,NORMAL
1790746089.7106102,pc,-53.0,27.0,0.0,0.0,3.3011436462402344,-1.0,,NORMAL
1790746094.7353768,pc,-52.0,29.0,4.0,0.0,0.8952617645263672,-1.0,,NORMAL
1790746099.681814,pc,-52.0,28.0,0.0,0.0,12.638568878173828,-1.0,,NORMAL
1790746104.6661017,pc,-52.0,27.25,0.6666666666666666,0.0,0.7865428924560547,-1.0,,NORMAL
1790746109.6698256,pc,-52.0,27.75,2.0,0.0,0.7817745208740234,-1.0,,NORMAL
1790746114.6704054,pc,-52.0,28.5,2.0,0.0,0.8471012115478516,-1.0,,NORMAL
1790746119.6573544,pc,-52.0,27.0,0.0,0.0,0.7882118225097656,-1.0,,NORMAL
1790746124.66283,pc,-53.0,27.75,1.0,0.0,0.9145736694335938,-1.0,,NORMAL
1790746129.8150172,pc,-52.0,28.5,3.0,0.0,16.53313636779785,-1.0,,NORMAL
1790746134.6692228,pc,-53.0,27.25,0.6666666666666666,0.0,0.8330345153808594,-1.0,,NORMAL
1790746144.3416092,pc,-53.0,27.5,1.3333333333333333,0.0,0.8783340454101562,17.799641759100403,,NORMAL
1790746147.8051014,pc,-52.0,27.5,2.3333333333333335,0.0,0.5967617034912109,-1.0,,NORMAL
1790746152.7860444,pc,-55.0,27.0,0.0,0.0,0.8590221405029297,-1.0,,NORMAL
1790746157.7801309,pc,-52.0,28.75,2.3333333333333335,0.0,0.7178783416748047,-1.0,,NORMAL
1790746162.7752333,pc,-53.0,27.5,1.3333333333333333,0.0,0.7650852203369141,-1.0,,NORMAL
1790746167.75524,pc,-54.0,28.25,2.0,0.0,0.7555484771728516,-1.0,,NORMAL
1790746172.8358643,pc,-53.0,27.5,0.6666666666666666,0.0,10.389089584350586,-1.0,,NORMAL
1790746177.7810807,pc,-53.0,27.25,0.3333333333333333,0.0,11.273622512817383,-1.0,,NORMAL
1790746182.7893574,pc,-58.0,27.75,1.0,0.0,0.9081363677978516,-1.0,,NORMAL
1790746187.904332,pc,-54.0,29.25,4.0,0.0,114.13049697875977,-1.0,,NORMAL
1790746192.7498927,pc,-54.0,29.0,1.0,0.0,9.019613265991211,-1.0,,NORMAL
1790746197.7464523,pc,-54.0,29.0,2.6666666666666665,0.0,9.097814559936523,-1.0,,NORMAL
1790746202.788323,pc,-54.0,27.5,1.0,0.0,0.7479190826416016,-1.0,,NORMAL
1790746207.7630837,pc,-58.0,28.0,2.0,0.0,9.842395782470703,-1.0,,NORMAL
1790746212.7818744,pc,-59.0,27.5,1.0,0.0,3.9904117584228516,-1.0,,NORMAL
1790746217.775411,pc,-56.0,30.0,3.0,0.0,0.7197856903076172,-1.0,,NORMAL
1790746222.7996073,pc,-54.0,29.5,4.0,0.0,13.118743896484375,-1.0,,NORMAL
1790746227.779709,pc,-54.0,27.75,1.0,0.0,1.1334419250488281,-1.0,,NORMAL
1790746232.800593,pc,-55.0,29.0,2.3333333333333335,0.0,0.9319782257080078,-1.0,,NORMAL
1790746237.751159,pc,-54.0,28.0,1.6666666666666667,0.0,9.507894515991211,-1.0,,NORMAL
1790746242.807619,pc,-56.0,31.75,6.333333333333333,0.0,0.7374286651611328,-1.0,,NORMAL
1790746247.776756,pc,-57.0,27.0,0.0,0.0,0.7846355438232422,-1.0,,NORMAL
1790746252.787392,pc,-54.0,29.5,3.0,0.0,10.82921028137207,-1.0,,NORMAL
1790746257.785887,pc,-56.0,27.75,1.0,0.0,0.7555484771728516,-1.0,,NORMAL
1790746262.7791421,pc,-55.0,27.75,1.3333333333333333,0.0,0.8571147918701172,-1.0,,NORMAL
1790746267.7970462,pc,-55.0,29.75,7.333333333333333,0.0,10.598182678222656,-1.0,,NORMAL
1790746272.792708,pc,-55.0,27.75,1.0,0.0,1.260995864868164,-1.0,,NORMAL
1790746277.7516842,pc,-56.0,27.75,0.6666666666666666,0.0,0.8084774017333984,-1.0,,NORMAL
1790746282.7883532,pc,-56.0,28.25,1.6666666666666667,0.0,12.058019638061523,-1.0,,NORMAL
1790746287.7930694,pc,-54.0,28.25,1.3333333333333333,0.0,8.82720947265625,-1.0,,NORMAL
1790746292.7578259,pc,-52.0,28.25,0.6666666666666666,0.0,2.711772918701172,-1.0,,NORMAL
1790746297.7664266,pc,-52.0,37.25,13.666666666666666,0.0,11.792659759521484,-1.0,,NORMAL
1790746302.8061,pc,-54.0,27.5,0.3333333333333333,0.0,0.7443428039550781,-1.0,,NORMAL
1790746307.7636724,pc,-56.0,27.0,0.6666666666666666,0.0,0.6608963012695312,-1.0,,NORMAL
1790746312.805557,pc,-54.0,28.0,0.0,0.0,9.808063507080078,-1.0,,NORMAL
1790746315.1276348,esp32-1,-67.0,37.5572,5.168499,0.0,47.0,-1.0,,NORMAL
1790746317.7868042,pc,-54.0,27.75,1.3333333333333333,0.0,0.8490085601806641,-1.0,,NORMAL
1790746320.2509077,esp32-1,-75.0,43.329,5.165499,0.0,255.0,-1.0,,NORMAL
1790746322.8029938,pc,-53.0,28.0,0.6666666666666666,0.0,0.9250640869140625,-1.0,,NORMAL
1790746327.7788954,pc,-53.0,28.0,1.3333333333333333,0.0,9.345769882202148,-1.0,,NORMAL
1790746332.8011236,pc,-55.0,31.0,4.333333333333333,0.0,0.8223056793212891,-1.0,,NORMAL
1790746332.9095078,esp32-1,-63.0,50.3496,10.99525,0.0,54.0,-1.0,,NORMAL
1790746337.7842696,pc,-54.0,29.5,2.0,0.0,1.1022090911865234,-1.0,,NORMAL
1790746339.2506654,esp32-1,-65.0,26.4935,12.49833,20.0,575.0,-1.0,,NORMAL
1790746342.8312118,pc,-53.0,29.0,2.6666666666666665,0.0,10.648488998413086,-1.0,,NORMAL
1790746342.9685574,esp32-1,-63.0,43.3734,7.4125,0.0,181.0,-1.0,,NORMAL
1790746347.7502294,pc,-53.0,28.5,0.6666666666666666,0.0,1.5392303466796875,-1.0,,NORMAL
1790746348.7502308,esp32-1,-64.0,23.81825,17.633,20.0,30.0,-1.0,,NORMAL
1790746352.7559936,pc,-55.0,27.25,0.3333333333333333,0.0,0.8881092071533203,-1.0,,NORMAL
1790746353.9237561,esp32-1,-66.0,26.55175,21.37967,20.0,249.0,-1.0,,NORMAL
1790746357.8046644,pc,-56.0,29.5,6.666666666666667,0.0,10.28132438659668,-1.0,,NORMAL
1790746358.9165986,esp32-1,-56.0,86.51025,68.41967,20.0,4.0,-1.0,,NORMAL
1790746362.7964706,pc,-55.0,35.5,21.666666666666668,0.0,0.7212162017822266,-1.0,,NORMAL
1790746363.6930542,esp32-1,-57.0,22.705,16.38933,20.0,33.0,-1.0,,NORMAL
1790746367.7662091,pc,-52.0,28.5,3.6666666666666665,0.0,0.7398128509521484,-1.0,,NORMAL
1790746369.0214176,esp32-1,-60.0,26.256,22.859,20.0,200.0,-1.0,,NORMAL
1790746372.777479,pc,-54.0,29.25,7.0,0.0,16.8149471282959,-1.0,,NORMAL
1790746373.731556,esp32-1,-68.0,24.93775,9.632999,20.0,3.0,-1.0,,NORMAL
1790746377.7811937,pc,-53.0,28.0,1.6666666666666667,0.0,0.7178783416748047,-1.0,,NORMAL
1790746378.7015986,esp32-1,-70.0,23.159,17.83367,20.0,30.0,-1.0,,NORMAL
1790746382.8074977,pc,-53.0,27.75,2.0,0.0,0.9686946868896484,-1.0,,NORMAL
1790746383.9339316,esp32-1,-67.0,25.66575,20.017,20.0,255.0,-1.0,,NORMAL
1790746387.79009,pc,-52.0,27.75,1.0,0.0,10.283231735229492,-1.0,,NORMAL
1790746388.242074,esp32-1,-67.0,83.763,97.05775,0.0,240.0,-1.0,,NORMAL
1790746392.773141,pc,-54.0,27.25,1.3333333333333333,0.0,0.7603168487548828,-1.0,,NORMAL
1790746394.642428,esp32-1,-66.0,22.83367,23.1265,40.0,4.0,-1.0,,NORMAL
1790746397.8361046,pc,-54.0,30.25,5.333333333333333,0.0,0.8172988891601562,-1.0,,NORMAL
1790746399.1276379,esp32-1,-63.0,25.509,19.87933,20.0,206.0,-1.0,,NORMAL
1790746402.7970726,pc,-54.0,32.25,7.0,0.0,9.286642074584961,-1.0,,NORMAL
1790746403.6904922,esp32-1,-69.0,25.3045,8.513667,20.0,4.0,-1.0,,NORMAL
1790746407.7965126,pc,-54.0,27.25,0.3333333333333333,0.0,0.8111000061035156,-1.0,,NORMAL
1790746408.755497,esp32-1,-57.0,22.98225,17.57533,20.0,29.0,-1.0,,NORMAL
1790746412.7977953,pc,-55.0,27.5,0.6666666666666666,0.0,3.988981246948242,-1.0,,NORMAL
1790746413.9376078,esp32-1,-65.0,25.4085,20.646,20.0,260.0,-1.0,,NORMAL
1790746417.7836769,pc,-54.0,28.0,1.0,0.0,9.788751602172852,-1.0,,NORMAL
1790746418.084479,esp32-1,-64.0,42.2056,6.673252,0.0,246.0,-1.0,,NORMAL
1790746422.8094454,pc,-54.0,28.5,1.6666666666666667,0.0,0.8931159973144531,-1.0,,NORMAL
1790746423.8079922,esp32-1,-67.0,22.667,15.65333,20.0,29.0,-1.0,,NORMAL
1790746427.778684,pc,-54.0,30.25,4.0,0.0,0.7555484771728516,-1.0,,NORMAL
1790746428.824667,esp32-1,-67.0,24.96775,20.584,20.0,53.0,-1.0,,NORMAL
1790746432.7710369,pc,-55.0,28.75,4.333333333333333,0.0,9.100914001464844,-1.0,,NORMAL
1790746432.982714,esp32-1,-66.0,42.0146,6.173501,0.0,197.0,-1.0,,NORMAL
1790746437.8253827,pc,-54.0,28.25,1.3333333333333333,0.0,1.3229846954345703,-1.0,,NORMAL
1790746438.9121134,esp32-1,-67.0,48.6112,6.294749,0.0,53.0,-1.0,,NORMAL
1790746442.786918,pc,-57.0,28.75,4.0,0.0,0.9169578552246094,-1.0,,NORMAL
1790746443.9780133,esp32-1,-66.0,25.034,21.485,20.0,265.0,-1.0,,NORMAL
1790746447.9784229,esp32-1,-36.0,81.3146,55.5795,0.0,3.0,-1.0,,NORMAL
1790746452.0916896,pc,-57.0,27.25,0.3333333333333333,0.0,13.398885726928711,19.66758977076578,,NORMAL
1790746454.013484,esp32-1,-8.0,81.3555,144.5147,20.0,3.0,-1.0,,NORMAL
1790746455.5535564,pc,-53.0,34.0,6.0,0.0,0.7305145263671875,-1.0,,NORMAL
1790746458.8844135,esp32-1,-7.0,24.6875,20.79467,20.0,216.0,-1.0,,NORMAL
1790746460.5387795,pc,-56.0,26.5,1.0,0.0,0.6906986236572266,-1.0,,NORMAL
1790746462.9808218,esp32-1,-7.0,41.5638,10.38925,0.0,203.0,-1.0,,NORMAL
1790746465.5099077,pc,-55.0,31.5,5.666666666666667,0.0,11.297464370727539,-1.0,,NORMAL
1790746468.1040573,esp32-1,-7.0,68.7892,83.1655,0.0,187.0,-1.0,,NORMAL
1790746470.565674,pc,-55.0,26.75,1.6666666666666667,0.0,0.9968280792236328,-1.0,,NORMAL
1790746473.9850745,esp32-1,-8.0,24.57575,18.82433,20.0,270.0,-1.0,,NORMAL
1790746475.5725627,pc,-55.0,27.0,0.0,0.0,1.0685920715332031,-1.0,,NORMAL
1790746478.9374285,esp32-1,-6.0,89.73425,76.13667,20.0,7.0,-1.0,,NORMAL
1790746480.554823,pc,-54.0,27.0,0.6666666666666666,0.0,11.539220809936523,-1.0,,NORMAL
1790746484.1233172,esp32-1,-7.0,94.399,71.06799,20.0,5.0,-1.0,,NORMAL
1790746485.5458157,pc,-54.0,27.5,1.3333333333333333,0.0,0.9729862213134766,-1.0,,NORMAL
1790746488.8846896,esp32-1,-6.0,24.709,20.46733,20.0,219.0,-1.0,,NORMAL
1790746490.5323873,pc,-50.0,28.75,3.0,0.0,0.6835460662841797,-1.0,,NORMAL
1790746493.8889258,esp32-1,-6.0,77.3535,60.644,20.0,5.0,-1.0,,NORMAL
1790746495.5499868,pc,-50.0,27.75,1.0,0.0,4.2819976806640625,-1.0,,NORMAL
1790746497.9449873,esp32-1,-6.0,55.393,14.5715,0.0,18.0,-1.0,,NORMAL
1790746500.5391064,pc,-50.0,27.75,1.0,0.0,0.8194446563720703,-1.0,,NORMAL
1790746503.9886262,esp32-1,-7.0,23.92425,19.41533,20.0,275.0,-1.0,,NORMAL
1790746505.5356982,pc,-50.0,27.5,1.0,0.0,0.7374286651611328,-1.0,,NORMAL
1790746508.082888,esp32-1,-5.0,82.59399,109.5898,0.0,4.0,-1.0,,NORMAL
1790746510.541771,pc,-56.0,51.75,62.0,0.0,17.589092254638672,-1.0,,NORMAL
1790746514.7417486,esp32-1,-6.0,20.485,23.3835,40.0,5.0,-1.0,,NORMAL
1790746515.540464,pc,-53.0,28.25,2.0,0.0,0.9102821350097656,-1.0,,NORMAL
1790746518.8367953,esp32-1,-5.0,24.432,16.09633,20.0,51.0,-1.0,,NORMAL
1790746520.5205402,pc,-53.0,29.0,2.6666666666666665,0.0,6.72149658203125,-1.0,,NORMAL
1790746523.7985997,esp32-1,-6.0,52.32275,26.95167,20.0,6.0,-1.0,,NORMAL
1790746525.5691817,pc,-55.0,27.75,0.6666666666666666,0.0,9.415864944458008,-1.0,,NORMAL
1790746528.1536596,esp32-1,-6.0,97.0218,127.529,0.0,12.0,-1.0,,NORMAL
1790746530.5079958,pc,-58.0,29.5,2.6666666666666665,0.0,0.5972385406494141,-1.0,,NORMAL
1790746533.891558,esp32-1,-5.0,23.79525,19.18467,20.0,178.0,-1.0,,NORMAL
1790746535.5638053,pc,-57.0,28.5,1.6666666666666667,0.0,5.622148513793945,-1.0,,NORMAL
1790746538.0894055,esp32-1,-5.0,40.7604,7.48175,0.0,266.0,-1.0,,NORMAL
1790746540.5164835,pc,-56.0,35.25,10.666666666666666,0.0,9.195327758789062,-1.0,,NORMAL
1790746544.0278203,esp32-1,-5.0,78.38675,165.6437,20.0,7.0,-1.0,,NORMAL
1790746545.5520797,pc,-54.0,27.5,0.3333333333333333,0.0,0.7956027984619141,-1.0,,NORMAL
1790746548.905769,esp32-1,-8.0,23.364,19.23833,20.0,231.0,-1.0,,NORMAL
1790746550.5254645,pc,-55.0,27.5,0.6666666666666666,0.0,1.0004043579101562,-1.0,,NORMAL
1790746553.2529685,esp32-1,-20.0,73.197,47.29275,0.0,316.0,-1.0,,NORMAL
1790746555.5220137,pc,-55.0,29.25,4.0,0.0,0.75531005859375,-1.0,,NORMAL
1790746558.6903546,esp32-1,-17.0,21.742,16.85933,20.0,28.0,-1.0,,NORMAL
1790746560.5549772,pc,-54.0,27.75,0.3333333333333333,0.0,0.7929801940917969,-1.0,,NORMAL
1790746563.8934968,esp32-1,-17.0,23.9075,13.33,20.0,179.0,-1.0,,NORMAL
1790746565.54729,pc,-52.0,29.0,3.6666666666666665,0.0,0.8013248443603516,-1.0,,NORMAL
1790746567.9319284,esp32-1,-15.0,41.2524,7.85925,0.0,53.0,-1.0,,NORMAL
1790746570.519677,pc,-54.0,27.5,0.3333333333333333,0.0,8.97073745727539,-1.0,,NORMAL
1790746573.8976073,esp32-1,-17.0,78.65724,165.1207,20.0,4.0,-1.0,,NORMAL
1790746575.5646267,pc,-55.0,29.5,2.6666666666666665,0.0,0.8840560913085938,-1.0,,NORMAL
1790746578.9720302,esp32-1,-16.0,23.5745,19.40333,20.0,234.0,-1.0,,NORMAL
1790746580.508391,pc,-54.0,28.5,3.0,0.0,0.7350444793701172,-1.0,,NORMAL
1790746583.348994,esp32-1,-16.0,74.652,48.05825,0.0,311.0,-1.0,,NORMAL
1790746585.5723333,pc,-54.0,27.25,0.6666666666666666,0.0,10.499715805053711,-1.0,,NORMAL
1790746587.9626386,esp32-1,-17.0,72.712,88.27525,0.0,30.0,-1.0,,NORMAL
1790746590.5568883,pc,-54.0,28.25,1.6666666666666667,0.0,0.8614063262939453,-1.0,,NORMAL
1790746593.8998406,esp32-1,-17.0,23.3545,18.24867,20.0,184.0,-1.0,,NORMAL
1790746595.5402594,pc,-53.0,27.5,0.6666666666666666,0.0,0.7529258728027344,-1.0,,NORMAL
1790746598.967976,esp32-1,-16.0,40.5056,6.63525,0.0,53.0,-1.0,,NORMAL
1790746600.5140626,pc,-55.0,29.25,4.333333333333333,0.0,8.490562438964844,-1.0,,NORMAL
1790746603.0692618,esp32-1,-15.0,47.1808,6.578499,0.0,257.0,-1.0,,NORMAL
1790746605.5396643,pc,-54.0,27.25,0.3333333333333333,0.0,6.232738494873047,-1.0,,NORMAL
1790746608.7216256,esp32-1,-17.0,23.1515,17.763,20.0,53.0,-1.0,,NORMAL
1790746610.552749,pc,-54.0,27.5,0.3333333333333333,0.0,0.7278919219970703,-1.0,,NORMAL
1790746614.0061224,esp32-1,-16.0,80.1835,65.59467,20.0,5.0,-1.0,,NORMAL
1790746615.5277996,pc,-54.0,27.5,1.3333333333333333,0.0,11.183738708496094,-1.0,,NORMAL
1790746618.930129,esp32-1,-15.0,46.7838,6.19725,0.0,53.0,-1.0,,NORMAL
1790746620.5091336,pc,-52.0,26.75,0.3333333333333333,0.0,0.6926059722900391,-1.0,,NORMAL
1790746623.7991045,esp32-1,-16.0,24.426,20.29233,20.0,47.0,-1.0,,NORMAL
1790746625.5510452,pc,-53.0,27.5,0.6666666666666666,0.0,0.9832382202148438,-1.0,,NORMAL
1790746627.9982295,esp32-1,-15.0,40.1818,6.28125,0.0,167.0,-1.0,,NORMAL
1790746630.5652335,pc,-53.0,27.5,0.6666666666666666,0.0,11.309146881103516,-1.0,,NORMAL
1790746633.1235337,esp32-1,-17.0,46.7714,5.974999,0.0,262.0,-1.0,,NORMAL
1790746635.529145,pc,-54.0,31.25,5.666666666666667,0.0,0.7450580596923828,-1.0,,NORMAL
1790746638.7215345,esp32-1,-16.0,24.2375,18.40867,20.0,47.0,-1.0,,NORMAL
1790746640.5529664,pc,-53.0,28.75,1.6666666666666667,0.0,0.7624626159667969,-1.0,,NORMAL
1790746643.0169961,esp32-1,-16.0,39.898,6.231,0.0,230.0,-1.0,,NORMAL
1790746645.5462942,pc,-56.0,29.25,6.0,0.0,10.188102722167969,-1.0,,NORMAL
1790746648.0238287,esp32-1,-15.0,46.5988,6.792751,0.0,214.0,-1.0,,NORMAL
1790746650.5682728,pc,-53.0,29.25,5.333333333333333,0.0,4.299402236938477,-1.0,,NORMAL
1790746653.8051941,esp32-1,-21.0,24.05525,20.29567,20.0,47.0,-1.0,,NORMAL
1790746655.5459585,pc,-51.0,28.0,1.0,0.0,0.8592605590820312,-1.0,,NORMAL
1790746657.9573667,esp32-1,-43.0,39.7078,6.334499,0.0,182.0,-1.0,,NORMAL
1790746660.5226824,pc,-51.0,30.75,8.333333333333334,0.0,10.442256927490234,-1.0,,NORMAL
1790746664.0441132,esp32-1,-43.0,46.4278,6.293251,0.0,53.0,-1.0,,NORMAL
1790746665.5236275,pc,-52.0,31.25,4.666666666666667,0.0,0.9572505950927734,-1.0,,NORMAL
1790746668.969449,esp32-1,-43.0,22.38325,17.28267,20.0,248.0,-1.0,,NORMAL
1790746670.5623066,pc,-51.0,28.0,2.0,0.0,0.7991790771484375,-1.0,,NORMAL
1790746672.875497,esp32-1,-42.0,39.6078,6.3375,0.0,5.0,-1.0,,NORMAL
1790746675.5319796,pc,-50.0,28.0,1.0,0.0,9.87386703491211,-1.0,,NORMAL
1790746678.2770925,esp32-1,-43.0,79.54561,46.557,0.0,289.0,-1.0,,NORMAL
1790746680.5072796,pc,-52.0,27.5,0.6666666666666666,0.0,0.6682872772216797,-1.0,,NORMAL
1790746683.7232628,esp32-1,-41.0,27.77425,12.897,20.0,29.0,-1.0,,NORMAL
1790746685.521918,pc,-52.0,69.75,113.0,0.0,0.8947849273681641,-1.0,,NORMAL
1790746687.9361172,esp32-1,-43.0,66.1286,39.572,0.0,22.0,-1.0,,NORMAL
1790746690.5536392,pc,-52.0,29.75,0.6666666666666666,0.0,9.506702423095703,-1.0,,NORMAL
1790746693.1331992,esp32-1,-43.0,90.1954,61.40075,0.0,38.0,-1.0,,NORMAL
1790746695.5277565,pc,-50.0,28.75,2.0,0.0,4.918575286865234,-1.0,,NORMAL
1790746698.9784672,esp32-1,-41.0,21.75925,15.91233,20.0,252.0,-1.0,,NORMAL
1790746700.5587528,pc,-53.0,28.5,2.3333333333333335,0.0,0.7793903350830078,-1.0,,NORMAL
1790746703.0816803,esp32-1,-41.0,39.343,6.36275,0.0,240.0,-1.0,,NORMAL
1790746705.5557585,pc,-53.0,30.75,3.0,0.0,12.438535690307617,-1.0,,NORMAL
1790746708.1172173,esp32-1,-42.0,46.071,5.462501,0.0,224.0,-1.0,,NORMAL
1790746710.5267103,pc,-51.0,28.25,2.3333333333333335,0.0,0.7874965667724609,-1.0,,NORMAL
1790746713.812203,esp32-1,-42.0,23.4695,18.83566,20.0,47.0,-1.0,,NORMAL
1790746715.5604944,pc,-50.0,28.5,3.6666666666666665,0.0,0.8683204650878906,-1.0,,NORMAL
1790746717.908872,esp32-1,-43.0,39.0128,6.32575,0.0,52.0,-1.0,,NORMAL
1790746720.5706625,pc,-53.0,30.5,4.333333333333333,0.0,10.950565338134766,-1.0,,NORMAL
1790746723.746392,esp32-1,-42.0,21.9425,17.11733,20.0,19.0,-1.0,,NORMAL
1790746725.5563054,pc,-51.0,27.75,0.6666666666666666,0.0,0.7958412170410156,-1.0,,NORMAL
1790746728.7652462,esp32-1,-43.0,22.38625,17.604,20.0,47.0,-1.0,,NORMAL
1790746730.5806043,pc,-51.0,29.25,4.333333333333333,0.0,1.1150836944580078,-1.0,,NORMAL
1790746733.925582,esp32-1,-44.0,83.65875,72.432,20.0,5.0,-1.0,,NORMAL
1790746735.5689144,pc,-51.0,28.25,3.0,0.0,13.130903244018555,-1.0,,NORMAL
1790746739.3450499,esp32-1,-43.0,25.76225,19.02033,20.0,584.0,-1.0,,NORMAL
1790746740.5509586,pc,-52.0,30.0,2.0,0.0,0.7293224334716797,-1.0,,NORMAL
1790746743.7177534,esp32-1,-43.0,21.3835,17.081,20.0,51.0,-1.0,,NORMAL
1790746745.5382347,pc,-51.0,27.75,1.3333333333333333,0.0,0.9784698486328125,-1.0,,NORMAL
1790746748.0176961,esp32-1,-41.0,38.6798,7.16275,0.0,176.0,-1.0,,NORMAL
1790746750.5788434,pc,-50.0,28.25,2.6666666666666665,0.0,10.619878768920898,-1.0,,NORMAL
1790746753.7503695,esp32-1,-41.0,24.17875,12.76667,20.0,4.0,-1.0,,NORMAL
1790746760.6436768,pc,-50.0,29.25,1.3333333333333333,0.0,3.8182735443115234,16.471903860618756,,NORMAL
1790746762.26993,esp32-1,-44.0,31.2105,24.82,20.0,3560.0,-1.0,,NORMAL
1790746763.1336312,esp32-1,-42.0,41.0416,6.27725,0.0,227.0,-1.0,,NORMAL
1790746764.1046898,pc,-53.0,28.25,2.0,0.0,0.8678436279296875,-1.0,,NORMAL
1790746768.3945725,esp32-1,-43.0,47.7368,5.514501,0.0,211.0,-1.0,,NORMAL
1790746769.0772817,pc,-51.0,29.75,6.333333333333333,0.0,9.327888488769531,-1.0,,NORMAL
1790746773.845647,esp32-1,-43.0,23.971,20.07467,20.0,51.0,-1.0,,NORMAL
1790746774.1246574,pc,-50.0,31.25,4.333333333333333,0.0,0.8246898651123047,-1.0,,NORMAL
1790746778.1233811,esp32-1,-38.0,40.9602,6.10275,0.0,179.0,-1.0,,NORMAL
1790746779.08872,pc,-50.0,29.0,1.0,0.0,0.7355213165283203,-1.0,,NORMAL
1790746783.2430546,esp32-1,-40.0,47.5588,6.674,0.0,265.0,-1.0,,NORMAL
1790746784.1294906,pc,-51.0,28.0,1.0,0.0,12.716531753540039,-1.0,,NORMAL
1790746788.9776082,esp32-1,-41.0,23.56075,19.13733,20.0,52.0,-1.0,,NORMAL
1790746789.084735,pc,-51.0,27.0,1.0,0.0,0.6833076477050781,-1.0,,NORMAL
1790746793.2010918,esp32-1,-42.0,40.5692,5.88225,0.0,233.0,-1.0,,NORMAL
1790746794.0690732,pc,-51.0,28.0,1.3333333333333333,0.0,0.7328987121582031,-1.0,,NORMAL
1790746798.2356784,esp32-1,-42.0,47.0948,5.248751,0.0,217.0,-1.0,,NORMAL
1790746799.061416,pc,-51.0,32.5,7.333333333333333,0.0,10.22028923034668,-1.0,,NORMAL
1790746803.9910836,esp32-1,-44.0,23.2665,18.086,20.0,197.0,-1.0,,NORMAL
1790746804.0676303,pc,-51.0,27.75,0.6666666666666666,0.0,3.9167404174804688,-1.0,,NORMAL
1790746808.2326825,esp32-1,-43.0,86.9884,104.8515,0.0,25.0,-1.0,,NORMAL
1790746809.0820556,pc,-50.0,28.5,2.3333333333333335,0.0,0.6344318389892578,-1.0,,NORMAL
1790746812.9962485,esp32-1,-43.0,46.9036,6.11325,0.0,54.0,-1.0,,NORMAL
1790746814.1335692,pc,-55.0,27.5,0.6666666666666666,0.0,16.57247543334961,-1.0,,NORMAL
1790746819.0423856,esp32-1,-43.0,23.17675,18.823,20.0,251.0,-1.0,,NORMAL
1790746819.0734284,pc,-52.0,28.0,2.3333333333333335,0.0,3.107786178588867,-1.0,,NORMAL
1790746823.9903836,esp32-1,-42.0,72.15974,78.824,20.0,3.0,-1.0,,NORMAL
1790746824.1183646,pc,-50.0,28.0,0.0,0.0,1.2667179107666016,-1.0,,NORMAL
1790746828.1950986,esp32-1,-42.0,46.9144,6.209001,0.0,228.0,-1.0,,NORMAL
1790746829.1209683,pc,-52.0,41.25,31.0,0.0,11.80124282836914,-1.0,,NORMAL
1790746833.932279,esp32-1,-43.0,27.849,25.38633,20.0,2.0,-1.0,,NORMAL
1790746834.127402,pc,-51.0,28.25,1.0,0.0,4.703521728515625,-1.0,,NORMAL
1790746838.2340288,esp32-1,-42.0,44.1294,18.86375,0.0,269.0,-1.0,,NORMAL
1790746839.068033,pc,-50.0,30.25,3.6666666666666665,0.0,0.728607177734375,-1.0,,NORMAL
1790746843.9717627,esp32-1,-42.0,22.7025,18.48067,20.0,39.0,-1.0,,NORMAL
1790746844.1238377,pc,-51.0,27.75,1.3333333333333333,0.0,10.311603546142578,-1.0,,NORMAL
1790746849.041357,esp32-1,-43.0,27.82775,24.36867,20.0,235.0,-1.0,,NORMAL
1790746849.0871909,pc,-51.0,51.25,42.0,0.0,0.7812976837158203,-1.0,,NORMAL
1790746853.2252414,esp32-1,-43.0,43.9952,6.133,0.0,231.0,-1.0,,NORMAL
1790746854.0857205,pc,-50.0,28.75,1.3333333333333333,0.0,0.7538795471191406,-1.0,,NORMAL
1790746858.9237964,esp32-1,-43.0,23.622,19.50867,20.0,36.0,-1.0,,NORMAL
1790746859.108069,pc,-51.0,27.5,0.3333333333333333,0.0,21.23880386352539,-1.0,,NORMAL
1790746864.0034382,esp32-1,-42.0,27.16575,20.905,20.0,187.0,-1.0,,NORMAL
1790746864.0701196,pc,-51.0,33.75,9.333333333333334,0.0,0.8087158203125,-1.0,,NORMAL
1790746869.0904226,pc,-51.0,28.25,1.6666666666666667,0.0,0.8134841918945312,-1.0,,NORMAL
1790746869.159469,esp32-1,-40.0,89.0625,71.02267,20.0,5.0,-1.0,,NORMAL
1790746873.8710933,esp32-1,-42.0,21.51325,16.696,20.0,42.0,-1.0,,NORMAL
1790746874.0864747,pc,-51.0,27.25,0.6666666666666666,0.0,11.120796203613281,-1.0,,NORMAL
1790746878.1884573,esp32-1,-43.0,36.7052,6.88825,0.0,243.0,-1.0,,NORMAL
1790746879.087723,pc,-51.0,27.75,1.6666666666666667,0.0,0.74005126953125,-1.0,,NORMAL
1790746883.158731,esp32-1,-42.0,43.586,6.344249,0.0,228.0,-1.0,,NORMAL
1790746884.1046572,pc,-51.0,30.75,8.666666666666666,0.0,1.397848129272461,-1.0,,NORMAL
1790746888.820857,esp32-1,-43.0,22.09075,16.13633,20.0,39.0,-1.0,,NORMAL
1790746889.1577427,pc,-53.0,28.0,1.6666666666666667,0.0,23.7276554107666,-1.0,,NORMAL
1790746893.9414499,esp32-1,-42.0,26.91025,19.15833,20.0,53.0,-1.0,,NORMAL
1790746894.0989044,pc,-51.0,27.0,1.0,0.0,0.8590221405029297,-1.0,,NORMAL
1790746898.0926852,esp32-1,-44.0,43.3846,6.686501,0.0,177.0,-1.0,,NORMAL
1790746899.107346,pc,-51.0,28.0,1.6666666666666667,0.0,0.8335113525390625,-1.0,,NORMAL
1790746903.8742168,esp32-1,-42.0,23.64775,18.27833,20.0,35.0,-1.0,,NORMAL
1790746904.081649,pc,-53.0,32.25,8.0,0.0,9.789705276489258,-1.0,,NORMAL
1790746909.0133452,esp32-1,-43.0,62.7755,111.0957,20.0,3.0,-1.0,,NORMAL
1790746909.0634165,pc,-53.0,28.25,1.3333333333333333,0.0,1.0683536529541016,-1.0,,NORMAL
1790746914.1161802,pc,-52.0,27.25,0.6666666666666666,0.0,0.9396076202392578,-1.0,,NORMAL
1790746914.1461778,esp32-1,-42.0,85.6825,67.91666,20.0,4.0,-1.0,,NORMAL
1790746918.8256207,esp32-1,-43.0,21.97075,16.76733,20.0,37.0,-1.0,,NORMAL
1790746919.0765388,pc,-54.0,27.5,0.6666666666666666,0.0,9.79757308959961,-1.0,,NORMAL
1790746924.0028656,esp32-1,-41.0,26.532,23.54233,20.0,197.0,-1.0,,NORMAL
1790746924.1897461,pc,-50.0,27.0,1.0,0.0,0.9107589721679688,-1.0,,NORMAL
1790746928.2766824,esp32-1,-43.0,60.8358,29.613,0.0,274.0,-1.0,,NORMAL
1790746929.0875933,pc,-52.0,27.75,1.0,0.0,0.9927749633789062,-1.0,,NORMAL
1790746935.6716301,esp32-1,-42.0,21.37425,16.66633,20.0,40.0,-1.0,,NORMAL
1790746935.7147985,pc,-53.0,285.0,387.0,25.0,0.7059574127197266,-1.0,,NORMAL
1790746939.1111777,esp32-1,-42.0,25.99625,19.725,20.0,251.0,-1.0,,NORMAL
1790746939.1950078,pc,-53.0,85.5,142.0,0.0,6.818056106567383,-1.0,,NORMAL
1790746943.1679509,esp32-1,-43.0,42.8354,9.626249,0.0,237.0,-1.0,,NORMAL
1790746944.18073,pc,-52.0,28.75,2.6666666666666665,0.0,0.9372234344482422,-1.0,,NORMAL
1790746948.933022,esp32-1,-44.0,24.0745,16.44767,20.0,27.0,-1.0,,NORMAL
1790746949.5240607,pc,-52.0,104.25,102.66666666666667,0.0,10.586023330688477,-1.0,,NORMAL
1790746954.2290032,pc,-55.0,28.25,2.0,0.0,0.7548332214355469,-1.0,,NORMAL
1790746954.973194,esp32-1,-44.0,26.1165,20.999,20.0,53.0,-1.0,,NORMAL
1790746958.1474638,esp32-1,-42.0,42.6166,6.26575,0.0,188.0,-1.0,,NORMAL
1790746959.2076774,pc,-51.0,27.75,0.6666666666666666,0.0,0.8497238159179688,-1.0,,NORMAL
1790746963.8833828,esp32-1,-41.0,22.13875,17.03867,20.0,3.0,-1.0,,NORMAL
1790746964.4687843,pc,-52.0,89.75,83.33333333333333,0.0,11.919498443603516,-1.0,,NORMAL
1790746968.904828,esp32-1,-43.0,25.86775,12.544,20.0,55.0,-1.0,,NORMAL
1790746969.453082,pc,-52.0,95.5,84.33333333333333,0.0,0.7903575897216797,-1.0,,NORMAL
1790746974.147072,esp32-1,-43.0,87.39175,71.77334,20.0,4.0,-1.0,,NORMAL
1790746974.240865,pc,-52.0,36.75,5.0,0.0,6.27446174621582,-1.0,,NORMAL
1790746979.075096,esp32-1,-43.0,22.69225,18.365,20.0,30.0,-1.0,,NORMAL
1790746979.2127137,pc,-51.0,31.0,3.0,0.0,11.702537536621094,-1.0,,NORMAL
1790746984.226106,pc,-51.0,31.5,4.0,0.0,0.8616447448730469,-1.0,,NORMAL
1790746984.262455,esp32-1,-43.0,25.83675,21.029,20.0,53.0,-1.0,,NORMAL
1790746988.051042,esp32-1,-44.0,42.375,5.90075,0.0,57.0,-1.0,,NORMAL
1790746989.2187424,pc,-51.0,36.25,16.0,0.0,4.565954208374023,-1.0,,NORMAL
1790746994.0916224,esp32-1,-43.0,21.7865,17.28067,20.0,35.0,-1.0,,NORMAL
1790746994.2046156,pc,-50.0,30.0,3.6666666666666665,0.0,0.7205009460449219,-1.0,,NORMAL
1790746999.0780933,esp32-1,-41.0,27.68325,23.433,20.0,46.0,-1.0,,NORMAL
1790746999.2515495,pc,-51.0,30.75,3.6666666666666665,0.0,0.8363723754882812,-1.0,,NORMAL
1790747003.4651499,esp32-1,-42.0,42.2206,5.73975,0.0,247.0,-1.0,,NORMAL
1790747004.2122352,pc,-52.0,30.25,4.333333333333333,0.0,0.7791519165039062,-1.0,,NORMAL
1790747009.177098,esp32-1,-43.0,22.6945,16.34033,20.0,28.0,-1.0,,NORMAL
1790747009.2438638,pc,-54.0,31.75,1.0,0.0,10.354995727539062,-1.0,,NORMAL
1790747014.210097,esp32-1,-43.0,25.38125,21.476,20.0,52.0,-1.0,,NORMAL
1790747014.2362332,pc,-50.0,39.75,14.666666666666666,0.0,0.705718994140625,-1.0,,NORMAL
1790747018.2604468,esp32-1,-43.0,41.791,6.519001,0.0,199.0,-1.0,,NORMAL
1790747019.290413,pc,-51.0,44.75,24.333333333333332,0.0,8.79216194152832,-1.0,,NORMAL
1790747024.335514,pc,-51.0,50.0,27.333333333333332,0.0,10.213851928710938,-1.0,,NORMAL
1790747024.8130934,esp32-1,-40.0,21.63067,24.7675,40.0,4.0,-1.0,,NORMAL
1790747029.3191679,esp32-1,-43.0,25.01425,21.45633,20.0,265.0,-1.0,,NORMAL
1790747029.3713374,pc,-52.0,63.5,47.333333333333336,0.0,0.6704330444335938,-1.0,,NORMAL
1790747033.414868,esp32-1,-42.0,81.8164,56.657,0.0,178.0,-1.0,,NORMAL
1790747034.395573,pc,-52.0,61.5,49.0,0.0,0.8063316345214844,-1.0,,NORMAL
1790747039.3872738,pc,-50.0,141.25,104.33333333333333,0.0,0.7090568542480469,-1.0,,WIFI_WEAK
1790747039.865378,esp32-1,-43.0,20.17067,26.2285,40.0,5.0,-1.0,,WIFI_WEAK
1790747044.3242893,esp32-1,-43.0,22.716,17.91767,20.0,490.0,-1.0,,WIFI_WEAK
1790747044.424427,pc,-50.0,166.25,179.0,0.0,0.6144046783447266,-1.0,,WIFI_WEAK
1790747048.0621302,esp32-1,-41.0,41.445,5.939249,0.0,53.0,-1.0,,WIFI_WEAK
1790747049.194751,pc,-50.0,29.5,1.6666666666666667,0.0,0.9717941284179688,-1.0,,WIFI_WEAK
1790747053.0760694,esp32-1,-43.0,48.1264,7.532001,0.0,53.0,-1.0,,WIFI_WEAK
1790747054.262301,pc,-51.0,94.0,169.33333333333334,0.0,10.672569274902344,-1.0,,WIFI_WEAK
1790747058.8649487,esp32-1,-43.0,24.2035,17.67633,20.0,52.0,-1.0,,WIFI_WEAK
1790747059.4725456,pc,-50.0,87.25,80.0,0.0,5.625486373901367,-1.0,,WIFI_WEAK
1790747063.0105164,esp32-1,-42.0,41.1338,6.429751,0.0,6.0,-1.0,,WIFI_WEAK
1790747070.7874017,pc,-52.0,28.5,2.3333333333333335,0.0,1.317739486694336,12.762768487711359,,WIFI_WEAK
1790747071.4070709,esp32-1,-69.0,414.4526,219.648,40.0,33.0,-1.0,,WIFI_WEAK
1790747073.9736388,esp32-1,-77.0,24.80375,20.56267,20.0,53.0,-1.0,,WIFI_WEAK
1790747074.554222,pc,-50.0,136.75,147.0,0.0,10.293245315551758,-1.0,,WIFI_WEAK
1790747078.147157,esp32-1,-71.0,41.551,6.238,0.0,206.0,-1.0,,WIFI_WEAK
1790747079.237111,pc,-53.0,31.0,5.0,0.0,1.4455318450927734,-1.0,,WIFI_WEAK
1790747084.2195437,pc,-53.0,31.75,3.0,0.0,1.6574859619140625,-1.0,,WIFI_WEAK
1790747086.3728292,esp32-1,-93.0,58.077,32.1,60.0,466.0,-1.0,,WIFI_WEAK
1790747089.2616131,pc,-52.0,36.25,6.666666666666667,0.0,15.474081039428711,-1.0,,WIFI_WEAK
1790747090.9724796,esp32-1,-86.0,47.5815,32.947,60.0,5.0,-1.0,,WIFI_WEAK
1790747093.4333215,esp32-1,-83.0,41.366,5.33875,0.0,374.0,-1.0,,WIFI_WEAK
1790747094.2344854,pc,-50.0,108.5,108.0,0.0,0.9210109710693359,-1.0,,WIFI_WEAK
1790747099.0815983,esp32-1,-82.0,48.1664,21.74475,0.0,52.0,-1.0,,WIFI_WEAK
1790747099.2448475,pc,-53.0,33.75,6.666666666666667,0.0,0.8296966552734375,-1.0,,WIFI_WEAK
1790747103.9776723,esp32-1,-86.0,29.17125,20.42633,20.0,33.0,-1.0,,WIFI_WEAK
1790747104.5569036,pc,-51.0,107.0,100.33333333333333,0.0,10.194778442382812,-1.0,,WIFI_WEAK
1790747108.177835,esp32-1,-81.0,62.0334,38.0455,0.0,53.0,-1.0,,WIFI_WEAK
1790747109.262082,pc,-51.0,90.75,85.0,0.0,0.8413791656494141,-1.0,,WIFI_WEAK
1790747114.2217093,pc,-51.0,39.5,16.0,0.0,0.7717609405517578,-1.0,,WIFI_WEAK
1790747118.8207514,esp32-1,-84.0,50.5296,5.794749,0.0,42.0,-1.0,,WIFI_WEAK
1790747119.596,pc,-56.0,103.75,51.0,0.0,172.36828804016113,-1.0,,WIFI_WEAK
1790747120.4081967,esp32-1,-84.0,101.375,145.5932,0.0,583.0,-1.0,,WIFI_WEAK
1790747120.898727,esp32-1,-84.0,50.5296,5.794749,0.0,42.0,-1.0,,WIFI_WEAK
1790747124.2181756,pc,-50.0,124.25,124.0,0.0,0.7357597351074219,-1.0,,WIFI_WEAK
1790747124.6381853,esp32-1,-85.0,46.8596,5.153501,0.0,259.0,-1.0,,WIFI_WEAK
1790747129.2423675,pc,-54.0,34.75,18.333333333333332,0.0,0.7505416870117188,-1.0,,WIFI_WEAK
1790747130.6017475,esp32-1,-87.0,38.09875,39.87067,20.0,4.0,-1.0,,WIFI_WEAK
1790747134.2284093,pc,-50.0,35.75,10.0,0.0,8.543729782104492,-1.0,,WIFI_WEAK
1790747134.9037938,esp32-1,-85.0,39.703,13.6095,0.0,229.0,-1.0,,WIFI_WEAK
1790747139.2271996,pc,-52.0,28.75,2.0,0.0,0.7193088531494141,-1.0,,WIFI_WEAK
1790747139.8193166,esp32-1,-83.0,46.761,5.25925,0.0,53.0,-1.0,,WIFI_WEAK
1790747144.2350662,pc,-52.0,32.0,6.333333333333333,0.0,4.609107971191406,-1.0,,WIFI_WEAK
1790747145.4957035,esp32-1,-82.0,42.63425,41.39967,20.0,13.0,-1.0,,WIFI_WEAK
1790747149.2399597,pc,-53.0,32.0,10.0,0.0,9.31859016418457,-1.0,,WIFI_WEAK
1790747152.6679804,esp32-1,-85.0,39.6656,7.6805,0.0,3.0,-1.0,,WIFI_WEAK
1790747154.2170112,pc,-53.0,34.0,8.666666666666666,0.0,0.7319450378417969,-1.0,,WIFI_WEAK
1790747154.975543,esp32-1,-83.0,46.6342,4.72575,0.0,3.0,-1.0,,WIFI_WEAK
1790747155.6912897,esp32-1,-85.0,39.6656,7.6805,0.0,3.0,-1.0,,WIFI_WEAK
1790747159.2136345,pc,-50.0,35.5,9.666666666666666,0.0,1.3713836669921875,-1.0,,WIFI_WEAK
1790747159.69825,esp32-1,-84.0,53.3298,38.89925,0.0,52.0,-1.0,,WIFI_WEAK
1790747164.220205,pc,-52.0,27.5,1.3333333333333333,0.0,9.804248809814453,-1.0,,WIFI_WEAK
1790747164.8325984,esp32-1,-82.0,39.4856,6.029,0.0,52.0,-1.0,,WIFI_WEAK
1790747169.2405415,pc,-52.0,83.5,145.66666666666666,0.0,0.9787082672119141,-1.0,,WIFI_WEAK
1790747169.9295385,esp32-1,-84.0,46.2616,6.269499,0.0,54.0,-1.0,,WIFI_WEAK
1790747174.2096052,pc,-50.0,30.0,1.3333333333333333,0.0,0.7395744323730469,-1.0,,WIFI_WEAK
1790747174.7097178,esp32-1,-82.0,53.1604,35.81325,0.0,301.0,-1.0,,WIFI_WEAK
1790747179.2321916,pc,-51.0,31.75,6.666666666666667,0.0,15.059709548950195,-1.0,,WIFI_WEAK
1790747179.7194793,esp32-1,-88.0,39.5194,6.03875,0.0,53.0,-1.0,,WIFI_WEAK
1790747184.3014398,pc,-50.0,34.0,10.0,0.0,43.55192184448242,-1.0,,WIFI_WEAK
1790747187.323281,esp32-1,-84.0,46.1732,8.507998,0.0,373.0,-1.0,,WIFI_WEAK
1790747189.2104406,pc,-51.0,27.75,1.0,0.0,0.7035732269287109,-1.0,,WIFI_WEAK
1790747194.295706,pc,-50.0,33.75,8.0,0.0,14.619588851928711,-1.0,,WIFI_WEAK
1790747199.2505274,pc,-53.0,32.75,8.0,0.0,0.9088516235351562,-1.0,,WIFI_WEAK
1790747201.0557833,esp32-1,-84.0,32.882,0.0,80.0,34.0,-1.0,,WIFI_WEAK
1790747204.253739,pc,-53.0,41.75,35.333333333333336,0.0,0.6134510040283203,-1.0,,WIFI_WEAK
1790747208.8092897,esp32-1,-84.0,46.1732,8.507998,0.0,373.0,-1.0,,WIFI_WEAK
1790747209.4020026,pc,-53.0,90.25,100.33333333333333,0.0,12.121438980102539,-1.0,,WIFI_WEAK
1790747214.2499297,pc,-53.0,62.25,93.66666666666667,0.0,5.129814147949219,-1.0,,WIFI_WEAK
1790747219.2052507,pc,-53.0,95.25,183.0,0.0,0.7331371307373047,-1.0,,WIFI_WEAK
1790747224.260306,pc,-53.0,81.0,145.0,0.0,0.7927417755126953,-1.0,,WIFI_WEAK
1790747229.242529,pc,-50.0,94.75,177.66666666666666,0.0,0.7309913635253906,-1.0,,WIFI_WEAK
1790747234.2508042,pc,-53.0,98.25,183.0,0.0,0.9088516235351562,-1.0,,WIFI_WEAK
1790747236.8205156,esp32-1,-81.0,66.96267,18.222,40.0,37.0,-1.0,,WIFI_WEAK
1790747237.6626766,esp32-1,-84.0,46.1732,8.507998,0.0,373.0,-1.0,,WIFI_WEAK
1790747237.8699274,esp32-1,-81.0,18.7435,26.423,60.0,67.0,-1.0,,WIFI_WEAK
1790747238.4699528,esp32-1,-87.0,62.94267,79.412,40.0,7.0,-1.0,,WIFI_WEAK
1790747239.0679915,esp32-1,-85.0,56.227,0.0,80.0,8.0,-1.0,,WIFI_WEAK
1790747239.2345335,pc,-50.0,146.5,203.0,0.0,9.635210037231445,-1.0,,WIFI_WEAK
1790747239.9058952,esp32-1,-81.0,18.7435,26.423,60.0,67.0,-1.0,,WIFI_WEAK
1790747242.9701939,esp32-1,-82.0,18.7435,26.423,100.0,3704.0,-1.0,,WIFI_WEAK
1790747244.2130287,esp32-1,-83.0,55.068,14.9565,0.0,53.0,-1.0,,WIFI_WEAK
1790747244.2508304,pc,-51.0,105.5,205.0,0.0,0.8988380432128906,-1.0,,WIFI_WEAK
1790747249.209414,pc,-53.0,29.5,2.6666666666666665,0.0,0.7646083831787109,-1.0,,WIFI_WEAK
1790747251.1403193,esp32-1,-90.0,33.79875,24.62667,20.0,52.0,-1.0,,WIFI_WEAK
1790747254.2738547,pc,-52.0,28.5,1.6666666666666667,0.0,12.98975944519043,-1.0,,WIFI_WEAK
1790747254.7574632,esp32-1,-89.0,47.766,5.3405,0.0,255.0,-1.0,,WIFI_WEAK
1790747259.275545,pc,-53.0,29.25,3.0,0.0,0.7228851318359375,-1.0,,WIFI_WEAK
1790747259.9466684,esp32-1,-83.0,25.78925,16.715,20.0,47.0,-1.0,,WIFI_WEAK
1790747264.0567057,esp32-1,-82.0,41.4682,6.172,0.0,51.0,-1.0,,WIFI_WEAK
1790747264.2505927,pc,-53.0,46.25,43.0,0.0,6.267547607421875,-1.0,,WIFI_WEAK
1790747269.2774432,pc,-52.0,84.5,102.66666666666667,0.0,15.631914138793945,-1.0,,WIFI_WEAK
1790747271.41142,esp32-1,-85.0,35.73767,6.188499,40.0,431.0,-1.0,,WIFI_WEAK
1790747274.2465906,pc,-53.0,61.5,87.0,0.0,0.7433891296386719,-1.0,,WIFI_WEAK
1790747276.1208868,esp32-1,-81.0,32.426,5.622001,40.0,10.0,-1.0,,WIFI_WEAK
1790747279.2493038,pc,-52.0,68.75,106.66666666666667,0.0,1.3196468353271484,-1.0,,WIFI_WEAK
1790747282.0575383,esp32-1,-85.0,33.172,2.542002,60.0,6.0,-1.0,,WIFI_WEAK
1790747284.2573044,pc,-52.0,139.0,297.0,0.0,11.143207550048828,-1.0,,WIFI_WEAK
1790747289.2681265,pc,-51.0,83.0,143.33333333333334,0.0,0.7412433624267578,-1.0,,WIFI_WEAK
1790747290.0527763,esp32-1,-87.0,38.639,51.382,60.0,460.0,-1.0,,WIFI_WEAK
1790747292.3376186,esp32-1,-89.0,43.7558,8.939251,0.0,54.0,-1.0,,WIFI_WEAK
1790747294.2185478,pc,-50.0,87.25,156.0,0.0,0.7605552673339844,-1.0,,WIFI_WEAK
1790747299.2947776,pc,-53.0,93.75,171.0,0.0,10.081768035888672,-1.0,,WIFI_WEAK
1790747300.495189,esp32-1,-81.0,602.0363,434.444,40.0,741.0,-1.0,,WIFI_WEAK
1790747301.7408702,esp32-1,-92.0,50.2652,7.256751,0.0,53.0,-1.0,,WIFI_WEAK
1790747304.2483313,pc,-53.0,43.0,39.0,0.0,12.544870376586914,-1.0,,WIFI_WEAK
1790747309.2550523,pc,-51.0,28.75,3.0,0.0,0.8945465087890625,-1.0,,WIFI_WEAK
1790747314.2716248,pc,-53.0,28.25,1.6666666666666667,0.0,10.264873504638672,-1.0,,WIFI_WEAK
1790747315.134032,esp32-1,-86.0,30.093,1.398,40.0,51.0,-1.0,,WIFI_WEAK
1790747315.7880092,esp32-1,-81.0,27.36175,22.50266,20.0,52.0,-1.0,,WIFI_WEAK
1790747319.2487705,pc,-52.0,75.0,62.333333333333336,0.0,1.0216236114501953,-1.0,,WIFI_WEAK
1790747324.2399805,pc,-53.0,28.0,2.3333333333333335,0.0,0.7646083831787109,-1.0,,WIFI_WEAK
1790747325.9923315,esp32-1,-87.0,119.361,53.545,40.0,3107.0,-1.0,,WIFI_WEAK
1790747327.1802182,esp32-1,-86.0,48.0188,16.8355,0.0,7.0,-1.0,,WIFI_WEAK
1790747329.2273252,pc,-50.0,112.25,107.0,0.0,9.445667266845703,-1.0,,WIFI_WEAK
1790747332.951623,esp32-1,-87.0,35.16775,27.81333,20.0,8.0,-1.0,,WIFI_WEAK
1790747334.245445,pc,-53.0,154.75,333.0,0.0,0.7276535034179688,-1.0,,WIFI_WEAK
1790747339.2729182,pc,-51.0,28.75,3.3333333333333335,0.0,10.23244857788086,-1.0,,WIFI_WEAK
1790747342.3385932,esp32-1,-87.0,37.191,12.1455,40.0,3489.0,-1.0,,WIFI_WEAK
1790747344.2473898,pc,-53.0,29.5,3.0,0.0,0.7474422454833984,-1.0,,WIFI_WEAK
1790747345.3433867,esp32-1,-89.0,34.45333,34.9205,40.0,10.0,-1.0,,WIFI_WEAK
1790747349.2693715,pc,-53.0,28.25,2.3333333333333335,0.0,0.7359981536865234,-1.0,,WIFI_WEAK
1790747350.065713,esp32-1,-80.0,62.9896,61.06075,0.0,910.0,-1.0,,WIFI_WEAK
1790747353.7393756,esp32-1,-90.0,52.5542,14.3105,0.0,44.0,-1.0,,WIFI_WEAK
1790747354.2588131,pc,-52.0,32.25,6.666666666666667,0.0,0.7252693176269531,-1.0,,WIFI_WEAK
1790747359.248794,pc,-53.0,28.0,1.0,0.0,11.210918426513672,-1.0,,WIFI_WEAK
1790747364.2446551,pc,-53.0,29.75,2.3333333333333335,0.0,0.7309913635253906,-1.0,,WIFI_WEAK
1790747364.910309,esp32-1,-82.0,55.221,24.658,60.0,1112.0,-1.0,,WIFI_WEAK
1790747369.25715,pc,-53.0,27.25,1.3333333333333333,0.0,0.7584095001220703,-1.0,,WIFI_WEAK
1790747369.9529524,esp32-1,-82.0,45.3395,32.761,60.0,571.0,-1.0,,WIFI_WEAK
1790747380.6177204,pc,-50.0,32.25,5.666666666666667,0.0,11.980533599853516,13.238731718844733,,WIFI_WEAK
1790747384.0886073,pc,-53.0,69.0,59.0,0.0,0.9601116180419922,-1.0,,WIFI_WEAK
1790747388.9951246,esp32-1,-87.0,35.647,0.0,80.0,9.0,-1.0,,WIFI_WEAK
1790747389.099445,pc,-50.0,33.5,10.666666666666666,0.0,18.34869384765625,-1.0,,WIFI_WEAK
1790747389.6272762,esp32-1,-82.0,851.336,0.0,80.0,3807.0,-1.0,,WIFI_WEAK
1790747394.1296701,pc,-52.0,38.75,15.666666666666666,0.0,0.7088184356689453,-1.0,,WIFI_WEAK
1790747395.3393183,esp32-1,-80.0,88.31824,57.64867,20.0,3665.0,-1.0,,WIFI_WEAK
1790747399.1697552,pc,-52.0,51.0,29.0,0.0,1.3203620910644531,-1.0,,WIFI_WEAK
1790747404.0243645,esp32-1,-83.0,31.62333,4.111,40.0,3168.0,-1.0,,WIFI_WEAK
1790747404.09521,pc,-50.0,29.25,1.6666666666666667,0.0,10.158061981201172,-1.0,,WIFI_WEAK
1790747406.6859848,esp32-1,-83.0,57.5194,7.627748,0.0,62.0,-1.0,,WIFI_WEAK
1790747409.0845413,pc,-53.0,162.25,119.33333333333333,0.0,0.7450580596923828,-1.0,,WIFI_WEAK
1790747410.4691043,esp32-1,-89.0,64.3586,17.7315,0.0,53.0,-1.0,,WIFI_WEAK
1790747414.1162488,pc,-51.0,34.75,10.333333333333334,0.0,10.584354400634766,-1.0,,WIFI_WEAK
1790747419.1303883,pc,-52.0,40.75,16.0,0.0,10.045766830444336,-1.0,,WIFI_WEAK
1790747424.08406,pc,-52.0,31.75,3.3333333333333335,0.0,0.9424686431884766,-1.0,,WIFI_WEAK
1790747425.4407146,esp32-1,-90.0,43.54,0.0,80.0,667.0,-1.0,,WIFI_WEAK
1790747426.036895,esp32-1,-85.0,58.47467,36.915,40.0,183.0,-1.0,,WIFI_WEAK
1790747426.343371,esp32-1,-85.0,58.47467,36.915,40.0,183.0,-1.0,,WIFI_WEAK
1790747427.3923533,esp32-1,-89.0,48.8794,7.01,0.0,53.0,-1.0,,WIFI_WEAK
1790747429.085934,pc,-53.0,31.25,2.3333333333333335,0.0,0.72479248046875,-1.0,,WIFI_WEAK
1790747432.5880246,esp32-1,-84.0,60.0644,28.97,0.0,33.0,-1.0,,WIFI_WEAK
1790747434.1047964,pc,-50.0,88.75,102.66666666666667,0.0,13.17906379699707,-1.0,,WIFI_WEAK
1790747438.3634746,esp32-1,-83.0,42.8842,8.83875,0.0,1013.0,-1.0,,WIFI_WEAK
1790747439.092919,pc,-51.0,33.25,6.333333333333333,0.0,0.7355213165283203,-1.0,,WIFI_WEAK
1790747443.5634415,esp32-1,-90.0,95.9715,53.59667,20.0,7.0,-1.0,,WIFI_WEAK
1790747444.199678,pc,-53.0,47.5,26.666666666666668,0.0,60.56475639343262,-1.0,,WIFI_WEAK
1790747449.1031425,pc,-50.0,30.0,3.0,0.0,10.431528091430664,-1.0,,WIFI_WEAK
1790747454.0759623,pc,-53.0,31.75,4.333333333333333,0.0,0.8685588836669922,-1.0,,WIFI_WEAK
1790747457.6764433,esp32-1,-83.0,38.285,15.203,20.0,7.0,-1.0,,WIFI_WEAK
1790747458.4506817,esp32-1,-86.0,29.596,0.0,80.0,10.0,-1.0,,WIFI_WEAK
1790747459.1080008,pc,-51.0,73.0,103.0,0.0,0.8440017700195312,-1.0,,WIFI_WEAK
1790747461.905495,esp32-1,-92.0,56.1588,4.505751,0.0,39.0,-1.0,,WIFI_WEAK
1790747464.0770261,pc,-50.0,27.75,0.6666666666666666,0.0,13.895273208618164,-1.0,,WIFI_WEAK
1790747469.0874572,pc,-50.0,28.25,2.0,0.0,24.7802734375,-1.0,,WIFI_WEAK
1790747474.0945446,pc,-52.0,28.25,1.6666666666666667,0.0,0.759124755859375,-1.0,,WIFI_WEAK
1790747479.0609264,pc,-53.0,28.5,2.0,0.0,9.615898132324219,-1.0,,WIFI_WEAK
1790747482.8765643,esp32-1,-91.0,28.5,2.0,100.0,21.0,-1.0,,WIFI_WEAK
1790747483.3025537,esp32-1,-91.0,28.5,2.0,100.0,649.0,-1.0,,WIFI_WEAK
1790747484.0080748,esp32-1,-91.0,28.5,2.0,100.0,21.0,-1.0,,WIFI_WEAK
1790747484.1005094,pc,-52.0,40.25,15.0,0.0,0.9067058563232422,-1.0,,WIFI_WEAK
1790747489.0669959,pc,-50.0,31.25,4.333333333333333,0.0,0.8928775787353516,-1.0,,WIFI_WEAK
1790747493.527412,esp32-1,-84.0,73.401,0.0,80.0,10.0,-1.0,,WIFI_WEAK
1790747494.1220021,pc,-53.0,28.0,1.0,0.0,13.863325119018555,-1.0,,WIFI_WEAK
1790747495.4073207,esp32-1,-86.0,30.64825,28.204,20.0,27.0,-1.0,,WIFI_WEAK
1790747499.087972,pc,-53.0,94.0,159.0,0.0,5.352497100830078,-1.0,,WIFI_WEAK
1790747499.65058,esp32-1,-82.0,40.9316,12.4285,0.0,167.0,-1.0,,WIFI_WEAK
1790747504.1190972,pc,-58.0,29.75,2.3333333333333335,0.0,0.7114410400390625,-1.0,,WIFI_WEAK
1790747504.566905,esp32-1,-84.0,47.6918,8.618501,0.0,53.0,-1.0,,WIFI_WEAK
1790747509.1097744,pc,-58.0,27.5,1.3333333333333333,0.0,15.119791030883789,-1.0,,WIFI_WEAK
1790747510.5346785,esp32-1,-85.0,68.0835,70.936,20.0,3.0,-1.0,,WIFI_WEAK
1790747514.093289,pc,-50.0,31.25,3.0,0.0,0.8552074432373047,-1.0,,WIFI_WEAK
1790747514.5335538,esp32-1,-90.0,40.8646,6.02325,0.0,52.0,-1.0,,WIFI_WEAK
1790747519.0884697,pc,-52.0,30.5,8.333333333333334,0.0,1.115560531616211,-1.0,,WIFI_WEAK
1790747519.5535378,esp32-1,-89.0,47.6278,6.406249,0.0,52.0,-1.0,,WIFI_WEAK
1790747524.1130648,pc,-55.0,28.0,2.0,0.0,10.386466979980469,-1.0,,WIFI_WEAK
1790747525.4721248,esp32-1,-86.0,24.2705,19.01833,20.0,51.0,-1.0,,WIFI_WEAK
1790747529.0815363,pc,-53.0,27.5,0.6666666666666666,0.0,0.6937980651855469,-1.0,,WIFI_WEAK
1790747529.732694,esp32-1,-90.0,40.559,8.69275,0.0,56.0,-1.0,,WIFI_WEAK
1790747534.0871854,pc,-53.0,28.5,3.6666666666666665,0.0,0.8327960968017578,-1.0,,WIFI_WEAK
1790747534.7494044,esp32-1,-90.0,47.4942,6.142251,0.0,258.0,-1.0,,WIFI_WEAK
1790747539.0537996,pc,-54.0,28.0,1.0,0.0,8.237123489379883,-1.0,,WIFI_WEAK
1790747543.3894758,esp32-1,-84.0,27.49325,19.604,20.0,524.0,-1.0,,WIFI_WEAK
1790747544.1377609,pc,-52.0,37.0,12.333333333333334,0.0,7.162809371948242,-1.0,,WIFI_WEAK
1790747544.6615603,esp32-1,-89.0,49.5864,24.1825,0.0,8.0,-1.0,,WIFI_WEAK
1790747549.0679142,pc,-53.0,73.0,60.666666666666664,0.0,0.8957386016845703,-1.0,,WIFI_WEAK
1790747550.672665,esp32-1,-85.0,67.9425,136.8417,20.0,46.0,-1.0,,WIFI_WEAK
1790747554.1109755,pc,-54.0,73.25,60.666666666666664,0.0,10.766744613647461,-1.0,,WIFI_WEAK
1790747555.412883,esp32-1,-90.0,25.23775,11.36533,20.0,44.0,-1.0,,WIFI_WEAK
1790747559.0489879,pc,-53.0,29.5,5.0,0.0,0.7879734039306641,-1.0,,WIFI_WEAK
1790747559.5258286,esp32-1,-90.0,40.3238,5.81325,0.0,53.0,-1.0,,WIFI_WEAK
1790747564.108054,pc,-53.0,29.0,2.6666666666666665,0.0,0.7250308990478516,-1.0,,WIFI_WEAK
1790747564.8960173,esp32-1,-92.0,47.5224,6.285002,0.0,264.0,-1.0,,WIFI_WEAK
1790747569.1546426,pc,-53.0,35.5,10.333333333333334,0.0,10.817527770996094,-1.0,,WIFI_WEAK
1790747570.6315904,esp32-1,-89.0,50.78975,90.57067,20.0,51.0,-1.0,,WIFI_WEAK
1790747574.0639427,pc,-53.0,57.5,38.0,0.0,0.7700920104980469,-1.0,,WIFI_WEAK
1790747575.6908755,esp32-1,-86.0,40.5586,8.100999,0.0,53.0,-1.0,,WIFI_WEAK
1790747579.0695415,pc,-54.0,72.0,59.333333333333336,0.0,0.7503032684326172,-1.0,,WIFI_WEAK
1790747579.8482442,esp32-1,-88.0,47.4478,5.631501,0.0,211.0,-1.0,,WIFI_WEAK
1790747584.1204433,pc,-53.0,27.75,1.0,0.0,13.042211532592773,-1.0,,WIFI_WEAK
1790747586.6135044,esp32-1,-89.0,39.5215,31.5,20.0,933.0,-1.0,,WIFI_WEAK
1790747589.0786948,pc,-52.0,60.5,59.333333333333336,0.0,7.291555404663086,-1.0,,WIFI_WEAK
1790747591.3744192,esp32-1,-88.0,32.39734,0.375,40.0,21.0,-1.0,,WIFI_WEAK
1790747594.0937214,pc,-53.0,28.5,1.3333333333333333,0.0,0.8373260498046875,-1.0,,WIFI_WEAK
1790747594.9008162,esp32-1,-87.0,47.281,8.407249,0.0,263.0,-1.0,,WIFI_WEAK
1790747599.0973706,pc,-54.0,123.5,130.0,0.0,9.144067764282227,-1.0,,WIFI_WEAK
1790747600.4253707,esp32-1,-88.0,27.14175,23.03933,20.0,38.0,-1.0,,WIFI_WEAK
1790747604.1013217,pc,-53.0,36.25,11.0,0.0,1.9335746765136719,-1.0,,WIFI_WEAK
1790747605.6533542,esp32-1,-88.0,63.812,120.3517,20.0,26.0,-1.0,,WIFI_WEAK
1790747609.0582118,pc,-54.0,62.0,46.666666666666664,0.0,0.7965564727783203,-1.0,,WIFI_WEAK
1790747609.7936656,esp32-1,-91.0,47.225,6.00875,0.0,216.0,-1.0,,WIFI_WEAK
1790747614.1230798,pc,-53.0,29.25,2.0,0.0,13.152599334716797,-1.0,,WIFI_WEAK
1790747615.485308,esp32-1,-92.0,28.692,12.267,20.0,32.0,-1.0,,WIFI_WEAK
1790747619.0535932,pc,-54.0,27.0,0.0,0.0,0.7398128509521484,-1.0,,WIFI_WEAK
1790747619.7858768,esp32-1,-90.0,40.1742,6.9065,0.0,184.0,-1.0,,WIFI_WEAK
1790747624.096644,pc,-54.0,28.0,0.6666666666666666,0.0,0.7245540618896484,-1.0,,WIFI_WEAK
1790747624.766389,esp32-1,-91.0,46.8758,4.85025,0.0,268.0,-1.0,,WIFI_WEAK
1790747629.0837512,pc,-52.0,29.0,2.3333333333333335,0.0,18.50605010986328,-1.0,,WIFI_WEAK
1790747630.5360515,esp32-1,-88.0,25.159,19.94333,20.0,44.0,-1.0,,WIFI_WEAK
1790747634.0564241,pc,-53.0,34.5,9.0,0.0,0.7832050323486328,-1.0,,WIFI_WEAK
1790747635.4539282,esp32-1,-90.0,76.7428,52.5075,0.0,688.0,-1.0,,WIFI_WEAK
1790747639.0887344,pc,-53.0,72.25,117.66666666666667,0.0,0.9007453918457031,-1.0,,WIFI_WEAK
1790747640.614369,esp32-1,-88.0,61.297,26.98667,20.0,5.0,-1.0,,WIFI_WEAK
1790747644.0640788,pc,-53.0,109.0,113.33333333333333,0.0,11.501789093017578,-1.0,,WIFI_WEAK
1790747645.4410534,esp32-1,-85.0,27.0085,20.16933,20.0,39.0,-1.0,,WIFI_WEAK
1790747649.1070306,pc,-51.0,136.0,128.66666666666666,0.0,3.795623779296875,-1.0,,WIFI_WEAK
1790747650.6105268,esp32-1,-88.0,30.81625,15.13233,20.0,184.0,-1.0,,WIFI_WEAK
1790747654.0970862,pc,-54.0,50.25,28.666666666666668,0.0,0.7538795471191406,-1.0,,WIFI_WEAK
1790747654.6981707,esp32-1,-89.0,66.9222,67.0005,0.0,53.0,-1.0,,WIFI_WEAK
1790747659.1200342,pc,-53.0,29.5,1.3333333333333333,0.0,9.515047073364258,-1.0,,WIFI_WEAK
1790747660.423578,esp32-1,-90.0,23.755,18.36667,20.0,49.0,-1.0,,WIFI_WEAK
1790747664.0733747,pc,-54.0,28.75,3.3333333333333335,0.0,0.9527206420898438,-1.0,,WIFI_WEAK
1790747665.5568535,esp32-1,-89.0,45.21475,67.70334,20.0,4.0,-1.0,,WIFI_WEAK
1790747669.1134653,pc,-53.0,37.75,15.333333333333334,0.0,0.7336139678955078,-1.0,,WIFI_WEAK
1790747669.957579,esp32-1,-90.0,46.5912,6.04725,0.0,53.0,-1.0,,WIFI_WEAK
1790747674.1156712,pc,-53.0,28.0,1.0,0.0,11.068344116210938,-1.0,,WIFI_WEAK
1790747675.414976,esp32-1,-89.0,24.22275,15.18867,20.0,48.0,-1.0,,WIFI_WEAK
1790747679.0972333,pc,-52.0,30.5,4.666666666666667,0.0,0.9059906005859375,-1.0,,WIFI_WEAK
1790747680.513489,esp32-1,-87.0,31.28675,3.761002,20.0,10.0,-1.0,,WIFI_WEAK
1790747685.3651543,esp32-1,-86.0,41.5408,25.21475,0.0,860.0,-1.0,,WIFI_WEAK
1790747688.9958832,pc,-53.0,29.25,4.0,0.0,0.766754150390625,17.10119699765571,,WIFI_WEAK
1790747690.0342083,esp32-1,-90.0,53.3082,17.7225,0.0,364.0,-1.0,,WIFI_WEAK
1790747692.6952527,pc,-54.0,169.75,155.0,0.0,0.7231235504150391,-1.0,,WIFI_WEAK
1790747694.6407795,esp32-1,-90.0,39.353,9.85,0.0,53.0,-1.0,,WIFI_WEAK
1790747697.686711,pc,-53.0,29.75,2.3333333333333335,0.0,244.90690231323242,-1.0,,WIFI_WEAK
1790747700.5947483,esp32-1,-85.0,50.70325,70.46867,20.0,3.0,-1.0,,WIFI_WEAK
1790747702.4426649,pc,-53.0,31.25,5.333333333333333,0.0,0.9238719940185547,-1.0,,WIFI_WEAK
1790747706.5212703,esp32-1,-90.0,30.41667,2.817498,40.0,4.0,-1.0,,WIFI_WEAK
1790747707.4649775,pc,-53.0,31.75,6.333333333333333,0.0,14.389276504516602,-1.0,,WIFI_WEAK
1790747709.5388734,esp32-1,-86.0,46.8998,16.4945,0.0,13.0,-1.0,,WIFI_WEAK
1790747712.4405208,pc,-53.0,29.0,2.3333333333333335,0.0,4.263877868652344,-1.0,,WIFI_WEAK
1790747714.5549238,esp32-1,-89.0,46.0114,6.355,0.0,55.0,-1.0,,WIFI_WEAK
1790747717.4370332,pc,-51.0,27.25,1.6666666666666667,0.0,0.7188320159912109,-1.0,,WIFI_WEAK
1790747720.445664,esp32-1,-86.0,28.37175,17.1,20.0,29.0,-1.0,,WIFI_WEAK
1790747722.4510021,pc,-53.0,28.75,1.3333333333333333,0.0,10.178565979003906,-1.0,,WIFI_WEAK
1790747725.5133038,esp32-1,-89.0,59.7345,39.88767,20.0,5.0,-1.0,,WIFI_WEAK
1790747727.4266782,pc,-54.0,30.25,7.333333333333333,0.0,0.9510517120361328,-1.0,,WIFI_WEAK
1790747729.7920566,esp32-1,-88.0,45.62,6.566501,0.0,53.0,-1.0,,WIFI_WEAK
1790747732.429552,pc,-53.0,29.0,2.3333333333333335,0.0,0.7424354553222656,-1.0,,WIFI_WEAK
1790747735.5027387,esp32-1,-88.0,24.99025,16.61367,20.0,39.0,-1.0,,WIFI_WEAK
1790747737.4160686,pc,-54.0,28.5,1.0,0.0,8.525848388671875,-1.0,,WIFI_WEAK
1790747739.8008707,esp32-1,-89.0,38.8082,6.045,0.0,205.0,-1.0,,WIFI_WEAK
1790747742.4321032,pc,-54.0,27.5,0.6666666666666666,0.0,0.8683204650878906,-1.0,,WIFI_WEAK
1790747744.5665529,esp32-1,-87.0,51.2582,33.25725,0.0,24.0,-1.0,,WIFI_WEAK
1790747747.4280095,pc,-54.0,28.0,1.3333333333333333,0.0,0.8761882781982422,-1.0,,WIFI_WEAK
1790747750.4111598,esp32-1,-85.0,24.40475,20.455,20.0,41.0,-1.0,,WIFI_WEAK
1790747752.5451312,pc,-54.0,27.75,1.0,0.0,92.70548820495605,-1.0,,WIFI_WEAK
1790747754.7516353,esp32-1,-89.0,38.5568,6.6575,0.0,155.0,-1.0,,WIFI_WEAK
1790747757.4399688,pc,-53.0,28.0,1.0,0.0,0.9765625,-1.0,,WIFI_WEAK
1790747760.643362,esp32-1,-88.0,45.4376,5.807501,0.0,55.0,-1.0,,WIFI_WEAK
1790747762.4082696,pc,-54.0,28.0,1.3333333333333333,0.0,0.8766651153564453,-1.0,,WIFI_WEAK
1790747766.3776479,esp32-1,-86.0,27.38633,34.742,40.0,15.0,-1.0,,WIFI_WEAK
1790747767.4634676,pc,-54.0,34.0,12.333333333333334,0.0,23.79584312438965,-1.0,,WIFI_WEAK
1790747770.5352497,esp32-1,-88.0,29.21575,24.97367,20.0,55.0,-1.0,,WIFI_WEAK
1790747772.4002945,pc,-54.0,27.75,1.3333333333333333,0.0,0.7925033569335938,-1.0,,WIFI_WEAK
1790747774.618,esp32-1,-88.0,52.473,15.22425,0.0,15.0,-1.0,,WIFI_WEAK
1790747777.4274783,pc,-53.0,28.0,1.3333333333333333,0.0,1.0578632354736328,-1.0,,WIFI_WEAK
1790747780.6603265,esp32-1,-90.0,26.116,21.814,20.0,31.0,-1.0,,WIFI_WEAK
1790747782.4590538,pc,-52.0,62.25,41.666666666666664,0.0,10.065555572509766,-1.0,,WIFI_WEAK
1790747784.8273907,esp32-1,-88.0,58.8796,34.27375,0.0,260.0,-1.0,,WIFI_WEAK
1790747787.4379132,pc,-54.0,30.25,5.333333333333333,0.0,0.7407665252685547,-1.0,,WIFI_WEAK
1790747789.7737205,esp32-1,-86.0,45.0234,6.148501,0.0,53.0,-1.0,,WIFI_WEAK
1790747792.4568374,pc,-53.0,27.75,1.0,0.0,1.0242462158203125,-1.0,,WIFI_WEAK
1790747796.487448,esp32-1,-92.0,37.34275,34.95967,20.0,925.0,-1.0,,WIFI_WEAK
1790747797.4601552,pc,-54.0,33.75,9.0,0.0,10.404348373413086,-1.0,,WIFI_WEAK
1790747800.528426,esp32-1,-90.0,29.0285,25.093,20.0,54.0,-1.0,,WIFI_WEAK
1790747802.4386013,pc,-53.0,40.25,17.333333333333332,0.0,0.8037090301513672,-1.0,,WIFI_WEAK
1790747805.3417034,esp32-1,-85.0,42.089,23.9945,0.0,863.0,-1.0,,WIFI_WEAK
1790747807.4176962,pc,-54.0,46.5,24.666666666666668,0.0,0.7565021514892578,-1.0,,WIFI_WEAK
1790747809.5922322,esp32-1,-89.0,51.6612,2.586501,0.0,52.0,-1.0,,WIFI_WEAK
1790747812.4126148,pc,-54.0,52.25,33.333333333333336,0.0,9.731531143188477,-1.0,,WIFI_WEAK
1790747814.7567205,esp32-1,-92.0,79.0174,53.6325,0.0,55.0,-1.0,,WIFI_WEAK
1790747817.463817,pc,-52.0,61.5,46.0,0.0,0.8149147033691406,-1.0,,WIFI_WEAK
1790747821.0339978,esp32-1,-90.0,143.0618,104.8777,20.0,143.0,-1.0,,WIFI_WEAK
1790747822.4155009,pc,-52.0,106.75,159.0,0.0,4.518032073974609,-1.0,,WIFI_WEAK
1790747826.6409814,esp32-1,-88.0,63.89075,42.87633,20.0,782.0,-1.0,,WIFI_WEAK
1790747827.4711866,pc,-54.0,76.25,66.66666666666667,0.0,11.890172958374023,-1.0,,WIFI_WEAK
1790747830.5167508,esp32-1,-89.0,49.10325,24.319,20.0,19.0,-1.0,,WIFI_WEAK
1790747832.459251,pc,-53.0,84.0,76.0,0.0,10.006904602050781,-1.0,,WIFI_WEAK
1790747834.9336011,esp32-1,-88.0,45.1392,9.596,0.0,50.0,-1.0,,WIFI_WEAK
1790747837.4538426,pc,-53.0,103.0,85.66666666666667,0.0,0.7946491241455078,-1.0,,WIFI_WEAK
1790747842.481036,pc,-53.0,28.75,1.3333333333333333,0.0,14.122724533081055,-1.0,,WIFI_WEAK
1790747843.498675,esp32-1,-81.0,59.35175,13.868,20.0,6.0,-1.0,,WIFI_WEAK
1790747846.5047414,esp32-1,-86.0,27.20075,18.54133,20.0,53.0,-1.0,,WIFI_WEAK
1790747847.434311,pc,-52.0,32.75,9.0,0.0,0.6966590881347656,-1.0,,WIFI_WEAK
1790747850.8051867,esp32-1,-88.0,43.6658,7.0965,0.0,55.0,-1.0,,WIFI_WEAK
1790747852.447326,pc,-53.0,27.5,1.0,0.0,0.7390975952148438,-1.0,,WIFI_WEAK
1790747855.892461,esp32-1,-91.0,44.31175,40.287,20.0,438.0,-1.0,,WIFI_WEAK
1790747857.4243045,pc,-55.0,27.75,0.3333333333333333,0.0,9.24539566040039,-1.0,,WIFI_WEAK
1790747860.5361102,esp32-1,-86.0,30.13625,25.78967,20.0,39.0,-1.0,,WIFI_WEAK
1790747862.6705432,pc,-54.0,86.5,77.66666666666667,0.0,0.7207393646240234,-1.0,,WIFI_WEAK
1790747865.9656343,esp32-1,-87.0,104.524,96.32,20.0,5.0,-1.0,,WIFI_WEAK
1790747867.4638069,pc,-55.0,47.75,50.0,0.0,0.9183883666992188,-1.0,,WIFI_WEAK
1790747870.442033,esp32-1,-88.0,26.55425,14.84567,20.0,22.0,-1.0,,WIFI_WEAK
1790747872.4393024,pc,-54.0,27.75,1.3333333333333333,0.0,10.423898696899414,-1.0,,WIFI_WEAK
1790747875.4894288,esp32-1,-89.0,26.40025,14.79733,20.0,56.0,-1.0,,WIFI_WEAK
1790747877.4194214,pc,-52.0,29.0,3.3333333333333335,0.0,0.8783340454101562,-1.0,,WIFI_WEAK
1790747880.7118902,esp32-1,-84.0,43.1332,8.841249,0.0,55.0,-1.0,,WIFI_WEAK
1790747882.4597402,pc,-53.0,28.5,3.0,0.0,4.75311279296875,-1.0,,WIFI_WEAK
1790747885.4265697,esp32-1,-90.0,22.65775,16.665,20.0,34.0,-1.0,,WIFI_WEAK
1790747887.4499238,pc,-53.0,29.0,1.3333333333333333,0.0,9.246826171875,-1.0,,WIFI_WEAK
1790747890.4514015,esp32-1,-87.0,26.5915,20.28267,20.0,52.0,-1.0,,WIFI_WEAK
1790747892.4599526,pc,-55.0,28.75,1.3333333333333333,0.0,0.8213520050048828,-1.0,,WIFI_WEAK
1790747894.5338025,esp32-1,-89.0,43.0772,6.31725,0.0,52.0,-1.0,,WIFI_WEAK
1790747897.4174194,pc,-55.0,30.25,2.6666666666666665,0.0,0.7760524749755859,-1.0,,WIFI_WEAK
1790747901.5027356,esp32-1,-89.0,23.658,20.16,40.0,10.0,-1.0,,WIFI_WEAK
1790747902.4413416,pc,-55.0,30.5,3.0,0.0,10.405302047729492,-1.0,,WIFI_WEAK
1790747905.6487696,esp32-1,-85.0,82.3455,95.02567,20.0,34.0,-1.0,,WIFI_WEAK
1790747907.4641953,pc,-56.0,32.0,5.333333333333333,0.0,6.920337677001953,-1.0,,WIFI_WEAK
1790747910.7179763,esp32-1,-87.0,43.059,6.055999,0.0,55.0,-1.0,,WIFI_WEAK
1790747912.443515,pc,-56.0,40.0,31.0,0.0,9.74726676940918,-1.0,,WIFI_WEAK
1790747916.4819992,esp32-1,-86.0,23.09067,28.4875,40.0,7.0,-1.0,,WIFI_WEAK
1790747917.6045806,pc,-56.0,74.5,61.666666666666664,0.0,8.574962615966797,-1.0,,WIFI_WEAK
1790747921.4717124,esp32-1,-86.0,44.113,42.84134,20.0,898.0,-1.0,,WIFI_WEAK
1790747922.4662826,pc,-56.0,29.5,5.0,0.0,0.7684230804443359,-1.0,,WIFI_WEAK
1790747925.566098,esp32-1,-89.0,38.072,50.94233,20.0,38.0,-1.0,,WIFI_WEAK
1790747927.4582357,pc,-56.0,27.5,2.3333333333333335,0.0,0.6909370422363281,-1.0,,WIFI_WEAK
1790747929.575053,esp32-1,-89.0,58.6828,53.88325,0.0,6.0,-1.0,,WIFI_WEAK
1790747932.4420645,pc,-56.0,28.5,2.3333333333333335,0.0,11.2762451171875,-1.0,,WIFI_WEAK
1790747936.3909016,esp32-1,-90.0,23.6055,18.037,20.0,978.0,-1.0,,WIFI_WEAK
1790747937.425929,pc,-56.0,33.0,7.0,0.0,0.7600784301757812,-1.0,,WIFI_WEAK
1790747939.769667,esp32-1,-90.0,83.6808,112.0652,0.0,54.0,-1.0,,WIFI_WEAK
1790747942.4249861,pc,-56.0,33.25,12.666666666666666,0.0,0.7908344268798828,-1.0,,WIFI_WEAK
1790747945.0416489,esp32-1,-91.0,69.6852,56.22325,0.0,53.0,-1.0,,WIFI_WEAK
1790747947.469582,pc,-56.0,69.25,92.33333333333333,0.0,10.121345520019531,-1.0,,WIFI_WEAK
1790747951.4810245,esp32-1,-91.0,45.5745,46.83633,20.0,900.0,-1.0,,WIFI_WEAK
1790747952.4656131,pc,-54.0,27.0,1.0,0.0,10.919809341430664,-1.0,,WIFI_WEAK
1790747955.6252832,esp32-1,-88.0,42.2192,5.69125,0.0,53.0,-1.0,,WIFI_WEAK
1790747957.4423084,pc,-54.0,34.5,17.333333333333332,0.0,0.7455348968505859,-1.0,,WIFI_WEAK
1790747961.4224157,esp32-1,-88.0,31.708,3.7635,40.0,53.0,-1.0,,WIFI_WEAK
1790747962.433593,pc,-54.0,59.5,76.0,0.0,9.226560592651367,-1.0,,WIFI_WEAK
1790747965.5046747,esp32-1,-83.0,25.36225,18.77133,20.0,53.0,-1.0,,WIFI_WEAK
1790747967.458735,pc,-53.0,51.75,63.666666666666664,0.0,0.8132457733154297,-1.0,,WIFI_WEAK
1790747969.5661683,esp32-1,-88.0,41.7778,10.07975,0.0,53.0,-1.0,,WIFI_WEAK
1790747972.4610705,pc,-56.0,56.0,77.0,0.0,0.9434223175048828,-1.0,,WIFI_WEAK
1790747975.6590827,esp32-1,-88.0,42.446,39.71033,20.0,53.0,-1.0,,WIFI_WEAK
1790747977.435447,pc,-54.0,70.25,111.66666666666667,0.0,13.992786407470703,-1.0,,WIFI_WEAK
1790747981.3751981,esp32-1,-87.0,45.9735,46.846,20.0,897.0,-1.0,,WIFI_WEAK
1790747982.4997075,pc,-54.0,75.5,127.66666666666667,0.0,0.8280277252197266,-1.0,,WIFI_WEAK
1790747984.7049227,esp32-1,-89.0,41.606,7.125498,0.0,226.0,-1.0,,WIFI_WEAK
1790747987.4310045,pc,-55.0,81.25,142.66666666666666,0.0,0.7231235504150391,-1.0,,WIFI_WEAK
1790747989.875618,esp32-1,-85.0,48.6616,6.974249,0.0,213.0,-1.0,,WIFI_WEAK
1790747997.1516657,pc,-55.0,89.75,157.66666666666666,0.0,14.30821418762207,17.94960302729628,,WIFI_WEAK
1790747997.6020474,esp32-1,-91.0,60.86075,57.666,20.0,1833.0,-1.0,,WIFI_WEAK
1790747999.769984,esp32-1,-86.0,46.6036,4.551749,0.0,255.0,-1.0,,WIFI_WEAK
1790748000.739934,pc,-54.0,94.75,90.33333333333333,0.0,0.8974075317382812,-1.0,,WIFI_WEAK
1790748005.7939095,pc,-55.0,65.75,52.0,0.0,0.8232593536376953,-1.0,,WIFI_WEAK
1790748005.8505962,esp32-1,-86.0,23.97525,18.122,20.0,45.0,-1.0,,WIFI_WEAK
1790748010.8034637,esp32-1,-88.0,39.4924,6.98725,0.0,59.0,-1.0,,WIFI_WEAK
1790748010.8380451,pc,-56.0,79.75,70.0,0.0,0.7300376892089844,-1.0,,WIFI_WEAK
1790748015.0610464,esp32-1,-85.0,46.6074,24.25325,0.0,209.0,-1.0,,WIFI_WEAK
1790748015.628667,pc,-55.0,49.5,48.0,0.0,0.7538795471191406,-1.0,,WIFI_WEAK
1790748020.4953666,esp32-1,-93.0,23.781,18.30533,20.0,47.0,-1.0,,WIFI_WEAK
1790748020.6396034,pc,-54.0,31.75,6.0,0.0,6.629228591918945,-1.0,,WIFI_WEAK
1790748024.586447,esp32-1,-88.0,39.3762,5.832999,0.0,54.0,-1.0,,WIFI_WEAK
1790748025.6156998,pc,-54.0,28.0,1.6666666666666667,0.0,10.53309440612793,-1.0,,WIFI_WEAK
1790748030.3527982,esp32-1,-79.0,41.5444,12.72425,0.0,862.0,-1.0,,WIFI_WEAK
1790748030.904463,pc,-54.0,102.5,98.66666666666667,0.0,0.70953369140625,-1.0,,WIFI_WEAK
1790748035.4095335,esp32-1,-41.0,22.81475,16.79967,20.0,50.0,-1.0,,WIFI_WEAK
1790748035.6091135,pc,-50.0,28.25,2.6666666666666665,0.0,5.582332611083984,-1.0,,WIFI_WEAK
1790748040.456669,esp32-1,-25.0,35.655,51.41034,20.0,32.0,-1.0,,WIFI_WEAK
1790748040.6302767,pc,-54.0,28.25,0.3333333333333333,0.0,11.122941970825195,-1.0,,WIFI_WEAK
1790748045.4744194,esp32-1,-34.0,42.496,10.52125,0.0,858.0,-1.0,,WIFI_WEAK
1790748045.5873384,pc,-50.0,34.0,10.333333333333334,0.0,0.7600784301757812,-1.0,,WIFI_WEAK
1790748050.4096599,esp32-1,-32.0,24.557,19.81633,20.0,41.0,-1.0,,WIFI_WEAK
1790748050.6403563,pc,-50.0,27.75,1.3333333333333333,0.0,0.7674694061279297,-1.0,,WIFI_WEAK
1790748054.6956131,esp32-1,-32.0,38.8118,7.71875,0.0,179.0,-1.0,,WIFI_WEAK
1790748055.5812125,pc,-50.0,29.75,3.0,0.0,9.543895721435547,-1.0,,WIFI_WEAK
1790748060.5536773,esp32-1,-32.0,66.46625,89.88433,20.0,4.0,-1.0,,WIFI_WEAK
1790748060.6184738,pc,-50.0,29.5,2.3333333333333335,0.0,1.3971328735351562,-1.0,,WIFI_WEAK
1790748065.5458796,esp32-1,-32.0,23.88725,18.457,20.0,40.0,-1.0,,NORMAL
1790748065.7224717,pc,-50.0,28.5,2.0,0.0,0.7920265197753906,-1.0,,NORMAL
1790748070.3474238,esp32-1,-32.0,74.47679,51.6075,0.0,697.0,-1.0,,NORMAL
1790748070.9462156,pc,-52.0,103.75,100.66666666666667,0.0,19.73414421081543,-1.0,,NORMAL
1790748074.950611,esp32-1,-34.0,98.5026,118.9675,0.0,155.0,-1.0,,NORMAL
1790748075.6119492,pc,-51.0,33.5,15.666666666666666,0.0,0.8683204650878906,-1.0,,NORMAL
1790748080.5027108,esp32-1,-34.0,26.14775,20.76933,20.0,31.0,-1.0,,NORMAL
1790748080.6375926,pc,-52.0,28.75,1.3333333333333333,0.0,1.0797977447509766,-1.0,,NORMAL
1790748084.6980023,esp32-1,-33.0,38.4454,7.410999,0.0,183.0,-1.0,,NORMAL
1790748085.723956,pc,-50.0,28.0,2.0,0.0,0.87738037109375,-1.0,,NORMAL
1790748089.6091852,esp32-1,-34.0,40.6732,11.642,0.0,3.0,-1.0,,NORMAL
1790748090.685813,pc,-52.0,32.75,7.333333333333333,0.0,13.0462646484375,-1.0,,NORMAL
1790748095.5491138,esp32-1,-35.0,24.2165,20.69067,20.0,43.0,-1.0,,NORMAL
1790748095.604039,pc,-51.0,35.0,10.333333333333334,0.0,0.8409023284912109,-1.0,,NORMAL
1790748100.5668366,esp32-1,-34.0,34.70725,8.191,20.0,6.0,-1.0,,NORMAL
1790748100.5957801,pc,-51.0,34.25,8.666666666666666,0.0,0.6797313690185547,-1.0,,NORMAL
1790748105.3474834,esp32-1,-33.0,45.3286,12.26725,0.0,843.0,-1.0,,NORMAL
1790748105.9106104,pc,-50.0,106.25,105.0,0.0,9.394645690917969,-1.0,,NORMAL
1790748110.5829656,pc,-50.0,29.5,3.0,0.0,0.7805824279785156,-1.0,,NORMAL
1790748110.6128082,esp32-1,-35.0,25.25425,19.253,20.0,183.0,-1.0,,NORMAL
1790748114.4957876,esp32-1,-33.0,42.1848,7.714,0.0,3.0,-1.0,,NORMAL
1790748115.6369178,pc,-50.0,32.25,14.0,0.0,9.088277816772461,-1.0,,NORMAL
1790748120.6025224,pc,-51.0,28.25,2.0,0.0,0.6694793701171875,-1.0,,NORMAL
1790748121.0480714,esp32-1,-32.0,84.19325,172.483,20.0,4.0,-1.0,,NORMAL
1790748125.5678632,pc,-51.0,28.25,2.0,0.0,0.7162094116210938,-1.0,,NORMAL
1790748125.9674685,esp32-1,-34.0,24.926,19.38833,20.0,238.0,-1.0,,NORMAL
1790748129.855785,esp32-1,-34.0,41.6142,9.91875,0.0,225.0,-1.0,,NORMAL
1790748130.6565444,pc,-53.0,34.5,9.666666666666666,0.0,0.7340908050537109,-1.0,,NORMAL
1790748135.3517694,esp32-1,-33.0,120.7496,169.8542,0.0,467.0,-1.0,,NORMAL
1790748135.9170666,pc,-50.0,105.5,99.0,0.0,0.60272216796875,-1.0,,NORMAL
1790748139.7867584,esp32-1,-34.0,55.529,54.6375,0.0,53.0,-1.0,,NORMAL
1790748140.6810892,pc,-50.0,34.5,2.6666666666666665,0.0,28.007984161376953,-1.0,,NORMAL
1790748144.5429542,esp32-1,-35.0,41.6012,6.799501,0.0,53.0,-1.0,,NORMAL
1790748145.6248157,pc,-50.0,28.25,2.6666666666666665,0.0,5.835056304931641,-1.0,,NORMAL
1790748150.3493562,esp32-1,-34.0,44.164,14.77775,0.0,850.0,-1.0,,NORMAL
1790748150.8957112,pc,-50.0,96.0,80.33333333333333,0.0,0.6785392761230469,-1.0,,NORMAL
1790748155.5571682,esp32-1,-34.0,24.9375,18.95667,20.0,53.0,-1.0,,NORMAL
1790748155.6015964,pc,-50.0,28.25,2.3333333333333335,0.0,15.60664176940918,-1.0,,NORMAL
1790748159.5414522,esp32-1,-33.0,41.5506,6.334,0.0,52.0,-1.0,,NORMAL
1790748160.6050615,pc,-50.0,62.75,47.666666666666664,0.0,0.8156299591064453,-1.0,,NORMAL
1790748164.831623,esp32-1,-32.0,68.4696,81.16325,0.0,212.0,-1.0,,NORMAL
1790748165.634391,pc,-50.0,28.75,2.0,0.0,0.9052753448486328,-1.0,,NORMAL
1790748170.5799084,pc,-50.0,28.0,3.3333333333333335,0.0,12.015819549560547,-1.0,,NORMAL
1790748170.7273414,esp32-1,-34.0,24.5215,20.34767,20.0,193.0,-1.0,,NORMAL
1790748174.6730542,esp32-1,-32.0,40.8894,6.18325,0.0,181.0,-1.0,,NORMAL
1790748175.5750005,pc,-50.0,27.5,0.6666666666666666,0.0,0.7967948913574219,-1.0,,NORMAL
1790748180.444193,esp32-1,-34.0,42.838,13.42975,0.0,855.0,-1.0,,NORMAL
1790748180.6044667,pc,-50.0,39.25,32.0,0.0,0.7157325744628906,-1.0,,NORMAL
1790748185.679986,esp32-1,-33.0,23.919,19.33767,20.0,247.0,-1.0,,NORMAL
1790748185.6968482,pc,-50.0,31.25,1.6666666666666667,0.0,14.188051223754883,-1.0,,NORMAL
1790748189.7127583,esp32-1,-35.0,40.7198,8.509749,0.0,235.0,-1.0,,NORMAL
1790748190.610878,pc,-50.0,28.25,3.3333333333333335,0.0,0.7297992706298828,-1.0,,NORMAL
1790748195.4983356,esp32-1,-36.0,43.0554,12.6615,0.0,858.0,-1.0,,NORMAL
1790748195.616184,pc,-50.0,27.5,0.6666666666666666,0.0,1.016855239868164,-1.0,,NORMAL
1790748200.5713332,esp32-1,-34.0,23.8175,20.17333,20.0,198.0,-1.0,,NORMAL
1790748200.6522133,pc,-50.0,28.75,1.3333333333333333,0.0,10.43391227722168,-1.0,,NORMAL
1790748204.5308108,esp32-1,-34.0,41.879,26.97225,0.0,48.0,-1.0,,NORMAL
1790748205.6292143,pc,-50.0,30.75,9.0,0.0,0.7772445678710938,-1.0,,NORMAL
1790748210.4460566,esp32-1,-35.0,43.7632,12.19,0.0,853.0,-1.0,,NORMAL
1790748210.6152225,pc,-50.0,31.25,8.333333333333334,0.0,0.7672309875488281,-1.0,,NORMAL
1790748215.5932846,pc,-50.0,28.0,1.0,0.0,8.348703384399414,-1.0,,NORMAL
1790748215.976435,esp32-1,-35.0,23.49225,18.18967,20.0,252.0,-1.0,,NORMAL
1790748220.6161394,pc,-50.0,28.0,1.0,0.0,0.8227825164794922,-1.0,,NORMAL
1790748221.0963006,esp32-1,-34.0,84.43725,70.32367,20.0,43.0,-1.0,,NORMAL
1790748225.356072,esp32-1,-34.0,42.361,12.2175,0.0,859.0,-1.0,,NORMAL
1790748225.9338748,pc,-50.0,108.0,106.33333333333333,0.0,0.8912086486816406,-1.0,,NORMAL
1790748230.5163004,esp32-1,-32.0,23.24425,18.84233,20.0,3.0,-1.0,,NORMAL
1790748230.6127114,pc,-50.0,29.5,7.666666666666667,0.0,9.498834609985352,-1.0,,NORMAL
1790748235.354158,esp32-1,-33.0,35.565,11.869,0.0,891.0,-1.0,,NORMAL
1790748235.9028423,pc,-50.0,105.75,104.33333333333333,0.0,4.654407501220703,-1.0,,NORMAL
1790748240.3504431,esp32-1,-34.0,42.1518,12.36125,0.0,859.0,-1.0,,NORMAL
1790748240.917218,pc,-50.0,152.25,97.0,0.0,0.9517669677734375,-1.0,,NORMAL
1790748245.600472,pc,-50.0,28.0,2.3333333333333335,0.0,13.867855072021484,-1.0,,NORMAL
1790748246.347191,esp32-1,-34.0,21.39067,15.212,40.0,5.0,-1.0,,NORMAL
1790748249.7291503,esp32-1,-33.0,40.0826,6.24575,0.0,244.0,-1.0,,NORMAL
1790748250.597861,pc,-50.0,27.75,1.0,0.0,1.0700225830078125,-1.0,,NORMAL
1790748255.4361434,esp32-1,-35.0,81.979,50.84525,0.0,659.0,-1.0,,NORMAL
1790748255.627321,pc,-50.0,32.5,5.666666666666667,0.0,1.180410385131836,-1.0,,NORMAL
1790748260.6162984,pc,-50.0,31.0,6.333333333333333,0.0,10.927438735961914,-1.0,,NORMAL
1790748261.647821,esp32-1,-33.0,22.8795,17.66067,20.0,53.0,-1.0,,NORMAL
1790748264.634753,esp32-1,-34.0,68.3656,42.123,0.0,13.0,-1.0,,NORMAL
1790748265.6414113,pc,-50.0,28.75,4.666666666666667,0.0,0.5972385406494141,-1.0,,NORMAL
1790748269.7380588,esp32-1,-33.0,41.9276,13.1975,0.0,156.0,-1.0,,NORMAL
1790748270.6224551,pc,-50.0,27.25,0.6666666666666666,0.0,3.6864280700683594,-1.0,,NORMAL
1790748275.4721406,esp32-1,-34.0,22.5205,17.21967,20.0,3.0,-1.0,,NORMAL
1790748275.6447449,pc,-50.0,27.5,1.3333333333333333,0.0,9.70768928527832,-1.0,,NORMAL
1790748280.6116934,pc,-50.0,30.25,4.333333333333333,0.0,0.7319450378417969,-1.0,,NORMAL
1790748281.0020514,esp32-1,-35.0,85.84225,73.952,20.0,4.0,-1.0,,NORMAL
1790748285.4340417,esp32-1,-34.0,99.2996,102.1957,0.0,573.0,-1.0,,NORMAL
1790748285.643972,pc,-50.0,29.0,1.6666666666666667,0.0,0.8745193481445312,-1.0,,NORMAL
1790748290.6301966,pc,-50.0,30.75,2.6666666666666665,0.0,8.874893188476562,-1.0,,NORMAL
1790748291.4633331,esp32-1,-35.0,36.76425,36.90133,20.0,922.0,-1.0,,NORMAL
1790748294.7249079,esp32-1,-35.0,64.2412,86.8345,0.0,32.0,-1.0,,NORMAL
1790748295.6043735,pc,-50.0,28.25,2.0,0.0,0.8151531219482422,-1.0,,NORMAL
1790748299.6671479,esp32-1,-33.0,46.4378,6.276501,0.0,142.0,-1.0,,NORMAL
1790748304.488031,pc,-50.0,27.75,1.6666666666666667,0.0,6.767749786376953,21.684369108157167,,NORMAL
1790748305.5788312,esp32-1,-35.0,24.88525,22.09333,20.0,44.0,-1.0,,NORMAL
1790748307.9734216,pc,-50.0,176.0,109.0,0.0,10.756731033325195,-1.0,,NORMAL
1790748309.5290332,esp32-1,-33.0,39.788,6.96425,0.0,52.0,-1.0,,NORMAL
1790748312.9563234,pc,-50.0,115.25,116.66666666666667,0.0,0.7102489471435547,-1.0,,NORMAL
1790748314.7961974,esp32-1,-34.0,46.5914,6.450751,0.0,53.0,-1.0,,NORMAL
1790748317.9563768,pc,-50.0,33.25,3.3333333333333335,0.0,6.605863571166992,-1.0,,NORMAL
1790748320.5315402,esp32-1,-33.0,23.6195,17.74567,20.0,49.0,-1.0,,NORMAL
1790748322.9696407,pc,-50.0,65.0,93.66666666666667,0.0,11.277914047241211,-1.0,,NORMAL
1790748324.6348245,esp32-1,-32.0,69.8958,45.21625,0.0,4.0,-1.0,,NORMAL
1790748327.9437451,pc,-50.0,99.5,85.66666666666667,0.0,0.9584426879882812,-1.0,,NORMAL
1790748330.4627872,esp32-1,-33.0,66.8548,84.30225,0.0,64.0,-1.0,,NORMAL
1790748332.980067,pc,-50.0,51.5,53.333333333333336,0.0,0.7634162902832031,-1.0,,NORMAL
1790748335.4838986,esp32-1,-33.0,25.31175,20.981,20.0,40.0,-1.0,,NORMAL
1790748337.985642,pc,-50.0,54.5,65.66666666666667,0.0,11.565208435058594,-1.0,,NORMAL
1790748340.6537404,esp32-1,-35.0,39.4628,6.215751,0.0,53.0,-1.0,,NORMAL
1790748342.9582732,pc,-50.0,95.5,182.33333333333334,0.0,0.7417201995849609,-1.0,,NORMAL
1790748345.3543577,esp32-1,-33.0,46.4528,7.803,0.0,54.0,-1.0,,NORMAL
1790748347.933216,pc,-50.0,31.5,2.0,0.0,0.9019374847412109,-1.0,,NORMAL
1790748351.6066022,esp32-1,-34.0,21.8615,17.05167,20.0,54.0,-1.0,,NORMAL
1790748352.9760046,pc,-50.0,90.0,148.0,0.0,10.429620742797852,-1.0,,NORMAL
1790748355.4516966,esp32-1,-34.0,70.278,45.448,0.0,720.0,-1.0,,NORMAL
1790748357.9562757,pc,-50.0,45.5,44.666666666666664,0.0,8.894920349121094,-1.0,,NORMAL
1790748359.752226,esp32-1,-33.0,69.0894,82.629,0.0,39.0,-1.0,,NORMAL
1790748362.9644547,pc,-50.0,30.5,6.666666666666667,0.0,0.7691383361816406,-1.0,,NORMAL
1790748365.48466,esp32-1,-33.0,22.35225,18.549,20.0,49.0,-1.0,,NORMAL
1790748367.9875648,pc,-50.0,52.75,68.66666666666667,0.0,11.466741561889648,-1.0,,NORMAL
1790748369.7874005,esp32-1,-34.0,81.02901,58.81225,0.0,50.0,-1.0,,NORMAL
1790748372.9891052,pc,-50.0,28.25,2.0,0.0,0.7784366607666016,-1.0,,NORMAL
1790748375.4342668,esp32-1,-34.0,45.8422,6.278001,0.0,53.0,-1.0,,NORMAL
1790748377.9694004,pc,-50.0,43.0,38.333333333333336,0.0,0.8447170257568359,-1.0,,NORMAL
1790748380.5396945,esp32-1,-33.0,23.30475,18.82367,20.0,45.0,-1.0,,NORMAL
1790748382.940337,pc,-50.0,64.75,91.0,0.0,10.191917419433594,-1.0,,NORMAL
1790748384.781366,esp32-1,-35.0,38.694,5.776751,0.0,214.0,-1.0,,NORMAL
1790748387.988068,pc,-50.0,34.5,17.333333333333332,0.0,0.7853507995605469,-1.0,,NORMAL
1790748389.8574915,esp32-1,-35.0,45.549,6.36375,0.0,199.0,-1.0,,NORMAL
1790748392.9710195,pc,-50.0,46.25,46.333333333333336,0.0,0.7901191711425781,-1.0,,NORMAL
1790748395.5556839,esp32-1,-36.0,23.71125,14.012,20.0,168.0,-1.0,,NORMAL
1790748397.982721,pc,-50.0,96.75,113.66666666666667,0.0,11.552572250366211,-1.0,,NORMAL
1790748399.7927842,esp32-1,-33.0,38.7192,6.12375,0.0,267.0,-1.0,,NORMAL
1790748402.9635718,pc,-50.0,65.75,98.33333333333333,0.0,0.8022785186767578,-1.0,,NORMAL
1790748404.7645988,esp32-1,-31.0,45.249,5.82325,0.0,252.0,-1.0,,NORMAL
1790748407.9708965,pc,-50.0,71.0,103.66666666666667,0.0,0.7739067077636719,-1.0,,NORMAL
1790748410.4234288,esp32-1,-33.0,22.0805,17.78433,20.0,49.0,-1.0,,NORMAL
1790748412.9811985,pc,-50.0,87.25,131.0,0.0,17.000913619995117,-1.0,,NORMAL
1790748415.6667094,esp32-1,-35.0,76.7865,63.74266,20.0,4.0,-1.0,,NORMAL
1790748417.9697692,pc,-50.0,158.75,203.66666666666666,0.0,0.8997917175292969,-1.0,,NORMAL
1790748420.0173142,esp32-1,-34.0,45.3378,6.524999,0.0,202.0,-1.0,,NORMAL
1790748422.9804237,pc,-50.0,133.0,217.0,0.0,0.9405612945556641,-1.0,,NORMAL
1790748425.421931,esp32-1,-35.0,21.4165,16.864,20.0,50.0,-1.0,,NORMAL
1790748427.970507,pc,-50.0,38.25,26.333333333333332,0.0,10.652542114257812,-1.0,,NORMAL
1790748429.8984213,esp32-1,-35.0,82.3414,61.16225,0.0,38.0,-1.0,,NORMAL
1790748432.9714851,pc,-50.0,27.5,0.6666666666666666,0.0,13.045787811279297,-1.0,,NORMAL
1790748434.7696476,esp32-1,-35.0,45.0322,6.2105,0.0,256.0,-1.0,,NORMAL
1790748437.96494,pc,-50.0,28.5,2.0,0.0,4.812717437744141,-1.0,,NORMAL
1790748440.4196892,esp32-1,-34.0,21.6325,16.578,20.0,49.0,-1.0,,NORMAL
1790748442.9840214,pc,-50.0,35.0,19.0,0.0,11.534929275512695,-1.0,,NORMAL
1790748444.7878098,esp32-1,-35.0,38.448,6.59725,0.0,223.0,-1.0,,NORMAL
1790748447.970172,pc,-50.0,29.25,0.6666666666666666,0.0,0.8597373962402344,-1.0,,NORMAL
1790748450.5923615,esp32-1,-34.0,253.0348,466.7755,0.0,41.0,-1.0,,NORMAL
1790748452.9763296,pc,-50.0,86.25,141.0,0.0,0.6420612335205078,-1.0,,NORMAL
1790748455.4986281,esp32-1,-34.0,22.03,15.62233,20.0,46.0,-1.0,,NORMAL
1790748457.9536085,pc,-50.0,54.75,68.0,0.0,9.766340255737305,-1.0,,NORMAL
1790748459.6531699,esp32-1,-33.0,38.232,6.51625,0.0,174.0,-1.0,,NORMAL
1790748463.0309596,pc,-50.0,98.5,87.0,0.0,0.8809566497802734,-1.0,,NORMAL
1790748465.0228245,esp32-1,-34.0,85.975,109.9052,0.0,260.0,-1.0,,NORMAL
1790748467.9290006,pc,-50.0,27.5,0.6666666666666666,0.0,4.481315612792969,-1.0,,NORMAL
1790748470.4213293,esp32-1,-33.0,22.3265,17.96433,20.0,44.0,-1.0,,NORMAL
1790748472.991893,pc,-50.0,78.75,58.333333333333336,0.0,10.080337524414062,-1.0,,NORMAL
1790748475.6006014,esp32-1,-33.0,78.4485,66.91566,20.0,4.0,-1.0,,NORMAL
1790748478.1229668,pc,-50.0,113.75,183.66666666666666,0.0,1.2791156768798828,-1.0,,NORMAL
1790748480.5907345,esp32-1,-33.0,254.7984,469.289,0.0,28.0,-1.0,,NORMAL
1790748483.1486852,pc,-50.0,117.25,185.33333333333334,0.0,1.293182373046875,-1.0,,NORMAL
1790748485.42116,esp32-1,-33.0,23.25725,18.70933,20.0,40.0,-1.0,,NORMAL
1790748488.1929896,pc,-50.0,89.5,81.66666666666667,0.0,13.036727905273438,-1.0,,NORMAL
1790748489.7041962,esp32-1,-34.0,59.179,79.16075,0.0,49.0,-1.0,,NORMAL
1790748493.2201655,pc,-50.0,166.0,183.0,0.0,0.7750988006591797,-1.0,,NORMAL
1790748495.2327304,esp32-1,-35.0,85.4714,118.3077,0.0,266.0,-1.0,,NORMAL
1790748498.2129173,pc,-50.0,113.5,114.0,0.0,0.7569789886474609,-1.0,,NORMAL
1790748500.4208426,esp32-1,-33.0,23.788,19.496,20.0,37.0,-1.0,,NORMAL
1790748502.9831128,pc,-50.0,34.0,17.333333333333332,0.0,10.088682174682617,-1.0,,NORMAL
1790748506.5499237,esp32-1,-34.0,28.06125,25.39267,20.0,53.0,-1.0,,NORMAL
1790748507.979331,pc,-50.0,66.5,100.0,0.0,1.312255859375,-1.0,,NORMAL
1790748509.669895,esp32-1,-33.0,44.3738,6.736,0.0,54.0,-1.0,,NORMAL
1790748512.9567406,pc,-50.0,101.75,99.0,0.0,1.3349056243896484,-1.0,,NORMAL
1790748515.3937461,esp32-1,-32.0,23.98175,19.34233,20.0,5.0,-1.0,,NORMAL
1790748517.997883,pc,-50.0,33.75,4.0,0.0,16.3726806640625,-1.0,,NORMAL
1790748520.627749,esp32-1,-33.0,27.73525,23.429,20.0,182.0,-1.0,,NORMAL
1790748522.9813814,pc,-51.0,91.75,155.33333333333334,0.0,0.7593631744384766,-1.0,,NORMAL
1790748524.8264205,esp32-1,-35.0,44.164,5.338001,0.0,271.0,-1.0,,NORMAL
1790748527.982334,pc,-51.0,28.25,2.0,0.0,1.337289810180664,-1.0,,NORMAL
1790748530.4231405,esp32-1,-33.0,22.471,15.51467,20.0,40.0,-1.0,,NORMAL
1790748532.962006,pc,-53.0,41.5,31.666666666666668,0.0,10.311126708984375,-1.0,,NORMAL
1790748536.6283333,esp32-1,-35.0,27.85675,23.72933,20.0,53.0,-1.0,,NORMAL
1790748537.945406,pc,-53.0,84.0,152.0,0.0,3.542184829711914,-1.0,,NORMAL
1790748539.671008,esp32-1,-33.0,43.7498,6.532751,0.0,159.0,-1.0,,NORMAL
1790748542.970013,pc,-52.0,97.0,90.66666666666667,0.0,0.9298324584960938,-1.0,,NORMAL
1790748545.5116942,esp32-1,-35.0,25.966,18.88233,20.0,25.0,-1.0,,NORMAL
1790748547.9913774,pc,-51.0,56.0,72.0,0.0,10.831117630004883,-1.0,,NORMAL
1790748551.4525297,esp32-1,-33.0,22.204,17.80967,20.0,982.0,-1.0,,NORMAL
1790748552.985403,pc,-52.0,37.5,16.333333333333332,0.0,0.6973743438720703,-1.0,,NORMAL
1790748554.9327009,esp32-1,-34.0,64.10439,76.18275,0.0,276.0,-1.0,,NORMAL
1790748558.0138426,pc,-52.0,37.75,12.666666666666666,0.0,16.245365142822266,-1.0,,NORMAL
1790748560.423859,esp32-1,-34.0,22.84025,17.99,20.0,37.0,-1.0,,NORMAL
1790748562.9683304,pc,-52.0,35.0,12.0,0.0,9.905576705932617,-1.0,,NORMAL
1790748565.703725,esp32-1,-35.0,27.051,23.27833,20.0,241.0,-1.0,,NORMAL
1790748568.0124958,pc,-52.0,106.25,203.33333333333334,0.0,0.7910728454589844,-1.0,,NORMAL
1790748569.5685663,esp32-1,-34.0,43.426,5.925001,0.0,53.0,-1.0,,NORMAL
1790748572.9412577,pc,-51.0,71.75,57.666666666666664,0.0,0.7441043853759766,-1.0,,NORMAL
1790748575.526166,esp32-1,-35.0,21.39175,16.71667,20.0,42.0,-1.0,,NORMAL
1790748577.985516,pc,-51.0,60.75,84.33333333333333,0.0,9.157180786132812,-1.0,,NORMAL
1790748581.5587502,esp32-1,-34.0,26.82325,23.40567,20.0,54.0,-1.0,,NORMAL
1790748582.9823625,pc,-52.0,63.5,93.66666666666667,0.0,14.703989028930664,-1.0,,NORMAL
1790748584.8373523,esp32-1,-33.0,63.9562,75.02351,0.0,178.0,-1.0,,NORMAL
1790748587.9852386,pc,-51.0,28.25,1.6666666666666667,0.0,1.28173828125,-1.0,,NORMAL
1790748590.4681642,esp32-1,-34.0,21.251,16.77233,20.0,42.0,-1.0,,NORMAL
1790748592.9892855,pc,-51.0,40.5,29.333333333333332,0.0,9.242773056030273,-1.0,,NORMAL
1790748595.4992094,esp32-1,-35.0,26.67925,19.91033,20.0,53.0,-1.0,,NORMAL
1790748597.9652586,pc,-51.0,49.75,60.333333333333336,0.0,1.1763572692871094,-1.0,,NORMAL
1790748600.5333881,esp32-1,-33.0,247.3132,215.8625,0.0,3.0,-1.0,,NORMAL
1790748602.9862163,pc,-51.0,63.5,87.33333333333333,0.0,1.2750625610351562,-1.0,,NORMAL
1790748604.7580917,esp32-1,-35.0,49.74,11.05525,0.0,216.0,-1.0,,NORMAL
1790748612.9386816,pc,-51.0,28.5,2.6666666666666665,0.0,12.499809265136719,16.888880696676242,,NORMAL
1790748613.4053116,esp32-1,-35.0,37.493,10.638,40.0,1960.0,-1.0,,NORMAL
1790748615.0441437,esp32-1,-34.0,65.0678,73.36976,0.0,54.0,-1.0,,NORMAL
1790748616.3982313,pc,-51.0,113.75,183.66666666666666,0.0,0.7293224334716797,-1.0,,NORMAL
1790748620.47531,esp32-1,-35.0,22.1,17.54367,20.0,48.0,-1.0,,NORMAL
1790748621.3987236,pc,-51.0,29.5,5.333333333333333,0.0,0.9210109710693359,-1.0,,NORMAL
1790748625.5058572,esp32-1,-35.0,27.9545,22.43433,20.0,53.0,-1.0,,NORMAL
1790748626.4114645,pc,-51.0,27.75,0.6666666666666666,0.0,10.346651077270508,-1.0,,NORMAL
1790748630.0992572,esp32-1,-35.0,44.1122,6.06675,0.0,231.0,-1.0,,NORMAL
1790748631.3963869,pc,-50.0,100.75,175.33333333333334,0.0,0.7309913635253906,-1.0,,NORMAL
1790748635.525597,esp32-1,-35.0,22.9235,18.61233,20.0,39.0,-1.0,,NORMAL
1790748636.3957546,pc,-50.0,28.5,0.3333333333333333,0.0,7.42030143737793,-1.0,,NORMAL
1790748640.5440729,esp32-1,-34.0,27.85225,25.37,20.0,52.0,-1.0,,NORMAL
1790748641.4213977,pc,-50.0,30.25,2.6666666666666665,0.0,13.709545135498047,-1.0,,NORMAL
1790748644.6775765,esp32-1,-34.0,65.6274,81.81625,0.0,48.0,-1.0,,NORMAL
1790748646.3976893,pc,-52.0,28.5,1.3333333333333333,0.0,0.8478164672851562,-1.0,,NORMAL
1790748650.4771192,esp32-1,-33.0,22.92725,18.446,20.0,37.0,-1.0,,NORMAL
1790748651.3558397,pc,-51.0,31.0,8.333333333333334,0.0,0.7312297821044922,-1.0,,NORMAL
1790748655.708951,esp32-1,-35.0,27.40025,23.69933,20.0,249.0,-1.0,,NORMAL
1790748656.4047704,pc,-51.0,27.75,1.3333333333333333,0.0,10.080814361572266,-1.0,,NORMAL
1790748659.8203292,esp32-1,-35.0,43.6662,6.6685,0.0,237.0,-1.0,,NORMAL
1790748661.3817556,pc,-51.0,34.0,14.0,0.0,0.9324550628662109,-1.0,,NORMAL
1790748665.418557,esp32-1,-33.0,23.38525,17.89734,20.0,36.0,-1.0,,NORMAL
1790748666.4131641,pc,-51.0,30.0,8.0,0.0,1.0678768157958984,-1.0,,NORMAL
1790748670.4114394,esp32-1,-34.0,27.42075,21.596,20.0,3.0,-1.0,,NORMAL
1790748671.4501755,pc,-51.0,41.25,30.333333333333332,0.0,13.627052307128906,-1.0,,NORMAL
1790748675.375446,esp32-1,-35.0,43.3348,6.107749,0.0,858.0,-1.0,,NORMAL
1790748676.3686342,pc,-51.0,49.5,53.0,0.0,0.736236572265625,-1.0,,NORMAL
1790748680.4233851,esp32-1,-34.0,21.8565,17.817,20.0,39.0,-1.0,,NORMAL
1790748681.359291,pc,-51.0,57.75,79.66666666666667,0.0,4.250288009643555,-1.0,,NORMAL
1790748685.6626506,esp32-1,-35.0,27.004,22.03967,20.0,254.0,-1.0,,NORMAL
1790748686.4060862,pc,-51.0,63.0,92.66666666666667,0.0,11.371135711669922,-1.0,,NORMAL
1790748689.8172574,esp32-1,-35.0,43.8826,6.806249,0.0,239.0,-1.0,,NORMAL
1790748691.381455,pc,-51.0,76.5,123.0,0.0,0.8733272552490234,-1.0,,NORMAL
1790748695.5463014,esp32-1,-35.0,21.588,17.41033,20.0,40.0,-1.0,,NORMAL
1790748696.4887474,pc,-50.0,84.0,140.33333333333334,0.0,81.28881454467773,-1.0,,NORMAL
1790748700.6064072,esp32-1,-34.0,26.58275,18.617,20.0,206.0,-1.0,,NORMAL
1790748701.418278,pc,-50.0,89.25,161.66666666666666,0.0,13.984441757202148,-1.0,,NORMAL
1790748704.7518272,esp32-1,-33.0,66.36021,82.32225,0.0,41.0,-1.0,,NORMAL
1790748706.394297,pc,-50.0,94.0,174.0,0.0,0.949859619140625,-1.0,,NORMAL
1790748710.5400717,esp32-1,-33.0,23.62225,18.851,20.0,30.0,-1.0,,NORMAL
1790748711.4455106,pc,-50.0,105.25,174.66666666666666,0.0,0.8497238159179688,-1.0,,NORMAL
1790748715.7080026,esp32-1,-34.0,28.0415,25.372,20.0,254.0,-1.0,,NORMAL
1790748716.4237056,pc,-51.0,32.75,8.333333333333334,0.0,10.96653938293457,-1.0,,NORMAL
1790748719.756177,esp32-1,-33.0,42.9214,6.257751,0.0,246.0,-1.0,,NORMAL
1790748721.3951612,pc,-52.0,28.75,2.3333333333333335,0.0,0.8864402770996094,-1.0,,NORMAL
1790748725.7770293,esp32-1,-35.0,22.504,18.68533,20.0,3.0,-1.0,,NORMAL
1790748726.4490619,pc,-50.0,27.0,1.0,0.0,0.7836818695068359,-1.0,,NORMAL
1790748730.8090715,esp32-1,-34.0,26.504,23.233,20.0,53.0,-1.0,,NORMAL
1790748731.3866222,pc,-50.0,28.75,3.0,0.0,9.767293930053711,-1.0,,NORMAL
1790748735.676033,esp32-1,-37.0,63.41,86.7835,0.0,53.0,-1.0,,NORMAL
1790748736.871024,pc,-50.0,149.75,163.33333333333334,0.0,0.8373260498046875,-1.0,,NORMAL
1790748740.798988,esp32-1,-34.0,22.9245,18.455,20.0,32.0,-1.0,,NORMAL
1790748741.4558864,pc,-52.0,32.75,13.0,0.0,0.7205009460449219,-1.0,,NORMAL
1790748745.7606618,esp32-1,-34.0,27.39625,25.29167,20.0,48.0,-1.0,,NORMAL
1790748746.4036598,pc,-52.0,29.5,6.666666666666667,0.0,10.346651077270508,-1.0,,NORMAL
1790748749.7741077,esp32-1,-34.0,42.646,6.1685,0.0,251.0,-1.0,,NORMAL
1790748751.446946,pc,-51.0,42.75,21.0,0.0,5.191326141357422,-1.0,,NORMAL
1790748755.4276943,esp32-1,-33.0,22.52525,17.89,20.0,33.0,-1.0,,NORMAL
1790748756.5049324,pc,-50.0,55.0,34.0,0.0,0.8673667907714844,-1.0,,NORMAL
1790748761.5410476,pc,-50.0,57.25,40.0,0.0,20.17974853515625,-1.0,,NORMAL
1790748761.9955924,esp32-1,-34.0,25.74925,22.30233,20.0,54.0,-1.0,,NORMAL
1790748764.8619492,esp32-1,-36.0,42.5412,6.73575,0.0,202.0,-1.0,,NORMAL
1790748766.5666938,pc,-50.0,78.25,53.666666666666664,0.0,0.8485317230224609,-1.0,,NORMAL
1790748769.7305248,esp32-1,-35.0,49.145,5.37475,0.0,186.0,-1.0,,NORMAL
1790748771.5783074,pc,-50.0,75.25,63.333333333333336,0.0,6.9370269775390625,-1.0,,NORMAL
1790748775.512918,esp32-1,-33.0,25.57225,20.66767,20.0,52.0,-1.0,,NORMAL
1790748776.692906,pc,-51.0,94.5,86.0,0.0,11.792182922363281,-1.0,,NORMAL
1790748779.8141305,esp32-1,-33.0,42.2166,6.4185,0.0,256.0,-1.0,,NORMAL
1790748781.383533,pc,-51.0,29.25,1.0,0.0,0.8757114410400391,-1.0,,NORMAL
1790748785.4140728,esp32-1,-33.0,22.20475,16.167,20.0,32.0,-1.0,,NORMAL
1790748786.4171414,pc,-50.0,30.5,5.666666666666667,0.0,1.003265380859375,-1.0,,NORMAL
1790748790.6285584,esp32-1,-34.0,25.41425,19.85567,20.0,221.0,-1.0,,NORMAL
1790748791.4002297,pc,-51.0,28.75,2.0,0.0,10.913372039794922,-1.0,,NORMAL
1790748794.9676864,esp32-1,-34.0,41.9852,7.558251,0.0,213.0,-1.0,,NORMAL
1790748796.4348023,pc,-50.0,58.25,78.0,0.0,5.066394805908203,-1.0,,NORMAL
1790748799.8448708,esp32-1,-33.0,69.6328,91.244,0.0,192.0,-1.0,,NORMAL
1790748801.3846757,pc,-50.0,29.75,4.0,0.0,5.512237548828125,-1.0,,NORMAL
1790748805.67964,esp32-1,-35.0,25.361,21.05,20.0,275.0,-1.0,,NORMAL
1790748806.4333293,pc,-51.0,29.0,2.3333333333333335,0.0,10.442495346069336,-1.0,,NORMAL
1790748809.568583,esp32-1,-35.0,42.836,9.74725,0.0,50.0,-1.0,,NORMAL
1790748811.3906655,pc,-51.0,27.75,0.6666666666666666,0.0,1.1265277862548828,-1.0,,NORMAL
1790748815.551846,esp32-1,-35.0,22.43925,17.64433,20.0,32.0,-1.0,,NORMAL
1790748816.407212,pc,-50.0,27.5,0.6666666666666666,0.0,0.7920265197753906,-1.0,,NORMAL
1790748821.4032395,pc,-50.0,31.5,5.333333333333333,0.0,8.086919784545898,-1.0,,NORMAL
1790748821.7980804,esp32-1,-34.0,25.04875,19.062,20.0,53.0,-1.0,,NORMAL
1790748824.664411,esp32-1,-34.0,41.8554,6.143,0.0,54.0,-1.0,,NORMAL
1790748826.392645,pc,-51.0,32.25,6.333333333333333,0.0,1.377105712890625,-1.0,,NORMAL
1790748830.4210765,esp32-1,-34.0,21.433,16.868,20.0,33.0,-1.0,,NORMAL
1790748831.4125342,pc,-51.0,29.75,1.3333333333333333,0.0,0.8599758148193359,-1.0,,NORMAL
1790748836.419442,pc,-50.0,44.75,45.0,0.0,10.030269622802734,-1.0,,NORMAL
1790748836.8511724,esp32-1,-34.0,25.19475,20.86366,20.0,54.0,-1.0,,NORMAL
1790748839.8210812,esp32-1,-36.0,41.6952,6.19775,0.0,265.0,-1.0,,NORMAL
1790748841.372796,pc,-50.0,27.0,0.0,0.0,0.759124755859375,-1.0,,NORMAL
1790748844.7907271,esp32-1,-34.0,48.6914,4.835251,0.0,249.0,-1.0,,NORMAL
1790748846.4248927,pc,-50.0,27.0,1.0,0.0,0.8828639984130859,-1.0,,NORMAL
1790748850.6714997,esp32-1,-34.0,24.63975,16.35,20.0,231.0,-1.0,,NORMAL
1790748851.4214666,pc,-51.0,31.25,5.0,0.0,14.975547790527344,-1.0,,NORMAL
1790748854.7360098,esp32-1,-35.0,41.3448,8.522501,0.0,218.0,-1.0,,NORMAL
1790748856.3891146,pc,-51.0,27.5,0.3333333333333333,0.0,0.8625984191894531,-1.0,,NORMAL
1790748860.4257708,esp32-1,-33.0,22.06825,18.77533,20.0,31.0,-1.0,,NORMAL
1790748861.3840501,pc,-51.0,30.25,1.3333333333333333,0.0,1.018524169921875,-1.0,,NORMAL
1790748865.524949,esp32-1,-34.0,24.39775,18.84367,20.0,52.0,-1.0,,NORMAL
1790748866.4132495,pc,-51.0,27.75,0.6666666666666666,0.0,11.653900146484375,-1.0,,NORMAL
1790748869.7812402,esp32-1,-35.0,41.251,6.0265,0.0,271.0,-1.0,,NORMAL
1790748871.4063725,pc,-51.0,29.75,3.3333333333333335,0.0,0.7243156433105469,-1.0,,NORMAL
1790748874.797629,esp32-1,-35.0,48.1774,7.161751,0.0,254.0,-1.0,,NORMAL
1790748876.4142137,pc,-50.0,33.75,14.666666666666666,0.0,0.7441043853759766,-1.0,,NORMAL
1790748880.7095382,esp32-1,-34.0,24.188,14.15433,20.0,235.0,-1.0,,NORMAL
1790748881.4449365,pc,-51.0,28.75,2.0,0.0,17.694711685180664,-1.0,,NORMAL
1790748885.6369104,esp32-1,-35.0,80.733,66.47733,20.0,3.0,-1.0,,NORMAL
1790748886.421584,pc,-51.0,71.0,57.666666666666664,0.0,0.8604526519775391,-1.0,,NORMAL
1790748890.7166512,esp32-1,-35.0,73.76099,125.4527,20.0,3.0,-1.0,,NORMAL
1790748891.4625244,pc,-51.0,28.75,0.6666666666666666,0.0,0.7042884826660156,-1.0,,NORMAL
1790748895.5286903,esp32-1,-34.0,24.0095,20.04733,20.0,53.0,-1.0,,NORMAL
1790748896.422158,pc,-50.0,27.75,1.0,0.0,10.335445404052734,-1.0,,NORMAL
1790748900.3861187,esp32-1,-35.0,36.1322,16.82025,0.0,904.0,-1.0,,NORMAL
1790748901.4104536,pc,-51.0,27.75,2.3333333333333335,0.0,1.3146400451660156,-1.0,,NORMAL
1790748905.0094984,esp32-1,-35.0,89.9976,60.177,0.0,255.0,-1.0,,NORMAL
1790748906.3939269,pc,-51.0,68.0,100.66666666666667,0.0,3.3795833587646484,-1.0,,NORMAL
1790748910.713403,esp32-1,-33.0,23.92275,19.267,20.0,241.0,-1.0,,NORMAL
1790748911.4510107,pc,-51.0,30.75,2.0,0.0,7.822751998901367,-1.0,,NORMAL
1790748915.578875,esp32-1,-33.0,38.2465,56.54767,20.0,30.0,-1.0,,NORMAL
1790748921.7990406,pc,-51.0,32.25,1.6666666666666667,0.0,0.6837844848632812,15.611933990771735,,NORMAL
1790748922.6182737,esp32-1,-34.0,77.39925,68.25033,20.0,796.0,-1.0,,NORMAL
1790748924.5620103,esp32-1,-34.0,41.5258,7.9545,0.0,44.0,-1.0,,NORMAL
1790748925.230397,pc,-50.0,67.25,49.666666666666664,0.0,5.4073333740234375,-1.0,,NORMAL
1790748929.7904,esp32-1,-35.0,46.2898,4.8825,0.0,252.0,-1.0,,NORMAL
1790748930.3477886,pc,-50.0,56.75,34.666666666666664,0.0,16.188383102416992,-1.0,,NORMAL
1790748935.250487,pc,-51.0,40.5,23.666666666666668,0.0,1.2917518615722656,-1.0,,NORMAL
1790748935.7270923,esp32-1,-34.0,25.46275,20.882,20.0,44.0,-1.0,,NORMAL
1790748940.2501547,pc,-51.0,47.0,41.666666666666664,0.0,0.7929801940917969,-1.0,,NORMAL
1790748940.8401058,esp32-1,-35.0,39.5574,5.8475,0.0,53.0,-1.0,,NORMAL
1790748944.7072139,esp32-1,-34.0,72.182,85.299,0.0,26.0,-1.0,,NORMAL
1790748945.26754,pc,-50.0,57.0,68.66666666666667,0.0,10.117530822753906,-1.0,,NORMAL
1790748950.2221699,pc,-51.0,68.75,96.0,0.0,0.9548664093017578,-1.0,,NORMAL
1790748950.7262063,esp32-1,-35.0,24.382,19.938,20.0,43.0,-1.0,,NORMAL
1790748954.6183946,esp32-1,-32.0,39.4314,5.888,0.0,53.0,-1.0,,NORMAL
1790748955.2518342,pc,-51.0,71.75,107.66666666666667,0.0,0.6127357482910156,-1.0,,NORMAL
1790748960.0009215,esp32-1,-34.0,87.424,106.2762,0.0,255.0,-1.0,,NORMAL
1790748960.574012,pc,-52.0,154.75,218.0,0.0,2.810955047607422,-1.0,,NORMAL
1790748965.2335243,pc,-50.0,87.75,146.33333333333334,0.0,1.2803077697753906,-1.0,,NORMAL
1790748966.0061386,esp32-1,-34.0,24.42925,18.81567,20.0,44.0,-1.0,,NORMAL
1790748969.7301013,esp32-1,-35.0,39.279,5.809251,0.0,224.0,-1.0,,NORMAL
1790748970.301444,pc,-50.0,103.5,177.66666666666666,0.0,0.7116794586181641,-1.0,,NORMAL
1790748975.244384,pc,-50.0,30.75,0.3333333333333333,0.0,12.143135070800781,-1.0,,NORMAL
1790748975.7117481,esp32-1,-34.0,77.0554,43.88775,0.0,704.0,-1.0,,NORMAL
1790748980.2549257,pc,-50.0,30.75,2.0,0.0,0.7734298706054688,-1.0,,NORMAL
1790748980.7294495,esp32-1,-34.0,25.751,20.53767,20.0,38.0,-1.0,,NORMAL
1790748985.2448251,pc,-50.0,78.5,63.0,0.0,0.8618831634521484,-1.0,,NORMAL
1790748985.7154555,esp32-1,-34.0,30.217,23.788,20.0,274.0,-1.0,,NORMAL
1790748989.8452365,esp32-1,-36.0,46.1588,6.148502,0.0,259.0,-1.0,,NORMAL
1790748990.402553,pc,-51.0,69.5,52.666666666666664,0.0,8.875370025634766,-1.0,,NORMAL
1790748995.2254133,pc,-51.0,34.75,9.666666666666666,0.0,0.8835792541503906,-1.0,,NORMAL
1790748995.7989395,esp32-1,-34.0,24.76975,18.273,20.0,41.0,-1.0,,NORMAL
1790748999.8075037,esp32-1,-35.0,39.0454,5.51075,0.0,228.0,-1.0,,NORMAL
1790749000.3566506,pc,-51.0,62.5,40.333333333333336,0.0,0.9150505065917969,-1.0,,NORMAL
1790749005.246073,pc,-50.0,32.5,3.6666666666666665,0.0,14.41192626953125,-1.0,,NORMAL
1790749005.6259508,esp32-1,-34.0,71.625,130.765,20.0,3.0,-1.0,,NORMAL
1790749010.2325695,pc,-51.0,34.0,2.6666666666666665,0.0,1.2803077697753906,-1.0,,NORMAL
1790749010.675426,esp32-1,-35.0,24.93575,21.409,20.0,40.0,-1.0,,NORMAL
1790749014.5588648,esp32-1,-32.0,38.8192,5.81225,0.0,52.0,-1.0,,NORMAL
1790749015.2462766,pc,-51.0,33.75,4.666666666666667,0.0,0.9319782257080078,-1.0,,NORMAL
1790749019.848854,esp32-1,-35.0,45.4694,5.938749,0.0,265.0,-1.0,,NORMAL
1790749020.4922903,pc,-51.0,74.75,60.0,0.0,93.3372974395752,-1.0,,NORMAL
1790749025.2537851,pc,-50.0,33.0,3.6666666666666665,0.0,0.8742809295654297,-1.0,,NORMAL
1790749025.7415872,esp32-1,-35.0,25.83625,20.048,20.0,33.0,-1.0,,NORMAL
1790749029.679656,esp32-1,-34.0,38.711,6.103001,0.0,52.0,-1.0,,NORMAL
1790749030.2486112,pc,-50.0,33.5,3.0,0.0,1.5897750854492188,-1.0,,NORMAL
1790749035.2685132,pc,-51.0,71.75,55.666666666666664,0.0,9.106874465942383,-1.0,,NORMAL
1790749035.6540358,esp32-1,-34.0,84.86024,61.54733,20.0,5.0,-1.0,,NORMAL
1790749040.2475739,pc,-50.0,30.5,1.6666666666666667,0.0,0.7205009460449219,-1.0,,NORMAL
1790749040.710386,esp32-1,-35.0,25.2555,20.681,20.0,35.0,-1.0,,NORMAL
1790749044.6922135,esp32-1,-35.0,38.3098,6.658999,0.0,185.0,-1.0,,NORMAL
1790749045.2228131,pc,-50.0,33.5,3.0,0.0,4.108905792236328,-1.0,,NORMAL
1790749049.852829,esp32-1,-34.0,89.1274,59.816,0.0,40.0,-1.0,,NORMAL
1790749050.4299915,pc,-51.0,73.75,57.0,0.0,10.214805603027344,-1.0,,NORMAL
1790749055.245013,pc,-50.0,32.25,1.3333333333333333,0.0,0.8842945098876953,-1.0,,NORMAL
1790749055.7995424,esp32-1,-34.0,26.54175,15.139,20.0,28.0,-1.0,,NORMAL
1790749060.2575917,pc,-50.0,32.0,2.3333333333333335,0.0,0.7460117340087891,-1.0,,NORMAL
1790749060.7363493,esp32-1,-34.0,29.1235,25.70733,20.0,234.0,-1.0,,NORMAL
1790749065.2734704,pc,-51.0,31.25,1.3333333333333333,0.0,10.260343551635742,-1.0,,NORMAL
1790749065.9804783,esp32-1,-33.0,74.63525,135.379,20.0,7.0,-1.0,,NORMAL
1790749070.2692003,pc,-50.0,30.5,0.6666666666666666,0.0,1.4035701751708984,-1.0,,NORMAL
1790749070.8524032,esp32-1,-32.0,24.13175,19.21934,20.0,39.0,-1.0,,NORMAL
1790749075.260285,pc,-50.0,36.0,8.0,0.0,3.475189208984375,-1.0,,NORMAL
1790749075.7593613,esp32-1,-35.0,28.9075,23.518,20.0,186.0,-1.0,,NORMAL
1790749080.0610507,esp32-1,-34.0,86.0202,121.0435,0.0,274.0,-1.0,,NORMAL
1790749080.2510777,pc,-50.0,33.25,3.3333333333333335,0.0,9.855985641479492,-1.0,,NORMAL
1790749085.2536533,pc,-51.0,92.5,94.0,0.0,0.7045269012451172,-1.0,,NORMAL
1790749085.799066,esp32-1,-34.0,24.2355,19.16367,20.0,37.0,-1.0,,NORMAL
1790749090.2148082,pc,-51.0,50.5,50.0,0.0,0.6821155548095703,-1.0,,NORMAL
1790749091.5326781,esp32-1,-35.0,24.452,22.305,40.0,3.0,-1.0,,NORMAL
1790749095.261556,pc,-50.0,58.5,72.0,0.0,13.432979583740234,-1.0,,NORMAL
1790749095.8325233,esp32-1,-34.0,74.27799,140.3547,20.0,3.0,-1.0,,NORMAL
1790749100.2586663,pc,-50.0,69.0,95.0,0.0,0.7445812225341797,-1.0,,NORMAL
1790749100.8491817,esp32-1,-34.0,25.0695,15.93133,20.0,32.0,-1.0,,NORMAL
1790749105.2597532,pc,-50.0,32.5,4.0,0.0,1.2695789337158203,-1.0,,NORMAL
1790749105.766367,esp32-1,-34.0,28.54125,24.62,20.0,52.0,-1.0,,NORMAL
1790749109.861116,esp32-1,-35.0,44.7886,5.5865,0.0,52.0,-1.0,,NORMAL
1790749110.4005892,pc,-50.0,67.75,51.0,0.0,10.493993759155273,-1.0,,NORMAL
1790749115.2562542,pc,-50.0,31.5,1.6666666666666667,0.0,0.70953369140625,-1.0,,NORMAL
1790749116.007501,esp32-1,-34.0,24.4345,19.662,20.0,40.0,-1.0,,NORMAL
1790749120.258389,pc,-51.0,31.0,0.6666666666666666,0.0,0.8342266082763672,-1.0,,NORMAL
1790749120.7298036,esp32-1,-35.0,28.4385,24.558,20.0,245.0,-1.0,,NORMAL
1790749125.266716,pc,-51.0,32.0,2.6666666666666665,0.0,14.415740966796875,-1.0,,NORMAL
1790749125.8745937,esp32-1,-35.0,79.93919,49.27275,0.0,691.0,-1.0,,NORMAL
1790749130.2513168,pc,-50.0,33.25,6.0,0.0,1.256704330444336,-1.0,,NORMAL
1790749130.8995392,esp32-1,-35.0,25.77175,17.54433,20.0,28.0,-1.0,,NORMAL
1790749135.2572684,pc,-50.0,79.0,59.666666666666664,0.0,0.8378028869628906,-1.0,,NORMAL
1790749136.4969218,esp32-1,-34.0,25.35967,11.735,40.0,6.0,-1.0,,NORMAL
1790749139.6976633,esp32-1,-34.0,67.82719,72.6025,0.0,37.0,-1.0,,NORMAL
1790749140.2483113,pc,-51.0,39.25,14.0,0.0,16.808032989501953,-1.0,,NORMAL
1790749145.2550318,pc,-50.0,31.5,1.6666666666666667,0.0,0.7643699645996094,-1.0,,NORMAL
1790749145.8039296,esp32-1,-34.0,25.9615,20.27267,20.0,28.0,-1.0,,NORMAL
1790749150.2193437,pc,-50.0,31.0,0.6666666666666666,0.0,0.8351802825927734,-1.0,,NORMAL
1790749150.782539,esp32-1,-34.0,27.841,21.86467,20.0,250.0,-1.0,,NORMAL
1790749155.2783191,pc,-51.0,34.0,6.333333333333333,0.0,12.965202331542969,-1.0,,NORMAL
1790749155.8129647,esp32-1,-35.0,80.9782,51.26775,0.0,690.0,-1.0,,NORMAL
1790749160.2651892,pc,-51.0,37.5,8.333333333333334,0.0,4.00543212890625,-1.0,,NORMAL
1790749160.8051999,esp32-1,-33.0,81.22625,142.213,20.0,11.0,-1.0,,NORMAL
1790749165.2774906,pc,-51.0,35.5,3.3333333333333335,0.0,19.568681716918945,-1.0,,NORMAL
1790749165.9277785,esp32-1,-34.0,27.7365,19.94067,20.0,54.0,-1.0,,NORMAL
1790749169.734347,esp32-1,-34.0,43.9852,5.868,0.0,190.0,-1.0,,NORMAL
1790749170.3135662,pc,-50.0,40.25,13.0,0.0,10.837078094482422,-1.0,,NORMAL
1790749175.2636948,pc,-51.0,30.5,0.3333333333333333,0.0,1.1010169982910156,-1.0,,NORMAL
1790749175.8615131,esp32-1,-34.0,26.51825,20.86466,20.0,22.0,-1.0,,NORMAL
1790749180.2670312,pc,-50.0,33.75,4.333333333333333,0.0,0.7455348968505859,-1.0,,NORMAL
1790749180.8830135,esp32-1,-33.0,27.4115,20.649,20.0,255.0,-1.0,,NORMAL
1790749184.7196872,esp32-1,-34.0,43.8666,5.55325,0.0,54.0,-1.0,,NORMAL
1790749185.2947376,pc,-51.0,51.0,27.333333333333332,0.0,10.802030563354492,-1.0,,NORMAL
1790749190.2588887,pc,-51.0,32.75,0.3333333333333333,0.0,2.7298927307128906,-1.0,,NORMAL
1790749191.4749887,esp32-1,-33.0,24.235,27.7575,40.0,10.0,-1.0,,NORMAL
1790749195.2574275,pc,-51.0,32.5,5.333333333333333,0.0,0.7262229919433594,-1.0,,NORMAL
1790749195.9314423,esp32-1,-33.0,27.304,23.27867,20.0,52.0,-1.0,,NORMAL
1790749199.7704668,esp32-1,-34.0,43.456,29.1185,0.0,193.0,-1.0,,NORMAL
1790749200.3440342,pc,-50.0,49.0,24.0,0.0,12.1612548828125,-1.0,,NORMAL
1790749205.2382689,pc,-51.0,30.5,0.3333333333333333,0.0,1.2929439544677734,-1.0,,NORMAL
1790749206.3927464,esp32-1,-35.0,24.29567,32.392,40.0,5.0,-1.0,,NORMAL
1790749210.3245778,pc,-51.0,55.25,33.0,0.0,1.3034343719482422,-1.0,,NORMAL
1790749210.782535,esp32-1,-33.0,27.088,23.03733,20.0,54.0,-1.0,,NORMAL
1790749215.500386,pc,-51.0,128.5,133.0,0.0,10.509014129638672,-1.0,,NORMAL
1790749216.0017557,esp32-1,-34.0,77.843,154.778,20.0,3.0,-1.0,,NORMAL
1790749220.2717943,pc,-50.0,87.75,78.33333333333333,0.0,0.7450580596923828,-1.0,,NORMAL
1790749220.7996147,esp32-1,-32.0,50.0542,5.42475,0.0,54.0,-1.0,,NORMAL
1790749225.7262506,esp32-1,-33.0,26.87375,23.856,20.0,211.0,-1.0,,NORMAL
1790749230.478309,pc,-51.0,97.0,87.66666666666667,0.0,1.2769699096679688,16.140873733373883,,NORMAL
1790749230.963615,esp32-1,-35.0,46.0044,15.3245,0.0,879.0,-1.0,,NORMAL
1790749233.9034264,pc,-50.0,64.5,49.666666666666664,0.0,9.267091751098633,-1.0,,NORMAL
1790749235.7161756,esp32-1,-34.0,23.62075,19.32633,20.0,258.0,-1.0,,NORMAL
1790749238.915527,pc,-50.0,29.25,5.333333333333333,0.0,1.3837814331054688,-1.0,,NORMAL
1790749239.9122515,esp32-1,-34.0,40.7032,5.8875,0.0,245.0,-1.0,,NORMAL
1790749243.8962755,pc,-50.0,28.0,1.0,0.0,0.8969306945800781,-1.0,,NORMAL
1790749245.6508234,esp32-1,-34.0,47.12175,81.90767,20.0,27.0,-1.0,,NORMAL
1790749248.9068341,pc,-50.0,114.75,125.66666666666667,0.0,12.775659561157227,-1.0,,NORMAL
1790749250.4703012,esp32-1,-35.0,23.14825,18.793,20.0,55.0,-1.0,,NORMAL
1790749253.9054022,pc,-50.0,61.5,45.666666666666664,0.0,0.8313655853271484,-1.0,,NORMAL
1790749255.6829844,esp32-1,-35.0,40.6678,7.565,0.0,54.0,-1.0,,NORMAL
1790749258.9192123,pc,-50.0,29.0,3.0,0.0,0.8718967437744141,-1.0,,NORMAL
1790749259.779615,esp32-1,-35.0,47.3918,6.294501,0.0,181.0,-1.0,,NORMAL
1790749263.89799,pc,-50.0,27.5,1.0,0.0,0.7498264312744141,-1.0,,NORMAL
1790749266.6404862,esp32-1,-34.0,40.86467,13.8115,40.0,4.0,-1.0,,NORMAL
1790749268.9342647,pc,-51.0,101.5,199.66666666666666,0.0,1.4374256134033203,-1.0,,NORMAL
1790749269.8241677,esp32-1,-33.0,40.5204,5.93725,0.0,249.0,-1.0,,NORMAL
1790749273.9139733,pc,-51.0,30.25,5.333333333333333,0.0,0.7765293121337891,-1.0,,NORMAL
1790749274.8179822,esp32-1,-35.0,83.3726,51.491,0.0,78.0,-1.0,,NORMAL
1790749278.9571092,pc,-51.0,39.75,20.333333333333332,0.0,12.319803237915039,-1.0,,NORMAL
1790749280.5705984,esp32-1,-34.0,23.292,18.93534,20.0,54.0,-1.0,,NORMAL
1790749283.9243593,pc,-51.0,88.0,77.33333333333333,0.0,0.8957386016845703,-1.0,,NORMAL
1790749285.6923003,esp32-1,-35.0,40.2402,6.630499,0.0,54.0,-1.0,,NORMAL
1790749288.9253585,pc,-51.0,38.25,16.666666666666668,0.0,5.217313766479492,-1.0,,NORMAL
1790749289.7442782,esp32-1,-33.0,47.2794,7.194499,0.0,184.0,-1.0,,NORMAL
1790749293.8954592,pc,-50.0,48.25,51.333333333333336,0.0,10.149240493774414,-1.0,,NORMAL
1790749295.4727292,esp32-1,-34.0,22.841,18.343,20.0,54.0,-1.0,,NORMAL
1790749298.9389248,pc,-50.0,100.0,136.0,0.0,1.012563705444336,-1.0,,NORMAL
1790749299.8254554,esp32-1,-34.0,40.151,5.941751,0.0,255.0,-1.0,,NORMAL
1790749303.915385,pc,-50.0,71.5,116.66666666666667,0.0,0.9036064147949219,-1.0,,NORMAL
1790749305.7104993,esp32-1,-34.0,47.1176,7.057251,0.0,55.0,-1.0,,NORMAL
1790749308.9576385,pc,-50.0,74.75,120.66666666666667,0.0,11.415481567382812,-1.0,,NORMAL
1790749311.2307827,esp32-1,-35.0,135.7958,133.1647,0.0,55.0,-1.0,,NORMAL
1790749313.8971236,pc,-50.0,85.5,152.66666666666666,0.0,1.3580322265625,-1.0,,NORMAL
1790749314.7226665,esp32-1,-35.0,39.8854,23.86675,0.0,205.0,-1.0,,NORMAL
1790749318.9222054,pc,-51.0,96.75,182.0,0.0,1.299142837524414,-1.0,,NORMAL
1790749319.8910513,esp32-1,-33.0,46.5024,6.96,0.0,190.0,-1.0,,NORMAL
1790749323.9388666,pc,-50.0,29.0,4.666666666666667,0.0,24.492979049682617,-1.0,,NORMAL
1790749325.4689274,esp32-1,-33.0,24.06425,12.02767,20.0,52.0,-1.0,,NORMAL
1790749329.0019915,pc,-51.0,97.25,92.33333333333333,0.0,0.6959438323974609,-1.0,,NORMAL
1790749330.0309806,esp32-1,-34.0,81.1992,57.4045,0.0,257.0,-1.0,,NORMAL
1790749333.921066,pc,-51.0,72.0,58.0,0.0,1.256704330444336,-1.0,,NORMAL
1790749335.1474934,esp32-1,-34.0,47.3512,8.47975,0.0,240.0,-1.0,,NORMAL
1790749338.9257898,pc,-51.0,28.25,1.0,0.0,10.54525375366211,-1.0,,NORMAL
1790749340.7283142,esp32-1,-36.0,53.8368,21.76325,0.0,54.0,-1.0,,NORMAL
1790749344.025503,pc,-51.0,29.75,2.3333333333333335,0.0,81.92658424377441,-1.0,,NORMAL
1790749344.6904778,esp32-1,-34.0,40.256,6.648499,0.0,57.0,-1.0,,NORMAL
1790749348.8947666,pc,-51.0,28.5,2.0,0.0,0.7903575897216797,-1.0,,NORMAL
1790749349.8949788,esp32-1,-35.0,47.0974,5.675,0.0,197.0,-1.0,,NORMAL
1790749353.9489708,pc,-51.0,29.0,1.3333333333333333,0.0,12.903213500976562,-1.0,,NORMAL
1790749355.4710927,esp32-1,-34.0,22.7875,17.907,20.0,54.0,-1.0,,NORMAL
1790749358.9000034,pc,-51.0,63.75,44.666666666666664,0.0,8.553743362426758,-1.0,,NORMAL
1790749360.234826,esp32-1,-33.0,81.34041,110.8128,0.0,54.0,-1.0,,NORMAL
1790749363.9385026,pc,-51.0,29.5,1.6666666666666667,0.0,0.7648468017578125,-1.0,,NORMAL
1790749365.7683308,esp32-1,-35.0,81.58749,152.442,20.0,4.0,-1.0,,NORMAL
1790749368.9509745,pc,-50.0,30.5,4.0,0.0,17.05789566040039,-1.0,,NORMAL
1790749370.580509,esp32-1,-34.0,22.6155,18.33933,20.0,53.0,-1.0,,NORMAL
1790749373.9220004,pc,-51.0,86.0,78.33333333333333,0.0,1.2693405151367188,-1.0,,NORMAL
1790749375.6998103,esp32-1,-34.0,76.88824,62.82367,20.0,5.0,-1.0,,NORMAL
1790749378.9217527,pc,-50.0,28.25,1.6666666666666667,0.0,1.3866424560546875,-1.0,,NORMAL
1790749379.755265,esp32-1,-34.0,46.6098,5.879748,0.0,196.0,-1.0,,NORMAL
1790749383.932578,pc,-51.0,76.75,66.33333333333333,0.0,9.27591323852539,-1.0,,NORMAL
1790749385.4833093,esp32-1,-36.0,23.03325,17.43967,20.0,51.0,-1.0,,NORMAL
1790749388.919266,pc,-50.0,65.0,49.333333333333336,0.0,0.9069442749023438,-1.0,,NORMAL
1790749389.7848988,esp32-1,-34.0,39.773,6.436001,0.0,266.0,-1.0,,NORMAL
1790749393.9250429,pc,-50.0,31.75,4.333333333333333,0.0,0.8873939514160156,-1.0,,NORMAL
1790749395.6588688,esp32-1,-35.0,82.47224,155.9653,20.0,4.0,-1.0,,NORMAL
1790749398.933451,pc,-51.0,112.0,113.0,0.0,13.351678848266602,-1.0,,NORMAL
1790749400.4662528,esp32-1,-34.0,22.5525,18.951,20.0,53.0,-1.0,,NORMAL
1790749403.8895473,pc,-51.0,57.5,40.0,0.0,0.7731914520263672,-1.0,,NORMAL
1790749405.5003572,esp32-1,-35.0,72.3882,47.654,0.0,749.0,-1.0,,NORMAL
1790749408.9510782,pc,-50.0,69.25,56.333333333333336,0.0,10.55598258972168,-1.0,,NORMAL
1790749409.9041567,esp32-1,-34.0,46.4724,7.320751,0.0,52.0,-1.0,,NORMAL
1790749413.951718,pc,-50.0,89.25,146.66666666666666,0.0,10.090112686157227,-1.0,,NORMAL
1790749415.5413191,esp32-1,-36.0,22.1735,16.01067,20.0,52.0,-1.0,,NORMAL
1790749418.9126387,pc,-50.0,84.25,75.0,0.0,1.291513442993164,-1.0,,NORMAL
1790749420.044834,esp32-1,-35.0,39.5754,6.51875,0.0,272.0,-1.0,,NORMAL
1790749423.9290817,pc,-50.0,41.0,23.666666666666668,0.0,0.8957386016845703,-1.0,,NORMAL
1790749424.6136973,esp32-1,-34.0,46.7418,6.39225,0.0,51.0,-1.0,,NORMAL
1790749428.9331439,pc,-50.0,35.75,11.0,0.0,9.30333137512207,-1.0,,NORMAL
1790749430.5902638,esp32-1,-34.0,22.6185,19.09333,20.0,49.0,-1.0,,NORMAL
1790749433.9291883,pc,-50.0,91.25,81.66666666666667,0.0,1.4393329620361328,-1.0,,NORMAL
1790749435.7507818,esp32-1,-33.0,39.2722,6.560749,0.0,54.0,-1.0,,NORMAL
1790749438.974279,pc,-50.0,30.25,0.3333333333333333,0.0,0.7383823394775391,-1.0,,NORMAL
1790749439.9092393,esp32-1,-34.0,46.153,5.77875,0.0,206.0,-1.0,,NORMAL
1790749443.9034176,pc,-50.0,29.25,1.6666666666666667,0.0,13.350725173950195,-1.0,,NORMAL
1790749445.6431053,esp32-1,-34.0,23.137,19.06533,20.0,47.0,-1.0,,NORMAL
1790749448.9895895,pc,-51.0,121.25,110.0,0.0,0.7956027984619141,-1.0,,NORMAL
1790749450.0454674,esp32-1,-34.0,39.1258,6.07975,0.0,276.0,-1.0,,NORMAL
1790749454.0144901,pc,-51.0,44.5,16.333333333333332,0.0,27.43387222290039,-1.0,,NORMAL
1790749455.9337656,esp32-1,-34.0,87.2424,58.239,0.0,53.0,-1.0,,NORMAL
1790749458.956125,pc,-50.0,39.5,19.0,0.0,16.716718673706055,-1.0,,NORMAL
1790749460.748755,esp32-1,-35.0,23.8135,19.93067,20.0,46.0,-1.0,,NORMAL
1790749463.9625158,pc,-51.0,46.5,17.0,0.0,0.8056163787841797,-1.0,,NORMAL
1790749464.8954809,esp32-1,-35.0,38.8354,7.55025,0.0,227.0,-1.0,,NORMAL
1790749468.921529,pc,-50.0,32.25,5.333333333333333,0.0,14.816999435424805,-1.0,,NORMAL
1790749469.7869973,esp32-1,-34.0,46.4728,6.699,0.0,207.0,-1.0,,NORMAL
1790749473.963254,pc,-50.0,76.5,55.0,0.0,9.174585342407227,-1.0,,NORMAL
1790749475.8023148,esp32-1,-34.0,24.5355,11.69533,20.0,43.0,-1.0,,NORMAL
1790749479.0739765,pc,-50.0,69.0,41.0,0.0,1.4491081237792969,-1.0,,NORMAL
1790749479.742651,esp32-1,-35.0,60.1422,73.69275,0.0,3.0,-1.0,,NORMAL
1790749483.9360907,pc,-50.0,143.75,144.33333333333334,0.0,1.2955665588378906,-1.0,,NORMAL
1790749485.3751419,esp32-1,-34.0,87.5266,111.27,0.0,559.0,-1.0,,NORMAL
1790749488.924226,pc,-50.0,45.25,19.666666666666668,0.0,16.159534454345703,-1.0,,NORMAL
1790749490.802965,esp32-1,-34.0,23.0605,16.97233,20.0,47.0,-1.0,,NORMAL
1790749493.94692,pc,-50.0,50.5,31.0,0.0,0.7326602935791016,-1.0,,NORMAL
1790749494.952536,esp32-1,-34.0,38.9832,6.924,0.0,230.0,-1.0,,NORMAL
1790749498.94955,pc,-51.0,62.0,50.0,0.0,1.3206005096435547,-1.0,,NORMAL
1790749500.4439611,esp32-1,-34.0,78.0114,51.04125,0.0,722.0,-1.0,,NORMAL
1790749504.0017314,pc,-50.0,70.75,56.0,0.0,10.522603988647461,-1.0,,NORMAL
1790749505.5486622,esp32-1,-33.0,25.2315,19.31933,20.0,37.0,-1.0,,NORMAL
1790749508.9112604,pc,-51.0,83.5,74.0,0.0,0.8547306060791016,-1.0,,NORMAL
1790749510.6784241,esp32-1,-34.0,38.7706,8.002501,0.0,55.0,-1.0,,NORMAL
1790749513.9417233,pc,-50.0,123.25,131.0,0.0,7.378578186035156,-1.0,,NORMAL
1790749515.275668,esp32-1,-34.0,45.5836,7.09825,0.0,269.0,-1.0,,NORMAL
1790749518.9396498,pc,-51.0,42.0,28.0,0.0,9.438514709472656,-1.0,,NORMAL
1790749520.4654627,esp32-1,-35.0,21.93275,17.68,20.0,50.0,-1.0,,NORMAL
1790749523.9109092,pc,-50.0,69.0,48.333333333333336,0.0,9.024858474731445,-1.0,,NORMAL
1790749524.8275633,esp32-1,-34.0,38.8072,5.73225,0.0,234.0,-1.0,,NORMAL
1790749528.9462283,pc,-50.0,32.5,5.0,0.0,0.8480548858642578,-1.0,,NORMAL
1790749530.9967983,esp32-1,-33.0,73.09425,135.5387,20.0,3.0,-1.0,,NORMAL
1790749535.5639553,esp32-1,-34.0,23.5575,18.01767,20.0,45.0,-1.0,,NORMAL
1790749540.046619,esp32-1,-35.0,82.195,39.328,0.0,17.0,-1.0,,NORMAL
1790749540.1039495,pc,-50.0,71.0,57.0,0.0,10.769367218017578,13.646307722160794,,NORMAL
1790749543.5551543,pc,-51.0,103.25,111.33333333333333,0.0,0.7708072662353516,-1.0,,NORMAL
1790749546.4746172,esp32-1,-33.0,21.337,24.423,40.0,5.0,-1.0,,NORMAL
1790749548.5720408,pc,-50.0,31.0,5.0,0.0,0.7431507110595703,-1.0,,NORMAL
1790749550.6066585,esp32-1,-33.0,24.60075,18.597,20.0,55.0,-1.0,,NORMAL
1790749553.5420625,pc,-50.0,33.0,6.666666666666667,0.0,0.8630752563476562,-1.0,,NORMAL
1790749554.8429737,esp32-1,-33.0,41.6308,5.902749,0.0,224.0,-1.0,,NORMAL
1790749558.5928965,pc,-50.0,42.0,21.0,0.0,0.7691383361816406,-1.0,,NORMAL
1790749560.5389886,esp32-1,-34.0,79.0788,42.35075,0.0,719.0,-1.0,,NORMAL
1790749563.7786536,pc,-50.0,110.75,86.66666666666667,0.0,0.7495880126953125,-1.0,,NORMAL
1790749565.4802525,esp32-1,-34.0,24.5145,20.50267,20.0,55.0,-1.0,,NORMAL
1790749568.5364752,pc,-50.0,70.25,89.66666666666667,0.0,0.7216930389404297,-1.0,,NORMAL
1790749569.654065,esp32-1,-34.0,41.383,6.04075,0.0,52.0,-1.0,,NORMAL
1790749573.5602357,pc,-50.0,111.0,217.33333333333334,0.0,6.997108459472656,-1.0,,NORMAL
1790749576.0045238,esp32-1,-33.0,89.59959,83.21899,0.0,54.0,-1.0,,NORMAL
1790749578.574606,pc,-51.0,75.25,120.0,0.0,1.3794898986816406,-1.0,,NORMAL
1790749580.4860597,esp32-1,-35.0,24.88375,21.07567,20.0,52.0,-1.0,,NORMAL
1790749583.5407193,pc,-50.0,80.75,137.33333333333334,0.0,9.31406021118164,-1.0,,NORMAL
1790749584.84161,esp32-1,-36.0,41.2002,6.981,0.0,229.0,-1.0,,NORMAL
1790749588.5726106,pc,-50.0,89.0,162.66666666666666,0.0,0.7877349853515625,-1.0,,NORMAL
1790749590.6500473,esp32-1,-34.0,69.48925,137.671,20.0,43.0,-1.0,,NORMAL
1790749593.5403676,pc,-50.0,94.75,170.0,0.0,0.8556842803955078,-1.0,,NORMAL
1790749595.5634449,esp32-1,-32.0,23.8115,19.97233,20.0,54.0,-1.0,,NORMAL
1790749598.5855052,pc,-51.0,101.75,179.33333333333334,0.0,9.087562561035156,-1.0,,NORMAL
1790749599.7623816,esp32-1,-33.0,41.1666,6.502501,0.0,179.0,-1.0,,NORMAL
1790749603.619978,pc,-50.0,50.0,23.333333333333332,0.0,0.8082389831542969,-1.0,,NORMAL
1790749605.0370488,esp32-1,-34.0,88.865,118.181,0.0,265.0,-1.0,,NORMAL
1790749608.529311,pc,-50.0,48.5,27.666666666666668,0.0,0.7610321044921875,-1.0,,NORMAL
1790749610.4864562,esp32-1,-33.0,23.98625,17.02033,20.0,56.0,-1.0,,NORMAL
1790749613.577851,pc,-51.0,145.25,302.6666666666667,0.0,17.212867736816406,-1.0,,NORMAL
1790749615.766185,esp32-1,-33.0,82.966,68.67634,20.0,4.0,-1.0,,NORMAL
1790749618.5648205,pc,-50.0,53.5,28.666666666666668,0.0,0.6992816925048828,-1.0,,NORMAL
1790749620.8031883,esp32-1,-34.0,71.676,147.5047,20.0,33.0,-1.0,,NORMAL
1790749623.5572178,pc,-50.0,30.75,4.666666666666667,0.0,0.7495880126953125,-1.0,,NORMAL
1790749625.6393905,esp32-1,-33.0,23.6575,18.79667,20.0,63.0,-1.0,,NORMAL
1790749628.5651367,pc,-51.0,47.0,32.666666666666664,0.0,11.239767074584961,-1.0,,NORMAL
1790749631.6119158,esp32-1,-35.0,44.41167,53.965,40.0,11.0,-1.0,,NORMAL
1790749633.572974,pc,-50.0,80.75,104.33333333333333,0.0,0.8096694946289062,-1.0,,NORMAL
1790749635.5228717,esp32-1,-34.0,199.5132,109.7128,0.0,42.0,-1.0,,NORMAL
1790749638.6607344,pc,-51.0,62.0,36.666666666666664,0.0,1.3308525085449219,-1.0,,NORMAL
1790749640.1233509,esp32-1,-35.0,73.98759,51.32674,0.0,270.0,-1.0,,NORMAL
1790749643.6160746,pc,-50.0,84.0,58.0,0.0,9.975194931030273,-1.0,,NORMAL
1790749645.6401086,esp32-1,-33.0,46.6535,72.10067,20.0,3.0,-1.0,,NORMAL
1790749648.5432565,pc,-50.0,39.5,13.333333333333334,0.0,0.7276535034179688,-1.0,,NORMAL
1790749650.6609633,esp32-1,-32.0,70.88475,147.0563,20.0,39.0,-1.0,,NORMAL
1790749653.5550382,pc,-51.0,44.75,21.0,0.0,0.7174015045166016,-1.0,,NORMAL
1790749655.5731566,esp32-1,-34.0,23.919,17.00366,20.0,8.0,-1.0,,NORMAL
1790749658.584422,pc,-50.0,28.75,2.0,0.0,14.263629913330078,-1.0,,NORMAL
1790749659.7330391,esp32-1,-34.0,40.2558,5.421,0.0,192.0,-1.0,,NORMAL
1790749663.5539298,pc,-50.0,28.0,1.0,0.0,4.414558410644531,-1.0,,NORMAL
1790749664.6879687,esp32-1,-34.0,47.2264,6.1595,0.0,52.0,-1.0,,NORMAL
1790749668.6797209,pc,-50.0,32.25,2.6666666666666665,0.0,91.6142463684082,-1.0,,NORMAL
1790749670.9339242,esp32-1,-33.0,22.998,18.31367,20.0,56.0,-1.0,,NORMAL
1790749673.5632384,pc,-50.0,32.5,5.333333333333333,0.0,9.514808654785156,-1.0,,NORMAL
1790749674.6332228,esp32-1,-31.0,40.0152,5.818499,0.0,52.0,-1.0,,NORMAL
1790749678.5430975,pc,-50.0,31.25,3.0,0.0,1.375436782836914,-1.0,,NORMAL
1790749680.802601,esp32-1,-33.0,89.50525,65.79,20.0,5.0,-1.0,,NORMAL
1790749683.5516438,pc,-50.0,27.75,1.6666666666666667,0.0,9.321212768554688,-1.0,,NORMAL
1790749685.576777,esp32-1,-32.0,23.6215,19.00333,20.0,52.0,-1.0,,NORMAL
1790749688.5782373,pc,-50.0,29.25,3.6666666666666665,0.0,16.599416732788086,-1.0,,NORMAL
1790749689.7348073,esp32-1,-33.0,40.1944,5.59325,0.0,194.0,-1.0,,NORMAL
1790749693.6014984,pc,-51.0,29.25,3.0,0.0,12.036561965942383,-1.0,,NORMAL
1790749694.726068,esp32-1,-33.0,71.9426,37.37325,0.0,31.0,-1.0,,NORMAL
1790749698.5750706,pc,-51.0,39.5,13.333333333333334,0.0,0.7236003875732422,-1.0,,NORMAL
1790749700.4835331,esp32-1,-33.0,25.99325,22.06867,20.0,41.0,-1.0,,NORMAL
1790749703.5995407,pc,-51.0,31.75,2.6666666666666665,0.0,12.567281723022461,-1.0,,NORMAL
1790749705.749184,esp32-1,-35.0,73.18825,91.759,20.0,2.0,-1.0,,NORMAL
1790749708.5707204,pc,-51.0,30.25,2.3333333333333335,0.0,0.8525848388671875,-1.0,,NORMAL
1790749709.7423918,esp32-1,-33.0,46.5794,6.42,0.0,53.0,-1.0,,NORMAL
1790749713.5720286,pc,-51.0,62.25,43.0,0.0,0.7271766662597656,-1.0,,NORMAL
1790749715.5790412,esp32-1,-32.0,22.084,15.12967,20.0,54.0,-1.0,,NORMAL
1790749718.5481985,pc,-50.0,27.25,1.3333333333333333,0.0,0.9362697601318359,-1.0,,NORMAL
1790749719.6904213,esp32-1,-36.0,64.3526,85.6385,0.0,33.0,-1.0,,NORMAL
1790749723.5691793,pc,-50.0,28.0,1.6666666666666667,0.0,0.8859634399414062,-1.0,,NORMAL
1790749724.7571068,esp32-1,-32.0,46.4364,6.763001,0.0,183.0,-1.0,,NORMAL
1790749728.5949197,pc,-51.0,30.5,4.333333333333333,0.0,10.593891143798828,-1.0,,NORMAL
1790749730.5321722,esp32-1,-34.0,22.8925,13.72933,20.0,51.0,-1.0,,NORMAL
1790749733.6002283,pc,-51.0,39.75,14.333333333333334,0.0,5.701541900634766,-1.0,,NORMAL
1790749735.6506252,esp32-1,-33.0,79.705,57.0655,0.0,721.0,-1.0,,NORMAL
1790749738.6436994,pc,-50.0,45.75,24.666666666666668,0.0,1.2848377227783203,-1.0,,NORMAL
1790749740.770516,esp32-1,-34.0,79.444,149.687,20.0,3.0,-1.0,,NORMAL
1790749743.6918783,pc,-51.0,52.0,33.333333333333336,0.0,9.776592254638672,-1.0,,NORMAL
1790749745.5839295,esp32-1,-34.0,23.163,18.67834,20.0,49.0,-1.0,,NORMAL
1790749748.7179706,pc,-51.0,64.75,42.333333333333336,0.0,1.3518333435058594,-1.0,,NORMAL
1790749749.694739,esp32-1,-33.0,69.6112,44.275,0.0,4.0,-1.0,,NORMAL
1790749753.691221,pc,-50.0,64.0,47.333333333333336,0.0,0.7483959197998047,-1.0,,NORMAL
1790749754.8027077,esp32-1,-34.0,46.1448,5.8555,0.0,188.0,-1.0,,NORMAL
1790749758.7764218,pc,-50.0,75.0,59.666666666666664,0.0,12.797117233276367,-1.0,,NORMAL
1790749760.5904372,esp32-1,-32.0,21.88375,17.764,20.0,56.0,-1.0,,NORMAL
1790749763.8099203,pc,-51.0,127.0,131.66666666666666,0.0,0.8473396301269531,-1.0,,NORMAL
1790749764.8404627,esp32-1,-32.0,39.0758,6.114999,0.0,261.0,-1.0,,NORMAL
1790749768.823978,pc,-50.0,90.25,84.0,0.0,0.7927417755126953,-1.0,,NORMAL
1790749770.7953322,esp32-1,-33.0,46.1092,5.533249,0.0,54.0,-1.0,,NORMAL
1790749773.5973387,pc,-51.0,28.0,1.3333333333333333,0.0,13.506412506103516,-1.0,,NORMAL
1790749775.690851,esp32-1,-33.0,52.1285,92.79501,20.0,34.0,-1.0,,NORMAL
1790749778.576776,pc,-51.0,28.5,3.0,0.0,0.7574558258056641,-1.0,,NORMAL
1790749779.6850848,esp32-1,-33.0,39.2564,6.4115,0.0,53.0,-1.0,,NORMAL
1790749783.5812287,pc,-51.0,30.75,10.0,0.0,0.9016990661621094,-1.0,,NORMAL
1790749784.8664577,esp32-1,-33.0,66.2494,84.63326,0.0,192.0,-1.0,,NORMAL
1790749788.581095,pc,-51.0,28.25,3.0,0.0,13.532161712646484,-1.0,,NORMAL
1790749790.4834595,esp32-1,-33.0,21.61775,16.76867,20.0,53.0,-1.0,,NORMAL
1790749793.5814493,pc,-51.0,33.25,15.666666666666666,0.0,1.3327598571777344,-1.0,,NORMAL
1790749794.7991638,esp32-1,-33.0,38.7818,6.910501,0.0,262.0,-1.0,,NORMAL
1790749798.5753422,pc,-51.0,27.75,1.0,0.0,6.687164306640625,-1.0,,NORMAL
1790749800.8035898,esp32-1,-33.0,92.41275,72.86967,20.0,5.0,-1.0,,NORMAL
1790749803.6050024,pc,-50.0,28.75,1.6666666666666667,0.0,11.263370513916016,-1.0,,NORMAL
1790749805.5934255,esp32-1,-32.0,21.85725,17.14667,20.0,50.0,-1.0,,NORMAL
1790749808.612821,pc,-50.0,30.0,4.0,0.0,0.7646083831787109,-1.0,,NORMAL
1790749809.7536414,esp32-1,-33.0,38.6514,6.745501,0.0,214.0,-1.0,,NORMAL
1790749813.5813398,pc,-50.0,69.25,55.666666666666664,0.0,9.745121002197266,-1.0,,NORMAL
1790749814.765453,esp32-1,-34.0,45.428,6.504249,0.0,198.0,-1.0,,NORMAL
1790749818.5657392,pc,-50.0,27.5,1.0,0.0,10.23411750793457,-1.0,,NORMAL
1790749820.483177,esp32-1,-34.0,21.80225,17.34833,20.0,52.0,-1.0,,NORMAL
1790749823.5796363,pc,-51.0,31.0,5.0,0.0,0.8618831634521484,-1.0,,NORMAL
1790749825.7657654,esp32-1,-34.0,38.4974,6.337749,0.0,54.0,-1.0,,NORMAL
1790749828.5941384,pc,-50.0,30.25,3.3333333333333335,0.0,1.2922286987304688,-1.0,,NORMAL
1790749829.8691149,esp32-1,-35.0,45.1814,9.413,0.0,252.0,-1.0,,NORMAL
1790749833.5961978,pc,-50.0,28.0,2.6666666666666665,0.0,11.16490364074707,-1.0,,NORMAL
1790749835.5976458,esp32-1,-34.0,22.1505,16.275,20.0,48.0,-1.0,,NORMAL
1790749838.5543869,pc,-50.0,29.75,6.0,0.0,1.3079643249511719,-1.0,,NORMAL
1790749840.9758537,esp32-1,-34.0,76.50975,64.32366,20.0,5.0,-1.0,,NORMAL
1790749844.7303295,esp32-1,-34.0,70.5936,86.8795,0.0,30.0,-1.0,,NORMAL
1790749849.0575886,pc,-50.0,29.25,3.3333333333333335,0.0,0.9353160858154297,15.344562148976575,,NORMAL
1790749850.5484552,esp32-1,-35.0,22.81875,18.46533,20.0,53.0,-1.0,,NORMAL
1790749852.4991462,pc,-50.0,64.25,49.333333333333336,0.0,0.9136199951171875,-1.0,,NORMAL
1790749855.566208,esp32-1,-34.0,30.3125,6.758666,20.0,6.0,-1.0,,NORMAL
1790749857.4990826,pc,-50.0,30.25,3.0,0.0,8.330821990966797,-1.0,,NORMAL
1790749859.8773115,esp32-1,-33.0,46.4152,6.0005,0.0,249.0,-1.0,,NORMAL
1790749862.4682286,pc,-51.0,93.25,174.33333333333334,0.0,0.8971691131591797,-1.0,,NORMAL
1790749865.4945037,esp32-1,-33.0,22.675,17.447,20.0,51.0,-1.0,,NORMAL
1790749867.4778306,pc,-50.0,29.75,2.3333333333333335,0.0,16.482114791870117,-1.0,,NORMAL
1790749869.8440175,esp32-1,-35.0,39.6394,6.4615,0.0,216.0,-1.0,,NORMAL
1790749872.4690058,pc,-50.0,30.5,5.666666666666667,0.0,0.7054805755615234,-1.0,,NORMAL
1790749874.7313693,esp32-1,-34.0,71.321,85.6825,0.0,31.0,-1.0,,NORMAL
1790749877.5303886,pc,-50.0,46.5,25.333333333333332,0.0,1.2712478637695312,-1.0,,NORMAL
1790749880.5556047,esp32-1,-32.0,23.07925,15.82933,20.0,47.0,-1.0,,NORMAL
1790749882.5078592,pc,-51.0,39.5,24.0,0.0,14.012336730957031,-1.0,,NORMAL
1790749885.570062,esp32-1,-33.0,29.93625,3.792001,20.0,4.0,-1.0,,NORMAL
1790749887.4957697,pc,-50.0,33.75,13.333333333333334,0.0,0.7336139678955078,-1.0,,NORMAL
1790749890.6976573,esp32-1,-34.0,69.19576,41.37567,20.0,4.0,-1.0,,NORMAL
1790749892.4627466,pc,-51.0,28.0,2.0,0.0,6.76417350769043,-1.0,,NORMAL
1790749895.4817405,esp32-1,-33.0,22.2425,17.64433,20.0,50.0,-1.0,,NORMAL
1790749897.5033233,pc,-50.0,33.0,6.333333333333333,0.0,11.148929595947266,-1.0,,NORMAL
1790749899.760598,esp32-1,-34.0,39.097,6.35175,0.0,221.0,-1.0,,NORMAL
1790749902.4935162,pc,-51.0,36.25,20.0,0.0,0.8080005645751953,-1.0,,NORMAL
1790749905.5455809,esp32-1,-33.0,76.49819,44.43875,0.0,739.0,-1.0,,NORMAL
1790749907.4735909,pc,-50.0,30.75,4.333333333333333,0.0,0.8041858673095703,-1.0,,NORMAL
1790749910.5098512,esp32-1,-35.0,22.5895,19.079,20.0,49.0,-1.0,,NORMAL
1790749912.5189128,pc,-50.0,32.0,7.666666666666667,0.0,10.24174690246582,-1.0,,NORMAL
1790749914.9666204,esp32-1,-34.0,39.1802,7.1455,0.0,275.0,-1.0,,NORMAL
1790749917.4819682,pc,-51.0,50.75,42.666666666666664,0.0,0.7753372192382812,-1.0,,NORMAL
1790749920.0815117,esp32-1,-31.0,86.8512,109.6555,0.0,259.0,-1.0,,NORMAL
1790749922.5122316,pc,-51.0,71.0,109.33333333333333,0.0,0.8456707000732422,-1.0,,NORMAL
1790749925.6101818,esp32-1,-31.0,24.07275,12.66733,20.0,43.0,-1.0,,NORMAL
1790749927.5219252,pc,-50.0,34.25,5.666666666666667,0.0,13.407468795776367,-1.0,,NORMAL
1790749930.6306212,esp32-1,-33.0,73.8166,50.89175,0.0,755.0,-1.0,,NORMAL
1790749932.4656122,pc,-51.0,33.75,7.666666666666667,0.0,1.3556480407714844,-1.0,,NORMAL
1790749935.8517766,esp32-1,-33.0,45.5188,5.1875,0.0,54.0,-1.0,,NORMAL
1790749937.4911697,pc,-50.0,33.25,12.333333333333334,0.0,3.8518905639648438,-1.0,,NORMAL
1790749940.5623431,esp32-1,-31.0,21.92025,18.249,20.0,52.0,-1.0,,NORMAL
1790749942.5111935,pc,-51.0,30.75,3.0,0.0,13.726234436035156,-1.0,,NORMAL
1790749944.8631215,esp32-1,-32.0,38.5484,6.251501,0.0,178.0,-1.0,,NORMAL
1790749947.5124774,pc,-51.0,35.75,9.333333333333334,0.0,0.7493495941162109,-1.0,,NORMAL
1790749949.8805628,esp32-1,-33.0,45.699,6.823248,0.0,263.0,-1.0,,NORMAL
1790749952.4977317,pc,-50.0,42.0,9.666666666666666,0.0,0.8871555328369141,-1.0,,NORMAL
1790749955.5274682,esp32-1,-36.0,22.777,17.50733,20.0,45.0,-1.0,,NORMAL
1790749957.4945838,pc,-51.0,37.75,16.666666666666668,0.0,11.242151260375977,-1.0,,NORMAL
1790749960.4731307,esp32-1,-34.0,74.6168,51.07475,0.0,752.0,-1.0,,NORMAL
1790749962.4997387,pc,-51.0,33.5,7.333333333333333,0.0,0.9675025939941406,-1.0,,NORMAL
1790749964.7299607,esp32-1,-35.0,45.3752,6.28575,0.0,52.0,-1.0,,NORMAL
1790749967.5516596,pc,-50.0,88.75,74.0,0.0,32.56726264953613,-1.0,,NORMAL
1790749970.66877,esp32-1,-27.0,22.80275,18.36767,20.0,47.0,-1.0,,NORMAL
1790749972.522787,pc,-51.0,48.5,24.0,0.0,10.94365119934082,-1.0,,NORMAL
1790749974.8658013,esp32-1,-35.0,38.5012,6.5405,0.0,182.0,-1.0,,NORMAL
1790749977.566858,pc,-50.0,44.75,20.333333333333332,0.0,7.143497467041016,-1.0,,NORMAL
1790749979.886213,esp32-1,-34.0,88.3422,60.92575,0.0,43.0,-1.0,,NORMAL
1790749982.6013098,pc,-51.0,53.25,33.0,0.0,1.3337135314941406,-1.0,,NORMAL
1790749985.6201615,esp32-1,-33.0,23.37725,18.60133,20.0,42.0,-1.0,,NORMAL
1790749987.6423175,pc,-51.0,59.75,43.333333333333336,0.0,10.31804084777832,-1.0,,NORMAL
1790749990.6398597,esp32-1,-32.0,74.6664,52.163,0.0,751.0,-1.0,,NORMAL
1790749992.8364565,pc,-50.0,75.5,65.0,0.0,156.0533046722412,-1.0,,NORMAL
1790749995.6980777,esp32-1,-32.0,84.9395,64.01133,20.0,4.0,-1.0,,NORMAL
1790749997.686375,pc,-51.0,72.5,59.0,0.0,1.3022422790527344,-1.0,,NORMAL
1790750000.5718884,esp32-1,-34.0,22.9935,20.91434,20.0,43.0,-1.0,,NORMAL
1790750002.7263513,pc,-50.0,87.0,74.0,0.0,9.218692779541016,-1.0,,NORMAL
1790750005.6899912,esp32-1,-32.0,28.23075,1.219333,20.0,5.0,-1.0,,NORMAL
1790750007.773803,pc,-50.0,106.0,104.0,0.0,0.7727146148681641,-1.0,,NORMAL
1790750009.8880854,esp32-1,-36.0,44.7106,8.66975,0.0,274.0,-1.0,,NORMAL
1790750012.8166459,pc,-51.0,100.75,96.33333333333333,0.0,1.2729167938232422,-1.0,,NORMAL
1790750015.4786494,esp32-1,-35.0,21.8695,16.703,20.0,46.0,-1.0,,NORMAL
1790750017.5080016,pc,-50.0,31.5,4.666666666666667,0.0,14.803647994995117,-1.0,,NORMAL
1790750020.6425643,esp32-1,-35.0,28.4935,26.07467,20.0,53.0,-1.0,,NORMAL
1790750022.5259132,pc,-51.0,48.0,11.666666666666666,0.0,0.7255077362060547,-1.0,,NORMAL
1790750025.5621033,esp32-1,-34.0,79.09981,50.3745,0.0,731.0,-1.0,,NORMAL
1790750027.5134163,pc,-51.0,88.25,135.66666666666666,0.0,0.78582763671875,-1.0,,NORMAL
1790750030.5750859,esp32-1,-33.0,21.46375,16.85834,20.0,49.0,-1.0,,NORMAL
1790750032.4750166,pc,-51.0,34.25,8.666666666666666,0.0,9.737253189086914,-1.0,,NORMAL
1790750034.6722212,esp32-1,-32.0,37.828,7.404,0.0,53.0,-1.0,,NORMAL
1790750037.668328,pc,-51.0,80.25,74.66666666666667,0.0,0.7426738739013672,-1.0,,NORMAL
1790750039.8923132,esp32-1,-34.0,44.4876,6.732001,0.0,53.0,-1.0,,NORMAL
1790750042.4789,pc,-50.0,30.0,3.0,0.0,0.7538795471191406,-1.0,,NORMAL
1790750045.6282108,esp32-1,-33.0,21.91575,17.151,20.0,44.0,-1.0,,NORMAL
1790750047.4771323,pc,-50.0,28.25,0.6666666666666666,0.0,7.9746246337890625,-1.0,,NORMAL
1790750050.6659892,esp32-1,-35.0,28.6165,23.76967,20.0,57.0,-1.0,,NORMAL
1790750052.5512428,pc,-51.0,225.0,323.0,0.0,4.9991607666015625,-1.0,,NORMAL
1790750054.9468083,esp32-1,-36.0,46.118,6.610001,0.0,221.0,-1.0,,NORMAL
1790750057.934695,pc,-51.0,276.25,290.3333333333333,0.0,18.093347549438477,-1.0,,NORMAL
1790750060.98785,esp32-1,-34.0,25.04225,20.17167,20.0,41.0,-1.0,,NORMAL
1790750062.5744283,pc,-51.0,230.5,136.33333333333334,0.0,10.28585433959961,-1.0,,NORMAL
1790750066.1113684,esp32-1,-34.0,39.1872,7.7565,0.0,187.0,-1.0,,NORMAL
1790750068.424276,pc,-51.0,119.66666666666667,139.0,25.0,0.8451938629150391,-1.0,,NORMAL
1790750069.6358314,esp32-1,-35.0,46.2538,6.17225,0.0,53.0,-1.0,,NORMAL
1790750074.3840897,pc,-51.0,29.5,3.0,50.0,0.7555484771728516,-1.0,,NORMAL
1790750076.4565358,esp32-1,-36.0,22.67775,18.138,20.0,51.0,-1.0,,NORMAL
1790750079.3475654,pc,-50.0,505.5,705.0,50.0,0.728607177734375,-1.0,,NORMAL
1790750084.438996,esp32-1,-35.0,76.6386,53.13475,0.0,1742.0,-1.0,,NORMAL
1790750084.6161244,pc,-50.0,364.5,159.0,50.0,217.6990509033203,-1.0,,NORMAL
1790750086.588179,esp32-1,-34.0,22.0605,17.343,20.0,26.0,-1.0,,NORMAL
1790750088.4975882,pc,-51.0,205.75,205.33333333333334,0.0,0.7767677307128906,-1.0,,NORMAL
1790750091.606618,esp32-1,-34.0,24.0655,17.412,20.0,51.0,-1.0,,NORMAL
1790750093.0721703,pc,-50.0,70.75,88.0,0.0,1.2354850769042969,-1.0,,NORMAL
1790750095.9071121,esp32-1,-34.0,40.7042,6.39625,0.0,187.0,-1.0,,NORMAL
1790750098.0998957,pc,-50.0,43.25,9.333333333333334,0.0,0.7364749908447266,-1.0,,NORMAL
1790750100.9256284,esp32-1,-35.0,47.5212,5.47075,0.0,53.0,-1.0,,NORMAL
1790750103.028299,pc,-51.0,41.5,11.0,0.0,1.3027191162109375,-1.0,,NORMAL
1790750106.6598709,esp32-1,-33.0,23.378,18.68033,20.0,54.0,-1.0,,NORMAL
1790750108.0692549,pc,-50.0,113.75,128.66666666666666,0.0,1.3022422790527344,-1.0,,NORMAL
1790750110.8825738,esp32-1,-35.0,40.736,6.44075,0.0,240.0,-1.0,,NORMAL
1790750113.0586438,pc,-50.0,34.75,2.6666666666666665,0.0,10.242700576782227,-1.0,,NORMAL
1790750116.8376443,esp32-1,-35.0,88.97075,65.21367,20.0,8.0,-1.0,,NORMAL
1790750118.0447123,pc,-50.0,35.25,3.3333333333333335,0.0,0.7259845733642578,-1.0,,NORMAL
1790750121.6123986,esp32-1,-34.0,26.124,11.41233,20.0,41.0,-1.0,,NORMAL
1790750123.052783,pc,-51.0,137.25,266.3333333333333,0.0,0.9386539459228516,-1.0,,NORMAL
1790750126.5266638,esp32-1,-36.0,40.1292,7.43,0.0,909.0,-1.0,,NORMAL
1790750128.0998673,pc,-50.0,66.75,64.66666666666667,0.0,13.173580169677734,-1.0,,NORMAL
1790750130.9356182,esp32-1,-34.0,71.6402,36.7545,0.0,33.0,-1.0,,NORMAL
1790750133.0603292,pc,-51.0,39.0,10.666666666666666,0.0,0.7050037384033203,-1.0,,NORMAL
1790750136.5637352,esp32-1,-36.0,23.4805,17.51033,20.0,51.0,-1.0,,NORMAL
1790750138.1228268,pc,-51.0,50.25,37.333333333333336,0.0,12.519598007202148,-1.0,,NORMAL
1790750140.8787735,esp32-1,-34.0,40.126,6.174,0.0,246.0,-1.0,,NORMAL
1790750143.1040223,pc,-50.0,34.75,9.333333333333334,0.0,10.235309600830078,-1.0,,NORMAL
1790750145.923826,esp32-1,-35.0,46.9468,4.656499,0.0,230.0,-1.0,,NORMAL
1790750148.0458891,pc,-50.0,34.25,8.666666666666666,0.0,0.732421875,-1.0,,NORMAL
1790750151.6156974,esp32-1,-34.0,22.80525,18.28933,20.0,53.0,-1.0,,NORMAL
1790750156.1194873,esp32-1,-35.0,42.2262,7.761,0.0,45.0,-1.0,,NORMAL
1790750160.6402333,pc,-50.0,62.0,63.666666666666664,0.0,0.7328987121582031,11.130009206844656,,NORMAL
1790750161.656918,esp32-1,-34.0,52.721,34.874,20.0,3.0,-1.0,,NORMAL
1790750164.1590512,pc,-51.0,158.0,122.0,0.0,0.8547306060791016,-1.0,,NORMAL
1790750166.7956612,esp32-1,-34.0,38.6718,7.03125,0.0,55.0,-1.0,,NORMAL
1790750169.0831745,pc,-51.0,106.0,196.0,0.0,0.8337497711181641,-1.0,,NORMAL
1790750171.9318871,esp32-1,-37.0,74.076,138.1124,20.0,5.0,-1.0,,NORMAL
1790750174.1129394,pc,-51.0,34.25,6.666666666666667,0.0,0.7152557373046875,-1.0,,NORMAL
1790750176.6038532,esp32-1,-35.0,23.5865,21.26867,20.0,44.0,-1.0,,NORMAL
1790750179.088367,pc,-50.0,56.5,75.0,0.0,9.033203125,-1.0,,NORMAL
1790750180.6979396,esp32-1,-34.0,38.6312,6.27325,0.0,53.0,-1.0,,NORMAL
1790750184.122472,pc,-51.0,79.75,67.33333333333333,0.0,26.445627212524414,-1.0,,NORMAL
1790750186.2281513,esp32-1,-34.0,86.6008,122.9153,0.0,275.0,-1.0,,NORMAL
1790750189.076573,pc,-50.0,86.5,135.0,0.0,0.7388591766357422,-1.0,,NORMAL
1790750191.5576136,esp32-1,-34.0,21.79275,17.43433,20.0,50.0,-1.0,,NORMAL
1790750194.0724146,pc,-51.0,36.75,21.666666666666668,0.0,12.115001678466797,-1.0,,NORMAL
1790750195.956882,esp32-1,-35.0,38.4802,6.2695,0.0,243.0,-1.0,,NORMAL
1790750199.0874815,pc,-51.0,36.0,9.666666666666666,0.0,0.7460117340087891,-1.0,,NORMAL
1790750200.9775279,esp32-1,-35.0,45.3284,6.117001,0.0,227.0,-1.0,,NORMAL
1790750204.0677698,pc,-51.0,45.75,9.0,0.0,1.3363361358642578,-1.0,,NORMAL
1790750206.6070125,esp32-1,-35.0,22.91875,18.67633,20.0,45.0,-1.0,,NORMAL
1790750209.0741885,pc,-50.0,97.0,126.66666666666667,0.0,14.170646667480469,-1.0,,NORMAL
1790750211.1135767,esp32-1,-34.0,67.7912,46.228,0.0,8.0,-1.0,,NORMAL
1790750214.122488,pc,-52.0,56.0,30.0,0.0,1.302957534790039,-1.0,,NORMAL
1790750215.8992045,esp32-1,-33.0,65.32839,75.0055,0.0,179.0,-1.0,,NORMAL
1790750219.2078958,pc,-50.0,34.25,4.666666666666667,0.0,139.04309272766113,-1.0,,NORMAL
1790750221.5601609,esp32-1,-36.0,22.03675,17.28833,20.0,51.0,-1.0,,NORMAL
1790750224.0900998,pc,-50.0,45.5,28.0,0.0,28.419017791748047,-1.0,,NORMAL
1790750225.8694918,esp32-1,-34.0,38.2268,6.769,0.0,248.0,-1.0,,NORMAL
1790750229.095593,pc,-51.0,30.75,4.0,0.0,0.7250308990478516,-1.0,,NORMAL
1790750230.905119,esp32-1,-33.0,45.2706,6.01,0.0,231.0,-1.0,,NORMAL
1790750234.2137258,pc,-51.0,61.5,41.333333333333336,0.0,0.8995532989501953,-1.0,,NORMAL
1790750236.6115441,esp32-1,-33.0,26.689,22.324,20.0,26.0,-1.0,,NORMAL
1790750239.0898075,pc,-50.0,90.0,165.66666666666666,0.0,11.729240417480469,-1.0,,NORMAL
1790750240.9133203,esp32-1,-34.0,37.9018,6.2805,0.0,200.0,-1.0,,NORMAL
1790750244.1052165,pc,-50.0,35.25,1.6666666666666667,0.0,0.7390975952148438,-1.0,,NORMAL
1790750245.9299476,esp32-1,-35.0,44.76,6.025,0.0,182.0,-1.0,,NORMAL
1790750249.0707889,pc,-50.0,47.0,17.0,0.0,1.3310909271240234,-1.0,,NORMAL
1790750251.5633974,esp32-1,-33.0,22.54175,19.81233,20.0,43.0,-1.0,,NORMAL
1790750254.1590388,pc,-50.0,73.0,74.33333333333333,0.0,10.082483291625977,-1.0,,NORMAL
1790750256.5888991,esp32-1,-33.0,77.8936,56.83975,0.0,727.0,-1.0,,NORMAL
1790750259.098592,pc,-50.0,47.5,45.666666666666664,0.0,0.8409023284912109,-1.0,,NORMAL
1790750261.9093523,esp32-1,-35.0,44.3492,6.521,0.0,54.0,-1.0,,NORMAL
1790750264.0920289,pc,-51.0,39.75,13.666666666666666,0.0,0.7598400115966797,-1.0,,NORMAL
1790750266.6174335,esp32-1,-35.0,23.01375,16.90867,20.0,40.0,-1.0,,NORMAL
1790750269.1158135,pc,-50.0,69.5,68.0,0.0,10.752439498901367,-1.0,,NORMAL
1790750270.816777,esp32-1,-35.0,67.8168,44.238,0.0,9.0,-1.0,,NORMAL
1790750274.0921657,pc,-51.0,116.75,106.66666666666667,0.0,0.8859634399414062,-1.0,,NORMAL
1790750275.9346464,esp32-1,-34.0,66.88259,78.707,0.0,44.0,-1.0,,NORMAL
1790750279.094731,pc,-51.0,40.0,4.666666666666667,0.0,1.3480186462402344,-1.0,,NORMAL
1790750281.569569,esp32-1,-34.0,22.45475,17.777,20.0,42.0,-1.0,,NORMAL
1790750284.1068907,pc,-50.0,142.0,231.0,0.0,11.618614196777344,-1.0,,NORMAL
1790750286.5877903,esp32-1,-34.0,28.40725,26.052,20.0,53.0,-1.0,,NORMAL
1790750289.0910566,pc,-51.0,64.75,71.0,0.0,0.9655952453613281,-1.0,,NORMAL
1790750290.8726265,esp32-1,-34.0,44.5448,6.397501,0.0,246.0,-1.0,,NORMAL
1790750294.1537971,pc,-51.0,43.75,15.0,0.0,12.53652572631836,-1.0,,NORMAL
1790750297.0947785,esp32-1,-34.0,36.31325,36.387,20.0,555.0,-1.0,,NORMAL
1790750299.0881739,pc,-51.0,39.25,5.0,0.0,13.409137725830078,-1.0,,NORMAL
1790750302.0479934,esp32-1,-35.0,27.9375,22.76833,20.0,206.0,-1.0,,NORMAL
1790750304.0739272,pc,-51.0,38.75,11.333333333333334,0.0,6.698369979858398,-1.0,,NORMAL
1790750305.8380084,esp32-1,-35.0,44.419,6.174751,0.0,192.0,-1.0,,NORMAL
1790750309.1208453,pc,-51.0,165.75,219.0,0.0,1.2974739074707031,-1.0,,NORMAL
1790750311.6742349,esp32-1,-34.0,24.2465,22.039,20.0,35.0,-1.0,,NORMAL
1790750314.0844064,pc,-50.0,88.0,70.33333333333333,0.0,9.602785110473633,-1.0,,NORMAL
1790750316.7946541,esp32-1,-35.0,28.46025,25.95533,20.0,256.0,-1.0,,NORMAL
1790750319.1086094,pc,-50.0,107.75,171.33333333333334,0.0,4.128932952880859,-1.0,,NORMAL
1790750320.902849,esp32-1,-35.0,43.9298,6.7275,0.0,245.0,-1.0,,NORMAL
1790750324.1037307,pc,-52.0,64.75,69.0,0.0,1.300811767578125,-1.0,,NORMAL
1790750326.623908,esp32-1,-32.0,21.6195,16.91167,20.0,43.0,-1.0,,NORMAL
1790750329.0876255,pc,-50.0,94.5,88.33333333333333,0.0,12.889623641967773,-1.0,,NORMAL
1790750331.6439354,esp32-1,-34.0,27.5855,24.05,20.0,54.0,-1.0,,NORMAL
1790750334.1595583,pc,-51.0,139.5,140.33333333333334,0.0,1.2972354888916016,-1.0,,NORMAL
1790750336.7628396,esp32-1,-35.0,43.8332,6.132501,0.0,55.0,-1.0,,NORMAL
1790750339.0821354,pc,-50.0,156.75,174.33333333333334,0.0,0.7224082946777344,-1.0,,NORMAL
1790750342.2994156,esp32-1,-32.0,192.4505,240.7543,20.0,5.0,-1.0,,NORMAL
1790750344.1241968,pc,-50.0,31.25,4.333333333333333,0.0,13.883590698242188,-1.0,,NORMAL
1790750346.7036512,esp32-1,-34.0,27.31075,22.704,20.0,54.0,-1.0,,NORMAL
1790750349.08697,pc,-50.0,81.5,115.33333333333333,0.0,0.8609294891357422,-1.0,,NORMAL
1790750350.9023893,esp32-1,-34.0,43.8104,5.73725,0.0,251.0,-1.0,,NORMAL
1790750354.1085186,pc,-50.0,29.0,1.0,0.0,1.127481460571289,-1.0,,NORMAL
1790750356.6289396,esp32-1,-34.0,23.40625,19.10333,20.0,34.0,-1.0,,NORMAL
1790750359.1013496,pc,-50.0,56.25,67.66666666666667,0.0,9.211301803588867,-1.0,,NORMAL
1790750361.6480777,esp32-1,-35.0,27.269,24.33033,20.0,54.0,-1.0,,NORMAL
1790750364.1291625,pc,-50.0,69.75,100.0,0.0,9.68623161315918,-1.0,,NORMAL
1790750365.8443556,esp32-1,-36.0,68.5894,87.42625,0.0,31.0,-1.0,,NORMAL
1790750369.1058097,pc,-51.0,28.75,2.3333333333333335,0.0,0.7939338684082031,-1.0,,NORMAL
1790750371.6833985,esp32-1,-35.0,21.8945,17.28367,20.0,39.0,-1.0,,NORMAL
1790750374.1735523,pc,-52.0,100.5,140.0,0.0,11.466264724731445,-1.0,,NORMAL
1790750376.597355,esp32-1,-35.0,27.038,23.053,20.0,54.0,-1.0,,NORMAL
1790750379.114106,pc,-51.0,54.25,47.0,0.0,1.0616779327392578,-1.0,,NORMAL
1790750381.0009935,esp32-1,-36.0,84.53459,107.787,0.0,52.0,-1.0,,NORMAL
1790750384.1246064,pc,-50.0,60.0,37.333333333333336,0.0,14.936685562133789,-1.0,,NORMAL
1790750386.636757,esp32-1,-34.0,22.331,17.88967,20.0,40.0,-1.0,,NORMAL
1790750389.0971282,pc,-52.0,111.75,65.33333333333333,0.0,9.219646453857422,-1.0,,NORMAL
1790750391.544588,esp32-1,-35.0,26.621,21.794,20.0,53.0,-1.0,,NORMAL
1790750394.1323752,pc,-50.0,33.25,12.666666666666666,0.0,1.2896060943603516,-1.0,,NORMAL
1790750396.5300803,esp32-1,-34.0,34.754,13.87467,20.0,5.0,-1.0,,NORMAL
1790750400.0279703,pc,-51.0,64.0,51.0,25.0,0.736236572265625,-1.0,,NORMAL
1790750401.586085,esp32-1,-33.0,23.49525,18.17733,20.0,4.0,-1.0,,NORMAL
1790750404.920042,pc,-50.0,392.0,292.5,25.0,0.9136199951171875,-1.0,,NORMAL
1790750406.6023302,esp32-1,-32.0,27.05975,22.44333,20.0,53.0,-1.0,,NORMAL
1790750409.1137831,pc,-50.0,43.75,40.0,0.0,6.821870803833008,-1.0,,NORMAL
1790750411.2112963,esp32-1,-33.0,84.6604,57.3685,0.0,258.0,-1.0,,NORMAL
1790750414.0937772,pc,-50.0,58.5,76.0,0.0,0.6880760192871094,-1.0,,NORMAL
1790750417.5804594,esp32-1,-34.0,218.396,506.8466,20.0,243.0,-1.0,,NORMAL
1790750419.2103648,pc,-50.0,57.5,28.333333333333332,0.0,15.234708786010742,-1.0,,NORMAL
1790750421.65635,esp32-1,-35.0,26.95,21.61167,20.0,53.0,-1.0,,NORMAL
1790750424.1196444,pc,-50.0,101.5,96.66666666666667,0.0,13.349771499633789,-1.0,,NORMAL
1790750426.265159,esp32-1,-34.0,43.2134,5.673749,0.0,210.0,-1.0,,NORMAL
1790750429.0848577,pc,-50.0,67.25,43.666666666666664,0.0,0.7205009460449219,-1.0,,NORMAL
1790750431.7960618,esp32-1,-34.0,23.45325,19.281,20.0,34.0,-1.0,,NORMAL
1790750434.6320078,pc,-53.0,222.5,351.0,0.0,10.081052780151367,-1.0,,NORMAL
1790750436.5790458,esp32-1,-33.0,26.898,21.41,20.0,53.0,-1.0,,NORMAL
1790750439.0963054,pc,-50.0,65.0,87.66666666666667,0.0,0.7672309875488281,-1.0,,NORMAL
1790750440.908657,esp32-1,-34.0,43.2332,6.142251,0.0,263.0,-1.0,,NORMAL
1790750444.1062605,pc,-50.0,31.25,0.3333333333333333,0.0,0.7517337799072266,-1.0,,NORMAL
1790750446.6460624,esp32-1,-33.0,22.3875,17.76,20.0,36.0,-1.0,,NORMAL
1790750449.131459,pc,-50.0,64.0,78.33333333333333,0.0,10.340452194213867,-1.0,,NORMAL
1790750451.5558102,esp32-1,-34.0,26.53,19.10833,20.0,53.0,-1.0,,NORMAL
1790750454.1079197,pc,-51.0,42.5,13.666666666666666,0.0,0.7746219635009766,-1.0,,NORMAL
1790750455.6722393,esp32-1,-34.0,43.0826,6.25525,0.0,53.0,-1.0,,NORMAL
1790750459.183028,pc,-50.0,83.0,65.33333333333333,0.0,0.8826255798339844,-1.0,,NORMAL
1790750461.5955386,esp32-1,-34.0,22.06775,17.36967,20.0,38.0,-1.0,,NORMAL
1790750467.3270679,esp32-1,-35.0,26.0715,20.292,20.0,53.0,-1.0,,NORMAL
1790750471.2519796,esp32-1,-36.0,49.289,7.747501,0.0,281.0,-1.0,,NORMAL
1790750473.2159226,pc,-52.0,74.0,64.33333333333333,0.0,1.2462139129638672,9.30748929873106,,NORMAL
1790750475.7834482,esp32-1,-35.0,40.0196,10.53525,0.0,198.0,-1.0,,NORMAL
1790750476.7058218,pc,-52.0,73.5,61.333333333333336,0.0,0.7183551788330078,-1.0,,NORMAL
1790750481.050032,esp32-1,-35.0,46.5068,6.340499,0.0,182.0,-1.0,,NORMAL
1790750481.8088472,pc,-51.0,70.75,49.0,0.0,9.077310562133789,-1.0,,NORMAL
1790750486.6806684,esp32-1,-34.0,23.0015,18.62567,20.0,51.0,-1.0,,NORMAL
1790750486.7458477,pc,-50.0,61.0,26.666666666666668,0.0,0.8258819580078125,-1.0,,NORMAL
1790750490.7797177,esp32-1,-35.0,39.4514,6.38175,0.0,52.0,-1.0,,NORMAL
1790750491.6280792,pc,-51.0,38.75,21.666666666666668,0.0,0.8835792541503906,-1.0,,NORMAL
1790750495.8729658,esp32-1,-34.0,46.5656,5.10625,0.0,241.0,-1.0,,NORMAL
1790750496.693228,pc,-50.0,38.5,2.0,0.0,12.409687042236328,-1.0,,NORMAL
1790750501.6386185,esp32-1,-35.0,22.26375,18.679,20.0,53.0,-1.0,,NORMAL
1790750501.6635237,pc,-51.0,28.0,1.0,0.0,0.7448196411132812,-1.0,,NORMAL
1790750505.8304408,esp32-1,-33.0,64.9828,88.2365,0.0,29.0,-1.0,,NORMAL
1790750506.626679,pc,-50.0,29.75,2.6666666666666665,0.0,0.5712509155273438,-1.0,,NORMAL
1790750511.5668523,esp32-1,-33.0,41.2534,11.9435,0.0,910.0,-1.0,,NORMAL
1790750511.6531181,pc,-50.0,29.25,3.0,0.0,7.485151290893555,-1.0,,NORMAL
1790750516.5836923,esp32-1,-34.0,26.021,20.719,20.0,36.0,-1.0,,NORMAL
1790750516.66357,pc,-50.0,27.5,0.3333333333333333,0.0,1.6989707946777344,-1.0,,NORMAL
1790750520.8418746,esp32-1,-34.0,39.5262,6.02825,0.0,257.0,-1.0,,NORMAL
1790750521.6850536,pc,-51.0,29.0,2.3333333333333335,0.0,0.7710456848144531,-1.0,,NORMAL
1790750526.6214223,esp32-1,-34.0,83.8288,51.79625,0.0,699.0,-1.0,,NORMAL
1790750526.6428924,pc,-51.0,28.5,1.6666666666666667,0.0,8.270502090454102,-1.0,,NORMAL
1790750531.6399224,pc,-50.0,33.5,16.333333333333332,0.0,0.7619857788085938,-1.0,,NORMAL
1790750531.642829,esp32-1,-34.0,22.16975,17.69067,20.0,52.0,-1.0,,NORMAL
1790750535.7810678,esp32-1,-36.0,39.1282,6.0415,0.0,51.0,-1.0,,NORMAL
1790750536.6868143,pc,-50.0,92.5,89.0,0.0,0.9021759033203125,-1.0,,NORMAL
1790750540.7505198,esp32-1,-34.0,45.9762,6.083501,0.0,52.0,-1.0,,NORMAL
1790750541.6357162,pc,-50.0,36.25,20.666666666666668,0.0,9.281396865844727,-1.0,,NORMAL
1790750546.587597,esp32-1,-35.0,26.14,17.86133,20.0,35.0,-1.0,,NORMAL
1790750546.68108,pc,-50.0,45.0,39.0,0.0,0.7791519165039062,-1.0,,NORMAL
1790750550.686253,esp32-1,-35.0,39.632,6.196,0.0,51.0,-1.0,,NORMAL
1790750551.715163,pc,-51.0,53.5,66.66666666666667,0.0,41.639089584350586,-1.0,,NORMAL
1790750555.9279785,esp32-1,-34.0,46.099,6.177501,0.0,244.0,-1.0,,NORMAL
1790750556.675599,pc,-51.0,60.75,88.0,0.0,10.966300964355469,-1.0,,NORMAL
1790750561.5292087,esp32-1,-33.0,22.909,15.43667,20.0,49.0,-1.0,,NORMAL
1790750561.6646588,pc,-50.0,72.25,112.33333333333333,0.0,0.7414817810058594,-1.0,,NORMAL
1790750565.942385,esp32-1,-36.0,39.78,5.97225,0.0,207.0,-1.0,,NORMAL
1790750566.6907752,pc,-50.0,81.25,139.66666666666666,0.0,0.9512901306152344,-1.0,,NORMAL
1790750570.8198423,esp32-1,-34.0,46.4066,4.764251,0.0,193.0,-1.0,,NORMAL
1790750571.7121499,pc,-50.0,99.25,176.33333333333334,0.0,10.44774055480957,-1.0,,NORMAL
1790750576.5474463,esp32-1,-35.0,22.49175,17.629,20.0,54.0,-1.0,,NORMAL
1790750576.629395,pc,-50.0,30.5,4.666666666666667,0.0,0.9088516235351562,-1.0,,NORMAL
1790750580.9973783,esp32-1,-35.0,40.2834,11.4355,0.0,259.0,-1.0,,NORMAL
1790750581.6489787,pc,-50.0,27.75,2.0,0.0,1.0442733764648438,-1.0,,NORMAL
1790750586.6561692,esp32-1,-35.0,32.62725,22.66667,20.0,3.0,-1.0,,NORMAL
1790750586.6950653,pc,-50.0,30.0,6.333333333333333,0.0,13.130903244018555,-1.0,,NORMAL
1790750591.6479495,esp32-1,-34.0,25.56675,21.73667,20.0,43.0,-1.0,,NORMAL
1790750591.6601317,pc,-50.0,29.0,2.3333333333333335,0.0,0.9214878082275391,-1.0,,NORMAL
1790750596.6412532,pc,-50.0,30.75,6.0,0.0,0.7958412170410156,-1.0,,NORMAL
1790750596.6646032,esp32-1,-35.0,50.496,27.30066,20.0,4.0,-1.0,,NORMAL
1790750600.964994,esp32-1,-35.0,46.9724,5.6055,0.0,193.0,-1.0,,NORMAL
1790750601.6753545,pc,-51.0,52.75,64.0,0.0,7.986783981323242,-1.0,,NORMAL
1790750606.5462427,esp32-1,-35.0,23.986,19.37433,20.0,55.0,-1.0,,NORMAL
1790750606.646045,pc,-50.0,30.5,3.0,0.0,0.8361339569091797,-1.0,,NORMAL
1790750610.899181,esp32-1,-34.0,40.1792,6.07425,0.0,263.0,-1.0,,NORMAL
1790750611.702551,pc,-51.0,27.0,0.0,0.0,0.7114410400390625,-1.0,,NORMAL
1790750616.6326082,esp32-1,-35.0,85.9332,54.27525,0.0,691.0,-1.0,,NORMAL
1790750616.7242804,pc,-51.0,35.75,12.666666666666666,0.0,8.0718994140625,-1.0,,NORMAL
1790750621.6507504,esp32-1,-34.0,23.78325,20.227,20.0,54.0,-1.0,,NORMAL
1790750621.6609585,pc,-50.0,37.25,2.3333333333333335,0.0,9.98830795288086,-1.0,,NORMAL
1790750626.663895,pc,-50.0,45.0,22.666666666666668,0.0,0.7655620574951172,-1.0,,NORMAL
1790750626.6728492,esp32-1,-33.0,36.79425,7.406333,20.0,6.0,-1.0,,NORMAL
1790750630.8745446,esp32-1,-35.0,67.835,84.8555,0.0,8.0,-1.0,,NORMAL
1790750631.794896,pc,-50.0,85.75,46.666666666666664,0.0,24.71470832824707,-1.0,,NORMAL
1790750636.66223,esp32-1,-32.0,23.161,18.89367,20.0,176.0,-1.0,,NORMAL
1790750636.680799,pc,-50.0,32.5,6.666666666666667,0.0,0.8072853088378906,-1.0,,NORMAL
1790750640.9565122,esp32-1,-32.0,103.2452,84.76599,0.0,50.0,-1.0,,NORMAL
1790750641.6701899,pc,-50.0,28.25,2.3333333333333335,0.0,0.7388591766357422,-1.0,,NORMAL
1790750645.9380205,esp32-1,-34.0,47.3156,7.162,0.0,247.0,-1.0,,NORMAL
1790750646.6886802,pc,-50.0,27.25,0.3333333333333333,0.0,25.529861450195312,-1.0,,NORMAL
1790750651.654787,esp32-1,-34.0,23.5215,18.22633,20.0,54.0,-1.0,,NORMAL
1790750651.6739333,pc,-50.0,44.25,44.333333333333336,0.0,1.3022422790527344,-1.0,,NORMAL
1790750656.678773,pc,-50.0,31.0,4.666666666666667,0.0,0.8063316345214844,-1.0,,NORMAL
1790750656.7754793,esp32-1,-35.0,72.6348,47.371,0.0,753.0,-1.0,,NORMAL
1790750661.0751264,esp32-1,-35.0,68.4508,86.15625,0.0,195.0,-1.0,,NORMAL
1790750661.704995,pc,-50.0,28.5,5.333333333333333,0.0,11.380910873413086,-1.0,,NORMAL
1790750666.5533307,esp32-1,-34.0,23.4825,17.87634,20.0,54.0,-1.0,,NORMAL
1790750666.6618927,pc,-51.0,27.75,0.3333333333333333,0.0,1.2664794921875,-1.0,,NORMAL
1790750671.622407,esp32-1,-35.0,40.7366,6.7125,0.0,915.0,-1.0,,NORMAL
1790750671.6625469,pc,-50.0,28.5,4.0,0.0,13.776540756225586,-1.0,,NORMAL
1790750675.845571,esp32-1,-36.0,48.411,6.28175,0.0,52.0,-1.0,,NORMAL
1790750676.7302563,pc,-50.0,74.0,37.0,0.0,18.97430419921875,-1.0,,NORMAL
1790750681.6580794,esp32-1,-34.0,23.69325,19.20133,20.0,54.0,-1.0,,NORMAL
1790750681.6860182,pc,-50.0,34.5,5.0,0.0,0.7302761077880859,-1.0,,NORMAL
1790750685.8160279,esp32-1,-34.0,40.783,6.030251,0.0,216.0,-1.0,,NORMAL
1790750686.657608,pc,-51.0,30.25,2.3333333333333335,0.0,0.6995201110839844,-1.0,,NORMAL
1790750691.0224264,esp32-1,-35.0,56.285,15.23125,0.0,25.0,-1.0,,NORMAL
1790750691.8674762,pc,-51.0,45.25,40.0,0.0,16.93868637084961,-1.0,,NORMAL
1790750697.6388361,esp32-1,-35.0,27.7185,22.26533,20.0,1006.0,-1.0,,NORMAL
1790750697.705943,pc,-52.0,35.75,18.333333333333332,0.0,1062.7689361572266,-1.0,,NORMAL
1790750700.8741953,esp32-1,-33.0,44.185,6.155,0.0,252.0,-1.0,,NORMAL
1790750701.6529007,pc,-51.0,91.0,108.0,0.0,0.7181167602539062,-1.0,,NORMAL
1790750706.6477685,esp32-1,-35.0,22.66525,18.06667,20.0,42.0,-1.0,,NORMAL
1790750706.67898,pc,-50.0,50.25,61.0,0.0,8.305549621582031,-1.0,,NORMAL
1790750711.6627946,esp32-1,-35.0,28.06825,25.434,20.0,52.0,-1.0,,NORMAL
1790750711.6898246,pc,-50.0,64.5,86.33333333333333,0.0,1.2969970703125,-1.0,,NORMAL
1790750716.641931,pc,-50.0,69.75,107.66666666666667,0.0,1.0433197021484375,-1.0,,NORMAL
1790750717.2961385,esp32-1,-34.0,22.40425,16.295,20.0,664.0,-1.0,,NORMAL
1790750721.6456847,pc,-50.0,82.0,140.66666666666666,0.0,8.590221405029297,-1.0,,NORMAL
1790750722.5183268,esp32-1,-34.0,22.04233,17.0545,40.0,4.0,-1.0,,NORMAL
1790750725.896974,esp32-1,-34.0,37.6408,6.13975,0.0,270.0,-1.0,,NORMAL
1790750726.7132294,pc,-50.0,90.5,164.0,0.0,0.6718635559082031,-1.0,,NORMAL
1790750731.65687,pc,-50.0,95.25,181.33333333333334,0.0,0.7581710815429688,-1.0,,NORMAL
1790750732.3640108,esp32-1,-36.0,93.0545,74.57,20.0,5.0,-1.0,,NORMAL
1790750736.538699,esp32-1,-36.0,22.2845,17.35467,20.0,47.0,-1.0,,NORMAL
1790750736.6994894,pc,-50.0,120.0,221.33333333333334,0.0,9.775638580322266,-1.0,,NORMAL
1790750741.6599045,pc,-50.0,60.0,47.0,0.0,0.7803440093994141,-1.0,,NORMAL
1790750742.1279054,esp32-1,-34.0,78.698,67.10533,20.0,4.0,-1.0,,NORMAL
1790750745.9761906,esp32-1,-36.0,45.85,15.31325,0.0,197.0,-1.0,,NORMAL
1790750746.6280353,pc,-53.0,40.75,36.333333333333336,0.0,0.6480216979980469,-1.0,,NORMAL
1790750751.6047246,esp32-1,-34.0,22.94725,17.01667,20.0,48.0,-1.0,,NORMAL
1790750751.6727703,pc,-51.0,64.5,40.666666666666664,0.0,14.626741409301758,-1.0,,NORMAL
1790750756.6195672,esp32-1,-34.0,30.2228,4.152,0.0,964.0,-1.0,,NORMAL
1790750756.6572628,pc,-51.0,55.5,51.666666666666664,0.0,0.8552074432373047,-1.0,,NORMAL
1790750761.6261013,esp32-1,-35.0,44.382,7.907,20.0,52.0,-1.0,,NORMAL
1790750761.7353935,pc,-51.0,51.25,25.0,0.0,1.3158321380615234,-1.0,,NORMAL
1790750766.7655158,pc,-51.0,46.75,25.333333333333332,0.0,13.093233108520508,-1.0,,NORMAL
1790750767.3025756,esp32-1,-34.0,123.6355,113.6883,20.0,4.0,-1.0,,NORMAL
1790750771.8376539,pc,-51.0,99.25,108.33333333333333,0.0,0.9107589721679688,-1.0,,NORMAL
1790750771.9177763,esp32-1,-33.0,36.46775,7.516,20.0,226.0,-1.0,,NORMAL
1790750776.0143936,esp32-1,-35.0,78.2628,53.30149,0.0,60.0,-1.0,,NORMAL
1790750784.4499698,esp32-1,-34.0,177.3374,316.079,0.0,51.0,-1.0,,NORMAL
1790750785.1436307,pc,-50.0,99.5,80.0,0.0,0.8456707000732422,10.177022932026455,,NORMAL
1790750785.6614802,esp32-1,-35.0,41.2842,9.724999,0.0,55.0,-1.0,,NORMAL
1790750786.91525,esp32-1,-34.0,177.3374,316.079,0.0,51.0,-1.0,,NORMAL
1790750788.5510795,pc,-51.0,198.75,210.33333333333334,0.0,0.8082389831542969,-1.0,,NORMAL
1790750792.9893131,esp32-1,-34.0,29.63825,12.159,20.0,1007.0,-1.0,,NORMAL
1790750793.8032286,pc,-51.0,129.0,185.66666666666666,0.0,87.77451515197754,-1.0,,NORMAL
1790750797.585505,esp32-1,-36.0,22.6205,18.90233,20.0,1025.0,-1.0,,NORMAL
1790750798.876984,pc,-51.0,107.0,100.33333333333333,0.0,14.435291290283203,-1.0,,NORMAL
1790750801.880107,esp32-1,-34.0,21.46325,16.898,20.0,46.0,-1.0,,NORMAL
1790750803.60226,pc,-50.0,29.0,3.3333333333333335,0.0,1.0967254638671875,-1.0,,NORMAL
1790750806.898983,esp32-1,-34.0,29.075,22.496,20.0,52.0,-1.0,,NORMAL
1790750808.6100278,pc,-50.0,29.0,2.3333333333333335,0.0,0.9119510650634766,-1.0,,NORMAL
1790750812.054725,esp32-1,-33.0,74.1185,142.4033,20.0,6.0,-1.0,,NORMAL
1790750813.557794,pc,-50.0,40.25,30.666666666666668,0.0,0.8249282836914062,-1.0,,NORMAL
1790750816.642085,esp32-1,-36.0,22.3335,17.82667,20.0,43.0,-1.0,,NORMAL
1790750818.5397487,pc,-50.0,34.75,13.333333333333334,0.0,0.7627010345458984,-1.0,,NORMAL
1790750820.741843,esp32-1,-34.0,65.96001,42.07475,0.0,15.0,-1.0,,NORMAL
1790750823.5795813,pc,-50.0,34.0,10.666666666666666,0.0,0.7665157318115234,-1.0,,NORMAL
1790750826.5608752,esp32-1,-34.0,23.593,21.691,20.0,5.0,-1.0,,NORMAL
1790750828.580674,pc,-50.0,77.75,129.66666666666666,0.0,0.7114410400390625,-1.0,,NORMAL
1790750831.533955,esp32-1,-34.0,22.77125,20.02267,20.0,44.0,-1.0,,NORMAL
1790750833.5479414,pc,-52.0,81.75,138.66666666666666,0.0,1.4278888702392578,-1.0,,NORMAL
1790750836.748146,esp32-1,-34.0,38.0178,6.227499,0.0,53.0,-1.0,,NORMAL
1790750838.6012344,pc,-52.0,83.5,148.0,0.0,15.085697174072266,-1.0,,NORMAL
1790750841.6153727,esp32-1,-35.0,44.6454,6.152,0.0,892.0,-1.0,,NORMAL
1790750843.553942,pc,-50.0,89.25,163.33333333333334,0.0,0.8952617645263672,-1.0,,NORMAL
1790750845.8127034,esp32-1,-34.0,51.8842,15.213,0.0,54.0,-1.0,,NORMAL
1790750848.8045237,pc,-51.0,146.75,115.33333333333333,0.0,14.365911483764648,-1.0,,NORMAL
1790750850.9353054,esp32-1,-33.0,38.474,9.9385,0.0,194.0,-1.0,,NORMAL
1790750853.5567243,pc,-52.0,30.5,7.666666666666667,0.0,0.9334087371826172,-1.0,,NORMAL
1790750855.8295257,esp32-1,-34.0,45.6948,6.3945,0.0,177.0,-1.0,,NORMAL
1790750858.5712435,pc,-52.0,32.25,6.333333333333333,0.0,1.636505126953125,-1.0,,NORMAL
1790750861.5450845,esp32-1,-34.0,28.05025,24.18033,20.0,27.0,-1.0,,NORMAL
1790750863.589239,pc,-52.0,28.0,2.3333333333333335,0.0,11.128425598144531,-1.0,,NORMAL
1790750865.7879539,esp32-1,-34.0,39.0116,10.19525,0.0,53.0,-1.0,,NORMAL
1790750868.5545619,pc,-50.0,31.25,7.666666666666667,0.0,0.9007453918457031,-1.0,,NORMAL
1790750870.9323976,esp32-1,-34.0,45.5816,6.101999,0.0,228.0,-1.0,,NORMAL
1790750873.5921068,pc,-52.0,30.0,3.3333333333333335,0.0,0.7460117340087891,-1.0,,NORMAL
1790750876.6362374,esp32-1,-34.0,23.79675,18.44133,20.0,43.0,-1.0,,NORMAL
1790750878.616057,pc,-51.0,28.5,1.3333333333333333,0.0,10.224103927612305,-1.0,,NORMAL
1790750880.7516797,esp32-1,-34.0,67.7644,44.0535,0.0,12.0,-1.0,,NORMAL
1790750883.5792782,pc,-52.0,34.5,16.333333333333332,0.0,0.7715225219726562,-1.0,,NORMAL
1790750886.528982,esp32-1,-34.0,209.3802,448.9448,0.0,76.0,-1.0,,NORMAL
1790750888.6209,pc,-50.0,51.5,20.666666666666668,0.0,0.89263916015625,-1.0,,NORMAL
1790750891.5437944,esp32-1,-36.0,23.4965,21.98734,20.0,47.0,-1.0,,NORMAL
1790750893.5912404,pc,-51.0,28.0,0.0,0.0,10.486841201782227,-1.0,,NORMAL
1790750896.7520957,esp32-1,-34.0,84.48775,74.50134,20.0,4.0,-1.0,,NORMAL
1790750898.5912771,pc,-51.0,30.5,4.0,0.0,0.7419586181640625,-1.0,,NORMAL
1790750900.8729925,esp32-1,-34.0,45.2324,6.48075,0.0,234.0,-1.0,,NORMAL
1790750903.5903883,pc,-50.0,34.0,13.0,0.0,0.9214878082275391,-1.0,,NORMAL
1790750906.6398854,esp32-1,-34.0,22.27,18.498,20.0,48.0,-1.0,,NORMAL
1790750908.5951588,pc,-50.0,30.25,6.666666666666667,0.0,10.110139846801758,-1.0,,NORMAL
1790750910.9408,esp32-1,-34.0,38.7164,7.033249,0.0,199.0,-1.0,,NORMAL
1790750913.5712867,pc,-50.0,27.0,0.0,0.0,14.490604400634766,-1.0,,NORMAL
1790750915.810237,esp32-1,-34.0,45.3256,6.493999,0.0,184.0,-1.0,,NORMAL
1790750918.5846388,pc,-50.0,28.25,2.6666666666666665,0.0,8.229970932006836,-1.0,,NORMAL
1790750921.5457141,esp32-1,-33.0,24.4165,20.622,20.0,48.0,-1.0,,NORMAL
1790750923.5996954,pc,-50.0,29.25,2.0,0.0,15.91181755065918,-1.0,,NORMAL
1790750925.7902615,esp32-1,-33.0,40.2094,7.481999,0.0,51.0,-1.0,,NORMAL
1790750928.5616057,pc,-51.0,28.75,5.666666666666667,0.0,0.9601116180419922,-1.0,,NORMAL
1790750932.589809,esp32-1,-32.0,19.55367,12.863,40.0,3.0,-1.0,,NORMAL
1790750933.6080732,pc,-51.0,28.5,2.3333333333333335,0.0,1.3432502746582031,-1.0,,NORMAL
1790750936.5506692,esp32-1,-34.0,25.52925,22.237,20.0,50.0,-1.0,,NORMAL
1790750938.5923345,pc,-50.0,32.75,8.666666666666666,0.0,12.499570846557617,-1.0,,NORMAL
1790750940.7418303,esp32-1,-35.0,43.181,27.764,0.0,46.0,-1.0,,NORMAL
1790750943.59301,pc,-50.0,33.25,5.666666666666667,0.0,0.7576942443847656,-1.0,,NORMAL
1790750946.885318,esp32-1,-35.0,22.886,15.794,20.0,27.0,-1.0,,NORMAL
1790750948.5595071,pc,-50.0,32.75,11.666666666666666,0.0,3.913402557373047,-1.0,,NORMAL
1790750951.5982955,esp32-1,-34.0,24.7735,16.202,20.0,55.0,-1.0,,NORMAL
1790750953.6148584,pc,-52.0,28.25,1.3333333333333333,0.0,10.214567184448242,-1.0,,NORMAL
1790750955.916682,esp32-1,-35.0,42.1538,6.706251,0.0,239.0,-1.0,,NORMAL
1790750958.5834346,pc,-51.0,32.75,4.0,0.0,3.380298614501953,-1.0,,NORMAL
1790750962.654743,esp32-1,-33.0,46.17325,75.86567,20.0,935.0,-1.0,,NORMAL
1790750963.5916274,pc,-51.0,32.25,6.666666666666667,0.0,0.7605552673339844,-1.0,,NORMAL
1790750967.9920194,esp32-1,-34.0,32.70467,14.1235,40.0,129.0,-1.0,,NORMAL
1790750968.6148424,pc,-51.0,32.5,6.0,0.0,10.503530502319336,-1.0,,NORMAL
1790750971.9281678,esp32-1,-33.0,70.3904,19.2885,0.0,805.0,-1.0,,NORMAL
1790750973.6237762,pc,-51.0,41.5,11.666666666666666,0.0,7.227420806884766,-1.0,,NORMAL
1790750977.70967,esp32-1,-34.0,44.91667,49.5415,40.0,43.0,-1.0,,NORMAL
1790750978.5953646,pc,-51.0,34.5,8.666666666666666,0.0,0.7123947143554688,-1.0,,NORMAL
1790750983.6430469,pc,-51.0,38.75,7.666666666666667,0.0,11.85297966003418,-1.0,,CONGESTION
1790750985.8913875,esp32-1,-34.0,32.68725,22.23667,20.0,1017.0,-1.0,,CONGESTION
1790750987.7104676,esp32-1,-34.0,29.25125,6.580334,20.0,18.0,-1.0,,CONGESTION
1790750988.677311,pc,-51.0,33.5,5.333333333333333,0.0,0.8475780487060547,-1.0,,CONGESTION
1790750991.841371,esp32-1,-34.0,47.3396,17.477,0.0,50.0,-1.0,,CONGESTION
1790750993.588813,pc,-50.0,31.5,2.3333333333333335,0.0,0.9722709655761719,-1.0,,CONGESTION
1790750998.598442,pc,-51.0,50.0,41.666666666666664,0.0,0.7886886596679688,-1.0,,CONGESTION
1790751001.910251,esp32-1,-35.0,44.26275,36.622,20.0,994.0,-1.0,,CONGESTION
1790751003.2220356,esp32-1,-35.0,56.1708,16.13775,0.0,48.0,-1.0,,CONGESTION
1790751003.6305878,pc,-51.0,38.25,3.6666666666666665,0.0,0.8451938629150391,-1.0,,CONGESTION
1790751008.6068327,pc,-51.0,34.5,4.0,0.0,0.8172988891601562,-1.0,,CONGESTION
1790751012.0849333,esp32-1,-35.0,97.8474,55.15875,0.0,413.0,-1.0,,CONGESTION
1790751013.6015434,pc,-50.0,43.5,21.0,0.0,0.7932186126708984,-1.0,,CONGESTION
1790751016.0580218,esp32-1,-34.0,45.73525,52.47533,20.0,721.0,-1.0,,CONGESTION
1790751018.6074944,pc,-51.0,30.0,3.0,0.0,0.7364749908447266,-1.0,,CONGESTION
1790751020.4311721,esp32-1,-35.0,244.828,493.9015,0.0,14.0,-1.0,,CONGESTION
1790751023.701806,pc,-50.0,32.25,2.6666666666666665,0.0,82.4589729309082,-1.0,,CONGESTION
1790751026.5660813,esp32-1,-35.0,49.9656,15.02675,0.0,670.0,-1.0,,CONGESTION
1790751028.3653545,esp32-1,-35.0,62.8204,24.086,0.0,60.0,-1.0,,CONGESTION
1790751028.618645,pc,-50.0,42.25,10.666666666666666,0.0,10.318279266357422,-1.0,,CONGESTION
1790751030.185552,esp32-1,-35.0,49.9656,15.02675,0.0,670.0,-1.0,,CONGESTION
1790751033.7623022,pc,-51.0,90.5,74.0,0.0,0.7138252258300781,-1.0,,CONGESTION
1790751034.1445837,esp32-1,-35.0,33.7805,41.067,20.0,28.0,-1.0,,CONGESTION
1790751038.6265187,pc,-51.0,38.25,15.666666666666666,0.0,50.07338523864746,-1.0,,CONGESTION
1790751043.2473943,esp32-1,-35.0,87.764,78.47433,20.0,1141.0,-1.0,,CONGESTION
1790751043.9545486,pc,-51.0,111.25,107.0,0.0,10.982275009155273,-1.0,,CONGESTION
1790751045.4667242,esp32-1,-34.0,95.70251,172.8217,20.0,199.0,-1.0,,CONGESTION
1790751045.8203993,esp32-1,-35.0,87.764,78.47433,20.0,1141.0,-1.0,,CONGESTION
1790751048.6191747,pc,-53.0,32.25,4.666666666666667,0.0,0.7634162902832031,-1.0,,CONGESTION
1790751052.6180356,esp32-1,-34.0,106.6088,128.5708,0.0,322.0,-1.0,,CONGESTION
1790751053.644105,pc,-52.0,34.5,6.0,0.0,44.72780227661133,-1.0,,CONGESTION
1790751055.7991986,esp32-1,-35.0,29.4115,24.56167,20.0,745.0,-1.0,,CONGESTION
1790751057.5185778,esp32-1,-34.0,106.6088,128.5708,0.0,322.0,-1.0,,CONGESTION
1790751058.6627119,pc,-52.0,60.0,33.666666666666664,0.0,0.7266998291015625,-1.0,,CONGESTION
1790751061.0335245,esp32-1,-34.0,44.704,14.83667,20.0,682.0,-1.0,,CONGESTION
1790751063.6207619,pc,-52.0,35.0,5.0,0.0,1.0616779327392578,-1.0,,CONGESTION
1790751065.415116,esp32-1,-33.0,131.8957,259.756,20.0,21.0,-1.0,,CONGESTION
1790751068.6571584,pc,-53.0,31.75,4.666666666666667,0.0,42.48690605163574,-1.0,,CONGESTION
1790751070.2442932,esp32-1,-34.0,29.62625,22.10367,20.0,248.0,-1.0,,CONGESTION
1790751073.6868167,pc,-50.0,38.25,18.666666666666668,0.0,67.86775588989258,-1.0,,CONGESTION
1790751075.2492669,esp32-1,-34.0,88.311,58.93266,20.0,49.0,-1.0,,CONGESTION
1790751078.76026,pc,-51.0,37.5,10.666666666666666,0.0,129.28485870361328,-1.0,,CONGESTION
1790751079.929213,esp32-1,-34.0,123.9222,166.1713,0.0,247.0,-1.0,,CONGESTION
1790751080.259818,esp32-1,-33.0,131.8957,259.756,20.0,21.0,-1.0,,CONGESTION
1790751082.0202541,esp32-1,-34.0,29.62625,22.10367,20.0,248.0,-1.0,,CONGESTION
1790751083.6001408,pc,-51.0,35.0,6.333333333333333,0.0,0.7126331329345703,-1.0,,CONGESTION
1790751085.5370104,esp32-1,-34.0,88.311,58.93266,20.0,49.0,-1.0,,CONGESTION
1790751088.6878676,esp32-1,-34.0,272.7198,549.8254,20.0,45.0,-1.0,,CONGESTION
1790751090.4422424,esp32-1,-34.0,88.311,58.93266,20.0,49.0,-1.0,,CONGESTION
1790751094.0428488,esp32-1,-34.0,24.60133,21.0785,40.0,200.0,-1.0,,CONGESTION
1790751098.6139765,esp32-1,-35.0,33.931,29.1615,40.0,48.0,-1.0,,CONGESTION
1790751103.563727,pc,-52.0,41.0,8.333333333333334,0.0,0.7522106170654297,5.601804570929936,,CONGESTION
1790751106.991635,pc,-51.0,102.5,99.66666666666667,0.0,0.7460117340087891,-1.0,,CONGESTION
1790751107.3295646,esp32-1,-34.0,112.802,88.83724,0.0,216.0,-1.0,,CONGESTION
1790751109.1207478,esp32-1,-35.0,69.8334,53.08325,0.0,600.0,-1.0,,CONGESTION
1790751112.083329,pc,-50.0,107.75,122.33333333333333,0.0,0.7698535919189453,-1.0,,CONGESTION
1790751113.179684,esp32-1,-34.0,112.802,88.83724,0.0,216.0,-1.0,,CONGESTION
1790751116.9860058,pc,-50.0,44.75,27.0,0.0,0.8590221405029297,-1.0,,CONGESTION
1790751117.0669677,esp32-1,-34.0,46.5448,10.03325,0.0,196.0,-1.0,,CONGESTION
1790751121.970699,pc,-51.0,40.75,9.0,0.0,0.7815361022949219,-1.0,,CONGESTION
1790751127.016237,pc,-52.0,65.5,36.333333333333336,0.0,0.7970333099365234,-1.0,,CONGESTION
1790751127.0524948,esp32-1,-34.0,37.843,39.89767,20.0,33.0,-1.0,,CONGESTION
1790751128.1176157,esp32-1,-34.0,121.2142,154.0765,0.0,38.0,-1.0,,CONGESTION
1790751132.044827,pc,-51.0,46.75,19.666666666666668,0.0,0.8211135864257812,-1.0,,CONGESTION
1790751133.5420835,esp32-1,-34.0,112.802,88.83724,0.0,216.0,-1.0,,CONGESTION
1790751136.1624436,esp32-1,-34.0,53.3964,8.244248,0.0,48.0,-1.0,,CONGESTION
1790751137.9840302,pc,-51.0,85.66666666666667,73.0,25.0,0.8404254913330078,-1.0,,CONGESTION
1790751139.4086125,esp32-1,-34.0,112.802,88.83724,0.0,216.0,-1.0,,CONGESTION
1790751142.0190585,pc,-51.0,51.25,36.0,0.0,0.7686614990234375,-1.0,,CONGESTION
1790751144.636682,esp32-1,-34.0,56.60825,36.87166,20.0,389.0,-1.0,,CONGESTION
1790751147.0167127,pc,-52.0,159.5,90.33333333333333,0.0,1.0917186737060547,-1.0,,CONGESTION
1790751149.5550768,esp32-1,-35.0,211.8838,169.3557,20.0,58.0,-1.0,,CONGESTION
1790751152.027833,pc,-50.0,116.75,91.66666666666667,0.0,9.468555450439453,-1.0,,CONGESTION
1790751154.700582,esp32-1,-34.0,188.759,200.8405,0.0,50.0,-1.0,,CONGESTION
1790751156.5058913,esp32-1,-34.0,112.802,88.83724,0.0,216.0,-1.0,,CONGESTION
1790751157.8425126,esp32-1,-34.0,46.5448,10.03325,0.0,196.0,-1.0,,CONGESTION
1790751158.64276,pc,-50.0,318.0,349.0,25.0,0.8530616760253906,-1.0,,CONGESTION
1790751162.3205094,esp32-1,-34.0,63.41225,91.76034,20.0,24.0,-1.0,,CONGESTION
1790751162.8396971,pc,-51.0,90.0,69.5,25.0,0.7216930389404297,-1.0,,CONGESTION
1790751163.3952167,esp32-1,-34.0,46.5448,10.03325,0.0,196.0,-1.0,,CONGESTION
1790751164.03164,esp32-1,-34.0,37.843,39.89767,20.0,33.0,-1.0,,CONGESTION
1790751165.3412206,esp32-1,-34.0,56.60825,36.87166,20.0,389.0,-1.0,,CONGESTION
1790751167.1388106,pc,-51.0,96.5,130.0,0.0,10.319232940673828,-1.0,,CONGESTION
1790751168.563782,esp32-1,-35.0,211.8838,169.3557,20.0,58.0,-1.0,,CONGESTION
1790751172.9095547,pc,-51.0,50.0,33.0,25.0,26.063203811645508,-1.0,,CONGESTION
1790751176.0939152,esp32-1,-35.0,102.7866,125.524,0.0,814.0,-1.0,,CONGESTION
1790751177.1323473,pc,-51.0,38.25,8.333333333333334,0.0,0.7345676422119141,-1.0,,CONGESTION
1790751177.8511093,esp32-1,-34.0,103.4964,172.6503,0.0,715.0,-1.0,,CONGESTION
1790751178.9940567,esp32-1,-35.0,211.8838,169.3557,20.0,58.0,-1.0,,CONGESTION
1790751182.2291274,pc,-52.0,71.25,60.0,0.0,9.294748306274414,-1.0,,CONGESTION
1790751182.618643,esp32-1,-35.0,102.7866,125.524,0.0,814.0,-1.0,,CONGESTION
1790751184.6541183,esp32-1,-34.0,120.1875,240.213,20.0,9.0,-1.0,,CONGESTION
1790751185.2982924,esp32-1,-35.0,102.7866,125.524,0.0,814.0,-1.0,,CONGESTION
1790751187.2108717,pc,-52.0,101.75,127.33333333333333,0.0,0.74005126953125,-1.0,,CONGESTION
1790751189.8343859,esp32-1,-34.0,158.2973,282.8753,20.0,11.0,-1.0,,CONGESTION
1790751192.3363552,pc,-52.0,152.0,270.0,0.0,0.7145404815673828,-1.0,,CONGESTION
1790751197.3770218,pc,-52.0,122.25,114.66666666666667,0.0,9.586095809936523,-1.0,,CONGESTION
1790751197.64956,esp32-1,-34.0,107.2325,182.0787,20.0,285.0,-1.0,,CONGESTION
1790751199.676203,esp32-1,-34.0,122.0157,239.2583,20.0,53.0,-1.0,,CONGESTION
1790751202.2929037,pc,-52.0,140.0,171.66666666666666,0.0,0.7398128509521484,-1.0,,CONGESTION
1790751207.372365,pc,-53.0,101.75,94.0,0.0,0.7257461547851562,-1.0,,CONGESTION
1790751212.621238,esp32-1,-35.0,54.7825,57.267,20.0,801.0,-1.0,,CONGESTION
1790751213.3102367,pc,-51.0,38.0,18.333333333333332,0.0,1189.5251274108887,-1.0,,CONGESTION
1790751217.0919154,pc,-52.0,54.75,53.666666666666664,0.0,0.7343292236328125,-1.0,,CONGESTION
1790751217.709532,esp32-1,-34.0,55.291,12.346,0.0,378.0,-1.0,,CONGESTION
1790751222.1211638,pc,-50.0,44.5,14.0,0.0,0.7431507110595703,-1.0,,CONGESTION
1790751222.793358,esp32-1,-34.0,112.4312,176.2437,0.0,280.0,-1.0,,CONGESTION
1790751223.9343905,esp32-1,-34.0,61.0432,60.3445,0.0,203.0,-1.0,,CONGESTION
1790751224.8791726,esp32-1,-34.0,107.2325,182.0787,20.0,285.0,-1.0,,CONGESTION
1790751227.1159563,pc,-51.0,38.0,19.0,0.0,10.954141616821289,-1.0,,CONGESTION
1790751228.5707755,esp32-1,-35.0,54.7825,57.267,20.0,801.0,-1.0,,CONGESTION
1790751230.3221319,esp32-1,-33.0,152.2154,263.676,0.0,28.0,-1.0,,CONGESTION
1790751231.1975186,esp32-1,-35.0,54.7825,57.267,20.0,801.0,-1.0,,CONGESTION
1790751232.1130238,pc,-51.0,55.25,29.333333333333332,0.0,0.7791519165039062,-1.0,,CONGESTION
1790751232.741125,esp32-1,-34.0,55.291,12.346,0.0,378.0,-1.0,,CONGESTION
1790751233.8676276,esp32-1,-34.0,112.4312,176.2437,0.0,280.0,-1.0,,CONGESTION
1790751237.1062467,pc,-52.0,48.5,10.0,0.0,0.7486343383789062,-1.0,,CONGESTION
1790751238.9391053,esp32-1,-34.0,49.4414,10.9295,0.0,53.0,-1.0,,CONGESTION
1790751240.9971652,esp32-1,-33.0,62.73899,22.63775,0.0,34.0,-1.0,,CONGESTION
1790751242.119658,pc,-51.0,40.5,11.333333333333334,0.0,10.710716247558594,-1.0,,CONGESTION
1790751243.7857141,esp32-1,-34.0,49.4414,10.9295,0.0,53.0,-1.0,,CONGESTION
1790751247.117156,pc,-51.0,103.75,95.66666666666667,0.0,34.372806549072266,-1.0,,CONGESTION
1790751249.5015283,esp32-1,-34.0,32.35975,25.19033,20.0,1129.0,-1.0,,CONGESTION
1790751252.1068988,pc,-51.0,37.25,12.333333333333334,0.0,0.7359981536865234,-1.0,,CONGESTION
1790751254.7956996,esp32-1,-34.0,65.54475,99.997,20.0,40.0,-1.0,,CONGESTION
1790751257.1727383,pc,-51.0,110.0,193.33333333333334,0.0,11.102914810180664,-1.0,,CONGESTION
1790751259.2927923,esp32-1,-34.0,143.2026,225.4577,0.0,25.0,-1.0,,CONGESTION
1790751261.2726202,esp32-1,-32.0,64.7226,40.63625,0.0,31.0,-1.0,,CONGESTION
1790751262.1635695,pc,-50.0,76.5,58.666666666666664,0.0,1.135110855102539,-1.0,,CONGESTION
1790751262.2347596,esp32-1,-34.0,65.54475,99.997,20.0,40.0,-1.0,,CONGESTION
1790751265.7389452,esp32-1,-34.0,143.2026,225.4577,0.0,25.0,-1.0,,CONGESTION
1790751267.1802135,pc,-50.0,98.75,98.33333333333333,0.0,0.7531642913818359,-1.0,,CONGESTION
1790751270.643335,esp32-1,-34.0,70.1768,58.84175,0.0,1066.0,-1.0,,CONGESTION
1790751272.1779704,pc,-52.0,88.5,86.66666666666667,0.0,60.48297882080078,-1.0,,CONGESTION
1790751275.0032747,esp32-1,-34.0,101.397,55.9095,0.0,873.0,-1.0,,CONGESTION
1790751276.8680842,esp32-1,-34.0,51.9748,31.986,0.0,57.0,-1.0,,CONGESTION
1790751277.1605086,pc,-52.0,51.75,25.666666666666668,0.0,0.8778572082519531,-1.0,,CONGESTION
1790751278.6333833,esp32-1,-34.0,143.2026,225.4577,0.0,25.0,-1.0,,CONGESTION
1790751282.2634997,pc,-50.0,88.75,44.333333333333336,0.0,0.77056884765625,-1.0,,CONGESTION
1790751282.423021,esp32-1,-34.0,70.1768,58.84175,0.0,1066.0,-1.0,,CONGESTION
1790751284.1104167,esp32-1,-34.0,64.67425,72.33466,20.0,18.0,-1.0,,CONGESTION
1790751284.979416,esp32-1,-34.0,70.1768,58.84175,0.0,1066.0,-1.0,,CONGESTION
1790751285.4982028,esp32-1,-34.0,101.397,55.9095,0.0,873.0,-1.0,,CONGESTION
1790751287.936586,pc,-50.0,41.666666666666664,27.5,25.0,11.003732681274414,-1.0,,CONGESTION
1790751290.0270889,esp32-1,-34.0,100.1018,69.58275,0.0,39.0,-1.0,,CONGESTION
1790751292.1109772,pc,-51.0,31.0,1.6666666666666667,0.0,11.510610580444336,-1.0,,CONGESTION
1790751294.3136568,esp32-1,-35.0,43.6368,8.66525,0.0,54.0,-1.0,,CONGESTION
1790751297.0997179,pc,-50.0,75.25,106.0,0.0,1.392364501953125,-1.0,,CONGESTION
1790751299.2770536,esp32-1,-35.0,57.3975,58.01633,20.0,44.0,-1.0,,CONGESTION
1790751302.870189,pc,-53.0,40.333333333333336,17.0,25.0,13.704776763916016,-1.0,,CONGESTION
1790751303.5881498,esp32-1,-33.0,60.9706,57.78275,0.0,505.0,-1.0,,CONGESTION
1790751307.0899022,pc,-50.0,40.5,11.666666666666666,0.0,0.7624626159667969,-1.0,,CONGESTION
1790751308.7534935,esp32-1,-33.0,136.7884,73.63825,0.0,153.0,-1.0,,CONGESTION
1790751312.1223762,pc,-51.0,94.25,83.66666666666667,0.0,0.84686279296875,-1.0,,CONGESTION
1790751316.7024972,esp32-1,-35.0,25.72625,21.277,20.0,39.0,-1.0,,CONGESTION
1790751317.3517854,pc,-55.0,128.0,132.0,0.0,38.43951225280762,-1.0,,CONGESTION
1790751320.7396545,esp32-1,-35.0,31.17725,15.32067,20.0,873.0,-1.0,,CONGESTION
1790751322.1202095,pc,-55.0,138.25,194.33333333333334,0.0,13.407468795776367,-1.0,,CONGESTION
1790751325.0582457,esp32-1,-34.0,161.1888,256.3773,20.0,41.0,-1.0,,CONGESTION
1790751327.1108224,pc,-50.0,99.75,97.66666666666667,0.0,0.7109642028808594,-1.0,,CONGESTION
1790751328.5490336,esp32-1,-35.0,25.72625,21.277,20.0,39.0,-1.0,,CONGESTION
1790751330.1921537,esp32-1,-40.0,54.5508,16.52,0.0,231.0,-1.0,,CONGESTION
1790751331.1436753,esp32-1,-35.0,25.72625,21.277,20.0,39.0,-1.0,,CONGESTION
1790751331.759251,esp32-1,-35.0,31.17725,15.32067,20.0,873.0,-1.0,,CONGESTION
1790751332.310615,pc,-50.0,151.25,156.66666666666666,0.0,0.7579326629638672,-1.0,,CONGESTION
1790751336.5740645,esp32-1,-33.0,89.78821,109.0202,0.0,173.0,-1.0,,CONGESTION
1790751337.016263,esp32-1,-35.0,31.17725,15.32067,20.0,873.0,-1.0,,CONGESTION
1790751337.1076114,pc,-51.0,38.5,10.333333333333334,0.0,10.705947875976562,-1.0,,CONGESTION
1790751342.1233296,pc,-53.0,37.75,4.666666666666667,0.0,0.74005126953125,-1.0,,CONGESTION
1790751343.5836449,esp32-1,-35.0,48.0714,25.6635,0.0,696.0,-1.0,,CONGESTION
1790751347.0206547,esp32-1,-36.0,56.57025,31.418,20.0,660.0,-1.0,,CONGESTION
1790751347.176667,pc,-53.0,45.25,22.666666666666668,0.0,77.86941528320312,-1.0,,CONGESTION
1790751350.5521357,esp32-1,-35.0,48.0714,25.6635,0.0,696.0,-1.0,,CONGESTION
1790751352.1321905,pc,-50.0,35.5,3.6666666666666665,0.0,9.429693222045898,-1.0,,CONGESTION
1790751354.589099,esp32-1,-40.0,40.0872,7.47775,0.0,217.0,-1.0,,CONGESTION
1790751357.1862109,pc,-50.0,112.75,165.0,0.0,0.7762908935546875,-1.0,,CONGESTION
1790751360.5483603,esp32-1,-40.0,41.34075,32.14767,20.0,277.0,-1.0,,CONGESTION
1790751361.7271109,esp32-1,-35.0,57.7,9.862501,0.0,9.0,-1.0,,CONGESTION
1790751362.3435988,pc,-51.0,106.75,62.333333333333336,0.0,63.562631607055664,-1.0,,CONGESTION
1790751366.139017,esp32-1,-35.0,48.0714,25.6635,0.0,696.0,-1.0,,CONGESTION
1790751367.1412811,pc,-51.0,72.0,93.0,0.0,10.712862014770508,-1.0,,CONGESTION
1790751370.7971725,esp32-1,-34.0,92.0735,149.954,20.0,13.0,-1.0,,CONGESTION
1790751371.8167353,esp32-1,-33.0,50.4872,12.96225,0.0,19.0,-1.0,,CONGESTION
1790751372.4749656,pc,-51.0,173.25,96.33333333333333,0.0,72.9513168334961,-1.0,,CONGESTION
1790751374.7594442,esp32-1,-35.0,48.0714,25.6635,0.0,696.0,-1.0,,CONGESTION
1790751375.554217,esp32-1,-40.0,40.0872,7.47775,0.0,217.0,-1.0,,CONGESTION
1790751377.1056995,pc,-52.0,161.25,162.0,0.0,0.7686614990234375,-1.0,,CONGESTION
1790751378.6394763,esp32-1,-40.0,41.34075,32.14767,20.0,277.0,-1.0,,CONGESTION
1790751381.6476982,esp32-1,-34.0,134.8726,212.567,0.0,39.0,-1.0,,CONGESTION
1790751382.4034674,pc,-52.0,134.5,129.33333333333334,0.0,11.102437973022461,-1.0,,CONGESTION
1790751383.0547876,esp32-1,-40.0,41.34075,32.14767,20.0,277.0,-1.0,,CONGESTION
1790751385.7953768,esp32-1,-34.0,92.0735,149.954,20.0,13.0,-1.0,,CONGESTION
1790751387.1383686,pc,-50.0,163.0,215.66666666666666,0.0,0.7653236389160156,-1.0,,CONGESTION
1790751390.4997532,esp32-1,-34.0,57.7956,31.618,0.0,275.0,-1.0,,CONGESTION
1790751392.1518428,pc,-50.0,109.5,97.0,0.0,0.7326602935791016,-1.0,,CONGESTION
1790751395.8435194,esp32-1,-34.0,26.4545,20.30333,20.0,37.0,-1.0,,CONGESTION
1790751397.134333,pc,-50.0,108.25,207.33333333333334,0.0,10.216474533081055,-1.0,,CONGESTION
1790751398.127692,esp32-1,-33.0,78.687,98.72833,20.0,44.0,-1.0,,CONGESTION
1790751402.1209002,pc,-50.0,31.5,1.3333333333333333,0.0,0.7839202880859375,-1.0,,CONGESTION
1790751402.6905086,esp32-1,-35.0,48.3548,6.542002,0.0,720.0,-1.0,,CONGESTION
1790751410.7536445,esp32-1,-35.0,31.79625,13.59533,20.0,28.0,-1.0,,CONGESTION
1790751416.185212,esp32-1,-34.0,210.7688,210.9785,0.0,285.0,-1.0,,CONGESTION
1790751416.9989696,esp32-1,-35.0,31.79625,13.59533,20.0,28.0,-1.0,,CONGESTION
1790751418.9452174,pc,-51.0,35.0,16.333333333333332,0.0,0.7529258728027344,7.0937252342880415,,CONGESTION
1790751422.4540353,pc,-52.0,68.25,51.0,0.0,32.71126747131348,-1.0,,CONGESTION
1790751427.4299414,pc,-52.0,49.5,20.333333333333332,0.0,0.9267330169677734,-1.0,,CONGESTION
1790751428.8385947,esp32-1,-33.0,45.5105,42.023,20.0,240.0,-1.0,,CONGESTION
1790751431.3061173,esp32-1,-34.0,56.99775,18.65,20.0,43.0,-1.0,,CONGESTION
1790751432.4903617,pc,-51.0,73.0,60.666666666666664,0.0,0.8924007415771484,-1.0,,CONGESTION
1790751433.338911,esp32-1,-34.0,39.43175,26.885,20.0,9.0,-1.0,,CONGESTION
1790751437.4271107,pc,-52.0,98.25,132.0,0.0,0.6840229034423828,-1.0,,CONGESTION
1790751438.7375038,esp32-1,-34.0,63.6035,79.007,20.0,30.0,-1.0,,CONGESTION
1790751442.4049554,pc,-53.0,86.5,140.33333333333334,0.0,0.7991790771484375,-1.0,,CONGESTION
1790751443.348874,esp32-1,-35.0,202.7352,393.0612,0.0,56.0,-1.0,,CONGESTION
1790751446.6681778,esp32-1,-34.0,63.6035,79.007,20.0,30.0,-1.0,,CONGESTION
1790751447.4662652,pc,-54.0,101.75,163.0,0.0,0.7567405700683594,-1.0,,CONGESTION
1790751448.7764149,esp32-1,-35.0,41.02025,23.52467,20.0,37.0,-1.0,,CONGESTION
1790751452.4194884,pc,-54.0,119.75,197.0,0.0,1.5332698822021484,-1.0,,CONGESTION
1790751454.103242,esp32-1,-34.0,63.6035,79.007,20.0,30.0,-1.0,,CONGESTION
1790751455.884884,esp32-1,-34.0,76.8634,81.8625,0.0,238.0,-1.0,,CONGESTION
1790751457.327709,esp32-1,-34.0,63.6035,79.007,20.0,30.0,-1.0,,CONGESTION
1790751457.435042,pc,-56.0,116.75,136.0,0.0,26.975631713867188,-1.0,,CONGESTION
1790751460.903966,esp32-1,-34.0,97.8062,69.66075,0.0,260.0,-1.0,,CONGESTION
1790751462.4813497,pc,-58.0,93.25,138.33333333333334,0.0,45.90439796447754,-1.0,,CONGESTION
1790751466.9431937,esp32-1,-34.0,39.22975,29.563,20.0,719.0,-1.0,,CONGESTION
1790751467.5188394,pc,-54.0,55.75,29.0,0.0,0.8559226989746094,-1.0,,CONGESTION
1790751472.4816368,pc,-52.0,56.75,33.0,0.0,62.1492862701416,-1.0,,CONGESTION
1790751473.543449,esp32-1,-34.0,53.7086,36.06275,0.0,296.0,-1.0,,CONGESTION
1790751477.4265168,pc,-54.0,39.25,10.666666666666666,0.0,10.396242141723633,-1.0,,CONGESTION
1790751477.915757,esp32-1,-34.0,43.9502,12.469,0.0,56.0,-1.0,,CONGESTION
1790751481.148535,esp32-1,-34.0,53.7086,36.06275,0.0,296.0,-1.0,,CONGESTION
1790751482.4307315,pc,-51.0,113.75,200.0,0.0,0.728607177734375,-1.0,,CONGESTION
1790751483.348087,esp32-1,-34.0,34.0755,36.53133,20.0,262.0,-1.0,,CONGESTION
1790751486.599324,esp32-1,-34.0,53.7086,36.06275,0.0,296.0,-1.0,,CONGESTION
1790751487.4328809,pc,-51.0,31.0,1.6666666666666667,0.0,0.8187294006347656,-1.0,,CONGESTION
1790751489.0647607,esp32-1,-34.0,304.4908,478.3145,0.0,61.0,-1.0,,CONGESTION
1790751492.083681,esp32-1,-34.0,53.7086,36.06275,0.0,296.0,-1.0,,CONGESTION
1790751492.6263893,pc,-54.0,144.75,152.66666666666666,0.0,9.398221969604492,-1.0,,CONGESTION
1790751495.3827589,esp32-1,-35.0,42.27775,42.322,20.0,50.0,-1.0,,CONGESTION
1790751497.4218333,pc,-51.0,37.5,14.333333333333334,0.0,0.7510185241699219,-1.0,,CONGESTION
1790751498.5919383,esp32-1,-34.0,53.7086,36.06275,0.0,296.0,-1.0,,CONGESTION
1790751502.5055676,pc,-54.0,107.5,123.33333333333333,0.0,0.7374286651611328,-1.0,,CONGESTION
1790751503.6130824,esp32-1,-34.0,91.43725,45.78033,20.0,262.0,-1.0,,CONGESTION
1790751505.8735383,esp32-1,-33.0,32.56575,27.67533,20.0,21.0,-1.0,,CONGESTION
1790751506.5998092,esp32-1,-34.0,53.7086,36.06275,0.0,296.0,-1.0,,CONGESTION
1790751507.436244,pc,-53.0,58.5,21.666666666666668,0.0,10.594606399536133,-1.0,,CONGESTION
1790751508.8315027,esp32-1,-34.0,91.43725,45.78033,20.0,262.0,-1.0,,CONGESTION
1790751510.5461962,esp32-1,-33.0,49.4318,21.40675,0.0,251.0,-1.0,,CONGESTION
1790751512.4195328,pc,-52.0,52.25,26.333333333333332,0.0,0.8258819580078125,-1.0,,CONGESTION
1790751516.5123425,esp32-1,-34.0,33.1605,24.97633,20.0,15.0,-1.0,,CONGESTION
1790751517.4017766,pc,-52.0,42.0,14.0,0.0,0.8096694946289062,-1.0,,CONGESTION
1790751522.4692328,pc,-52.0,40.75,11.0,0.0,13.80014419555664,-1.0,,CONGESTION
1790751523.1339543,esp32-1,-33.0,55.05519,42.99825,0.0,271.0,-1.0,,CONGESTION
1790751527.4219322,pc,-52.0,37.25,17.666666666666668,0.0,0.7958412170410156,-1.0,,CONGESTION
1790751528.661791,esp32-1,-34.0,45.5434,8.33075,0.0,631.0,-1.0,,CONGESTION
1790751532.4165773,pc,-52.0,47.75,19.0,0.0,0.7722377777099609,-1.0,,CONGESTION
1790751532.9280477,esp32-1,-34.0,34.475,24.405,40.0,223.0,-1.0,,CONGESTION
1790751534.0626976,esp32-1,-34.0,45.5434,8.33075,0.0,631.0,-1.0,,CONGESTION
1790751536.5520327,esp32-1,-35.0,100.0134,58.084,0.0,265.0,-1.0,,CONGESTION
1790751537.450859,pc,-52.0,101.0,73.0,0.0,12.412786483764648,-1.0,,CONGESTION
1790751542.4731674,pc,-51.0,42.5,18.0,0.0,48.95448684692383,-1.0,,CONGESTION
1790751544.9436915,esp32-1,-36.0,29.039,27.82267,20.0,106.0,-1.0,,CONGESTION
1790751547.5622237,pc,-51.0,92.25,124.33333333333333,0.0,0.7307529449462891,-1.0,,CONGESTION
1790751548.1350217,esp32-1,-34.0,87.68525,137.28,20.0,35.0,-1.0,,CONGESTION
1790751548.970811,esp32-1,-36.0,29.039,27.82267,20.0,106.0,-1.0,,CONGESTION
1790751551.4360678,esp32-1,-34.0,72.41679,41.28375,0.0,240.0,-1.0,,CONGESTION
1790751552.5389442,pc,-51.0,92.5,82.0,0.0,10.959386825561523,-1.0,,CONGESTION
1790751557.5290668,pc,-51.0,116.25,114.66666666666667,0.0,0.77056884765625,-1.0,,CONGESTION
1790751559.330186,esp32-1,-33.0,59.15075,75.51667,20.0,50.0,-1.0,,CONGESTION
1790751562.583414,pc,-52.0,89.75,74.0,0.0,0.7381439208984375,-1.0,,CONGESTION
1790751563.6508615,esp32-1,-33.0,75.4892,56.79325,0.0,242.0,-1.0,,CONGESTION
1790751567.408785,pc,-52.0,40.75,13.666666666666666,0.0,9.208440780639648,-1.0,,CONGESTION
1790751568.6347754,esp32-1,-34.0,39.8122,11.98975,0.0,241.0,-1.0,,CONGESTION
1790751572.3029027,esp32-1,-34.0,44.1785,54.35067,20.0,326.0,-1.0,,CONGESTION
1790751572.4198434,pc,-53.0,46.5,13.666666666666666,0.0,0.9286403656005859,-1.0,,CONGESTION
1790751573.835743,esp32-1,-33.0,59.15075,75.51667,20.0,50.0,-1.0,,CONGESTION
1790751577.4220502,pc,-53.0,58.75,22.333333333333332,0.0,0.7507801055908203,-1.0,,CONGESTION
1790751579.3407614,esp32-1,-33.0,75.4892,56.79325,0.0,242.0,-1.0,,CONGESTION
1790751582.5967207,pc,-52.0,71.0,54.666666666666664,0.0,10.079622268676758,-1.0,,CONGESTION
1790751583.0706358,esp32-1,-34.0,39.8122,11.98975,0.0,241.0,-1.0,,CONGESTION
1790751585.1674957,esp32-1,-34.0,51.024,77.98933,20.0,267.0,-1.0,,CONGESTION
1790751587.4619336,pc,-50.0,147.25,263.0,0.0,0.7569789886474609,-1.0,,CONGESTION
1790751589.8880777,esp32-1,-34.0,71.645,80.61468,20.0,38.0,-1.0,,CONGESTION
1790751592.820857,pc,-52.0,140.0,154.66666666666666,0.0,0.7178783416748047,-1.0,,CONGESTION
1790751593.9208581,esp32-1,-34.0,39.8122,11.98975,0.0,241.0,-1.0,,CONGESTION
1790751597.428334,pc,-50.0,93.0,55.666666666666664,0.0,9.305000305175781,-1.0,,CONGESTION
1790751598.3900635,esp32-1,-34.0,51.024,77.98933,20.0,267.0,-1.0,,CONGESTION
1790751600.2803574,esp32-1,-34.0,74.25575,58.26933,20.0,57.0,-1.0,,CONGESTION
1790751602.1769967,esp32-1,-34.0,51.024,77.98933,20.0,267.0,-1.0,,CONGESTION
1790751602.7354171,pc,-51.0,107.25,103.33333333333333,0.0,0.7395744323730469,-1.0,,CONGESTION
1790751607.4626,pc,-51.0,99.5,90.0,0.0,44.66104507446289,-1.0,,CONGESTION
1790751608.9317057,esp32-1,-34.0,102.4036,114.0135,0.0,296.0,-1.0,,CONGESTION
1790751612.4617445,pc,-51.0,59.25,35.0,0.0,13.7786865234375,-1.0,,CONGESTION
1790751612.9653704,esp32-1,-34.0,26.677,27.252,40.0,5.0,-1.0,,CONGESTION
1790751614.1054046,esp32-1,-34.0,51.024,77.98933,20.0,267.0,-1.0,,CONGESTION
1790751614.7386258,esp32-1,-34.0,102.4036,114.0135,0.0,296.0,-1.0,,CONGESTION
1790751617.1819296,esp32-1,-34.0,53.63075,63.586,20.0,45.0,-1.0,,CONGESTION
1790751617.7250605,pc,-52.0,83.75,47.333333333333336,0.0,181.95128440856934,-1.0,,CONGESTION
1790751622.5079293,pc,-52.0,178.5,351.6666666666667,0.0,76.78341865539551,-1.0,,CONGESTION
1790751623.1998,esp32-1,-34.0,23.56467,31.816,40.0,259.0,-1.0,,CONGESTION
1790751626.2704196,esp32-1,-34.0,50.6584,12.8485,0.0,244.0,-1.0,,CONGESTION
1790751627.4399796,pc,-51.0,47.75,39.666666666666664,0.0,10.29515266418457,-1.0,,CONGESTION
1790751631.0805683,esp32-1,-35.0,67.628,34.32175,0.0,12.0,-1.0,,CONGESTION
1790751632.5251179,pc,-51.0,175.25,242.66666666666666,0.0,60.376882553100586,-1.0,,CONGESTION
1790751634.8242185,esp32-1,-34.0,50.6584,12.8485,0.0,244.0,-1.0,,CONGESTION
1790751636.6286662,esp32-1,-34.0,176.6918,234.8015,0.0,30.0,-1.0,,CONGESTION
1790751637.5650656,pc,-53.0,97.0,53.0,0.0,0.7584095001220703,-1.0,,CONGESTION
1790751642.4306734,pc,-50.0,151.25,150.33333333333334,0.0,10.914802551269531,-1.0,,CONGESTION
1790751642.5982354,esp32-1,-34.0,50.6584,12.8485,0.0,244.0,-1.0,,CONGESTION
1790751645.3400557,esp32-1,-34.0,82.69825,40.56633,20.0,144.0,-1.0,,CONGESTION
1790751647.402456,pc,-50.0,176.25,370.3333333333333,0.0,1.4557838439941406,-1.0,,CONGESTION
1790751651.0448678,esp32-1,-34.0,41.01525,18.38133,20.0,31.0,-1.0,,CONGESTION
1790751652.428628,pc,-55.0,43.25,14.666666666666666,0.0,0.7550716400146484,-1.0,,CONGESTION
1790751654.517726,esp32-1,-35.0,78.1586,56.73025,0.0,161.0,-1.0,,CONGESTION
1790751657.4024513,pc,-55.0,35.0,5.0,0.0,10.255575180053711,-1.0,,CONGESTION
1790751659.881299,esp32-1,-34.0,57.32325,38.90633,20.0,59.0,-1.0,,CONGESTION
1790751662.463272,pc,-52.0,30.75,3.6666666666666665,0.0,35.12430191040039,-1.0,,CONGESTION
1790751664.894522,esp32-1,-33.0,44.008,19.62367,20.0,19.0,-1.0,,CONGESTION
1790751667.3967378,pc,-51.0,52.5,32.0,0.0,0.7693767547607422,-1.0,,CONGESTION
1790751672.1345594,esp32-1,-34.0,161.0532,316.8193,0.0,179.0,-1.0,,CONGESTION
1790751672.5118635,pc,-50.0,46.0,21.0,0.0,10.070323944091797,-1.0,,CONGESTION
1790751675.7213194,esp32-1,-35.0,38.4095,30.247,20.0,197.0,-1.0,,CONGESTION
1790751677.583688,pc,-52.0,178.25,298.3333333333333,0.0,84.98430252075195,-1.0,,CONGESTION
1790751680.073906,esp32-1,-35.0,37.78275,17.04267,20.0,151.0,-1.0,,CONGESTION
1790751682.4869843,pc,-52.0,211.0,460.0,0.0,53.594112396240234,-1.0,,CONGESTION
1790751684.644271,esp32-1,-34.0,166.2202,284.6712,0.0,49.0,-1.0,,CONGESTION
1790751687.5991943,pc,-52.0,90.0,83.66666666666667,0.0,11.384963989257812,-1.0,,CONGESTION
1790751690.4636347,esp32-1,-34.0,59.23025,76.40466,20.0,53.0,-1.0,,CONGESTION
1790751692.5200438,pc,-51.0,82.75,90.33333333333333,0.0,73.82750511169434,-1.0,,CONGESTION
1790751696.1370544,esp32-1,-34.0,32.51125,23.874,20.0,213.0,-1.0,,CONGESTION
1790751697.4348595,pc,-51.0,109.75,198.66666666666666,0.0,0.8060932159423828,-1.0,,CONGESTION
1790751701.956556,esp32-1,-34.0,50.62933,26.3885,40.0,834.0,-1.0,,CONGESTION
1790751702.510995,pc,-52.0,91.25,80.0,0.0,9.409427642822266,-1.0,,CONGESTION
1790751705.1380095,esp32-1,-33.0,56.655,19.05567,20.0,14.0,-1.0,,CONGESTION
1790751708.4278853,pc,-51.0,34.333333333333336,11.5,25.0,0.7421970367431641,-1.0,,CONGESTION
1790751709.5918272,esp32-1,-35.0,113.8832,97.4255,0.0,59.0,-1.0,,CONGESTION
1790751712.4170678,pc,-52.0,47.75,32.333333333333336,0.0,0.7474422454833984,-1.0,,CONGESTION
1790751717.4844365,pc,-52.0,40.75,14.333333333333334,0.0,11.081933975219727,-1.0,,CONGESTION
1790751717.5830789,esp32-1,-33.0,142.1694,197.152,0.0,169.0,-1.0,,CONGESTION
1790751720.2037091,esp32-1,-33.0,60.54425,45.42,20.0,46.0,-1.0,,CONGESTION
1790751723.6936219,esp32-1,-33.0,142.1694,197.152,0.0,169.0,-1.0,,CONGESTION
1790751725.7618947,esp32-1,-34.0,86.01476,152.3913,20.0,47.0,-1.0,,CONGESTION
1790751727.0533166,esp32-1,-33.0,142.1694,197.152,0.0,169.0,-1.0,,CONGESTION
1790751730.7333887,esp32-1,-34.0,56.8202,14.35275,0.0,316.0,-1.0,,CONGESTION
1790751743.5572276,pc,-51.0,59.25,33.666666666666664,0.0,0.7326602935791016,3.974551940637378,,CONGESTION
1790751744.5723488,esp32-1,-35.0,31.9855,26.03567,20.0,646.0,-1.0,,CONGESTION
1790751746.0527902,esp32-1,-34.0,93.599,115.608,0.0,64.0,-1.0,,CONGESTION
1790751747.022242,pc,-50.0,145.5,104.66666666666667,0.0,0.7567405700683594,-1.0,,CONGESTION
1790751748.2308228,esp32-1,-33.0,58.4882,26.81375,0.0,280.0,-1.0,,CONGESTION
1790751748.8541155,esp32-1,-35.0,31.9855,26.03567,20.0,646.0,-1.0,,CONGESTION
1790751752.0361843,pc,-50.0,37.75,10.0,0.0,10.234594345092773,-1.0,,CONGESTION
1790751756.4129915,esp32-1,-34.0,42.6138,18.0655,0.0,37.0,-1.0,,CONGESTION
1790751757.0338943,pc,-51.0,55.75,22.666666666666668,0.0,0.7510185241699219,-1.0,,CONGESTION
1790751758.0243385,esp32-1,-34.0,67.6998,47.155,0.0,278.0,-1.0,,CONGESTION
1790751759.606379,esp32-1,-34.0,42.6138,18.0655,0.0,37.0,-1.0,,CONGESTION
1790751762.9941792,pc,-53.0,128.66666666666666,120.5,25.0,54.93640899658203,-1.0,,CONGESTION
1790751764.3583364,esp32-1,-34.0,45.538,47.017,20.0,450.0,-1.0,,CONGESTION
1790751767.052874,pc,-53.0,187.0,175.0,0.0,10.330915451049805,-1.0,,CONGESTION
1790751772.2356718,esp32-1,-34.0,38.324,7.765499,40.0,291.0,-1.0,,CONGESTION
1790751772.9381635,pc,-54.0,124.66666666666667,156.5,25.0,0.7560253143310547,-1.0,,CONGESTION
1790751775.5714934,esp32-1,-34.0,35.30275,24.66967,20.0,20.0,-1.0,,CONGESTION
1790751778.5418043,pc,-50.0,540.6666666666666,311.0,25.0,0.9329319000244141,-1.0,,CONGESTION
1790751781.320814,esp32-1,-34.0,38.324,7.765499,40.0,291.0,-1.0,,CONGESTION
1790751782.0713925,pc,-52.0,104.75,55.333333333333336,0.0,9.311199188232422,-1.0,,CONGESTION
1790751786.4151807,esp32-1,-35.0,74.281,63.1805,0.0,57.0,-1.0,,CONGESTION
1790751788.0491178,esp32-1,-35.0,148.1836,142.45,0.0,26.0,-1.0,,CONGESTION
1790751788.9641693,pc,-50.0,169.0,250.0,50.0,0.9465217590332031,-1.0,,CONGESTION
1790751789.3724785,esp32-1,-34.0,38.324,7.765499,40.0,291.0,-1.0,,CONGESTION
1790751792.806938,esp32-1,-35.0,74.281,63.1805,0.0,57.0,-1.0,,CONGESTION
1790751793.4175687,pc,-50.0,129.66666666666666,55.5,25.0,0.5779266357421875,-1.0,,CONGESTION
1790751797.4486237,pc,-50.0,135.75,60.0,0.0,20.865201950073242,-1.0,,CONGESTION
1790751797.9017267,esp32-1,-33.0,91.4218,134.5462,0.0,556.0,-1.0,,CONGESTION
1790751800.0912356,esp32-1,-34.0,48.202,19.9075,0.0,764.0,-1.0,,CONGESTION
1790751800.865433,esp32-1,-33.0,91.4218,134.5462,0.0,556.0,-1.0,,CONGESTION
1790751802.4093266,pc,-53.0,95.0,160.66666666666666,0.0,27.2064208984375,-1.0,,CONGESTION
1790751805.432395,esp32-1,-34.0,58.8065,35.44433,20.0,306.0,-1.0,,CONGESTION
1790751807.4012527,pc,-53.0,52.0,29.666666666666668,0.0,0.7569789886474609,-1.0,,CONGESTION
1790751812.1537085,esp32-1,-34.0,94.1832,111.724,0.0,48.0,-1.0,,CONGESTION
1790751813.4049928,pc,-50.0,34.333333333333336,14.5,25.0,10.283231735229492,-1.0,,CONGESTION
1790751815.8201315,esp32-1,-34.0,72.7035,76.869,20.0,720.0,-1.0,,CONGESTION
1790751818.3862844,esp32-1,-34.0,94.1832,111.724,0.0,48.0,-1.0,,CONGESTION
1790751818.3985147,pc,-50.0,71.33333333333333,82.0,25.0,0.6551742553710938,-1.0,,CONGESTION
1790751820.1174622,esp32-1,-34.0,42.7512,20.90725,0.0,182.0,-1.0,,CONGESTION
1790751822.598089,pc,-51.0,159.25,212.33333333333334,0.0,0.7123947143554688,-1.0,,CONGESTION
1790751827.4041705,pc,-52.0,36.75,8.666666666666666,0.0,0.7309913635253906,-1.0,,CONGESTION
1790751829.2612214,esp32-1,-34.0,28.87933,39.1415,40.0,62.0,-1.0,,CONGESTION
1790751833.1951537,esp32-1,-34.0,107.3966,144.7583,0.0,407.0,-1.0,,CONGESTION
1790751833.4137743,pc,-50.0,35.666666666666664,3.5,25.0,0.6468296051025391,-1.0,,CONGESTION
1790751835.5532115,esp32-1,-34.0,139.9262,220.327,0.0,231.0,-1.0,,CONGESTION
1790751836.0921636,esp32-1,-34.0,28.87933,39.1415,40.0,62.0,-1.0,,CONGESTION
1790751836.528451,esp32-1,-34.0,107.3966,144.7583,0.0,407.0,-1.0,,CONGESTION
1790751837.5553465,pc,-50.0,109.75,107.66666666666667,0.0,0.9000301361083984,-1.0,,CONGESTION
1790751841.073892,esp32-1,-33.0,22.96125,18.56333,20.0,206.0,-1.0,,CONGESTION
1790751842.4163167,pc,-51.0,86.25,137.33333333333334,0.0,0.7686614990234375,-1.0,,CONGESTION
1790751845.2765272,esp32-1,-32.0,63.7248,83.6675,0.0,38.0,-1.0,,CONGESTION
1790751847.4144382,pc,-51.0,38.0,25.666666666666668,0.0,14.365434646606445,-1.0,,NORMAL
1790751850.8687372,esp32-1,-34.0,191.0568,344.9927,0.0,274.0,-1.0,,NORMAL
1790751852.4514763,pc,-52.0,54.25,51.333333333333336,0.0,0.8606910705566406,-1.0,,NORMAL
1790751856.0294564,esp32-1,-33.0,23.66625,19.29467,20.0,256.0,-1.0,,NORMAL
1790751857.425912,pc,-51.0,123.5,143.0,0.0,0.7886886596679688,-1.0,,NORMAL
1790751860.1419718,esp32-1,-33.0,40.9688,6.351,0.0,242.0,-1.0,,NORMAL
1790751862.4368994,pc,-51.0,119.5,189.0,0.0,10.38360595703125,-1.0,,NORMAL
1790751866.5719447,esp32-1,-34.0,214.014,363.1147,20.0,4.0,-1.0,,NORMAL
1790751867.4313192,pc,-51.0,27.5,1.0,0.0,1.131296157836914,-1.0,,NORMAL
1790751870.8735597,esp32-1,-33.0,24.53,20.454,20.0,53.0,-1.0,,NORMAL
1790751873.3907218,pc,-51.0,45.0,52.5,25.0,0.8833408355712891,-1.0,,NORMAL
1790751877.437043,pc,-51.0,94.25,170.33333333333334,0.0,0.6780624389648438,-1.0,,NORMAL
1790751881.754729,esp32-1,-34.0,32.9445,4.910998,20.0,71.0,-1.0,,NORMAL
1790751882.2117188,esp32-1,-34.0,48.896,16.60075,0.0,270.0,-1.0,,NORMAL
1790751882.750116,pc,-51.0,33.25,4.333333333333333,0.0,321.5186595916748,-1.0,,NORMAL
1790751886.7923675,esp32-1,-35.0,23.8385,18.13533,20.0,42.0,-1.0,,NORMAL
1790751887.4440055,pc,-52.0,129.25,264.3333333333333,0.0,0.7097721099853516,-1.0,,NORMAL
1790751891.7130182,esp32-1,-35.0,34.46975,7.885666,20.0,4.0,-1.0,,NORMAL
1790751892.432355,pc,-50.0,45.0,30.666666666666668,0.0,11.155843734741211,-1.0,,NORMAL
1790751896.5220194,esp32-1,-35.0,27.36925,11.49133,20.0,4.0,-1.0,,NORMAL
1790751897.452387,pc,-50.0,42.75,35.666666666666664,0.0,0.8502006530761719,-1.0,,NORMAL
1790751902.429215,pc,-50.0,47.75,49.666666666666664,0.0,0.7789134979248047,-1.0,,NORMAL
1790751903.1303363,esp32-1,-33.0,22.5235,18.062,20.0,52.0,-1.0,,NORMAL
1790751907.4674783,pc,-50.0,291.75,520.3333333333334,0.0,36.347150802612305,-1.0,,NORMAL
1790751908.102298,esp32-1,-34.0,50.33,10.1775,40.0,24.0,-1.0,,NORMAL
1790751912.4252994,pc,-50.0,49.75,39.333333333333336,0.0,0.8683204650878906,-1.0,,NORMAL
1790751912.9647408,esp32-1,-35.0,64.767,24.07733,20.0,48.0,-1.0,,NORMAL
1790751915.8282475,esp32-1,-34.0,61.7726,70.853,0.0,52.0,-1.0,,NORMAL
1790751917.4188366,pc,-52.0,32.5,6.666666666666667,0.0,0.8826255798339844,-1.0,,NORMAL
1790751922.4564917,pc,-51.0,35.5,12.0,0.0,22.374391555786133,-1.0,,NORMAL
1790751922.9050887,esp32-1,-34.0,20.79533,26.9615,40.0,4.0,-1.0,,NORMAL
1790751926.6829422,esp32-1,-34.0,29.4762,2.447,0.0,1013.0,-1.0,,NORMAL
1790751927.4373238,pc,-51.0,88.0,161.0,0.0,0.7340908050537109,-1.0,,NORMAL
1790751931.634754,esp32-1,-35.0,76.2514,50.76925,0.0,779.0,-1.0,,NORMAL
1790751932.447163,pc,-50.0,96.5,178.66666666666666,0.0,0.7417201995849609,-1.0,,NORMAL
1790751937.440928,pc,-50.0,34.75,10.0,0.0,0.8330345153808594,-1.0,,NORMAL
1790751937.8447063,esp32-1,-33.0,20.57166,26.653,40.0,5.0,-1.0,,NORMAL
1790751941.7372339,esp32-1,-33.0,64.584,123.6187,20.0,3.0,-1.0,,NORMAL
1790751942.4704318,pc,-51.0,31.0,3.6666666666666665,0.0,0.9210109710693359,-1.0,,NORMAL
1790751945.8881187,esp32-1,-35.0,61.7958,77.6785,0.0,177.0,-1.0,,NORMAL
1790751947.424969,pc,-51.0,33.5,3.3333333333333335,0.0,0.7524490356445312,-1.0,,NORMAL
1790751951.1569068,esp32-1,-34.0,131.317,171.056,0.0,45.0,-1.0,,NORMAL
1790751952.4412236,pc,-50.0,120.0,244.0,0.0,1.2443065643310547,-1.0,,NORMAL
1790751957.0072849,esp32-1,-35.0,66.7555,125.8853,20.0,7.0,-1.0,,NORMAL
1790751957.5552132,pc,-50.0,66.25,45.0,0.0,1.5301704406738281,-1.0,,NORMAL
1790751961.835798,esp32-1,-34.0,40.774,6.424001,0.0,54.0,-1.0,,NORMAL
1790751962.3997493,pc,-51.0,34.5,4.333333333333333,0.0,0.8499622344970703,-1.0,,NORMAL
1790751965.9452806,esp32-1,-34.0,47.267,5.787499,0.0,218.0,-1.0,,NORMAL
1790751967.4302318,pc,-50.0,84.75,141.33333333333334,0.0,8.441448211669922,-1.0,,NORMAL
1790751970.9817028,esp32-1,-35.0,75.0564,94.9625,0.0,200.0,-1.0,,NORMAL
1790751972.4255135,pc,-50.0,115.5,142.0,0.0,0.8609294891357422,-1.0,,NORMAL
1790751975.7358906,esp32-1,-34.0,40.6258,6.357251,0.0,53.0,-1.0,,NORMAL
1790751977.521458,pc,-50.0,29.25,6.0,0.0,83.78338813781738,-1.0,,NORMAL
1790751980.9172392,esp32-1,-34.0,47.5074,18.246,0.0,271.0,-1.0,,NORMAL
1790751982.4408202,pc,-50.0,42.75,38.666666666666664,0.0,10.699033737182617,-1.0,,NORMAL
1790751985.9823685,esp32-1,-34.0,54.1624,58.53875,0.0,255.0,-1.0,,NORMAL
1790751987.4677677,pc,-50.0,184.75,403.3333333333333,0.0,0.9174346923828125,-1.0,,NORMAL
1790751992.0412908,esp32-1,-34.0,83.77,70.99767,20.0,5.0,-1.0,,NORMAL
1790751992.5742376,pc,-51.0,70.5,57.333333333333336,0.0,6.046533584594727,-1.0,,NORMAL
1790751997.1372385,esp32-1,-34.0,47.1244,5.52975,0.0,53.0,-1.0,,NORMAL
1790751997.6896598,pc,-50.0,118.25,148.66666666666666,0.0,14.565229415893555,-1.0,,NORMAL
1790752001.1325445,esp32-1,-34.0,74.3928,101.6942,0.0,206.0,-1.0,,NORMAL
1790752002.4284089,pc,-50.0,93.75,174.0,0.0,3.860950469970703,-1.0,,NORMAL
1790752005.7950425,esp32-1,-35.0,40.5952,8.991499,0.0,189.0,-1.0,,NORMAL
1790752007.4434571,pc,-54.0,30.5,4.333333333333333,0.0,0.7870197296142578,-1.0,,NORMAL
1790752010.9210336,esp32-1,-34.0,47.4262,17.69625,0.0,273.0,-1.0,,NORMAL
1790752012.4805965,pc,-51.0,44.0,35.666666666666664,0.0,10.345458984375,-1.0,,NORMAL
1790752015.9381716,esp32-1,-35.0,54.18819,33.3125,0.0,256.0,-1.0,,NORMAL
1790752017.4267988,pc,-50.0,49.75,57.666666666666664,0.0,0.7522106170654297,-1.0,,NORMAL
1790752020.9183528,esp32-1,-34.0,40.5698,6.624,0.0,241.0,-1.0,,NORMAL
1790752022.4492655,pc,-50.0,61.75,62.0,0.0,0.9124279022216797,-1.0,,NORMAL
1790752027.039787,esp32-1,-34.0,71.69325,148.274,20.0,31.0,-1.0,,NORMAL
1790752027.6277127,pc,-50.0,77.5,67.0,0.0,10.280370712280273,-1.0,,NORMAL
1790752032.1612024,esp32-1,-34.0,88.51275,176.4373,20.0,3.0,-1.0,,NORMAL
1790752032.7386298,pc,-51.0,100.75,97.33333333333333,0.0,0.7328987121582031,-1.0,,NORMAL
1790752036.7200046,esp32-1,-34.0,40.355,5.853251,0.0,55.0,-1.0,,NORMAL
1790752037.43424,pc,-50.0,30.5,3.6666666666666665,0.0,0.8804798126220703,-1.0,,NORMAL
1790752040.8642647,esp32-1,-35.0,72.056,36.52525,0.0,33.0,-1.0,,NORMAL
1790752042.4133847,pc,-50.0,32.75,4.0,0.0,9.406328201293945,-1.0,,NORMAL
1790752046.9064238,esp32-1,-35.0,91.98225,188.366,20.0,5.0,-1.0,,NORMAL
1790752054.4068604,pc,-50.0,36.75,11.333333333333334,0.0,0.7224082946777344,12.101309038256023,,NORMAL
1790752055.1968524,esp32-1,-33.0,38.49975,28.788,20.0,1018.0,-1.0,,NORMAL
1790752057.3102446,esp32-1,-32.0,22.5855,19.404,20.0,30.0,-1.0,,NORMAL
1790752057.8303823,esp32-1,-33.0,38.49975,28.788,20.0,1018.0,-1.0,,NORMAL
1790752057.8771605,pc,-50.0,67.25,52.333333333333336,0.0,9.944915771484375,-1.0,,NORMAL
1790752062.369806,esp32-1,-34.0,25.44575,13.322,20.0,275.0,-1.0,,NORMAL
1790752062.938937,pc,-50.0,55.0,14.666666666666666,0.0,1.3000965118408203,-1.0,,NORMAL
1790752066.3629444,esp32-1,-35.0,83.9434,58.85025,0.0,51.0,-1.0,,NORMAL
1790752067.90703,pc,-50.0,49.75,22.0,0.0,0.8914470672607422,-1.0,,NORMAL
1790752071.9764736,esp32-1,-35.0,22.02225,17.47933,20.0,32.0,-1.0,,NORMAL
1790752072.8930435,pc,-50.0,35.25,6.666666666666667,0.0,10.555028915405273,-1.0,,NORMAL
1790752077.2482805,esp32-1,-37.0,25.3695,19.69233,20.0,227.0,-1.0,,NORMAL
1790752078.0938916,pc,-50.0,94.25,89.66666666666667,0.0,0.7634162902832031,-1.0,,NORMAL
1790752081.3584094,esp32-1,-35.0,41.9302,6.0145,0.0,213.0,-1.0,,NORMAL
1790752083.172032,pc,-51.0,121.0,98.33333333333333,0.0,0.743865966796875,-1.0,,NORMAL
1790752086.97634,esp32-1,-34.0,22.82575,18.89333,20.0,28.0,-1.0,,NORMAL
1790752087.850653,pc,-51.0,33.0,6.666666666666667,0.0,14.899969100952148,-1.0,,NORMAL
1790752092.8554807,pc,-51.0,28.75,3.0,0.0,0.8800029754638672,-1.0,,NORMAL
1790752093.398247,esp32-1,-33.0,25.5205,21.70634,20.0,53.0,-1.0,,NORMAL
1790752096.5714653,esp32-1,-34.0,82.75,116.015,0.0,268.0,-1.0,,NORMAL
1790752097.9102387,pc,-50.0,99.5,183.33333333333334,0.0,0.6535053253173828,-1.0,,NORMAL
1790752102.203288,esp32-1,-33.0,59.0025,87.63467,20.0,3.0,-1.0,,NORMAL
1790752102.8935196,pc,-51.0,28.25,2.3333333333333335,0.0,0.7238388061523438,-1.0,,NORMAL
1790752107.2755015,esp32-1,-33.0,55.3162,25.35675,0.0,53.0,-1.0,,NORMAL
1790752107.827352,pc,-50.0,27.75,2.0,0.0,0.7052421569824219,-1.0,,NORMAL
1790752111.2768185,esp32-1,-34.0,41.426,6.005,0.0,218.0,-1.0,,NORMAL
1790752112.8876493,pc,-50.0,33.0,6.0,0.0,0.7669925689697266,-1.0,,NORMAL
1790752116.9724355,esp32-1,-34.0,22.1785,17.78233,20.0,29.0,-1.0,,NORMAL
1790752117.9066672,pc,-50.0,37.0,8.666666666666666,0.0,0.7927417755126953,-1.0,,NORMAL
1790752122.1311426,esp32-1,-34.0,24.4885,20.854,20.0,183.0,-1.0,,NORMAL
1790752122.887449,pc,-50.0,30.25,6.0,0.0,10.01119613647461,-1.0,,NORMAL
1790752127.1895547,esp32-1,-35.0,41.4842,6.063,0.0,53.0,-1.0,,NORMAL
1790752127.9420424,pc,-50.0,30.25,2.6666666666666665,0.0,39.47138786315918,-1.0,,NORMAL
1790752131.6971858,esp32-1,-34.0,89.2738,107.672,0.0,254.0,-1.0,,NORMAL
1790752132.894718,pc,-50.0,36.0,7.0,0.0,0.7660388946533203,-1.0,,NORMAL
1790752137.1230814,esp32-1,-34.0,24.42575,20.43333,20.0,50.0,-1.0,,NORMAL
1790752137.9224977,pc,-51.0,30.75,5.333333333333333,0.0,11.639595031738281,-1.0,,NORMAL
1790752141.6667488,esp32-1,-34.0,75.4784,49.0025,0.0,345.0,-1.0,,NORMAL
1790752142.8831816,pc,-50.0,34.0,8.333333333333334,0.0,0.7383823394775391,-1.0,,NORMAL
1790752146.4468627,esp32-1,-35.0,47.92,8.226749,0.0,207.0,-1.0,,NORMAL
1790752147.8782346,pc,-50.0,102.5,185.33333333333334,0.0,0.7455348968505859,-1.0,,NORMAL
1790752152.0752995,esp32-1,-36.0,24.34975,20.09667,20.0,3.0,-1.0,,NORMAL
1790752152.8508892,pc,-51.0,82.75,124.33333333333333,0.0,0.7925033569335938,-1.0,,NORMAL
1790752156.3748388,esp32-1,-34.0,41.0634,6.7715,0.0,277.0,-1.0,,NORMAL
1790752157.852665,pc,-50.0,46.25,32.333333333333336,0.0,1.5873908996582031,-1.0,,NORMAL
1790752161.5973916,esp32-1,-35.0,88.799,110.2775,0.0,259.0,-1.0,,NORMAL
1790752162.8844132,pc,-51.0,105.0,200.0,0.0,5.264043807983398,-1.0,,NORMAL
1790752167.184269,esp32-1,-36.0,24.17775,20.05934,20.0,241.0,-1.0,,NORMAL
1790752167.9004884,pc,-50.0,30.25,4.0,0.0,9.841442108154297,-1.0,,NORMAL
1790752171.2230966,esp32-1,-33.0,41.1316,6.472501,0.0,53.0,-1.0,,NORMAL
1790752172.864057,pc,-50.0,28.5,3.0,0.0,12.423276901245117,-1.0,,NORMAL
1790752177.1729436,esp32-1,-35.0,68.21775,140.0097,20.0,48.0,-1.0,,NORMAL
1790752177.8957067,pc,-50.0,31.75,9.0,0.0,1.3422966003417969,-1.0,,NORMAL
1790752182.8952243,pc,-51.0,80.75,71.66666666666667,0.0,1.3153553009033203,-1.0,,NORMAL
1790752183.361629,esp32-1,-35.0,23.51475,19.61033,20.0,53.0,-1.0,,NORMAL
1790752187.19889,esp32-1,-35.0,40.7422,6.639,0.0,54.0,-1.0,,NORMAL
1790752187.9368033,pc,-50.0,96.25,92.0,0.0,13.61083984375,-1.0,,NORMAL
1790752191.3613284,esp32-1,-35.0,47.5504,6.139502,0.0,265.0,-1.0,,NORMAL
1790752192.8742085,pc,-51.0,121.25,142.33333333333334,0.0,0.9095668792724609,-1.0,,NORMAL
1790752197.1327507,esp32-1,-34.0,23.5445,19.26433,20.0,53.0,-1.0,,NORMAL
1790752197.8531501,pc,-50.0,31.0,2.0,0.0,0.7328987121582031,-1.0,,NORMAL
1790752201.489524,esp32-1,-34.0,40.3042,6.2025,0.0,232.0,-1.0,,NORMAL
1790752202.9154303,pc,-50.0,80.75,115.0,0.0,10.547161102294922,-1.0,,NORMAL
1790752207.2705746,esp32-1,-34.0,69.07325,142.2397,20.0,42.0,-1.0,,NORMAL
1790752207.972429,pc,-50.0,53.75,22.0,0.0,0.7927417755126953,-1.0,,NORMAL
1790752212.2892058,esp32-1,-34.0,23.3045,18.382,20.0,197.0,-1.0,,NORMAL
1790752213.4663453,pc,-51.0,33.333333333333336,8.0,25.0,0.6990432739257812,-1.0,,NORMAL
1790752216.3832254,esp32-1,-35.0,40.3276,7.204,0.0,186.0,-1.0,,NORMAL
1790752218.0406492,pc,-50.0,100.75,51.0,0.0,9.203433990478516,-1.0,,NORMAL
1790752221.6064475,esp32-1,-37.0,90.8312,60.18275,0.0,41.0,-1.0,,NORMAL
1790752222.936566,pc,-51.0,130.5,206.66666666666666,0.0,0.8585453033447266,-1.0,,NORMAL
1790752227.3406692,esp32-1,-34.0,23.03175,14.99133,20.0,251.0,-1.0,,NORMAL
1790752227.9391525,pc,-50.0,66.5,37.666666666666664,0.0,0.8196830749511719,-1.0,,NORMAL
1790752232.1536505,esp32-1,-38.0,22.423,9.208668,20.0,40.0,-1.0,,NORMAL
1790752232.9475944,pc,-50.0,35.75,8.0,0.0,35.332441329956055,-1.0,,NORMAL
1790752237.2743237,esp32-1,-35.0,70.603,139.629,20.0,33.0,-1.0,,NORMAL
1790752237.8906224,pc,-50.0,50.0,13.0,0.0,0.7429122924804688,-1.0,,NORMAL
1790752242.0867856,esp32-1,-36.0,23.125,15.74967,20.0,3.0,-1.0,,NORMAL
1790752242.8854544,pc,-50.0,36.75,18.0,0.0,0.9047985076904297,-1.0,,NORMAL
1790752246.387262,esp32-1,-36.0,39.8486,24.18425,0.0,189.0,-1.0,,NORMAL
1790752247.9427838,pc,-51.0,52.75,39.333333333333336,0.0,17.660140991210938,-1.0,,NORMAL
1790752251.6207235,esp32-1,-34.0,46.8554,5.8545,0.0,274.0,-1.0,,NORMAL
1790752252.8649824,pc,-50.0,109.75,201.0,0.0,1.3079643249511719,-1.0,,NORMAL
1790752257.0013142,esp32-1,-34.0,23.1495,18.11367,20.0,51.0,-1.0,,NORMAL
1790752257.919297,pc,-50.0,34.0,3.6666666666666665,0.0,1.6379356384277344,-1.0,,NORMAL
1790752262.0779161,esp32-1,-35.0,31.02775,5.987999,20.0,4.0,-1.0,,NORMAL
1790752262.8741534,pc,-50.0,31.0,7.0,0.0,8.863687515258789,-1.0,,NORMAL
1790752267.3817065,esp32-1,-34.0,46.8474,6.05575,0.0,53.0,-1.0,,NORMAL
1790752268.0892813,pc,-50.0,87.25,88.33333333333333,0.0,0.7305145263671875,-1.0,,NORMAL
1790752272.021434,esp32-1,-32.0,23.302,19.08933,20.0,50.0,-1.0,,NORMAL
1790752272.9359746,pc,-50.0,48.5,37.666666666666664,0.0,0.7908344268798828,-1.0,,NORMAL
1790752277.2109246,esp32-1,-35.0,39.8764,6.519499,0.0,55.0,-1.0,,NORMAL
1790752277.9300382,pc,-50.0,63.0,34.0,0.0,10.95724105834961,-1.0,,NORMAL
1790752281.3740933,esp32-1,-35.0,66.92641,78.48175,0.0,177.0,-1.0,,NORMAL
1790752282.89216,pc,-50.0,58.5,57.333333333333336,0.0,1.2843608856201172,-1.0,,NORMAL
1790752286.1859531,esp32-1,-33.0,32.6942,4.31125,0.0,160.0,-1.0,,NORMAL
1790752287.8889477,pc,-51.0,42.75,21.333333333333332,0.0,1.3630390167236328,-1.0,,NORMAL
1790752291.5823526,esp32-1,-35.0,78.22701,54.9515,0.0,331.0,-1.0,,NORMAL
1790752292.947811,pc,-50.0,100.25,158.66666666666666,0.0,13.358354568481445,-1.0,,NORMAL
1790752296.6688879,esp32-1,-36.0,81.7498,50.6705,0.0,315.0,-1.0,,NORMAL
1790752297.8819387,pc,-50.0,122.25,239.33333333333334,0.0,0.7610321044921875,-1.0,,NORMAL
1790752302.0961719,esp32-1,-36.0,23.66875,20.18833,20.0,46.0,-1.0,,NORMAL
1790752302.9246688,pc,-50.0,58.25,32.0,0.0,17.54164695739746,-1.0,,NORMAL
1790752306.3968391,esp32-1,-34.0,39.621,6.249749,0.0,197.0,-1.0,,NORMAL
1790752307.919908,pc,-50.0,73.25,66.0,0.0,12.137651443481445,-1.0,,NORMAL
1790752312.5409546,esp32-1,-35.0,66.65401,80.79325,0.0,180.0,-1.0,,NORMAL
1790752313.1377003,pc,-50.0,190.5,199.0,0.0,0.8270740509033203,-1.0,,NORMAL
1790752316.125549,esp32-1,-36.0,32.5474,4.347,0.0,53.0,-1.0,,NORMAL
1790752317.921474,pc,-50.0,44.75,28.333333333333332,0.0,13.068199157714844,-1.0,,NORMAL
1790752322.886264,pc,-50.0,52.5,42.666666666666664,0.0,13.69333267211914,-1.0,,NORMAL
1790752323.2935364,esp32-1,-36.0,20.45,26.427,40.0,13.0,-1.0,,NORMAL
1790752327.827915,esp32-1,-33.0,45.96275,22.87634,20.0,540.0,-1.0,,NORMAL
1790752327.967767,pc,-51.0,86.5,127.66666666666667,0.0,18.081188201904297,-1.0,,NORMAL
1790752331.6798685,esp32-1,-35.0,94.0164,102.4987,0.0,53.0,-1.0,,NORMAL
1790752333.143637,pc,-51.0,155.75,208.0,0.0,0.7116794586181641,-1.0,,NORMAL
1790752336.3729126,esp32-1,-35.0,60.0524,66.41875,0.0,51.0,-1.0,,NORMAL
1790752337.9183733,pc,-51.0,111.75,112.0,0.0,10.191917419433594,-1.0,,NORMAL
1790752341.3237572,esp32-1,-36.0,45.6594,4.843749,0.0,54.0,-1.0,,NORMAL
1790752342.8906786,pc,-51.0,92.0,140.66666666666666,0.0,0.7452964782714844,-1.0,,NORMAL
1790752347.0501268,esp32-1,-34.0,24.69,16.703,20.0,39.0,-1.0,,NORMAL
1790752347.9106202,pc,-51.0,97.75,156.0,0.0,0.7288455963134766,-1.0,,NORMAL
1790752351.559943,esp32-1,-34.0,80.0424,108.4065,0.0,255.0,-1.0,,NORMAL
1790752352.8954701,pc,-51.0,161.25,177.0,0.0,10.284185409545898,-1.0,,NORMAL
1790752356.4741213,esp32-1,-35.0,45.8004,6.0685,0.0,240.0,-1.0,,NORMAL
1790752362.9546936,esp32-1,-36.0,27.33525,26.89033,20.0,614.0,-1.0,,NORMAL
1790752366.029407,pc,-51.0,76.75,104.0,0.0,0.7462501525878906,10.297316079316124,,NORMAL
1790752367.430069,esp32-1,-34.0,47.1032,26.09125,0.0,269.0,-1.0,,NORMAL
1790752369.5945885,pc,-50.0,283.25,328.3333333333333,0.0,17.240524291992188,-1.0,,NORMAL
1790752372.004072,esp32-1,-36.0,24.35375,20.419,20.0,49.0,-1.0,,NORMAL
1790752374.476127,pc,-50.0,55.5,73.0,0.0,5.3863525390625,-1.0,,NORMAL
1790752376.3641047,esp32-1,-35.0,40.5238,7.361249,0.0,234.0,-1.0,,NORMAL
1790752379.4669638,pc,-51.0,28.25,2.3333333333333335,0.0,0.8115768432617188,-1.0,,NORMAL
1790752381.1645215,esp32-1,-34.0,47.4356,7.283499,0.0,53.0,-1.0,,NORMAL
1790752384.4812422,pc,-50.0,167.75,275.0,0.0,0.7441043853759766,-1.0,,NORMAL
1790752387.7060266,esp32-1,-35.0,22.57625,16.59833,20.0,633.0,-1.0,,NORMAL
1790752389.4887028,pc,-50.0,31.25,9.0,0.0,0.8676052093505859,-1.0,,NORMAL
1790752392.0075014,esp32-1,-34.0,22.50875,7.092667,20.0,6.0,-1.0,,NORMAL
1790752394.459331,pc,-51.0,57.75,77.0,0.0,0.6339550018310547,-1.0,,NORMAL
1790752396.3655398,esp32-1,-35.0,47.029,6.101501,0.0,272.0,-1.0,,NORMAL
1790752399.5243359,pc,-51.0,33.25,7.666666666666667,0.0,12.764215469360352,-1.0,,NORMAL
1790752402.208383,esp32-1,-35.0,22.96375,17.89733,20.0,253.0,-1.0,,NORMAL
1790752404.5794063,pc,-51.0,42.25,19.333333333333332,0.0,0.6949901580810547,-1.0,,NORMAL
1790752406.4675748,esp32-1,-36.0,40.156,6.08625,0.0,53.0,-1.0,,NORMAL
1790752409.4762154,pc,-51.0,40.75,17.333333333333332,0.0,0.7295608520507812,-1.0,,NORMAL
1790752411.4632466,esp32-1,-35.0,46.9002,7.39275,0.0,223.0,-1.0,,NORMAL
1790752414.4917684,pc,-50.0,49.75,29.333333333333332,0.0,11.962175369262695,-1.0,,NORMAL
1790752417.0949335,esp32-1,-36.0,23.114,16.523,20.0,51.0,-1.0,,NORMAL
1790752419.47242,pc,-50.0,107.5,103.66666666666667,0.0,0.7338523864746094,-1.0,,NORMAL
1790752421.446367,esp32-1,-36.0,40.1316,6.1065,0.0,191.0,-1.0,,NORMAL
1790752424.4424663,pc,-50.0,63.0,46.333333333333336,0.0,0.7030963897705078,-1.0,,NORMAL
1790752426.517133,esp32-1,-34.0,46.6642,6.806251,0.0,278.0,-1.0,,NORMAL
1790752429.499134,pc,-51.0,69.75,55.0,0.0,10.280609130859375,-1.0,,NORMAL
1790752432.210158,esp32-1,-34.0,22.5925,18.17967,20.0,258.0,-1.0,,NORMAL
1790752434.4264407,pc,-51.0,156.25,155.66666666666666,0.0,0.7848739624023438,-1.0,,NORMAL
1790752436.1116962,esp32-1,-31.0,39.9374,6.5455,0.0,53.0,-1.0,,NORMAL
1790752439.475191,pc,-50.0,85.0,77.33333333333333,0.0,0.7684230804443359,-1.0,,NORMAL
1790752442.3238678,esp32-1,-34.0,89.058,66.79133,20.0,4.0,-1.0,,NORMAL
1790752444.4829724,pc,-50.0,27.75,1.0,0.0,12.494325637817383,-1.0,,NORMAL
1790752447.5122805,esp32-1,-34.0,25.6565,18.85767,20.0,39.0,-1.0,,NORMAL
1790752449.4620144,pc,-50.0,29.75,3.3333333333333335,0.0,0.7197856903076172,-1.0,,NORMAL
1790752451.4014149,esp32-1,-36.0,39.7608,6.043,0.0,195.0,-1.0,,NORMAL
1790752454.4565685,pc,-50.0,33.5,3.6666666666666665,0.0,17.13705062866211,-1.0,,NORMAL
1790752456.5240064,esp32-1,-33.0,67.024,80.7225,0.0,178.0,-1.0,,NORMAL
1790752459.46506,pc,-52.0,45.5,16.666666666666668,0.0,8.061408996582031,-1.0,,NORMAL
1790752462.3592308,esp32-1,-34.0,23.79675,20.06733,20.0,48.0,-1.0,,NORMAL
1790752464.4680965,pc,-50.0,34.25,5.333333333333333,0.0,0.7302761077880859,-1.0,,NORMAL
1790752467.3753939,esp32-1,-35.0,85.389,75.729,20.0,7.0,-1.0,,NORMAL
1790752469.468408,pc,-50.0,45.25,29.333333333333332,0.0,0.8511543273925781,-1.0,,NORMAL
1790752471.2665615,esp32-1,-35.0,46.476,6.878749,0.0,51.0,-1.0,,NORMAL
1790752474.4839094,pc,-50.0,31.75,5.0,0.0,10.061264038085938,-1.0,,NORMAL
1790752477.3126588,esp32-1,-36.0,22.3455,17.87467,20.0,52.0,-1.0,,NORMAL
1790752479.4838502,pc,-51.0,54.25,55.333333333333336,0.0,1.344442367553711,-1.0,,NORMAL
1790752482.5325341,esp32-1,-35.0,22.48,10.43867,20.0,6.0,-1.0,,NORMAL
1790752484.4720771,pc,-50.0,71.5,84.0,0.0,0.7603168487548828,-1.0,,NORMAL
1790752486.1514707,esp32-1,-35.0,46.3016,5.449749,0.0,53.0,-1.0,,NORMAL
1790752489.5026257,pc,-50.0,146.0,116.66666666666667,0.0,11.058568954467773,-1.0,,NORMAL
1790752492.1575384,esp32-1,-35.0,22.734,18.375,20.0,49.0,-1.0,,NORMAL
1790752494.4755566,pc,-50.0,95.75,180.33333333333334,0.0,18.677949905395508,-1.0,,NORMAL
1790752496.6708739,esp32-1,-36.0,58.5274,32.04575,0.0,430.0,-1.0,,NORMAL
1790752499.5163593,pc,-51.0,99.25,53.333333333333336,0.0,0.6749629974365234,-1.0,,NORMAL
1790752502.5589514,esp32-1,-34.0,78.22475,146.755,20.0,3.0,-1.0,,NORMAL
1790752504.4807336,pc,-50.0,78.5,134.66666666666666,0.0,3.710508346557617,-1.0,,NORMAL
1790752507.1098223,esp32-1,-34.0,22.673,17.57467,20.0,49.0,-1.0,,NORMAL
1790752509.4858508,pc,-50.0,87.0,145.0,0.0,1.2919902801513672,-1.0,,NORMAL
1790752511.9848595,esp32-1,-34.0,29.4085,1.919999,20.0,4.0,-1.0,,NORMAL
1790752514.480086,pc,-50.0,48.75,56.333333333333336,0.0,1.5232563018798828,-1.0,,NORMAL
1790752516.2226896,esp32-1,-33.0,45.8482,5.82325,0.0,52.0,-1.0,,NORMAL
1790752519.4754915,pc,-50.0,30.25,3.0,0.0,15.478372573852539,-1.0,,NORMAL
1790752522.062397,esp32-1,-34.0,25.42325,16.011,20.0,36.0,-1.0,,NORMAL
1790752524.4418285,pc,-50.0,74.25,112.66666666666667,0.0,0.80108642578125,-1.0,,NORMAL
1790752527.2301445,esp32-1,-34.0,38.735,6.28925,0.0,53.0,-1.0,,NORMAL
1790752529.48458,pc,-50.0,28.75,2.0,0.0,5.992650985717773,-1.0,,NORMAL
1790752531.5992603,esp32-1,-35.0,45.6614,6.759749,0.0,242.0,-1.0,,NORMAL
1790752534.4686203,pc,-50.0,92.0,93.0,0.0,11.307001113891602,-1.0,,NORMAL
1790752537.1135156,esp32-1,-33.0,25.60725,21.94866,20.0,34.0,-1.0,,NORMAL
1790752539.47961,pc,-50.0,87.25,142.0,0.0,0.7853507995605469,-1.0,,NORMAL
1790752541.226825,esp32-1,-33.0,39.1412,7.72525,0.0,51.0,-1.0,,NORMAL
1790752544.446497,pc,-51.0,46.25,44.0,0.0,0.7832050323486328,-1.0,,NORMAL
1790752546.2311497,esp32-1,-34.0,45.4762,13.62075,0.0,51.0,-1.0,,NORMAL
1790752549.5021596,pc,-50.0,50.5,55.666666666666664,0.0,10.55598258972168,-1.0,,NORMAL
1790752552.063318,esp32-1,-33.0,23.6725,21.35333,20.0,41.0,-1.0,,NORMAL
1790752554.4692478,pc,-50.0,103.25,119.0,0.0,0.7011890411376953,-1.0,,NORMAL
1790752556.364601,esp32-1,-34.0,38.358,6.02625,0.0,264.0,-1.0,,NORMAL
1790752559.454338,pc,-51.0,60.0,84.33333333333333,0.0,0.8060932159423828,-1.0,,NORMAL
1790752561.6883764,esp32-1,-35.0,84.2014,55.13425,0.0,302.0,-1.0,,NORMAL
1790752564.5028331,pc,-50.0,74.25,101.66666666666667,0.0,0.9336471557617188,-1.0,,NORMAL
1790752567.116755,esp32-1,-34.0,23.8335,19.37667,20.0,40.0,-1.0,,NORMAL
1790752569.4525146,pc,-51.0,134.25,149.33333333333334,0.0,0.7009506225585938,-1.0,,NORMAL
1790752572.6942158,esp32-1,-34.0,202.4484,427.0542,0.0,713.0,-1.0,,NORMAL
1790752574.463895,pc,-51.0,29.25,2.6666666666666665,0.0,7.514238357543945,-1.0,,NORMAL
1790752576.3347538,esp32-1,-32.0,69.4796,85.39575,0.0,34.0,-1.0,,NORMAL
1790752579.495789,pc,-50.0,29.75,3.0,0.0,12.232303619384766,-1.0,,PACKET_LOSS
1790752582.0698621,esp32-1,-33.0,22.64175,17.48567,20.0,44.0,-1.0,,PACKET_LOSS
1790752585.4240606,pc,-51.0,27.333333333333332,1.0,25.0,0.8943080902099609,-1.0,,PACKET_LOSS
1790752587.1877441,esp32-1,-35.0,202.432,432.0285,0.0,265.0,-1.0,,PACKET_LOSS
1790752589.569441,pc,-51.0,29.25,1.6666666666666667,0.0,81.59065246582031,-1.0,,PACKET_LOSS
1790752592.2158494,esp32-1,-33.0,67.2775,40.75366,20.0,4.0,-1.0,,PACKET_LOSS
1790752594.4681523,pc,-52.0,29.0,4.666666666666667,0.0,3.0901432037353516,-1.0,,PACKET_LOSS
1790752597.1269388,esp32-1,-33.0,33.481,36.26266,20.0,3.0,-1.0,,PACKET_LOSS
1790752600.3589416,pc,-51.0,104.66666666666667,210.5,25.0,0.6718635559082031,-1.0,,PACKET_LOSS
1790752602.9592762,esp32-1,-34.0,241.4,592.4727,20.0,6.0,-1.0,,PACKET_LOSS
1790752604.487189,pc,-51.0,42.75,36.666666666666664,0.0,8.217811584472656,-1.0,,PACKET_LOSS
1790752606.2468972,esp32-1,-34.0,75.0428,46.55875,0.0,4.0,-1.0,,PACKET_LOSS
1790752610.3851166,pc,-50.0,34.666666666666664,10.5,25.0,0.7905960083007812,-1.0,,PACKET_LOSS
1790752611.993413,esp32-1,-34.0,22.43475,18.053,20.0,42.0,-1.0,,PACKET_LOSS
1790752615.4645724,pc,-50.0,59.333333333333336,85.0,25.0,5.908727645874023,-1.0,,PACKET_LOSS
1790752617.9129808,esp32-1,-35.0,243.6885,584.8589,20.0,3.0,-1.0,,PACKET_LOSS
1790752619.599533,pc,-50.0,61.75,43.666666666666664,0.0,0.6906986236572266,-1.0,,PACKET_LOSS
1790752621.6978006,esp32-1,-35.0,85.30901,109.2305,0.0,257.0,-1.0,,PACKET_LOSS
1790752624.5787363,pc,-51.0,60.75,43.333333333333336,0.0,0.7236003875732422,-1.0,,PACKET_LOSS
1790752627.1266296,esp32-1,-34.0,22.57625,17.986,20.0,40.0,-1.0,,PACKET_LOSS
1790752629.6689754,pc,-50.0,181.25,320.0,0.0,0.7376670837402344,-1.0,,PACKET_LOSS
1790752632.9617174,esp32-1,-34.0,243.3528,587.6783,20.0,3.0,-1.0,,PACKET_LOSS
1790752635.3923025,pc,-50.0,47.333333333333336,27.5,25.0,0.7441043853759766,-1.0,,PACKET_LOSS
1790752636.2409923,esp32-1,-34.0,43.9624,6.239501,0.0,52.0,-1.0,,PACKET_LOSS
1790752639.6830657,pc,-50.0,84.5,77.0,0.0,0.8285045623779297,-1.0,,PACKET_LOSS
1790752641.9947321,esp32-1,-35.0,23.51275,14.014,20.0,36.0,-1.0,,PACKET_LOSS
1790752644.7720516,pc,-50.0,115.25,142.33333333333334,0.0,0.7948875427246094,-1.0,,PACKET_LOSS
1790752647.8431084,esp32-1,-36.0,244.5468,601.8137,20.0,3.0,-1.0,,PACKET_LOSS
1790752650.411735,pc,-50.0,32.333333333333336,5.5,25.0,0.8502006530761719,-1.0,,PACKET_LOSS
1790752651.357561,esp32-1,-34.0,44.0236,6.27375,0.0,263.0,-1.0,,PACKET_LOSS
1790752655.3806667,pc,-50.0,31.0,1.0,25.0,0.7300376892089844,-1.0,,PACKET_LOSS
1790752657.132715,esp32-1,-34.0,22.76525,18.41133,20.0,38.0,-1.0,,PACKET_LOSS
1790752659.4536405,pc,-50.0,90.75,158.0,0.0,1.2896060943603516,-1.0,,PACKET_LOSS
1790752662.9710667,esp32-1,-33.0,245.5995,605.3197,20.0,3.0,-1.0,,PACKET_LOSS
1790752667.0800252,esp32-1,-34.0,38.21425,58.204,20.0,47.0,-1.0,,PACKET_LOSS
1790752671.6235495,pc,-51.0,28.0,0.0,50.0,16.885757446289062,16.152672027802282,,PACKET_LOSS
1790752671.6707973,esp32-1,-34.0,94.486,88.26575,0.0,262.0,-1.0,,PACKET_LOSS
1790752675.0699022,pc,-51.0,86.5,76.33333333333333,0.0,0.8859634399414062,-1.0,,PACKET_LOSS
1790752676.5927024,esp32-1,-34.0,40.2704,6.39625,0.0,522.0,-1.0,,PACKET_LOSS
1790752680.1154878,pc,-52.0,75.0,58.666666666666664,0.0,0.9887218475341797,-1.0,,PACKET_LOSS
1790752681.35442,esp32-1,-33.0,47.1442,4.071751,0.0,251.0,-1.0,,PACKET_LOSS
1790752685.0660222,pc,-53.0,28.0,2.3333333333333335,0.0,0.9350776672363281,-1.0,,PACKET_LOSS
1790752687.1988556,esp32-1,-33.0,22.91175,18.66133,20.0,233.0,-1.0,,PACKET_LOSS
1790752690.0608978,pc,-51.0,27.25,0.3333333333333333,0.0,0.7092952728271484,-1.0,,PACKET_LOSS
1790752691.6258583,esp32-1,-35.0,40.2736,6.33825,0.0,53.0,-1.0,,PACKET_LOSS
1790752695.0997465,pc,-50.0,62.25,47.0,0.0,6.164789199829102,-1.0,,PACKET_LOSS
1790752696.276749,esp32-1,-34.0,76.739,43.30425,0.0,7.0,-1.0,,PACKET_LOSS
1790752700.1648169,pc,-52.0,42.5,20.333333333333332,0.0,37.60051727294922,-1.0,,PACKET_LOSS
1790752702.2925417,esp32-1,-34.0,22.891,18.608,20.0,189.0,-1.0,,PACKET_LOSS
1790752705.0503182,pc,-51.0,109.25,196.0,0.0,0.8275508880615234,-1.0,,PACKET_LOSS
1790752706.5859962,esp32-1,-35.0,81.2834,118.3895,0.0,270.0,-1.0,,PACKET_LOSS
1790752710.0535996,pc,-52.0,70.75,50.0,0.0,0.9105205535888672,-1.0,,PACKET_LOSS
1790752711.7104094,esp32-1,-34.0,87.3698,56.71275,0.0,286.0,-1.0,,PACKET_LOSS
1790752715.0913727,pc,-51.0,88.75,81.0,0.0,10.09821891784668,-1.0,,PACKET_LOSS
1790752717.138734,esp32-1,-34.0,22.5615,17.51067,20.0,53.0,-1.0,,PACKET_LOSS
1790752720.069706,pc,-51.0,29.25,2.3333333333333335,0.0,0.8027553558349609,-1.0,,PACKET_LOSS
1790752721.5935216,esp32-1,-34.0,73.7726,48.28425,0.0,353.0,-1.0,,PACKET_LOSS
1790752725.0549796,pc,-50.0,58.5,40.666666666666664,0.0,1.4109611511230469,-1.0,,PACKET_LOSS
1790752726.4074538,esp32-1,-33.0,46.9482,6.409249,0.0,52.0,-1.0,,PACKET_LOSS
1790752730.037037,pc,-50.0,58.5,81.0,0.0,9.370088577270508,-1.0,,PACKET_LOSS
1790752732.1922863,esp32-1,-33.0,22.359,17.89033,20.0,187.0,-1.0,,PACKET_LOSS
1790752735.025713,pc,-50.0,28.0,1.3333333333333333,0.0,0.8628368377685547,-1.0,,PACKET_LOSS
1790752736.4934185,esp32-1,-35.0,39.6762,6.150501,0.0,276.0,-1.0,,PACKET_LOSS
1790752740.0572333,pc,-51.0,33.75,6.333333333333333,0.0,8.642196655273438,-1.0,,PACKET_LOSS
1790752741.7159052,esp32-1,-33.0,87.34081,109.8083,0.0,260.0,-1.0,,PACKET_LOSS
1790752745.054174,pc,-50.0,95.0,85.33333333333333,0.0,9.167671203613281,-1.0,,PACKET_LOSS
1790752747.019926,esp32-1,-34.0,22.669,15.61333,20.0,51.0,-1.0,,PACKET_LOSS
1790752750.0371883,pc,-50.0,29.25,4.0,0.0,0.8587837219238281,-1.0,,PACKET_LOSS
1790752751.8860188,esp32-1,-36.0,182.2148,382.3043,0.0,3.0,-1.0,,PACKET_LOSS
1790752755.0624592,pc,-50.0,31.25,4.0,0.0,0.8974075317382812,-1.0,,PACKET_LOSS
1790752756.565191,esp32-1,-34.0,46.4442,6.278501,0.0,53.0,-1.0,,PACKET_LOSS
1790752760.9483225,pc,-50.0,59.333333333333336,41.0,25.0,11.980772018432617,-1.0,,PACKET_LOSS
1790752762.1974955,esp32-1,-36.0,22.18525,17.672,20.0,192.0,-1.0,,PACKET_LOSS
1790752765.870205,pc,-50.0,114.66666666666667,124.0,25.0,0.9818077087402344,-1.0,,PACKET_LOSS
1790752767.1119554,esp32-1,-35.0,182.762,385.3812,0.0,3.0,-1.0,,PACKET_LOSS
1790752770.0547612,pc,-51.0,97.5,90.66666666666667,0.0,0.8397102355957031,-1.0,,PACKET_LOSS
1790752771.617989,esp32-1,-34.0,87.447,113.771,0.0,264.0,-1.0,,PACKET_LOSS
1790752775.0640757,pc,-52.0,105.25,103.66666666666667,0.0,0.7069110870361328,-1.0,,PACKET_LOSS
1790752777.365828,esp32-1,-33.0,21.87625,17.61133,20.0,53.0,-1.0,,PACKET_LOSS
1790752780.0641809,pc,-51.0,28.75,1.3333333333333333,0.0,13.755559921264648,-1.0,,PACKET_LOSS
1790752781.305599,esp32-1,-35.0,39.1878,8.076,0.0,233.0,-1.0,,PACKET_LOSS
1790752785.9556353,pc,-51.0,30.666666666666668,3.0,25.0,1.2691020965576172,-1.0,,PACKET_LOSS
1790752787.4354427,esp32-1,-34.0,85.52901,61.21167,20.0,4.0,-1.0,,PACKET_LOSS
1790752790.8523364,pc,-51.0,30.0,3.0,25.0,0.7219314575195312,-1.0,,PACKET_LOSS
1790752792.4056373,esp32-1,-34.0,21.6605,17.03767,20.0,52.0,-1.0,,PACKET_LOSS
1790752795.0717528,pc,-50.0,29.5,1.6666666666666667,0.0,10.215044021606445,-1.0,,PACKET_LOSS
1790752796.257065,esp32-1,-34.0,39.0556,6.16075,0.0,184.0,-1.0,,PACKET_LOSS
1790752801.2144084,esp32-1,-35.0,45.9526,5.501002,0.0,53.0,-1.0,,PACKET_LOSS
1790752801.85974,pc,-50.0,27.0,0.0,50.0,1.3363361358642578,-1.0,,PACKET_LOSS
1790752805.3826659,pc,-52.0,67.0,52.333333333333336,0.0,4.8694610595703125,-1.0,,PACKET_LOSS
1790752807.0570934,esp32-1,-34.0,22.06025,17.182,20.0,51.0,-1.0,,PACKET_LOSS
1790752810.3763156,pc,-50.0,95.0,90.66666666666667,0.0,10.918855667114258,-1.0,,PACKET_LOSS
1790752811.2475405,esp32-1,-35.0,38.733,6.485,0.0,53.0,-1.0,,PACKET_LOSS
1790752815.8953128,pc,-50.0,27.333333333333332,0.5,25.0,1.2714862823486328,-1.0,,PACKET_LOSS
1790752816.3185124,esp32-1,-34.0,45.9692,6.013,0.0,52.0,-1.0,,PACKET_LOSS
1790752820.3987675,pc,-50.0,31.0,4.333333333333333,0.0,5.542755126953125,-1.0,,PACKET_LOSS
1790752822.1068683,esp32-1,-33.0,21.60425,16.78233,20.0,51.0,-1.0,,PACKET_LOSS
1790752825.957051,pc,-52.0,138.66666666666666,166.0,25.0,12.106895446777344,-1.0,,PACKET_LOSS
1790752826.4597359,esp32-1,-34.0,38.6122,6.351001,0.0,188.0,-1.0,,PACKET_LOSS
1790752830.37037,pc,-52.0,27.5,0.3333333333333333,0.0,0.8955001831054688,-1.0,,PACKET_LOSS
1790752831.216925,esp32-1,-35.0,45.8668,6.082501,0.0,3.0,-1.0,,PACKET_LOSS
1790752835.3554864,pc,-51.0,27.75,1.3333333333333333,0.0,1.3644695281982422,-1.0,,PACKET_LOSS
1790752837.0345085,esp32-1,-35.0,22.37175,16.14533,20.0,56.0,-1.0,,PACKET_LOSS
1790752840.3602278,pc,-51.0,91.75,85.0,0.0,0.7276535034179688,-1.0,,PACKET_LOSS
1790752841.3087378,esp32-1,-36.0,38.7474,6.53025,0.0,241.0,-1.0,,PACKET_LOSS
1790752846.1497788,pc,-51.0,94.33333333333333,99.5,25.0,11.148691177368164,-1.0,,PACKET_LOSS
1790752847.2212873,esp32-1,-36.0,87.13326,65.97334,20.0,4.0,-1.0,,PACKET_LOSS
1790752852.1690903,esp32-1,-32.0,22.4765,18.154,20.0,201.0,-1.0,,PACKET_LOSS
1790752852.2350774,pc,-50.0,191.0,328.0,50.0,0.8320808410644531,-1.0,,PACKET_LOSS
1790752856.3054368,esp32-1,-33.0,38.5586,6.93425,0.0,193.0,-1.0,,PACKET_LOSS
1790752856.4006581,pc,-50.0,71.66666666666667,62.0,25.0,0.7371902465820312,-1.0,,PACKET_LOSS
1790752861.4244022,esp32-1,-35.0,45.5198,5.770499,0.0,175.0,-1.0,,PACKET_LOSS
1790752861.4476688,pc,-50.0,43.0,20.0,25.0,11.688470840454102,-1.0,,PACKET_LOSS
1790752866.4242318,pc,-50.0,32.666666666666664,2.0,25.0,0.7174015045166016,-1.0,,PACKET_LOSS
1790752867.0585904,esp32-1,-36.0,22.23525,16.12433,20.0,49.0,-1.0,,PACKET_LOSS
1790752870.6980138,pc,-51.0,30.75,3.3333333333333335,0.0,0.7717609405517578,-1.0,,PACKET_LOSS
1790752871.6813304,esp32-1,-34.0,56.4092,28.6355,0.0,440.0,-1.0,,PACKET_LOSS
1790752876.4106596,pc,-54.0,27.666666666666668,0.5,25.0,9.721040725708008,-1.0,,PACKET_LOSS
1790752877.2851307,esp32-1,-35.0,87.92924,67.074,20.0,8.0,-1.0,,PACKET_LOSS
1790752881.442831,pc,-50.0,105.66666666666667,119.5,25.0,0.8778572082519531,-1.0,,PACKET_LOSS
1790752882.3155367,esp32-1,-35.0,92.333,76.68733,20.0,4.0,-1.0,,PACKET_LOSS
1790752886.4515324,pc,-51.0,31.0,3.5,25.0,0.7371902465820312,-1.0,,PACKET_LOSS
1790752886.8504655,esp32-1,-36.0,183.1454,194.5888,0.0,3.0,-1.0,,PACKET_LOSS
1790752890.9612608,pc,-51.0,108.75,102.33333333333333,0.0,10.831117630004883,-1.0,,PACKET_LOSS
1790752891.5315824,esp32-1,-34.0,65.70701,81.71725,0.0,53.0,-1.0,,PACKET_LOSS
1790752895.843815,pc,-51.0,105.25,149.66666666666666,0.0,4.068136215209961,-1.0,,PACKET_LOSS
1790752897.0632665,esp32-1,-35.0,22.4405,17.47633,20.0,45.0,-1.0,,PACKET_LOSS
1790752900.691183,pc,-51.0,75.75,125.33333333333333,0.0,1.0328292846679688,-1.0,,PACKET_LOSS
1790752901.370594,esp32-1,-34.0,38.4228,6.370999,0.0,250.0,-1.0,,PACKET_LOSS
1790752906.4057117,esp32-1,-32.0,45.0876,6.386749,0.0,234.0,-1.0,,PACKET_LOSS
1790752907.4371884,pc,-50.0,31.5,3.0,50.0,20.20573616027832,-1.0,,PACKET_LOSS
1790752910.89069,pc,-52.0,83.5,46.666666666666664,0.0,0.8521080017089844,-1.0,,PACKET_LOSS
1790752911.2969818,esp32-1,-32.0,51.882,0.931251,0.0,156.0,-1.0,,PACKET_LOSS
1790752916.4168363,esp32-1,-34.0,38.2708,6.451251,0.0,201.0,-1.0,,PACKET_LOSS
1790752916.6009848,pc,-51.0,27.333333333333332,1.0,25.0,159.75666046142578,-1.0,,PACKET_LOSS
1790752921.1556547,esp32-1,-32.0,44.834,6.13,0.0,53.0,-1.0,,PACKET_LOSS
1790752921.7087743,pc,-51.0,172.66666666666666,140.5,25.0,1.4653205871582031,-1.0,,PACKET_LOSS
1790752926.410055,pc,-51.0,28.333333333333332,0.5,25.0,0.8099079132080078,-1.0,,PACKET_LOSS
1790752927.018331,esp32-1,-34.0,22.36975,17.87233,20.0,45.0,-1.0,,PACKET_LOSS
1790752931.3609214,pc,-51.0,99.33333333333333,217.0,25.0,5.330324172973633,-1.0,,PACKET_LOSS
1790752931.8050034,esp32-1,-32.0,185.9198,140.4523,0.0,2.0,-1.0,,PACKET_LOSS
1790752935.8686473,pc,-51.0,89.0,162.0,0.0,0.7541179656982422,-1.0,,PACKET_LOSS
1790752936.4060664,esp32-1,-33.0,44.8832,6.328249,0.0,238.0,-1.0,,PACKET_LOSS
1790752940.890393,pc,-51.0,30.25,2.3333333333333335,0.0,15.570640563964844,-1.0,,PACKET_LOSS
1790752942.1199727,esp32-1,-36.0,21.973,16.61733,20.0,45.0,-1.0,,PACKET_LOSS
1790752946.3428757,pc,-51.0,37.666666666666664,16.0,25.0,0.6067752838134766,-1.0,,PACKET_LOSS
1790752947.2399588,esp32-1,-35.0,66.34525,74.58233,20.0,4.0,-1.0,,PACKET_LOSS
1790752951.3366926,esp32-1,-33.0,67.474,80.4545,0.0,42.0,-1.0,,PACKET_LOSS
1790752951.439549,pc,-50.0,30.0,2.0,25.0,1.3394355773925781,-1.0,,PACKET_LOSS
1790752956.9155178,pc,-51.0,28.333333333333332,2.0,25.0,15.143394470214844,-1.0,,PACKET_LOSS
1790752957.484133,esp32-1,-33.0,21.989,17.262,20.0,45.0,-1.0,,PACKET_LOSS
1790752960.8987582,pc,-50.0,79.75,68.66666666666667,0.0,0.7112026214599609,-1.0,,PACKET_LOSS
1790752961.6805599,esp32-1,-33.0,99.34019,97.96574,0.0,225.0,-1.0,,PACKET_LOSS
1790752965.9064827,pc,-51.0,45.5,21.666666666666668,0.0,1.3501644134521484,-1.0,,PACKET_LOSS
1790752966.9882379,esp32-1,-33.0,24.00675,14.35733,20.0,3.0,-1.0,,PACKET_LOSS
1790752971.4101903,pc,-50.0,29.0,3.0,25.0,0.7467269897460938,-1.0,,PACKET_LOSS
1790752972.0107205,esp32-1,-32.0,21.7645,15.85867,20.0,44.0,-1.0,,PACKET_LOSS
1790752977.3467982,esp32-1,-34.0,28.02925,23.979,20.0,209.0,-1.0,,PACKET_LOSS
1790752981.6991813,pc,-50.0,28.333333333333332,1.5,25.0,0.9229183197021484,15.823112251855017,,PACKET_LOSS
1790752982.2614079,esp32-1,-35.0,109.7984,109.203,0.0,191.0,-1.0,,PACKET_LOSS
1790752985.1419077,pc,-51.0,158.5,270.3333333333333,0.0,4.9495697021484375,-1.0,,PACKET_LOSS
1790752987.2809606,esp32-1,-34.0,23.90875,19.12267,20.0,259.0,-1.0,,PACKET_LOSS
1790752990.1723933,pc,-51.0,28.0,1.6666666666666667,0.0,12.941837310791016,-1.0,,PACKET_LOSS
1790752991.9129612,esp32-1,-31.0,188.8534,142.1595,0.0,3.0,-1.0,,PACKET_LOSS
1790752995.210418,pc,-51.0,106.25,105.33333333333333,0.0,0.9241104125976562,-1.0,,PACKET_LOSS
1790752997.244176,esp32-1,-33.0,91.27225,68.265,20.0,4.0,-1.0,,PACKET_LOSS
1790753001.8841128,pc,-51.0,123.0,192.0,50.0,0.78582763671875,-1.0,,PACKET_LOSS
1790753002.6409795,esp32-1,-32.0,23.95225,19.80633,20.0,53.0,-1.0,,PACKET_LOSS
1790753005.3288717,pc,-51.0,65.5,50.666666666666664,0.0,11.75379753112793,-1.0,,PACKET_LOSS
1790753007.250726,esp32-1,-35.0,205.502,444.1848,0.0,193.0,-1.0,,PACKET_LOSS
1790753010.3052313,pc,-51.0,28.5,1.3333333333333333,0.0,0.8056163787841797,-1.0,,PACKET_LOSS
1790753011.2788541,esp32-1,-33.0,73.36,37.83675,0.0,28.0,-1.0,,PACKET_LOSS
1790753015.9155092,pc,-51.0,31.666666666666668,11.0,25.0,0.8795261383056641,-1.0,,PACKET_LOSS
1790753017.2857308,esp32-1,-33.0,23.8505,19.69267,20.0,264.0,-1.0,,PACKET_LOSS
1790753020.883595,pc,-51.0,30.0,4.5,25.0,13.398408889770508,-1.0,,PACKET_LOSS
1790753021.4840364,esp32-1,-34.0,40.9062,6.227,0.0,249.0,-1.0,,PACKET_LOSS
1790753026.600413,esp32-1,-34.0,84.0576,52.66425,0.0,303.0,-1.0,,PACKET_LOSS
1790753027.881329,pc,-51.0,31.0,0.0,75.0,1.2955665588378906,-1.0,,PACKET_LOSS
1790753031.3307867,pc,-51.0,65.5,53.666666666666664,0.0,0.7688999176025391,-1.0,,PACKET_LOSS
1790753032.1941803,esp32-1,-35.0,23.738,19.75533,20.0,214.0,-1.0,,PACKET_LOSS
1790753036.4332204,esp32-1,-35.0,40.6812,6.83925,0.0,201.0,-1.0,,PACKET_LOSS
1790753036.9958813,pc,-52.0,48.0,31.0,25.0,10.879755020141602,-1.0,,PACKET_LOSS
1790753041.6574786,esp32-1,-35.0,38.4222,12.29675,0.0,530.0,-1.0,,PACKET_LOSS
1790753042.230102,pc,-53.0,131.0,150.0,25.0,0.8990764617919922,-1.0,,PACKET_LOSS
1790753047.3914433,esp32-1,-34.0,54.2506,15.0385,0.0,53.0,-1.0,,PACKET_LOSS
1790753047.8477106,pc,-52.0,28.5,1.0,50.0,0.8831024169921875,-1.0,,PACKET_LOSS
1790753051.300253,pc,-52.0,86.5,125.0,0.0,0.9179115295410156,-1.0,,PACKET_LOSS
1790753051.8973846,esp32-1,-36.0,40.6964,6.19475,0.0,53.0,-1.0,,PACKET_LOSS
1790753056.94099,pc,-51.0,27.666666666666668,0.5,25.0,0.7939338684082031,-1.0,,PACKET_LOSS
1790753057.452141,esp32-1,-34.0,47.8246,6.971749,0.0,53.0,-1.0,,PACKET_LOSS
1790753061.902287,pc,-51.0,30.333333333333332,10.0,25.0,4.0607452392578125,-1.0,,PACKET_LOSS
1790753062.3952754,esp32-1,-34.0,24.00925,19.66734,20.0,216.0,-1.0,,PACKET_LOSS
1790753066.1404119,esp32-1,-33.0,40.9968,6.327,0.0,52.0,-1.0,,PACKET_LOSS
1790753066.302946,pc,-51.0,84.0,150.33333333333334,0.0,5.722999572753906,-1.0,,PACKET_LOSS
1790753071.3418546,pc,-51.0,89.75,162.0,0.0,0.8540153503417969,-1.0,,PACKET_LOSS
1790753071.8170564,esp32-1,-32.0,68.446,86.707,0.0,186.0,-1.0,,PACKET_LOSS
1790753076.9380345,pc,-51.0,27.333333333333332,0.5,25.0,0.8203983306884766,-1.0,,PACKET_LOSS
1790753077.5508423,esp32-1,-33.0,23.804,19.709,20.0,53.0,-1.0,,PACKET_LOSS
1790753081.32466,pc,-51.0,27.75,1.0,0.0,0.7500648498535156,-1.0,,PACKET_LOSS
1790753081.959043,esp32-1,-34.0,210.7444,456.8278,0.0,25.0,-1.0,,PACKET_LOSS
1790753086.941327,pc,-51.0,98.66666666666667,164.0,25.0,1.2354850769042969,-1.0,,PACKET_LOSS
1790753087.4536097,esp32-1,-33.0,75.5015,158.729,20.0,17.0,-1.0,,PACKET_LOSS
1790753091.3237944,pc,-50.0,42.25,15.0,0.0,0.7674694061279297,-1.0,,PACKET_LOSS
1790753093.2057729,esp32-1,-35.0,23.6535,19.46067,20.0,53.0,-1.0,,PACKET_LOSS
1790753096.3075998,pc,-50.0,39.0,9.666666666666666,0.0,0.7150173187255859,-1.0,,PACKET_LOSS
1790753096.954222,esp32-1,-34.0,195.7348,161.204,0.0,3.0,-1.0,,PACKET_LOSS
1790753101.3118517,esp32-1,-34.0,70.3822,82.09675,0.0,41.0,-1.0,,PACKET_LOSS
1790753101.3296082,pc,-52.0,45.25,25.666666666666668,0.0,0.7421970367431641,-1.0,,PACKET_LOSS
1790753106.3579552,pc,-50.0,33.5,8.666666666666666,0.0,58.43758583068848,-1.0,,PACKET_LOSS
1790753107.4006035,esp32-1,-35.0,23.3445,18.07067,20.0,275.0,-1.0,,PACKET_LOSS
1790753111.3541074,esp32-1,-35.0,82.1482,57.63875,0.0,51.0,-1.0,,PACKET_LOSS
1790753111.946719,pc,-50.0,30.0,2.5,25.0,0.9431838989257812,-1.0,,PACKET_LOSS
1790753116.3125799,pc,-50.0,28.0,1.6666666666666667,0.0,9.682893753051758,-1.0,,PACKET_LOSS
1790753116.8354244,esp32-1,-33.0,47.3226,6.008251,0.0,245.0,-1.0,,PACKET_LOSS
1790753121.2984052,pc,-51.0,29.75,4.333333333333333,0.0,0.9884834289550781,-1.0,,PACKET_LOSS
1790753122.280534,esp32-1,-33.0,23.337,18.202,20.0,226.0,-1.0,,PACKET_LOSS
1790753126.8617089,pc,-51.0,28.666666666666668,2.0,25.0,0.9555816650390625,-1.0,,PACKET_LOSS
1790753127.3216958,esp32-1,-36.0,213.8818,464.2055,0.0,5.0,-1.0,,PACKET_LOSS
1790753131.3226933,esp32-1,-34.0,47.1112,6.4365,0.0,195.0,-1.0,,PACKET_LOSS
1790753131.3305333,pc,-51.0,28.25,2.6666666666666665,0.0,15.354394912719727,-1.0,,PACKET_LOSS
1790753136.9282196,pc,-51.0,28.0,1.0,25.0,0.8893013000488281,-1.0,,PACKET_LOSS
1790753137.3591897,esp32-1,-34.0,22.9945,18.38433,20.0,177.0,-1.0,,PACKET_LOSS
1790753141.8885448,esp32-1,-35.0,199.077,216.9,0.0,3.0,-1.0,,PACKET_LOSS
1790753142.8549325,pc,-51.0,28.5,3.0,50.0,0.7104873657226562,-1.0,,PACKET_LOSS
1790753146.3114762,pc,-50.0,82.25,67.0,0.0,10.386943817138672,-1.0,,PACKET_LOSS
1790753147.2760563,esp32-1,-33.0,94.9675,73.72633,20.0,4.0,-1.0,,PACKET_LOSS
1790753151.9216175,pc,-51.0,28.333333333333332,1.0,25.0,1.413583755493164,-1.0,,PACKET_LOSS
1790753152.4051144,esp32-1,-33.0,22.8165,16.768,20.0,231.0,-1.0,,PACKET_LOSS
1790753156.3110697,esp32-1,-34.0,39.8992,6.486249,0.0,217.0,-1.0,,PACKET_LOSS
1790753156.3412647,pc,-51.0,31.0,5.0,0.0,0.7505416870117188,-1.0,,PACKET_LOSS
1790753161.3400412,pc,-52.0,31.0,2.0,0.0,10.63227653503418,-1.0,,PACKET_LOSS
1790753162.2394419,esp32-1,-35.0,46.7838,6.2045,0.0,53.0,-1.0,,PACKET_LOSS
1790753166.2030427,esp32-1,-35.0,53.7456,4.078251,0.0,52.0,-1.0,,PACKET_LOSS
1790753166.3746438,pc,-50.0,52.5,22.0,0.0,0.598907470703125,-1.0,,PACKET_LOSS
1790753171.3460474,pc,-51.0,49.25,11.333333333333334,0.0,0.9610652923583984,-1.0,,PACKET_LOSS
1790753171.9149866,esp32-1,-35.0,103.851,90.1565,0.0,40.0,-1.0,,PACKET_LOSS
1790753176.219525,esp32-1,-34.0,47.0444,7.0625,0.0,52.0,-1.0,,PACKET_LOSS
1790753176.3474996,pc,-51.0,47.25,12.333333333333334,0.0,12.958526611328125,-1.0,,PACKET_LOSS
1790753181.4035776,pc,-51.0,70.25,12.0,0.0,0.7312297821044922,-1.0,,PACKET_LOSS
1790753182.2583845,esp32-1,-34.0,213.6022,80.436,0.0,3.0,-1.0,,PACKET_LOSS
1790753187.4400566,esp32-1,-34.0,237.373,227.9903,0.0,155.0,-1.0,,PACKET_LOSS
1790753188.0363853,pc,-51.0,83.5,79.0,50.0,155.07960319519043,-1.0,,PACKET_LOSS
1790753191.4745486,esp32-1,-33.0,46.5476,6.127749,0.0,205.0,-1.0,,PACKET_LOSS
1790753191.4865243,pc,-50.0,62.5,47.0,0.0,10.072469711303711,-1.0,,PACKET_LOSS
1790753196.522368,pc,-50.0,33.75,15.666666666666666,0.0,1.3263225555419922,-1.0,,PACKET_LOSS
1790753197.515983,esp32-1,-34.0,22.23825,17.699,20.0,186.0,-1.0,,PACKET_LOSS
1790753201.4082701,esp32-1,-34.0,84.20461,62.218,0.0,36.0,-1.0,,PACKET_LOSS
1790753201.5145936,pc,-50.0,34.25,6.666666666666667,0.0,0.7600784301757812,-1.0,,PACKET_LOSS
1790753206.220417,esp32-1,-32.0,46.5338,6.3095,0.0,52.0,-1.0,,PACKET_LOSS
1790753206.7878532,pc,-51.0,101.75,96.33333333333333,0.0,11.249542236328125,-1.0,,PACKET_LOSS
1790753212.1606069,esp32-1,-34.0,22.54375,17.936,20.0,50.0,-1.0,,PACKET_LOSS
1790753212.7343457,pc,-51.0,164.66666666666666,150.5,25.0,1.3666152954101562,-1.0,,PACKET_LOSS
1790753217.0073972,esp32-1,-35.0,205.2996,169.7408,0.0,5.0,-1.0,,PACKET_LOSS
1790753217.6885855,pc,-52.0,136.33333333333334,122.0,25.0,18.984556198120117,-1.0,,PACKET_LOSS
1790753221.2722583,esp32-1,-35.0,46.2558,6.30075,0.0,53.0,-1.0,,PACKET_LOSS
1790753221.8459618,pc,-50.0,108.25,107.66666666666667,0.0,16.50381088256836,-1.0,,PACKET_LOSS
1790753227.2139723,esp32-1,-34.0,21.95575,17.31367,20.0,192.0,-1.0,,PACKET_LOSS
1790753228.3904524,pc,-51.0,120.0,176.0,50.0,2.866983413696289,-1.0,,PACKET_LOSS
1790753231.3091552,esp32-1,-32.0,39.426,6.85275,0.0,178.0,-1.0,,PACKET_LOSS
1790753231.8725874,pc,-51.0,65.0,49.333333333333336,0.0,0.7510185241699219,-1.0,,PACKET_LOSS
1790753236.4299371,esp32-1,-35.0,45.9868,5.941249,0.0,263.0,-1.0,,PACKET_LOSS
1790753237.4422843,pc,-51.0,33.0,4.5,25.0,13.211250305175781,-1.0,,PACKET_LOSS
1790753242.2787268,esp32-1,-34.0,22.09525,16.79567,20.0,244.0,-1.0,,PACKET_LOSS
1790753242.631387,pc,-51.0,36.0,6.0,25.0,160.03823280334473,-1.0,,PACKET_LOSS
1790753247.4195473,pc,-52.0,27.333333333333332,0.5,25.0,0.7300376892089844,-1.0,,PACKET_LOSS
1790753247.929539,esp32-1,-33.0,27.648,0.436,20.0,612.0,-1.0,,PACKET_LOSS
1790753251.3425932,esp32-1,-33.0,45.9342,5.765501,0.0,215.0,-1.0,,PACKET_LOSS
1790753251.889577,pc,-50.0,42.5,20.333333333333332,0.0,10.139942169189453,-1.0,,PACKET_LOSS
1790753256.8407707,pc,-50.0,98.75,94.33333333333333,0.0,0.8873939514160156,-1.0,,PACKET_LOSS
1790753257.4227152,esp32-1,-33.0,21.659,16.70067,20.0,196.0,-1.0,,PACKET_LOSS
1790753261.8598223,pc,-51.0,28.25,1.3333333333333333,0.0,1.4777183532714844,-1.0,,PACKET_LOSS
1790753262.3379936,esp32-1,-34.0,207.9484,226.852,0.0,3.0,-1.0,,PACKET_LOSS
1790753266.3922114,esp32-1,-32.0,45.9224,5.83325,0.0,268.0,-1.0,,PACKET_LOSS
1790753266.984806,pc,-51.0,58.25,38.0,0.0,10.020017623901367,-1.0,,PACKET_LOSS
1790753271.8609676,pc,-51.0,29.75,1.0,0.0,1.3740062713623047,-1.0,,PACKET_LOSS
1790753272.3285086,esp32-1,-33.0,21.62075,16.886,20.0,52.0,-1.0,,PACKET_LOSS
1790753276.3244226,esp32-1,-35.0,39.062,6.07675,0.0,235.0,-1.0,,PACKET_LOSS
1790753276.8557067,pc,-50.0,39.0,17.666666666666668,0.0,0.7567405700683594,-1.0,,PACKET_LOSS
1790753282.3065317,esp32-1,-34.0,86.08725,64.04267,20.0,4.0,-1.0,,PACKET_LOSS
1790753287.527856,esp32-1,-35.0,69.47975,63.289,20.0,231.0,-1.0,,PACKET_LOSS
1790753289.773594,pc,-51.0,28.75,2.0,0.0,0.7569789886474609,10.589442671111714,,PACKET_LOSS
1790753291.37141,esp32-1,-33.0,45.1548,6.1985,0.0,256.0,-1.0,,PACKET_LOSS
1790753293.9309707,pc,-50.0,73.33333333333333,69.5,25.0,1.3587474822998047,-1.0,,PACKET_LOSS
1790753297.02102,esp32-1,-34.0,22.12,18.414,20.0,46.0,-1.0,,PACKET_LOSS
1790753298.23589,pc,-50.0,29.25,2.6666666666666665,0.0,14.796018600463867,-1.0,,PACKET_LOSS
1790753301.6970716,esp32-1,-33.0,72.702,49.1145,0.0,359.0,-1.0,,PACKET_LOSS
1790753303.2252288,pc,-50.0,39.25,31.666666666666668,0.0,0.7669925689697266,-1.0,,PACKET_LOSS
1790753306.3378766,esp32-1,-33.0,45.141,6.252501,0.0,208.0,-1.0,,PACKET_LOSS
1790753308.8874004,pc,-52.0,27.666666666666668,1.0,25.0,0.8473396301269531,-1.0,,PACKET_LOSS
1790753312.1076615,esp32-1,-34.0,22.928,19.97933,20.0,3.0,-1.0,,PACKET_LOSS
1790753313.2365994,pc,-51.0,29.75,5.333333333333333,0.0,5.074262619018555,-1.0,,PACKET_LOSS
1790753316.4068468,esp32-1,-34.0,38.0418,6.305249,0.0,176.0,-1.0,,PACKET_LOSS
1790753318.1932058,pc,-50.0,35.25,8.666666666666666,0.0,0.7822513580322266,-1.0,,PACKET_LOSS
1790753321.5286877,esp32-1,-34.0,45.5594,6.665001,0.0,259.0,-1.0,,PACKET_LOSS
1790753323.2056465,pc,-52.0,45.5,47.0,0.0,0.8885860443115234,-1.0,,PACKET_LOSS
1790753327.0257652,esp32-1,-35.0,22.4595,14.953,20.0,44.0,-1.0,,PACKET_LOSS
1790753328.2413943,pc,-51.0,29.25,1.6666666666666667,0.0,9.516716003417969,-1.0,,PACKET_LOSS
1790753331.3874269,esp32-1,-34.0,38.051,7.076999,0.0,230.0,-1.0,,PACKET_LOSS
1790753333.222597,pc,-51.0,28.75,1.0,0.0,0.7297992706298828,-1.0,,PACKET_LOSS
1790753337.6272504,esp32-1,-34.0,227.954,402.0402,0.0,583.0,-1.0,,PACKET_LOSS
1790753338.2335298,pc,-50.0,31.0,4.666666666666667,0.0,0.7541179656982422,-1.0,,PACKET_LOSS
1790753342.0398703,esp32-1,-35.0,23.1475,20.68367,20.0,41.0,-1.0,,PACKET_LOSS
1790753344.879618,pc,-51.0,37.5,19.0,50.0,0.7836818695068359,-1.0,,PACKET_LOSS
1790753346.3078923,esp32-1,-35.0,63.2986,37.90775,0.0,27.0,-1.0,,PACKET_LOSS
1790753348.300002,pc,-52.0,67.25,44.0,0.0,0.8957386016845703,-1.0,,PACKET_LOSS
1790753351.3803384,esp32-1,-34.0,85.78201,118.0525,0.0,52.0,-1.0,,PACKET_LOSS
1790753353.8904533,pc,-51.0,30.333333333333332,2.0,25.0,8.922100067138672,-1.0,,PACKET_LOSS
1790753357.1637652,esp32-1,-36.0,21.81875,17.146,20.0,45.0,-1.0,,PACKET_LOSS
1790753358.3191879,pc,-51.0,29.75,2.6666666666666665,0.0,0.7936954498291016,-1.0,,PACKET_LOSS
1790753362.3112674,esp32-1,-34.0,37.5362,6.12825,0.0,53.0,-1.0,,PACKET_LOSS
1790753363.318361,pc,-51.0,29.0,1.6666666666666667,0.0,0.8854866027832031,-1.0,,PACKET_LOSS
1790753367.097692,esp32-1,-34.0,230.2616,405.6223,0.0,49.0,-1.0,,PACKET_LOSS
1790753368.3311322,pc,-51.0,27.5,0.6666666666666666,0.0,0.8251667022705078,-1.0,,PACKET_LOSS
1790753373.2415106,esp32-1,-36.0,45.10275,7.910333,20.0,53.0,-1.0,,PACKET_LOSS
1790753373.387723,pc,-50.0,37.75,9.333333333333334,0.0,1.322031021118164,-1.0,,PACKET_LOSS
1790753377.2346716,esp32-1,-32.0,28.23075,21.377,20.0,182.0,-1.0,,PACKET_LOSS
1790753378.904043,pc,-51.0,101.66666666666667,109.0,25.0,10.128498077392578,-1.0,,PACKET_LOSS
1790753381.393393,esp32-1,-34.0,44.3704,6.355751,0.0,272.0,-1.0,,PACKET_LOSS
1790753384.8803356,pc,-51.0,30.0,6.0,50.0,1.3217926025390625,-1.0,,PACKET_LOSS
1790753387.0706756,esp32-1,-33.0,21.89675,16.494,20.0,43.0,-1.0,,PACKET_LOSS
1790753388.3286684,pc,-51.0,150.25,200.66666666666666,0.0,0.6213188171386719,-1.0,,PACKET_LOSS
1790753392.0593252,esp32-1,-34.0,29.9245,28.04033,20.0,44.0,-1.0,,PACKET_LOSS
1790753393.874631,pc,-51.0,124.33333333333333,146.0,25.0,8.199691772460938,-1.0,,PACKET_LOSS
1790753396.419577,esp32-1,-35.0,43.9596,6.02875,0.0,224.0,-1.0,,PACKET_LOSS
1790753398.9426587,pc,-50.0,51.666666666666664,37.0,25.0,0.7445812225341797,-1.0,,PACKET_LOSS
1790753402.1186156,esp32-1,-34.0,21.778,17.61366,20.0,43.0,-1.0,,PACKET_LOSS
1790753403.9289176,pc,-51.0,29.666666666666668,4.0,25.0,10.15019416809082,-1.0,,PACKET_LOSS
1790753407.3430471,esp32-1,-34.0,27.70575,24.68533,20.0,187.0,-1.0,,PACKET_LOSS
1790753410.8985677,pc,-53.0,28.0,0.0,75.0,1.3301372528076172,-1.0,,PACKET_LOSS
1790753411.5402398,esp32-1,-34.0,43.9086,6.207251,0.0,276.0,-1.0,,PACKET_LOSS
1790753414.871472,pc,-53.0,72.0,66.5,25.0,0.7913112640380859,-1.0,,PACKET_LOSS
1790753417.027926,esp32-1,-33.0,21.531,16.95667,20.0,43.0,-1.0,,PACKET_LOSS
1790753419.903346,pc,-52.0,115.0,250.5,25.0,7.188320159912109,-1.0,,PACKET_LOSS
1790753422.251008,esp32-1,-35.0,27.45875,23.738,20.0,241.0,-1.0,,PACKET_LOSS
1790753424.3484554,pc,-50.0,41.5,14.0,0.0,9.74726676940918,-1.0,,PACKET_LOSS
1790753427.2414331,esp32-1,-34.0,85.5135,66.44733,20.0,4.0,-1.0,,PACKET_LOSS
1790753429.3607378,pc,-52.0,30.25,2.3333333333333335,0.0,13.773679733276367,-1.0,,PACKET_LOSS
1790753432.128957,esp32-1,-32.0,21.69525,16.95633,20.0,41.0,-1.0,,NORMAL
1790753434.3631535,pc,-52.0,29.75,3.6666666666666665,0.0,12.707233428955078,-1.0,,NORMAL
1790753437.3467484,esp32-1,-33.0,27.29,24.37733,20.0,192.0,-1.0,,NORMAL
1790753439.3436635,pc,-51.0,27.0,0.0,0.0,0.804901123046875,-1.0,,NORMAL
1790753441.3028555,esp32-1,-34.0,43.4384,6.289751,0.0,179.0,-1.0,,NORMAL
1790753444.3579082,pc,-53.0,37.75,23.0,0.0,12.701988220214844,-1.0,,NORMAL
1790753447.1761804,esp32-1,-34.0,21.5645,16.751,20.0,44.0,-1.0,,NORMAL
1790753449.359549,pc,-51.0,49.0,28.333333333333332,0.0,0.7541179656982422,-1.0,,NORMAL
1790753452.3978412,esp32-1,-33.0,27.1815,24.12667,20.0,248.0,-1.0,,NORMAL
1790753454.3306787,pc,-50.0,31.25,6.666666666666667,0.0,1.077890396118164,-1.0,,NORMAL
1790753456.3591537,esp32-1,-33.0,43.379,6.217749,0.0,233.0,-1.0,,NORMAL
1790753459.367676,pc,-52.0,29.5,3.0,0.0,11.668205261230469,-1.0,,NORMAL
1790753462.127994,esp32-1,-33.0,21.69325,16.75367,20.0,39.0,-1.0,,NORMAL
1790753464.348094,pc,-50.0,30.25,4.666666666666667,0.0,0.7588863372802734,-1.0,,NORMAL
1790753467.3505914,esp32-1,-34.0,26.8315,23.91133,20.0,197.0,-1.0,,NORMAL
1790753469.3523083,pc,-52.0,44.5,21.0,0.0,0.9140968322753906,-1.0,,NORMAL
1790753471.9907792,esp32-1,-33.0,22.98875,9.304334,20.0,3.0,-1.0,,NORMAL
1790753474.4108667,pc,-52.0,113.25,150.0,0.0,22.02892303466797,-1.0,,NORMAL
1790753477.0787585,esp32-1,-32.0,21.7125,16.83433,20.0,38.0,-1.0,,NORMAL
1790753479.344507,pc,-53.0,108.25,208.33333333333334,0.0,0.7529258728027344,-1.0,,NORMAL
1790753482.3088868,esp32-1,-34.0,26.71725,23.476,20.0,251.0,-1.0,,NORMAL
1790753484.3227081,pc,-51.0,32.75,9.666666666666666,0.0,0.7839202880859375,-1.0,,NORMAL
1790753487.2632809,esp32-1,-35.0,87.19175,70.03166,20.0,4.0,-1.0,,NORMAL
1790753489.3661578,pc,-51.0,49.5,20.0,0.0,10.2386474609375,-1.0,,NORMAL
1790753492.1349535,esp32-1,-33.0,22.4605,17.10667,20.0,35.0,-1.0,,NORMAL
1790753494.3360589,pc,-50.0,49.75,29.333333333333332,0.0,5.050897598266602,-1.0,,NORMAL
1790753497.354718,esp32-1,-33.0,26.213,22.95934,20.0,203.0,-1.0,,NORMAL
1790753499.3746986,pc,-51.0,53.25,33.666666666666664,0.0,0.7448196411132812,-1.0,,NORMAL
1790753501.2950208,esp32-1,-32.0,42.909,6.1015,0.0,53.0,-1.0,,NORMAL
1790753504.3531787,pc,-51.0,53.75,36.333333333333336,0.0,11.965513229370117,-1.0,,NORMAL
1790753507.0201242,esp32-1,-34.0,22.191,17.54467,20.0,35.0,-1.0,,NORMAL
1790753509.3450427,pc,-51.0,147.25,99.0,0.0,1.3289451599121094,-1.0,,NORMAL
1790753512.3097866,esp32-1,-35.0,26.02025,22.76667,20.0,257.0,-1.0,,NORMAL
1790753514.3334243,pc,-51.0,74.75,52.0,0.0,0.8523464202880859,-1.0,,NORMAL
1790753516.5206344,esp32-1,-35.0,42.6142,6.292751,0.0,52.0,-1.0,,NORMAL
1790753519.356997,pc,-51.0,80.75,62.333333333333336,0.0,10.060310363769531,-1.0,,NORMAL
1790753522.1370819,esp32-1,-35.0,21.89525,17.65967,20.0,34.0,-1.0,,NORMAL
1790753524.3572114,pc,-50.0,90.5,82.0,0.0,0.7560253143310547,-1.0,,NORMAL
1790753527.3582532,esp32-1,-31.0,25.80925,22.16867,20.0,208.0,-1.0,,NORMAL
1790753529.353017,pc,-52.0,94.25,85.0,0.0,0.7541179656982422,-1.0,,NORMAL
1790753531.5014987,esp32-1,-36.0,70.70959,42.424,0.0,12.0,-1.0,,NORMAL
1790753534.3250341,pc,-51.0,29.25,3.0,0.0,8.582353591918945,-1.0,,NORMAL
1790753537.087932,esp32-1,-33.0,22.2865,16.96867,20.0,31.0,-1.0,,NORMAL
1790753539.350891,pc,-51.0,109.0,213.0,0.0,0.7376670837402344,-1.0,,NORMAL
1790753542.2803094,esp32-1,-33.0,26.158,23.08367,20.0,259.0,-1.0,,NORMAL
1790753544.3598309,pc,-50.0,35.5,14.333333333333334,0.0,5.749702453613281,-1.0,,NORMAL
1790753546.7244027,esp32-1,-34.0,42.1922,6.8055,0.0,248.0,-1.0,,NORMAL
1790753549.3538883,pc,-50.0,32.0,9.666666666666666,0.0,13.310670852661133,-1.0,,NORMAL
1790753551.6780624,esp32-1,-34.0,49.0172,8.927251,0.0,231.0,-1.0,,NORMAL
1790753554.3390396,pc,-51.0,32.5,6.0,0.0,3.741025924682617,-1.0,,NORMAL
1790753557.1583652,esp32-1,-34.0,25.41375,22.154,20.0,53.0,-1.0,,NORMAL
1790753559.3542163,pc,-51.0,28.5,1.0,0.0,0.7696151733398438,-1.0,,NORMAL
1790753562.2305596,esp32-1,-34.0,42.1844,6.1495,0.0,53.0,-1.0,,NORMAL
1790753564.3484998,pc,-51.0,27.25,0.3333333333333333,0.0,12.816429138183594,-1.0,,NORMAL
1790753567.1931012,esp32-1,-35.0,22.87,19.38933,20.0,155.0,-1.0,,NORMAL
1790753569.349584,pc,-51.0,32.25,10.666666666666666,0.0,4.216670989990234,-1.0,,NORMAL
1790753572.271655,esp32-1,-35.0,25.1415,21.71833,20.0,266.0,-1.0,,NORMAL
1790753574.331154,pc,-51.0,35.0,15.666666666666666,0.0,1.2614727020263672,-1.0,,NORMAL
1790753576.8295784,esp32-1,-33.0,81.9974,56.0115,0.0,313.0,-1.0,,NORMAL
1790753579.373394,pc,-50.0,41.75,19.666666666666668,0.0,9.562492370605469,-1.0,,NORMAL
1790753582.0205133,esp32-1,-34.0,21.98575,17.35367,20.0,32.0,-1.0,,NORMAL
1790753584.3271914,pc,-52.0,87.5,158.33333333333334,0.0,0.7419586181640625,-1.0,,NORMAL
1790753587.3095777,esp32-1,-32.0,25.1405,21.607,20.0,216.0,-1.0,,NORMAL
1790753589.3709369,pc,-52.0,30.5,3.0,0.0,17.738819122314453,-1.0,,NORMAL
1790753591.990346,esp32-1,-33.0,22.01125,8.889333,20.0,2.0,-1.0,,NORMAL
1790753598.430635,esp32-1,-36.0,69.4296,89.20474,0.0,216.0,-1.0,,NORMAL
1790753599.0762353,pc,-52.0,86.25,151.66666666666666,0.0,10.808467864990234,17.836566627435154,,NORMAL
1790753602.5720692,esp32-1,-36.0,85.97975,66.272,20.0,4.0,-1.0,,NORMAL
1790753602.6433666,pc,-51.0,104.25,97.33333333333333,0.0,0.7283687591552734,-1.0,,NORMAL
1790753607.032288,esp32-1,-33.0,22.32475,17.80167,20.0,40.0,-1.0,,NORMAL
1790753607.6851566,pc,-50.0,107.0,140.33333333333334,0.0,0.7302761077880859,-1.0,,NORMAL
1790753612.3536162,esp32-1,-33.0,27.492,24.51133,20.0,193.0,-1.0,,NORMAL
1790753612.92079,pc,-50.0,121.75,125.0,0.0,10.061264038085938,-1.0,,NORMAL
1790753616.4092095,esp32-1,-35.0,64.274,82.14774,0.0,179.0,-1.0,,NORMAL
1790753617.775987,pc,-50.0,92.5,91.0,0.0,0.7352828979492188,-1.0,,NORMAL
1790753622.0851076,esp32-1,-35.0,22.28325,18.00467,20.0,43.0,-1.0,,NORMAL
1790753622.8006494,pc,-51.0,93.75,88.66666666666667,0.0,1.4276504516601562,-1.0,,NORMAL
1790753627.7278183,esp32-1,-36.0,50.01575,54.703,20.0,524.0,-1.0,,NORMAL
1790753627.8191733,pc,-50.0,103.25,108.66666666666667,0.0,1.2516975402832031,-1.0,,NORMAL
1790753632.1183283,esp32-1,-36.0,23.2615,10.63,20.0,3.0,-1.0,,NORMAL
1790753632.8966715,pc,-51.0,103.5,97.66666666666667,0.0,0.6885528564453125,-1.0,,NORMAL
1790753637.1365285,esp32-1,-35.0,22.20025,17.256,20.0,39.0,-1.0,,NORMAL
1790753637.8651638,pc,-50.0,108.75,103.0,0.0,9.71221923828125,-1.0,,NORMAL
1790753642.5399482,pc,-50.0,49.25,36.333333333333336,0.0,0.7879734039306641,-1.0,,NORMAL
1790753643.1316135,esp32-1,-33.0,27.3495,24.41033,20.0,53.0,-1.0,,NORMAL
1790753647.2258306,esp32-1,-31.0,43.2882,6.599999,0.0,53.0,-1.0,,NORMAL
1790753647.9755313,pc,-50.0,121.25,123.33333333333333,0.0,13.747215270996094,-1.0,,NORMAL
1790753652.0881581,esp32-1,-32.0,21.71325,16.83,20.0,39.0,-1.0,,NORMAL
1790753652.645048,pc,-50.0,58.25,39.0,0.0,0.7345676422119141,-1.0,,NORMAL
1790753657.316629,esp32-1,-35.0,26.815,23.81733,20.0,252.0,-1.0,,NORMAL
1790753657.5443518,pc,-50.0,46.75,50.333333333333336,0.0,0.7984638214111328,-1.0,,NORMAL
1790753661.734022,esp32-1,-34.0,80.558,52.25575,0.0,320.0,-1.0,,NORMAL
1790753662.5445821,pc,-53.0,30.75,5.0,0.0,0.7665157318115234,-1.0,,NORMAL
1790753667.0358021,esp32-1,-35.0,22.161,17.72833,20.0,36.0,-1.0,,NORMAL
1790753667.6468961,pc,-51.0,42.0,21.0,0.0,9.889841079711914,-1.0,,NORMAL
1790753672.3618698,esp32-1,-33.0,26.503,23.315,20.0,203.0,-1.0,,NORMAL
1790753672.55463,pc,-51.0,79.5,127.66666666666667,0.0,0.8533000946044922,-1.0,,NORMAL
1790753676.4591248,esp32-1,-34.0,43.0108,6.3675,0.0,189.0,-1.0,,NORMAL
1790753677.5326278,pc,-51.0,30.0,7.333333333333333,0.0,0.8628368377685547,-1.0,,NORMAL
1790753682.033652,esp32-1,-35.0,21.93275,17.38233,20.0,37.0,-1.0,,NORMAL
1790753682.625509,pc,-51.0,72.75,106.33333333333333,0.0,10.550737380981445,-1.0,,NORMAL
1790753687.4176433,esp32-1,-33.0,26.316,23.14167,20.0,257.0,-1.0,,NORMAL
1790753687.543934,pc,-51.0,49.5,30.0,0.0,0.7655620574951172,-1.0,,NORMAL
1790753692.2290368,esp32-1,-32.0,50.126,81.41801,20.0,3.0,-1.0,,NORMAL
1790753692.7994623,pc,-51.0,90.25,82.66666666666667,0.0,0.705718994140625,-1.0,,NORMAL
1790753697.143671,esp32-1,-34.0,22.0635,17.778,20.0,34.0,-1.0,,NORMAL
1790753697.7145462,pc,-51.0,72.0,57.0,0.0,15.516519546508789,-1.0,,NORMAL
1790753702.368254,esp32-1,-33.0,26.1855,22.74067,20.0,209.0,-1.0,,NORMAL
1790753702.5346754,pc,-50.0,29.5,3.0,0.0,7.529973983764648,-1.0,,NORMAL
1790753706.3143013,esp32-1,-33.0,42.7702,7.197249,0.0,195.0,-1.0,,NORMAL
1790753707.548535,pc,-50.0,27.5,0.3333333333333333,0.0,1.33514404296875,-1.0,,NORMAL
1790753711.233067,esp32-1,-31.0,28.9404,1.89475,0.0,179.0,-1.0,,NORMAL
1790753712.5440736,pc,-50.0,88.5,163.0,0.0,18.704652786254883,-1.0,,NORMAL
1790753717.1135516,esp32-1,-35.0,26.60475,23.60067,20.0,53.0,-1.0,,NORMAL
1790753717.6908143,pc,-51.0,58.25,41.666666666666664,0.0,5.86247444152832,-1.0,,NORMAL
1790753722.2825997,esp32-1,-34.0,42.5616,6.7025,0.0,53.0,-1.0,,NORMAL
1790753722.8108082,pc,-51.0,151.25,227.33333333333334,0.0,1.1012554168701172,-1.0,,NORMAL
1790753727.1494844,esp32-1,-35.0,22.013,17.92967,20.0,33.0,-1.0,,NORMAL
1790753727.721684,pc,-51.0,81.5,71.0,0.0,10.365486145019531,-1.0,,NORMAL
1790753732.314174,esp32-1,-34.0,25.853,22.385,20.0,213.0,-1.0,,NORMAL
1790753732.861304,pc,-51.0,128.25,131.0,0.0,0.782012939453125,-1.0,,NORMAL
1790753736.4688451,esp32-1,-34.0,42.4232,6.51675,0.0,201.0,-1.0,,NORMAL
1790753737.5301995,pc,-51.0,60.0,33.666666666666664,0.0,0.8397102355957031,-1.0,,NORMAL
1790753742.0301921,esp32-1,-34.0,22.09,17.39567,20.0,33.0,-1.0,,NORMAL
1790753743.0840437,pc,-52.0,225.25,231.66666666666666,0.0,8.794546127319336,-1.0,,NORMAL
1790753747.3230207,esp32-1,-33.0,25.3115,20.44333,20.0,267.0,-1.0,,NORMAL
1790753747.5449188,pc,-51.0,90.0,81.66666666666667,0.0,0.9353160858154297,-1.0,,NORMAL
1790753752.1349509,esp32-1,-34.0,22.00625,8.276667,20.0,14.0,-1.0,,NORMAL
1790753752.6571324,pc,-50.0,114.0,114.66666666666667,0.0,1.3036727905273438,-1.0,,NORMAL
1790753757.15452,esp32-1,-34.0,22.61175,19.65067,20.0,30.0,-1.0,,NORMAL
1790753757.692075,pc,-51.0,124.75,130.33333333333334,0.0,3.5851001739501953,-1.0,,NORMAL
1790753762.3161983,esp32-1,-34.0,25.375,21.721,20.0,218.0,-1.0,,NORMAL
1790753762.8803828,pc,-50.0,177.0,199.0,0.0,0.7534027099609375,-1.0,,NORMAL
1790753767.2372923,esp32-1,-33.0,77.5785,59.327,20.0,4.0,-1.0,,NORMAL
1790753767.8128383,pc,-51.0,96.0,92.66666666666667,0.0,0.9560585021972656,-1.0,,NORMAL
1790753772.0295494,esp32-1,-33.0,22.206,17.181,20.0,31.0,-1.0,,NORMAL
1790753772.564755,pc,-50.0,44.75,16.333333333333332,0.0,0.8821487426757812,-1.0,,NORMAL
1790753777.2904634,esp32-1,-34.0,24.89225,20.70833,20.0,274.0,-1.0,,NORMAL
1790753777.856274,pc,-50.0,104.25,101.33333333333333,0.0,0.728607177734375,-1.0,,NORMAL
1790753781.3823054,esp32-1,-35.0,41.6916,6.28675,0.0,259.0,-1.0,,NORMAL
1790753782.537425,pc,-50.0,27.75,0.6666666666666666,0.0,0.9131431579589844,-1.0,,NORMAL
1790753787.1571116,esp32-1,-34.0,21.61575,16.799,20.0,32.0,-1.0,,NORMAL
1790753787.9018745,pc,-51.0,121.25,125.33333333333333,0.0,0.8649826049804688,-1.0,,NORMAL
1790753792.3123813,esp32-1,-35.0,24.60075,18.59567,20.0,223.0,-1.0,,NORMAL
1790753792.8864915,pc,-50.0,107.0,106.66666666666667,0.0,23.36716651916504,-1.0,,NORMAL
1790753796.273268,esp32-1,-32.0,41.3712,6.52425,0.0,53.0,-1.0,,NORMAL
1790753797.5589116,pc,-50.0,101.0,195.66666666666666,0.0,1.285552978515625,-1.0,,NORMAL
1790753801.3934216,esp32-1,-32.0,76.5,43.3805,0.0,3.0,-1.0,,NORMAL
1790753802.5456858,pc,-50.0,30.25,2.0,0.0,0.7035732269287109,-1.0,,NORMAL
1790753807.3312004,esp32-1,-33.0,24.62125,20.79467,20.0,279.0,-1.0,,NORMAL
1790753807.5544267,pc,-52.0,30.25,4.333333333333333,0.0,0.8628368377685547,-1.0,,NORMAL
1790753811.3827302,esp32-1,-34.0,83.65981,59.00875,0.0,50.0,-1.0,,NORMAL
1790753812.522391,pc,-52.0,59.25,70.0,0.0,0.606536865234375,-1.0,,NORMAL
1790753817.0409095,esp32-1,-34.0,21.684,17.043,20.0,29.0,-1.0,,NORMAL
1790753817.6378706,pc,-51.0,83.25,112.0,0.0,0.6883144378662109,-1.0,,NORMAL
1790753822.1785715,esp32-1,-32.0,24.19425,17.50133,20.0,52.0,-1.0,,NORMAL
1790753822.7432485,pc,-51.0,114.0,167.66666666666666,0.0,0.9407997131347656,-1.0,,NORMAL
1790753826.4223237,esp32-1,-34.0,41.116,6.197501,0.0,214.0,-1.0,,NORMAL
1790753827.5260224,pc,-51.0,78.25,131.33333333333334,0.0,9.77182388305664,-1.0,,NORMAL
1790753831.353654,esp32-1,-34.0,48.0856,7.57525,0.0,197.0,-1.0,,NORMAL
1790753832.5322368,pc,-51.0,88.75,157.0,0.0,0.6508827209472656,-1.0,,NORMAL
1790753837.3368359,esp32-1,-32.0,24.276,19.75933,20.0,181.0,-1.0,,NORMAL
1790753837.849844,pc,-52.0,119.25,196.66666666666666,0.0,318.7243938446045,-1.0,,NORMAL
1790753841.536735,esp32-1,-32.0,41.0964,6.071499,0.0,268.0,-1.0,,NORMAL
1790753842.5720193,pc,-50.0,37.5,14.666666666666666,0.0,10.257482528686523,-1.0,,NORMAL
1790753846.6388097,esp32-1,-34.0,83.2392,113.5137,0.0,309.0,-1.0,,NORMAL
1790753847.5456753,pc,-51.0,29.75,0.6666666666666666,0.0,0.7843971252441406,-1.0,,NORMAL
1790753852.3277233,esp32-1,-35.0,101.8307,93.98434,20.0,4.0,-1.0,,NORMAL
1790753852.5557923,pc,-51.0,38.75,28.666666666666668,0.0,0.8890628814697266,-1.0,,NORMAL
1790753857.3474758,esp32-1,-34.0,40.95741,6.422501,0.0,53.0,-1.0,,NORMAL
1790753857.5370176,pc,-50.0,32.5,5.333333333333333,0.0,9.03940200805664,-1.0,,NORMAL
1790753862.5607302,pc,-50.0,29.75,2.6666666666666665,0.0,0.8080005645751953,-1.0,,NORMAL
1790753863.141734,esp32-1,-36.0,244.4967,313.5393,20.0,4.0,-1.0,,NORMAL
1790753867.2017436,esp32-1,-32.0,23.80325,19.82933,20.0,184.0,-1.0,,NORMAL
1790753867.7441187,pc,-52.0,82.0,72.0,0.0,3.165006637573242,-1.0,,NORMAL
1790753872.079235,esp32-1,-31.0,31.94375,10.91633,20.0,36.0,-1.0,,NORMAL
1790753872.603195,pc,-50.0,46.0,23.666666666666668,0.0,9.736299514770508,-1.0,,NORMAL
1790753876.6136265,esp32-1,-34.0,88.83659,107.7908,0.0,256.0,-1.0,,NORMAL
1790753877.5416682,pc,-51.0,28.5,1.6666666666666667,0.0,3.8232803344726562,-1.0,,NORMAL
1790753882.3112943,esp32-1,-33.0,23.5855,18.72733,20.0,238.0,-1.0,,NORMAL
1790753882.8719923,pc,-51.0,113.75,112.33333333333333,0.0,0.6833076477050781,-1.0,,NORMAL
1790753887.1939595,esp32-1,-33.0,31.47525,9.537001,20.0,158.0,-1.0,,NORMAL
1790753887.744984,pc,-52.0,80.25,71.0,0.0,10.677099227905273,-1.0,,NORMAL
1790753891.5085597,esp32-1,-34.0,47.6148,5.58925,0.0,207.0,-1.0,,NORMAL
1790753892.5301626,pc,-52.0,27.0,0.0,0.0,4.008293151855469,-1.0,,NORMAL
1790753897.1972778,esp32-1,-32.0,23.26375,19.11267,20.0,190.0,-1.0,,NORMAL
1790753897.771927,pc,-51.0,79.0,70.33333333333333,0.0,0.9002685546875,-1.0,,NORMAL
1790753901.3056607,esp32-1,-34.0,40.4928,6.12525,0.0,176.0,-1.0,,NORMAL
1790753908.0484493,pc,-51.0,108.5,215.33333333333334,0.0,9.549617767333984,15.229862962910284,,NORMAL
1790753908.5559359,esp32-1,-38.0,46.472,36.26567,20.0,54.0,-1.0,,NORMAL
1790753911.3356676,esp32-1,-32.0,39.5446,6.546,0.0,217.0,-1.0,,NORMAL
1790753911.4864874,pc,-51.0,64.25,50.0,0.0,0.9911060333251953,-1.0,,NORMAL
1790753916.4940531,esp32-1,-32.0,46.245,6.7175,0.0,200.0,-1.0,,NORMAL
1790753916.522892,pc,-51.0,28.0,1.0,0.0,0.8590221405029297,-1.0,,NORMAL
1790753921.5010939,pc,-51.0,97.75,185.33333333333334,0.0,9.270191192626953,-1.0,,NORMAL
1790753922.2289984,esp32-1,-33.0,22.10425,17.42667,20.0,180.0,-1.0,,NORMAL
1790753926.3904092,esp32-1,-32.0,39.5224,6.655748,0.0,270.0,-1.0,,NORMAL
1790753926.49742,pc,-50.0,29.5,4.0,0.0,0.7805824279785156,-1.0,,NORMAL
1790753931.4515967,esp32-1,-73.0,46.0292,6.120999,0.0,253.0,-1.0,,NORMAL
1790753931.561338,pc,-50.0,35.25,10.666666666666666,0.0,0.7894039154052734,-1.0,,NORMAL
1790753936.4914856,pc,-52.0,28.25,2.6666666666666665,0.0,10.382413864135742,-1.0,,NORMAL
1790753937.0545094,esp32-1,-33.0,22.4925,18.616,20.0,50.0,-1.0,,NORMAL
1790753941.4798713,esp32-1,-33.0,39.0802,6.2,0.0,221.0,-1.0,,NORMAL
1790753941.530237,pc,-52.0,32.0,7.666666666666667,0.0,0.9319782257080078,-1.0,,NORMAL
1790753946.5666502,pc,-52.0,40.0,18.0,0.0,1.3544559478759766,-1.0,,NORMAL
1790753946.6015034,esp32-1,-33.0,76.2962,43.67175,0.0,4.0,-1.0,,NORMAL
1790753951.615947,pc,-52.0,53.0,27.333333333333332,0.0,10.63990592956543,-1.0,,NORMAL
1790753952.1038806,esp32-1,-34.0,22.61025,18.85367,20.0,50.0,-1.0,,NORMAL
1790753956.5345163,esp32-1,-33.0,39.1906,6.641249,0.0,273.0,-1.0,,NORMAL
1790753956.6116781,pc,-52.0,60.0,46.333333333333336,0.0,6.474733352661133,-1.0,,NORMAL
1790753961.6471996,pc,-53.0,67.75,54.333333333333336,0.0,5.111455917358398,-1.0,,NORMAL
1790753961.6554093,esp32-1,-32.0,87.1694,57.4015,0.0,53.0,-1.0,,NORMAL
1790753966.7101505,pc,-51.0,75.75,64.33333333333333,0.0,10.655403137207031,-1.0,,NORMAL
1790753967.205515,esp32-1,-34.0,21.681,17.357,20.0,52.0,-1.0,,NORMAL
1790753971.720338,pc,-51.0,135.25,144.0,0.0,1.3833045959472656,-1.0,,NORMAL
1790753971.728439,esp32-1,-33.0,39.0874,6.0415,0.0,224.0,-1.0,,NORMAL
1790753976.1588218,esp32-1,-34.0,45.6294,5.68225,0.0,4.0,-1.0,,NORMAL
1790753976.7040837,pc,-51.0,84.5,78.0,0.0,0.7812976837158203,-1.0,,NORMAL
1790753981.725191,esp32-1,-34.0,52.5202,17.756,0.0,193.0,-1.0,,NORMAL
1790753981.7642422,pc,-51.0,94.25,88.66666666666667,0.0,10.396003723144531,-1.0,,NORMAL
1790753986.179831,esp32-1,-33.0,39.041,6.355501,0.0,52.0,-1.0,,NORMAL
1790753986.8222525,pc,-51.0,101.75,98.66666666666667,0.0,0.7710456848144531,-1.0,,NORMAL
1790753991.5601602,pc,-50.0,28.75,2.3333333333333335,0.0,1.0266304016113281,-1.0,,NORMAL
1790753992.0717852,esp32-1,-34.0,46.1758,7.86425,0.0,259.0,-1.0,,NORMAL
1790753996.2783298,esp32-1,-33.0,52.4586,17.68275,0.0,52.0,-1.0,,NORMAL
1790753996.870602,pc,-50.0,114.0,116.0,0.0,0.7653236389160156,-1.0,,NORMAL
1790754001.3479006,esp32-1,-34.0,39.0092,7.68325,0.0,231.0,-1.0,,NORMAL
1790754001.5775871,pc,-51.0,27.25,0.6666666666666666,0.0,4.495382308959961,-1.0,,NORMAL
1790754006.5655963,pc,-51.0,30.25,10.0,0.0,0.9241104125976562,-1.0,,NORMAL
1790754007.3298862,esp32-1,-34.0,45.5854,6.086,0.0,53.0,-1.0,,NORMAL
1790754011.5380218,pc,-51.0,28.25,0.6666666666666666,0.0,11.001348495483398,-1.0,,NORMAL
1790754012.1402597,esp32-1,-34.0,21.889,18.01733,20.0,49.0,-1.0,,NORMAL
1790754016.298866,esp32-1,-34.0,38.4974,7.428251,0.0,182.0,-1.0,,NORMAL
1790754016.5291655,pc,-51.0,29.75,2.6666666666666665,0.0,0.9047985076904297,-1.0,,NORMAL
1790754021.4157715,esp32-1,-34.0,45.5264,6.2225,0.0,267.0,-1.0,,NORMAL
1790754021.5222762,pc,-51.0,28.5,1.3333333333333333,0.0,1.3079643249511719,-1.0,,NORMAL
1790754026.4976985,pc,-50.0,29.0,2.3333333333333335,0.0,17.66061782836914,-1.0,,NORMAL
1790754027.099686,esp32-1,-34.0,21.537,16.97767,20.0,49.0,-1.0,,NORMAL
1790754031.394314,esp32-1,-33.0,74.5894,51.4645,0.0,3.0,-1.0,,NORMAL
1790754031.5468044,pc,-52.0,39.25,24.0,0.0,0.9934902191162109,-1.0,,NORMAL
1790754036.5277097,pc,-51.0,30.0,3.0,0.0,0.7793903350830078,-1.0,,NORMAL
1790754037.0333207,esp32-1,-33.0,25.0005,16.57967,20.0,2.0,-1.0,,NORMAL
1790754041.5070534,pc,-51.0,35.25,17.666666666666668,0.0,13.406991958618164,-1.0,,NORMAL
1790754042.1452305,esp32-1,-32.0,21.584,15.94867,20.0,49.0,-1.0,,NORMAL
1790754046.5287364,pc,-50.0,27.0,0.0,0.0,1.6238689422607422,-1.0,,NORMAL
1790754047.1609967,esp32-1,-34.0,29.99575,2.312,20.0,4.0,-1.0,,NORMAL
1790754051.477611,pc,-51.0,27.75,1.0,0.0,0.7162094116210938,-1.0,,NORMAL
1790754051.9157054,esp32-1,-35.0,86.1478,118.911,0.0,270.0,-1.0,,NORMAL
1790754056.5271616,pc,-51.0,27.75,2.0,0.0,10.591745376586914,-1.0,,NORMAL
1790754057.0579967,esp32-1,-35.0,22.70825,17.04233,20.0,43.0,-1.0,,NORMAL
1790754061.5615947,pc,-51.0,30.25,4.333333333333333,0.0,0.7710456848144531,-1.0,,NORMAL
1790754062.0658216,esp32-1,-37.0,75.5802,53.575,0.0,346.0,-1.0,,NORMAL
1790754066.3121605,esp32-1,-34.0,45.1644,9.666499,0.0,52.0,-1.0,,NORMAL
1790754066.5272913,pc,-51.0,49.25,21.333333333333332,0.0,0.9560585021972656,-1.0,,NORMAL
1790754071.516345,pc,-52.0,49.0,29.0,0.0,12.799263000488281,-1.0,,NORMAL
1790754072.0549247,esp32-1,-34.0,22.1715,16.42367,20.0,44.0,-1.0,,NORMAL
1790754076.2686226,esp32-1,-34.0,61.0412,81.4825,0.0,40.0,-1.0,,NORMAL
1790754076.8381014,pc,-50.0,130.75,134.0,0.0,1.2764930725097656,-1.0,,NORMAL
1790754081.5119758,pc,-50.0,64.25,49.333333333333336,0.0,5.950450897216797,-1.0,,NORMAL
1790754082.0796554,esp32-1,-33.0,22.087,17.39467,20.0,10.0,-1.0,,NORMAL
1790754086.5419836,pc,-51.0,73.25,59.333333333333336,0.0,13.880252838134766,-1.0,,NORMAL
1790754087.0541973,esp32-1,-34.0,21.72025,17.40133,20.0,45.0,-1.0,,NORMAL
1790754091.2985363,esp32-1,-34.0,37.5734,6.49225,0.0,52.0,-1.0,,NORMAL
1790754091.5295486,pc,-50.0,82.75,73.0,0.0,0.8244514465332031,-1.0,,NORMAL
1790754096.3165526,esp32-1,-32.0,44.6376,6.303751,0.0,52.0,-1.0,,NORMAL
1790754096.541306,pc,-51.0,113.25,109.66666666666667,0.0,0.7474422454833984,-1.0,,NORMAL
1790754101.5555205,pc,-51.0,29.0,2.0,0.0,15.65694808959961,-1.0,,NORMAL
1790754102.1554751,esp32-1,-33.0,21.8855,17.08333,20.0,44.0,-1.0,,NORMAL
1790754106.4909608,pc,-51.0,29.25,2.3333333333333335,0.0,0.9288787841796875,-1.0,,NORMAL
1790754107.1914134,esp32-1,-33.0,63.13625,71.65366,20.0,15.0,-1.0,,NORMAL
1790754111.3254251,esp32-1,-32.0,44.3582,6.08675,0.0,180.0,-1.0,,NORMAL
1790754111.5395648,pc,-51.0,27.5,1.0,0.0,0.7619857788085938,-1.0,,NORMAL
1790754116.5022733,pc,-50.0,29.5,2.3333333333333335,0.0,8.986473083496094,-1.0,,NORMAL
1790754117.5700808,esp32-1,-34.0,162.0687,382.7867,20.0,3.0,-1.0,,NORMAL
1790754121.4976194,pc,-51.0,49.5,55.333333333333336,0.0,11.871337890625,-1.0,,NORMAL
1790754122.1339571,esp32-1,-33.0,27.87325,23.58667,20.0,53.0,-1.0,,NORMAL
1790754126.3752344,esp32-1,-35.0,43.9804,6.280001,0.0,232.0,-1.0,,NORMAL
1790754126.5409915,pc,-50.0,52.5,65.33333333333333,0.0,0.9484291076660156,-1.0,,NORMAL
1790754131.5341554,pc,-52.0,67.25,102.33333333333333,0.0,12.323856353759766,-1.0,,NORMAL
1790754132.0551333,esp32-1,-33.0,21.923,17.337,20.0,42.0,-1.0,,NORMAL
1790754136.529721,pc,-51.0,127.5,72.33333333333333,0.0,0.9305477142333984,-1.0,,NORMAL
1790754137.2293527,esp32-1,-34.0,27.67325,23.92,20.0,199.0,-1.0,,NORMAL
1790754141.4968615,pc,-52.0,84.0,147.66666666666666,0.0,0.7908344268798828,-1.0,,NORMAL
1790754142.0274837,esp32-1,-33.0,23.416,9.968666,20.0,3.0,-1.0,,NORMAL
1790754146.5634937,pc,-52.0,95.75,165.0,0.0,10.792970657348633,-1.0,,NORMAL
1790754147.4192274,esp32-1,-34.0,23.629,14.40167,20.0,33.0,-1.0,,NORMAL
1790754151.4734359,pc,-52.0,27.75,1.0,0.0,0.6358623504638672,-1.0,,NORMAL
1790754152.1303227,esp32-1,-35.0,27.318,24.293,20.0,52.0,-1.0,,NORMAL
1790754156.550991,pc,-51.0,29.75,6.666666666666667,0.0,10.302066802978516,-1.0,,NORMAL
1790754157.0637245,esp32-1,-34.0,81.059,52.80225,0.0,320.0,-1.0,,NORMAL
1790754161.52177,pc,-51.0,28.25,0.3333333333333333,0.0,10.46609878540039,-1.0,,NORMAL
1790754162.1738653,esp32-1,-32.0,23.06525,11.96733,20.0,34.0,-1.0,,NORMAL
1790754166.5179002,pc,-51.0,27.5,1.3333333333333333,0.0,0.9489059448242188,-1.0,,NORMAL
1790754167.2425103,esp32-1,-33.0,27.07925,24.018,20.0,203.0,-1.0,,NORMAL
1790754171.37808,esp32-1,-35.0,71.4326,40.97625,0.0,16.0,-1.0,,NORMAL
1790754171.5270526,pc,-51.0,28.25,1.3333333333333333,0.0,0.7507801055908203,-1.0,,NORMAL
1790754176.5200732,pc,-51.0,39.5,7.333333333333333,0.0,9.418010711669922,-1.0,,NORMAL
1790754177.2147167,esp32-1,-34.0,22.461,18.101,20.0,36.0,-1.0,,NORMAL
1790754182.1188734,pc,-52.0,178.5,195.66666666666666,0.0,0.8194446563720703,-1.0,,NORMAL
1790754182.6437597,esp32-1,-34.0,26.871,23.19633,20.0,257.0,-1.0,,NORMAL
1790754186.2001207,esp32-1,-32.0,43.1936,6.308249,0.0,53.0,-1.0,,NORMAL
1790754186.7422519,pc,-52.0,128.75,122.66666666666667,0.0,0.9589195251464844,-1.0,,NORMAL
1790754191.5969074,pc,-52.0,60.0,32.333333333333336,0.0,22.849321365356445,-1.0,,NORMAL
1790754192.0959568,esp32-1,-35.0,91.0058,93.533,0.0,226.0,-1.0,,NORMAL
1790754196.3651006,esp32-1,-33.0,56.889,29.912,0.0,52.0,-1.0,,NORMAL
1790754196.5433388,pc,-51.0,29.25,3.6666666666666665,0.0,0.7596015930175781,-1.0,,NORMAL
1790754201.2801793,esp32-1,-34.0,43.3468,5.838751,0.0,53.0,-1.0,,NORMAL
1790754201.8816366,pc,-51.0,135.5,105.33333333333333,0.0,14.105796813964844,-1.0,,NORMAL
1790754206.6015258,pc,-52.0,27.5,0.6666666666666666,0.0,20.682573318481445,-1.0,,NORMAL
1790754207.174151,esp32-1,-34.0,22.427,17.97,20.0,157.0,-1.0,,NORMAL
1790754213.4143243,esp32-1,-33.0,26.9715,24.13533,20.0,53.0,-1.0,,NORMAL
1790754217.3201754,esp32-1,-35.0,90.4958,67.51849,0.0,22.0,-1.0,,NORMAL
1790754219.8499143,pc,-51.0,99.0,139.66666666666666,0.0,0.6823539733886719,10.146503910830292,,NORMAL
1790754222.169553,esp32-1,-33.0,21.388,16.686,20.0,50.0,-1.0,,NORMAL
1790754223.4139628,pc,-51.0,77.25,65.0,0.0,58.7313175201416,-1.0,,NORMAL
1790754226.47106,esp32-1,-33.0,38.4578,6.803249,0.0,204.0,-1.0,,NORMAL
1790754228.3062832,pc,-53.0,38.5,15.0,0.0,0.9925365447998047,-1.0,,NORMAL
1790754231.3860838,esp32-1,-33.0,67.6238,79.49776,0.0,3.0,-1.0,,NORMAL
1790754233.3722188,pc,-52.0,54.5,20.0,0.0,0.72479248046875,-1.0,,NORMAL
1790754236.5078425,esp32-1,-33.0,51.9864,17.26675,0.0,273.0,-1.0,,NORMAL
1790754238.3212235,pc,-51.0,39.75,12.333333333333334,0.0,12.166261672973633,-1.0,,NORMAL
1790754241.4239573,esp32-1,-33.0,38.4878,6.616,0.0,258.0,-1.0,,NORMAL
1790754243.304981,pc,-52.0,32.0,5.333333333333333,0.0,1.0266304016113281,-1.0,,NORMAL
1790754246.543623,esp32-1,-33.0,45.198,6.143499,0.0,242.0,-1.0,,NORMAL
1790754248.2691185,pc,-52.0,39.5,12.333333333333334,0.0,0.8263587951660156,-1.0,,NORMAL
1790754252.0960047,esp32-1,-33.0,21.71925,17.48867,20.0,47.0,-1.0,,NORMAL
1790754253.3323262,pc,-52.0,35.25,12.0,0.0,10.7421875,-1.0,,NORMAL
1790754257.3980682,esp32-1,-33.0,73.564,60.68033,20.0,5.0,-1.0,,NORMAL
1790754261.5958602,esp32-1,-34.0,45.0592,6.724501,0.0,192.0,-1.0,,NORMAL
1790754267.229481,esp32-1,-35.0,22.0555,17.364,20.0,46.0,-1.0,,NORMAL
1790754270.4060552,pc,-51.0,54.0,37.0,0.0,5000.0,-1.0,,NORMAL
1790754271.739537,esp32-1,-35.0,38.5268,6.960249,0.0,260.0,-1.0,,NORMAL
1790754276.355896,esp32-1,-33.0,45.0748,6.20775,0.0,52.0,-1.0,,NORMAL
1790754282.3158102,esp32-1,-35.0,21.70775,16.82533,20.0,48.0,-1.0,,NORMAL
1790754285.9258845,pc,-52.0,67.5,45.333333333333336,0.0,5000.0,-1.0,,NORMAL
1790754286.5267878,esp32-1,-32.0,37.9328,7.17225,0.0,52.0,-1.0,,NORMAL
1790754289.391586,pc,-52.0,89.25,52.333333333333336,0.0,5000.0,-1.0,,NORMAL
1790754291.292938,esp32-1,-33.0,44.8264,5.936001,0.0,52.0,-1.0,,NORMAL
1790754297.1348662,esp32-1,-35.0,22.504,18.054,20.0,43.0,-1.0,,NORMAL
1790754301.7388926,esp32-1,-34.0,79.0464,116.3555,0.0,265.0,-1.0,,NORMAL
1790754306.4187295,pc,-51.0,66.5,83.0,0.0,5000.0,-1.0,,NORMAL
1790754306.8595433,esp32-1,-33.0,44.8634,5.08975,0.0,249.0,-1.0,,NORMAL
1790754309.8861225,pc,-50.0,136.0,141.33333333333334,0.0,5000.0,-1.0,,DNS_PROBLEM
1790754312.1859188,esp32-1,-32.0,21.626,16.85167,20.0,46.0,-1.0,,DNS_PROBLEM
1790754318.0207818,esp32-1,-33.0,68.87575,79.73034,20.0,450.0,-1.0,,DNS_PROBLEM
1790754321.3162737,esp32-1,-33.0,74.1142,43.33175,0.0,8.0,-1.0,,DNS_PROBLEM
1790754326.9203932,pc,-52.0,61.75,46.0,0.0,5000.0,-1.0,,DNS_PROBLEM
1790754327.4442334,esp32-1,-36.0,21.53175,16.80067,20.0,45.0,-1.0,,DNS_PROBLEM
1790754330.346221,pc,-52.0,61.25,46.333333333333336,0.0,5000.0,-1.0,,DNS_PROBLEM
1790754331.3954997,esp32-1,-33.0,37.616,6.25125,0.0,275.0,-1.0,,DNS_PROBLEM
1790754335.3650699,pc,-51.0,55.0,37.666666666666664,0.0,5000.0,-1.0,,DNS_PROBLEM
1790754336.2111506,esp32-1,-34.0,44.223,6.26475,0.0,54.0,-1.0,,DNS_PROBLEM
1790754342.1889365,esp32-1,-33.0,23.097,19.01233,20.0,38.0,-1.0,,DNS_PROBLEM
1790754347.2063959,esp32-1,-33.0,28.01775,23.67133,20.0,52.0,-1.0,,DNS_PROBLEM
1790754351.2040246,esp32-1,-34.0,44.042,6.196999,0.0,52.0,-1.0,,DNS_PROBLEM
1790754352.475145,pc,-51.0,42.75,18.333333333333332,0.0,5000.0,-1.0,,DNS_PROBLEM
1790754355.9352942,pc,-52.0,81.75,44.666666666666664,0.0,5000.0,-1.0,,DNS_PROBLEM
1790754357.1374917,esp32-1,-34.0,22.78675,17.46967,20.0,39.0,-1.0,,DNS_PROBLEM
1790754360.9554484,pc,-51.0,56.25,72.33333333333333,0.0,5000.0,-1.0,,DNS_PROBLEM
1790754362.3217587,esp32-1,-32.0,27.8765,23.46333,20.0,272.0,-1.0,,DNS_PROBLEM
1790754365.955023,pc,-51.0,67.5,90.33333333333333,0.0,5000.0,-1.0,,DNS_PROBLEM
1790754366.4591298,esp32-1,-34.0,43.849,6.507,0.0,259.0,-1.0,,DNS_PROBLEM
1790754372.064929,esp32-1,-34.0,22.17975,17.34,20.0,40.0,-1.0,,DNS_PROBLEM
1790754377.3473916,esp32-1,-34.0,27.59375,22.64233,20.0,52.0,-1.0,,DNS_PROBLEM
1790754381.3081012,esp32-1,-33.0,43.8072,6.028501,0.0,52.0,-1.0,,DNS_PROBLEM
1790754382.9927003,pc,-52.0,74.5,126.33333333333333,0.0,5000.0,-1.0,,DNS_PROBLEM
1790754386.43932,pc,-52.0,74.75,61.0,0.0,5000.0,-1.0,,DNS_PROBLEM
1790754387.1440117,esp32-1,-34.0,23.4685,16.61833,20.0,35.0,-1.0,,DNS_PROBLEM
1790754391.4273205,pc,-50.0,30.5,6.666666666666667,0.0,5000.0,-1.0,,DNS_PROBLEM
1790754392.2618394,esp32-1,-32.0,27.41925,24.532,20.0,175.0,-1.0,,DNS_PROBLEM
1790754396.2580428,esp32-1,-32.0,43.905,6.368,0.0,52.0,-1.0,,DNS_PROBLEM
1790754402.0583816,esp32-1,-33.0,21.9005,17.28933,20.0,40.0,-1.0,,DNS_PROBLEM
1790754407.3445039,esp32-1,-33.0,27.04275,21.532,20.0,229.0,-1.0,,DNS_PROBLEM
1790754408.524706,pc,-51.0,30.0,7.666666666666667,0.0,5000.0,-1.0,,DNS_PROBLEM
1790754411.9885576,pc,-51.0,127.75,132.66666666666666,0.0,5000.0,-1.0,,DNS_PROBLEM
1790754412.484476,esp32-1,-33.0,82.234,62.43533,20.0,7.0,-1.0,,DNS_PROBLEM
1790754416.9870062,pc,-51.0,27.75,2.0,0.0,5000.0,-1.0,,DNS_PROBLEM
1790754417.4065425,esp32-1,-32.0,22.19925,17.808,20.0,37.0,-1.0,,DNS_PROBLEM
1790754421.9645953,pc,-50.0,36.0,11.666666666666666,0.0,5000.0,-1.0,,DNS_PROBLEM
1790754422.416077,esp32-1,-33.0,26.79875,21.292,20.0,181.0,-1.0,,DNS_PROBLEM
1790754426.2051332,esp32-1,-35.0,43.4362,6.32225,0.0,54.0,-1.0,,DNS_PROBLEM
1790754426.9994287,pc,-51.0,28.25,1.3333333333333333,0.0,5000.0,-1.0,,DNS_PROBLEM
1790754432.104771,esp32-1,-33.0,22.35325,17.89033,20.0,36.0,-1.0,,DNS_PROBLEM
1790754437.7833934,esp32-1,-32.0,26.72475,23.62267,20.0,53.0,-1.0,,DNS_PROBLEM
1790754442.6475728,esp32-1,-34.0,71.069,136.7153,20.0,6.0,-1.0,,DNS_PROBLEM
1790754444.028123,pc,-51.0,51.25,63.666666666666664,0.0,5000.0,-1.0,,DNS_PROBLEM
1790754447.1534235,esp32-1,-34.0,21.799,17.054,20.0,38.0,-1.0,,DNS_PROBLEM
1790754447.7275994,pc,-50.0,119.5,121.33333333333333,0.0,5000.0,-1.0,,DNS_PROBLEM
1790754452.2805793,esp32-1,-34.0,26.54475,23.45267,20.0,186.0,-1.0,,DNS_PROBLEM
1790754456.473216,esp32-1,-32.0,42.968,6.198499,0.0,274.0,-1.0,,DNS_PROBLEM
1790754462.1068156,esp32-1,-35.0,21.6225,16.89233,20.0,40.0,-1.0,,DNS_PROBLEM
1790754464.895337,pc,-51.0,119.5,122.66666666666667,0.0,5000.0,-1.0,,DNS_PROBLEM
1790754467.343631,esp32-1,-35.0,26.23425,22.98067,20.0,240.0,-1.0,,DNS_PROBLEM
1790754468.3445284,pc,-51.0,61.5,46.666666666666664,0.0,5000.0,-1.0,,DNS_PROBLEM
1790754471.376006,esp32-1,-34.0,42.816,6.443749,0.0,226.0,-1.0,,DNS_PROBLEM
1790754477.158067,esp32-1,-34.0,23.10125,18.81233,20.0,31.0,-1.0,,DNS_PROBLEM
1790754482.0963178,esp32-1,-34.0,25.9475,18.209,20.0,52.0,-1.0,,DNS_PROBLEM
1790754485.3870237,pc,-50.0,27.5,0.6666666666666666,0.0,5000.0,-1.0,,DNS_PROBLEM
1790754486.4235117,esp32-1,-33.0,42.412,6.773249,0.0,178.0,-1.0,,DNS_PROBLEM
1790754488.8394225,pc,-50.0,98.75,57.0,0.0,5000.0,-1.0,,DNS_PROBLEM
1790754492.0635867,esp32-1,-34.0,22.6605,16.737,20.0,32.0,-1.0,,DNS_PROBLEM
1790754497.3428578,esp32-1,-35.0,25.56775,21.336,20.0,245.0,-1.0,,DNS_PROBLEM
1790754501.6582305,esp32-1,-32.0,42.1336,6.192251,0.0,231.0,-1.0,,DNS_PROBLEM
1790754505.8733628,pc,-50.0,29.75,2.6666666666666665,0.0,5000.0,-1.0,,DNS_PROBLEM
1790754507.061615,esp32-1,-35.0,22.91575,18.67567,20.0,29.0,-1.0,,DNS_PROBLEM
1790754509.3317559,pc,-50.0,188.5,121.33333333333333,0.0,5000.0,-1.0,,DNS_PROBLEM
1790754512.238102,esp32-1,-34.0,25.53125,22.45,20.0,195.0,-1.0,,DNS_PROBLEM
1790754514.4058344,pc,-50.0,50.25,28.0,0.0,5000.0,-1.0,,DNS_PROBLEM
1790754516.6342218,esp32-1,-34.0,68.104,38.727,0.0,25.0,-1.0,,DNS_PROBLEM
1790754522.3194978,esp32-1,-33.0,44.075,42.74733,20.0,47.0,-1.0,,DNS_PROBLEM
1790754527.1941717,esp32-1,-36.0,25.2575,20.18,20.0,156.0,-1.0,,DNS_PROBLEM
1790754531.4003172,pc,-50.0,27.75,1.6666666666666667,0.0,5000.0,10.146503910830292,,DNS_PROBLEM
1790754532.3768284,esp32-1,-32.0,42.0738,6.52325,0.0,53.0,-1.0,,DNS_PROBLEM
1790754534.8500009,pc,-50.0,87.5,44.666666666666664,0.0,5000.0,10.146503910830292,,DNS_PROBLEM
1790754536.347139,esp32-1,-35.0,48.9396,4.83075,0.0,52.0,-1.0,,DNS_PROBLEM
1790754539.856229,pc,-50.0,50.25,29.333333333333332,0.0,5000.0,10.146503910830292,,DNS_PROBLEM
1790754542.3347678,esp32-1,-35.0,25.212,21.60233,20.0,53.0,-1.0,,DNS_PROBLEM
1790754544.8599012,pc,-50.0,52.5,59.666666666666664,0.0,5000.0,10.146503910830292,,DNS_PROBLEM
1790754546.3809502,esp32-1,-34.0,64.0508,80.10451,0.0,45.0,-1.0,,DNS_PROBLEM
1790754552.4223974,esp32-1,-33.0,22.1575,17.498,20.0,31.0,-1.0,,DNS_PROBLEM
1790754557.549076,esp32-1,-34.0,24.88275,21.405,20.0,253.0,-1.0,,DNS_PROBLEM
1790754561.3924887,esp32-1,-34.0,41.7006,6.14925,0.0,240.0,-1.0,,DNS_PROBLEM
1790754561.8742354,pc,-50.0,116.25,115.33333333333333,0.0,5000.0,10.146503910830292,,DNS_PROBLEM
1790754565.2890902,pc,-50.0,154.25,95.0,0.0,5000.0,10.146503910830292,,DNS_PROBLEM
1790754567.1688383,esp32-1,-34.0,22.17,15.232,20.0,30.0,-1.0,,DNS_PROBLEM
1790754572.548235,esp32-1,-33.0,24.6155,18.91233,20.0,204.0,-1.0,,DNS_PROBLEM
1790754576.3851337,esp32-1,-32.0,69.256,40.61425,0.0,17.0,-1.0,,DNS_PROBLEM
1790754577.3142233,pc,-50.0,29.25,1.3333333333333333,0.0,5000.0,10.146503910830292,,DNS_PROBLEM
1790754580.762629,pc,-51.0,62.0,46.333333333333336,0.0,5000.0,10.146503910830292,,DNS_PROBLEM
1790754581.5697649,esp32-1,-33.0,68.8914,79.94476,0.0,277.0,-1.0,,DNS_PROBLEM
1790754585.7460444,pc,-51.0,39.75,16.666666666666668,0.0,5000.0,10.146503910830292,,DNS_PROBLEM
1790754587.3437173,esp32-1,-32.0,24.5355,20.81267,20.0,258.0,-1.0,,DNS_PROBLEM
1790754591.4526517,esp32-1,-33.0,41.4188,6.278,0.0,244.0,-1.0,,DNS_PROBLEM
1790754598.3467817,esp32-1,-33.0,41.72725,43.39766,20.0,53.0,-1.0,,DNS_PROBLEM
1790754602.3422265,esp32-1,-34.0,24.407,20.50633,20.0,210.0,-1.0,,DNS_PROBLEM
1790754602.7712414,pc,-51.0,87.25,79.0,0.0,5000.0,10.146503910830292,,DNS_PROBLEM
1790754606.2459092,pc,-51.0,110.25,107.33333333333333,0.0,5000.0,10.146503910830292,,DNS_PROBLEM
1790754606.90173,esp32-1,-34.0,41.4088,6.26875,0.0,195.0,-1.0,,DNS_PROBLEM
1790754611.6123486,esp32-1,-34.0,68.82561,83.4715,0.0,179.0,-1.0,,DNS_PROBLEM
1790754617.3500981,esp32-1,-34.0,24.2635,20.292,20.0,262.0,-1.0,,DNS_PROBLEM
1790754621.405253,esp32-1,-34.0,41.3014,6.390001,0.0,248.0,-1.0,,DNS_PROBLEM
1790754623.324585,pc,-50.0,46.5,22.666666666666668,0.0,5000.0,10.146503910830292,,DNS_PROBLEM
1790754626.806149,pc,-50.0,63.75,47.0,0.0,5000.0,10.146503910830292,,DNS_PROBLEM
1790754628.013848,esp32-1,-34.0,20.785,21.4965,40.0,6.0,-1.0,,DNS_PROBLEM
1790754632.3420768,esp32-1,-34.0,24.0045,20.133,20.0,214.0,-1.0,,DNS_PROBLEM
1790754637.213443,esp32-1,-34.0,32.20225,10.793,20.0,4.0,-1.0,,DNS_PROBLEM
1790754641.4120347,esp32-1,-34.0,47.7304,6.613501,0.0,184.0,-1.0,,DNS_PROBLEM
1790754643.8512285,pc,-51.0,109.5,113.0,0.0,5000.0,10.146503910830292,,DNS_PROBLEM
1790754647.3027556,pc,-50.0,106.0,52.666666666666664,0.0,5000.0,10.146503910830292,,DNS_PROBLEM
1790754648.2730136,esp32-1,-34.0,23.78725,19.75633,20.0,53.0,-1.0,,DNS_PROBLEM
1790754652.2735841,esp32-1,-34.0,62.45175,40.98367,20.0,4.0,-1.0,,DNS_PROBLEM
1790754657.2641037,esp32-1,-34.0,74.6725,157.5937,20.0,21.0,-1.0,,DNS_PROBLEM
1790754662.403257,esp32-1,-34.0,23.3815,19.11767,20.0,219.0,-1.0,,DNS_PROBLEM
1790754664.3747864,pc,-51.0,29.25,3.0,0.0,5000.0,10.146503910830292,,DNS_PROBLEM
1790754666.6775608,esp32-1,-33.0,71.3784,44.6585,0.0,368.0,-1.0,,DNS_PROBLEM
1790754667.8292227,pc,-51.0,90.5,83.66666666666667,0.0,5000.0,10.146503910830292,,DNS_PROBLEM
1790754671.5182374,esp32-1,-34.0,68.2422,84.61275,0.0,188.0,-1.0,,DNS_PROBLEM
1790754672.8444836,pc,-51.0,92.0,172.66666666666666,0.0,5000.0,10.146503910830292,,DNS_PROBLEM
1790754677.35607,esp32-1,-33.0,23.392,19.03633,20.0,272.0,-1.0,,DNS_PROBLEM
1790754681.2037492,esp32-1,-33.0,40.582,6.582,0.0,52.0,-1.0,,DNS_PROBLEM
1790754686.2793741,esp32-1,-34.0,47.362,6.515001,0.0,52.0,-1.0,,DNS_PROBLEM
1790754690.128324,pc,-51.0,92.5,84.33333333333333,0.0,5000.0,10.146503910830292,,DNS_PROBLEM
1790754692.3412116,esp32-1,-34.0,23.13125,19.07367,20.0,223.0,-1.0,,DNS_PROBLEM
1790754693.549273,pc,-50.0,62.25,47.0,0.0,5000.0,10.146503910830292,,DNS_PROBLEM
1790754696.300021,esp32-1,-33.0,40.284,6.533499,0.0,53.0,-1.0,,DNS_PROBLEM
1790754698.5507617,pc,-50.0,107.25,211.0,0.0,5000.0,10.146503910830292,,DNS_PROBLEM
1790754701.4198785,esp32-1,-33.0,70.627,82.90976,0.0,38.0,-1.0,,DNS_PROBLEM
1790754703.5906007,pc,-50.0,28.25,3.3333333333333335,0.0,5000.0,10.146503910830292,,DNS_PROBLEM
1790754707.1553247,esp32-1,-36.0,22.975,15.80233,20.0,52.0,-1.0,,DNS_PROBLEM
1790754711.4549658,esp32-1,-33.0,82.4102,58.79125,0.0,50.0,-1.0,,DNS_PROBLEM
1790754716.6697216,esp32-1,-34.0,86.2672,54.60625,0.0,295.0,-1.0,,DNS_PROBLEM
1790754720.625514,pc,-51.0,68.5,106.33333333333333,0.0,5000.0,10.146503910830292,,DNS_PROBLEM
1790754722.2693205,esp32-1,-33.0,22.91725,18.654,20.0,228.0,-1.0,,DNS_PROBLEM
1790754724.0969481,pc,-50.0,63.0,47.333333333333336,0.0,5000.0,10.146503910830292,,DNS_PROBLEM
1790754726.3658555,esp32-1,-33.0,40.1098,10.9045,0.0,215.0,-1.0,,DNS_PROBLEM
1790754731.7843258,esp32-1,-32.0,67.388,86.48875,0.0,52.0,-1.0,,DNS_PROBLEM
1790754737.262762,esp32-1,-33.0,22.657,17.76567,20.0,179.0,-1.0,,DNS_PROBLEM
1790754741.1322455,pc,-51.0,51.0,58.666666666666664,0.0,5000.0,10.146503910830292,,DNS_PROBLEM
1790754741.6103427,esp32-1,-32.0,40.1082,6.51025,0.0,268.0,-1.0,,DNS_PROBLEM
1790754744.576716,pc,-51.0,60.25,44.333333333333336,0.0,5000.0,10.146503910830292,,DNS_PROBLEM
1790754746.4863067,esp32-1,-34.0,46.6138,6.132,0.0,252.0,-1.0,,DNS_PROBLEM
1790754752.2766733,esp32-1,-32.0,22.40675,17.82867,20.0,233.0,-1.0,,DNS_PROBLEM
1790754756.450832,esp32-1,-33.0,39.6308,6.20525,0.0,220.0,-1.0,,DNS_PROBLEM
1790754761.3392944,esp32-1,-33.0,76.6292,43.62925,0.0,5.0,-1.0,,DNS_PROBLEM
1790754761.6512253,pc,-50.0,27.0,0.0,0.0,5000.0,10.146503910830292,,DNS_PROBLEM
1790754765.0771856,pc,-50.0,60.75,45.0,0.0,5000.0,10.146503910830292,,DNS_PROBLEM
1790754768.0059316,esp32-1,-33.0,20.503,11.3695,40.0,3.0,-1.0,,DNS_PROBLEM
1790754771.4254692,esp32-1,-34.0,39.765,7.23025,0.0,273.0,-1.0,,DNS_PROBLEM
1790754776.4418151,esp32-1,-34.0,87.5486,107.9258,0.0,53.0,-1.0,,DNS_PROBLEM
1790754782.153441,pc,-51.0,30.0,5.0,0.0,5000.0,10.146503910830292,,DNS_PROBLEM
1790754782.5685952,esp32-1,-34.0,22.2565,17.642,20.0,238.0,-1.0,,DNS_PROBLEM
1790754785.5742733,pc,-51.0,61.0,45.333333333333336,0.0,5000.0,10.146503910830292,,DNS_PROBLEM
1790754786.3731186,esp32-1,-34.0,39.358,6.887499,0.0,224.0,-1.0,,DNS_PROBLEM
1790754792.356034,esp32-1,-33.0,71.3225,128.1017,20.0,3.0,-1.0,,DNS_PROBLEM
1790754797.1686454,esp32-1,-33.0,22.28075,14.98633,20.0,51.0,-1.0,,DNS_PROBLEM
1790754801.4682064,esp32-1,-33.0,59.9882,56.47326,0.0,175.0,-1.0,,DNS_PROBLEM
1790754802.6621647,pc,-51.0,27.75,0.6666666666666666,0.0,5000.0,10.146503910830292,,DNS_PROBLEM
1790754806.1133893,pc,-51.0,62.0,45.333333333333336,0.0,5000.0,10.146503910830292,,DNS_PROBLEM
1790754806.650226,esp32-1,-33.0,87.5676,110.5585,0.0,258.0,-1.0,,DNS_PROBLEM
1790754812.2861378,esp32-1,-33.0,21.888,17.22133,20.0,242.0,-1.0,,DNS_PROBLEM
1790754816.4522827,esp32-1,-33.0,39.4324,6.057,0.0,228.0,-1.0,,DNS_PROBLEM
1790754821.487227,esp32-1,-33.0,46.1274,5.6425,0.0,52.0,-1.0,,DNS_PROBLEM
1790754823.1783352,pc,-50.0,28.75,5.333333333333333,0.0,5000.0,10.146503910830292,,DNS_PROBLEM
1790754826.694633,pc,-50.0,74.75,61.666666666666664,0.0,5000.0,10.146503910830292,,DNS_PROBLEM
1790754827.2319489,esp32-1,-32.0,21.7985,17.48433,20.0,193.0,-1.0,,DNS_PROBLEM
1790754831.5792112,esp32-1,-32.0,64.5044,38.161,0.0,27.0,-1.0,,DNS_PROBLEM
1790754836.6498353,esp32-1,-32.0,129.5694,170.618,0.0,46.0,-1.0,,DNS_PROBLEM
1790754842.1342564,esp32-1,-33.0,22.23825,17.953,20.0,49.0,-1.0,,DNS_PROBLEM
1790754843.7105758,pc,-51.0,29.75,3.3333333333333335,0.0,5000.0,10.146503910830292,,DNS_PROBLEM
1790754846.7582192,esp32-1,-34.0,38.9006,6.818249,0.0,233.0,-1.0,,DNS_PROBLEM
1790754847.325835,pc,-51.0,107.75,100.0,0.0,5000.0,10.146503910830292,,DNS_PROBLEM
1790754852.1676552,esp32-1,-35.0,41.89875,69.47201,20.0,38.0,-1.0,,DNS_PROBLEM
1790754857.1000671,esp32-1,-33.0,22.58825,17.73,20.0,47.0,-1.0,,DNS_PROBLEM
1790754861.6826572,esp32-1,-33.0,38.8552,6.166,0.0,185.0,-1.0,,DNS_PROBLEM
1790754864.1951969,pc,-51.0,28.25,1.0,0.0,5000.0,10.146503910830292,,DNS_PROBLEM
1790754866.8031611,esp32-1,-34.0,45.5194,5.700249,0.0,271.0,-1.0,,DNS_PROBLEM
1790754867.6806939,pc,-51.0,106.75,160.0,0.0,5000.0,10.146503910830292,,DNS_PROBLEM
1790754872.088703,esp32-1,-33.0,22.567,16.221,20.0,51.0,-1.0,,DNS_PROBLEM
1790754876.325702,esp32-1,-34.0,38.5984,6.534999,0.0,52.0,-1.0,,DNS_PROBLEM
1790754881.491776,esp32-1,-34.0,45.406,6.07375,0.0,222.0,-1.0,,DNS_PROBLEM
1790754884.7002811,pc,-50.0,80.5,139.66666666666666,0.0,5000.0,10.146503910830292,,DNS_PROBLEM
1790754887.3845704,esp32-1,-33.0,23.111,18.24267,20.0,44.0,-1.0,,DNS_PROBLEM
1790754888.1827652,pc,-50.0,66.75,51.0,0.0,5000.0,10.146503910830292,,DNS_PROBLEM
1790754891.3785253,esp32-1,-34.0,38.399,12.05225,0.0,189.0,-1.0,,DNS_PROBLEM
1790754893.1430922,pc,-50.0,28.5,0.6666666666666666,0.0,5000.0,10.146503910830292,,DNS_PROBLEM
1790754896.4400063,esp32-1,-33.0,89.87621,61.85601,0.0,36.0,-1.0,,DNS_PROBLEM
1790754898.163278,pc,-50.0,27.5,1.6666666666666667,0.0,5000.0,10.146503910830292,,DNS_PROBLEM
1790754902.0940711,esp32-1,-33.0,22.54225,16.42933,20.0,45.0,-1.0,,DNS_PROBLEM
1790754903.1620057,pc,-50.0,34.75,17.0,0.0,5000.0,10.146503910830292,,DNS_PROBLEM
1790754906.4482663,esp32-1,-33.0,38.3508,6.15525,0.0,243.0,-1.0,,DNS_PROBLEM
1790754911.4818516,esp32-1,-34.0,44.9744,6.26775,0.0,226.0,-1.0,,DNS_PROBLEM
1790754917.1849442,esp32-1,-33.0,22.02,17.62466,20.0,47.0,-1.0,,DNS_PROBLEM
1790754920.2972422,pc,-50.0,51.0,28.333333333333332,0.0,5000.0,10.146503910830292,,DNS_PROBLEM
1790754921.2818408,esp32-1,-33.0,38.1634,7.565001,0.0,52.0,-1.0,,DNS_PROBLEM
1790754923.7565691,pc,-51.0,92.5,44.0,0.0,5000.0,10.146503910830292,,DNS_PROBLEM
1790754926.3332083,esp32-1,-34.0,69.8654,37.93725,0.0,31.0,-1.0,,DNS_PROBLEM
1790754928.7286477,pc,-51.0,114.25,63.666666666666664,0.0,5000.0,10.146503910830292,,DNS_PROBLEM
1790754932.1352406,esp32-1,-32.0,21.716,16.861,20.0,51.0,-1.0,,DNS_PROBLEM
1790754936.8474205,esp32-1,-34.0,76.989,55.18775,0.0,339.0,-1.0,,DNS_PROBLEM
1790754942.4055338,esp32-1,-33.0,87.77375,66.99433,20.0,5.0,-1.0,,DNS_PROBLEM
1790754945.814851,pc,-51.0,30.25,3.3333333333333335,0.0,5000.0,10.146503910830292,,DNS_PROBLEM
1790754947.0865233,esp32-1,-34.0,22.30325,17.14433,20.0,44.0,-1.0,,DNS_PROBLEM
1790754949.2377687,pc,-50.0,64.0,49.0,0.0,5000.0,10.146503910830292,,DNS_PROBLEM
1790754951.3478582,esp32-1,-33.0,37.8784,7.003749,0.0,199.0,-1.0,,DNS_PROBLEM
1790754954.281791,pc,-51.0,29.25,1.6666666666666667,0.0,5000.0,10.146503910830292,,DNS_PROBLEM
1790754957.0604572,esp32-1,-33.0,24.91575,15.03733,20.0,3.0,-1.0,,DNS_PROBLEM
1790754959.2678673,pc,-50.0,33.0,2.3333333333333335,0.0,5000.0,10.146503910830292,,DNS_PROBLEM
1790754962.0907102,esp32-1,-33.0,21.9835,17.22267,20.0,44.0,-1.0,,DNS_PROBLEM
1790754964.2661395,pc,-50.0,29.75,3.6666666666666665,0.0,5000.0,10.146503910830292,,DNS_PROBLEM
1790754966.207463,esp32-1,-33.0,37.6296,6.5105,0.0,53.0,-1.0,,DNS_PROBLEM
1790754972.3351028,esp32-1,-32.0,44.6114,6.330501,0.0,53.0,-1.0,,DNS_PROBLEM
1790754977.1933873,esp32-1,-32.0,22.67825,18.207,20.0,41.0,-1.0,,DNS_PROBLEM
1790754981.3255017,pc,-51.0,34.0,8.666666666666666,0.0,5000.0,10.146503910830292,,DNS_PROBLEM
1790754983.1327648,esp32-1,-35.0,19.63433,25.2635,40.0,4.0,-1.0,,DNS_PROBLEM
1790754984.7827494,pc,-51.0,62.75,50.666666666666664,0.0,5000.0,10.146503910830292,,DNS_PROBLEM
1790754986.373458,esp32-1,-36.0,44.269,5.981749,0.0,187.0,-1.0,,DNS_PROBLEM
1790754989.7859356,pc,-50.0,76.5,65.66666666666667,0.0,5000.0,10.146503910830292,,DNS_PROBLEM
1790754992.0903313,esp32-1,-33.0,22.07675,17.689,20.0,42.0,-1.0,,DNS_PROBLEM
1790754997.3709517,esp32-1,-35.0,27.87075,23.74567,20.0,255.0,-1.0,,DNS_PROBLEM
1790755001.4266868,esp32-1,-35.0,44.3144,6.04975,0.0,241.0,-1.0,,DNS_PROBLEM
1790755006.8252037,pc,-50.0,28.0,1.6666666666666667,0.0,5000.0,10.146503910830292,,DNS_PROBLEM
1790755007.3357706,esp32-1,-35.0,21.612,16.64067,20.0,42.0,-1.0,,DNS_PROBLEM
1790755010.2967098,pc,-50.0,128.0,215.33333333333334,0.0,5000.0,10.146503910830292,,DNS_PROBLEM
1790755012.2187052,esp32-1,-36.0,27.675,24.889,20.0,51.0,-1.0,,DNS_PROBLEM
1790755017.1305187,esp32-1,-34.0,23.825,11.448,20.0,2.0,-1.0,,DNS_PROBLEM
1790755022.151285,esp32-1,-34.0,23.2215,16.14867,20.0,36.0,-1.0,,DNS_PROBLEM
1790755027.3183713,pc,-51.0,31.25,8.333333333333334,0.0,5000.0,10.146503910830292,,DNS_PROBLEM
1790755027.6797361,esp32-1,-36.0,27.5195,22.373,20.0,259.0,-1.0,,DNS_PROBLEM
1790755030.7658594,pc,-51.0,62.5,47.0,0.0,5000.0,10.146503910830292,,DNS_PROBLEM
1790755031.7861853,esp32-1,-33.0,164.2806,107.9272,0.0,5.0,-1.0,,DNS_PROBLEM
1790755037.262423,esp32-1,-33.0,21.87975,17.56933,20.0,215.0,-1.0,,DNS_PROBLEM
1790755042.1265745,esp32-1,-34.0,27.08475,23.93,20.0,52.0,-1.0,,DNS_PROBLEM
1790755046.4203935,esp32-1,-34.0,64.1666,85.28175,0.0,52.0,-1.0,,DNS_PROBLEM
1790755047.8418217,pc,-51.0,27.0,1.0,0.0,5000.0,10.146503910830292,,DNS_PROBLEM
1790755051.285214,pc,-51.0,61.5,45.0,0.0,5000.0,10.146503910830292,,DNS_PROBLEM
1790755052.1524942,esp32-1,-33.0,23.9945,19.987,20.0,32.0,-1.0,,DNS_PROBLEM
1790755057.3342595,esp32-1,-35.0,26.97375,23.317,20.0,266.0,-1.0,,DNS_PROBLEM
1790755061.2309277,esp32-1,-33.0,43.348,6.08925,0.0,53.0,-1.0,,DNS_PROBLEM
1790755067.2939212,esp32-1,-34.0,83.28275,146.8993,20.0,3.0,-1.0,,DNS_PROBLEM
1790755068.3534026,pc,-51.0,29.75,7.333333333333333,0.0,5000.0,10.146503910830292,,DNS_PROBLEM
1790755071.7894907,pc,-51.0,108.75,81.0,0.0,5000.0,10.146503910830292,,DNS_PROBLEM
1790755072.3692503,esp32-1,-34.0,26.5665,23.16767,20.0,217.0,-1.0,,DNS_PROBLEM
1790755076.6851158,esp32-1,-36.0,73.1922,43.73625,0.0,359.0,-1.0,,DNS_PROBLEM
1790755082.079631,esp32-1,-32.0,21.78975,17.19967,20.0,38.0,-1.0,,DNS_PROBLEM
1790755087.381839,esp32-1,-34.0,26.22325,21.28067,20.0,272.0,-1.0,,DNS_PROBLEM
1790755088.8638592,pc,-51.0,81.5,144.0,0.0,5000.0,10.146503910830292,,DNS_PROBLEM
1790755091.2741334,esp32-1,-33.0,42.9098,7.698501,0.0,53.0,-1.0,,DNS_PROBLEM
1790755092.3192844,pc,-51.0,62.25,46.666666666666664,0.0,5000.0,10.146503910830292,,DNS_PROBLEM
1790755097.0852501,esp32-1,-34.0,22.619,17.04367,20.0,33.0,-1.0,,DNS_PROBLEM
1790755102.3753026,esp32-1,-34.0,26.01525,22.51767,20.0,221.0,-1.0,,DNS_PROBLEM
1790755106.3257978,esp32-1,-34.0,43.315,6.695,0.0,51.0,-1.0,,DNS_PROBLEM
1790755109.6859672,pc,-51.0,107.5,108.33333333333333,0.0,5000.0,10.146503910830292,,DNS_PROBLEM
1790755112.1620922,esp32-1,-34.0,23.82775,18.56367,20.0,28.0,-1.0,,DNS_PROBLEM
1790755113.1180015,pc,-50.0,63.0,47.666666666666664,0.0,5000.0,10.146503910830292,,DNS_PROBLEM
1790755117.3457317,esp32-1,-34.0,25.91625,22.457,20.0,276.0,-1.0,,DNS_PROBLEM
1790755118.1374073,pc,-50.0,28.25,1.3333333333333333,0.0,5000.0,10.146503910830292,,DNS_PROBLEM
1790755121.435296,esp32-1,-35.0,84.6082,58.3735,0.0,52.0,-1.0,,DNS_PROBLEM
1790755127.082911,esp32-1,-35.0,22.2675,17.96467,20.0,33.0,-1.0,,DNS_PROBLEM
1790755132.2965424,esp32-1,-35.0,25.5355,21.81567,20.0,228.0,-1.0,,DNS_PROBLEM
1790755135.2122161,pc,-51.0,27.5,2.3333333333333335,0.0,5000.0,10.146503910830292,,DNS_PROBLEM
1790755136.3862102,esp32-1,-34.0,42.452,6.55575,0.0,213.0,-1.0,,DNS_PROBLEM
1790755138.6779344,pc,-50.0,195.75,122.33333333333333,0.0,5000.0,10.146503910830292,,DNS_PROBLEM
1790755142.1660502,esp32-1,-34.0,22.34825,17.87867,20.0,31.0,-1.0,,DNS_PROBLEM
1790755143.6547098,pc,-51.0,59.0,82.0,0.0,5000.0,10.146503910830292,,DNS_PROBLEM
1790755147.2581434,esp32-1,-34.0,25.47725,22.062,20.0,178.0,-1.0,,DNS_PROBLEM
1790755151.485094,esp32-1,-35.0,41.9388,6.340499,0.0,267.0,-1.0,,DNS_PROBLEM
1790755157.1330721,esp32-1,-34.0,21.3735,16.731,20.0,33.0,-1.0,,DNS_PROBLEM
1790755160.7316535,pc,-51.0,64.0,97.33333333333333,0.0,5000.0,10.146503910830292,,DNS_PROBLEM
1790755162.3008988,esp32-1,-34.0,25.53325,21.92867,20.0,232.0,-1.0,,DNS_PROBLEM
1790755164.1746202,pc,-51.0,60.5,44.0,0.0,5000.0,10.146503910830292,,DNS_PROBLEM
1790755166.6987398,esp32-1,-34.0,42.1788,6.69825,0.0,217.0,-1.0,,DNS_PROBLEM
1790755172.0853014,esp32-1,-33.0,21.96625,15.74133,20.0,30.0,-1.0,,DNS_PROBLEM
1790755177.1881163,esp32-1,-34.0,25.1515,21.20567,20.0,53.0,-1.0,,DNS_PROBLEM
1790755181.2419472,pc,-50.0,54.0,66.33333333333333,0.0,5000.0,10.146503910830292,,DNS_PROBLEM
1790755181.9003985,esp32-1,-35.0,85.6086,61.31625,0.0,39.0,-1.0,,DNS_PROBLEM
1790755184.7115252,pc,-51.0,87.75,77.33333333333333,0.0,5000.0,10.146503910830292,,DNS_PROBLEM
1790755187.092847,esp32-1,-34.0,22.862,18.31367,20.0,27.0,-1.0,,DNS_PROBLEM
1790755189.7042692,pc,-51.0,92.25,87.0,0.0,5000.0,10.146503910830292,,DNS_PROBLEM
1790755191.5250926,esp32-1,-34.0,34.8712,6.634501,0.0,239.0,-1.0,,DNS_PROBLEM
1790755196.4019244,esp32-1,-35.0,41.579,7.187251,0.0,223.0,-1.0,,DNS_PROBLEM
1790755201.2651305,esp32-1,-34.0,48.6562,8.809251,0.0,53.0,-1.0,,DNS_PROBLEM
1790755206.8413212,pc,-51.0,30.0,4.0,0.0,5000.0,10.146503910830292,,DNS_PROBLEM
1790755207.8084586,esp32-1,-35.0,24.6335,20.95767,20.0,187.0,-1.0,,DNS_PROBLEM
1790755210.305303,pc,-51.0,86.25,45.666666666666664,0.0,5000.0,10.146503910830292,,DNS_PROBLEM
1790755211.326166,esp32-1,-34.0,61.9964,72.43575,0.0,52.0,-1.0,,DNS_PROBLEM
1790755215.272258,pc,-51.0,29.75,4.666666666666667,0.0,5000.0,10.146503910830292,,DNS_PROBLEM
1790755217.126203,esp32-1,-34.0,22.29175,17.703,20.0,26.0,-1.0,,DNS_PROBLEM
1790755222.1120858,esp32-1,-35.0,24.42425,20.51933,20.0,53.0,-1.0,,DNS_PROBLEM
1790755226.4010491,esp32-1,-34.0,41.5248,6.05375,0.0,228.0,-1.0,,DNS_PROBLEM
1790755232.3402433,pc,-51.0,30.75,7.666666666666667,0.0,5000.0,10.146503910830292,,DNS_PROBLEM
1790755233.1006405,esp32-1,-33.0,20.675,26.9985,40.0,4.0,-1.0,,DNS_PROBLEM
1790755235.762436,pc,-51.0,63.0,47.666666666666664,0.0,5000.0,10.146503910830292,,DNS_PROBLEM
1790755237.2630138,esp32-1,-35.0,24.32275,20.471,20.0,193.0,-1.0,,DNS_PROBLEM
1790755242.1133292,esp32-1,-35.0,21.7185,9.205667,20.0,3.0,-1.0,,DNS_PROBLEM
1790755246.722848,esp32-1,-34.0,88.99821,115.8848,0.0,265.0,-1.0,,DNS_PROBLEM
1790755252.3097355,esp32-1,-35.0,24.20925,17.06467,20.0,246.0,-1.0,,DNS_PROBLEM
1790755252.876641,pc,-52.0,55.5,36.666666666666664,0.0,5000.0,10.146503910830292,,DNS_PROBLEM
1790755256.3462555,esp32-1,-35.0,40.935,5.926751,0.0,53.0,-1.0,,DNS_PROBLEM
1790755256.3703074,pc,-52.0,65.0,50.333333333333336,0.0,5000.0,10.146503910830292,,DNS_PROBLEM
1790755261.3461287,pc,-52.0,28.25,1.3333333333333333,0.0,5000.0,10.146503910830292,,DNS_PROBLEM
1790755261.919211,esp32-1,-35.0,47.6442,6.195248,0.0,217.0,-1.0,,DNS_PROBLEM
1790755267.4055314,esp32-1,-34.0,23.7425,18.82467,20.0,198.0,-1.0,,DNS_PROBLEM
1790755271.2976387,esp32-1,-35.0,40.8292,5.92425,0.0,53.0,-1.0,,DNS_PROBLEM
1790755277.077627,esp32-1,-34.0,21.70075,16.89567,20.0,27.0,-1.0,,DNS_PROBLEM
1790755278.4104414,pc,-51.0,27.5,0.6666666666666666,0.0,5000.0,10.146503910830292,,DNS_PROBLEM
1790755281.2344882,esp32-1,-35.0,33.8446,6.676,0.0,53.0,-1.0,,DNS_PROBLEM
1790755281.8782566,pc,-51.0,113.0,114.66666666666667,0.0,5000.0,10.146503910830292,,DNS_PROBLEM
1790755286.2207723,esp32-1,-35.0,40.6366,8.323751,0.0,52.0,-1.0,,DNS_PROBLEM
1790755291.431304,esp32-1,-34.0,47.6248,6.133501,0.0,221.0,-1.0,,DNS_PROBLEM
1790755297.2070682,esp32-1,-34.0,23.209,19.509,20.0,53.0,-1.0,,DNS_PROBLEM
1790755298.8847885,pc,-51.0,27.25,0.3333333333333333,0.0,5000.0,10.146503910830292,,DNS_PROBLEM
1790755301.3715894,esp32-1,-35.0,40.57821,6.140501,0.0,189.0,-1.0,,DNS_PROBLEM
1790755302.3572621,pc,-51.0,62.25,47.333333333333336,0.0,5000.0,10.146503910830292,,DNS_PROBLEM
1790755306.4771564,esp32-1,-35.0,47.4718,6.204499,0.0,275.0,-1.0,,DNS_PROBLEM
1790755312.3279476,esp32-1,-33.0,22.97625,18.80967,20.0,257.0,-1.0,,DNS_PROBLEM
1790755317.4053063,esp32-1,-36.0,40.1308,6.959751,0.0,53.0,-1.0,,DNS_PROBLEM
1790755319.3478687,pc,-52.0,29.0,0.6666666666666666,0.0,5000.0,10.146503910830292,,DNS_PROBLEM
1790755321.50896,esp32-1,-34.0,46.993,6.377749,0.0,226.0,-1.0,,DNS_PROBLEM
1790755322.7807872,pc,-52.0,136.75,245.33333333333334,0.0,5000.0,10.146503910830292,,DNS_PROBLEM
1790755327.8312516,pc,-52.0,28.25,2.0,0.0,5000.0,10.146503910830292,,DNS_PROBLEM
1790755327.927935,esp32-1,-35.0,21.6655,17.16633,20.0,638.0,-1.0,,DNS_PROBLEM
1790755331.5119014,esp32-1,-36.0,40.222,6.6055,0.0,193.0,-1.0,,DNS_PROBLEM
1790755336.5306294,esp32-1,-35.0,67.67,73.51125,0.0,177.0,-1.0,,DNS_PROBLEM
1790755342.1617384,esp32-1,-33.0,22.952,18.435,20.0,53.0,-1.0,,DNS_PROBLEM
1790755344.8392315,pc,-52.0,101.25,191.33333333333334,0.0,5000.0,10.146503910830292,,DNS_PROBLEM
1790755346.47558,esp32-1,-36.0,40.3742,6.1015,0.0,247.0,-1.0,,DNS_PROBLEM
1790755348.2999415,pc,-52.0,64.25,48.666666666666664,0.0,5000.0,10.146503910830292,,DNS_PROBLEM
1790755351.7892585,esp32-1,-36.0,82.7328,50.61925,0.0,314.0,-1.0,,DNS_PROBLEM
1790755357.422135,esp32-1,-34.0,82.33224,133.3873,20.0,3.0,-1.0,,DNS_PROBLEM
1790755362.142753,esp32-1,-33.0,21.6995,8.379333,20.0,3.0,-1.0,,DNS_PROBLEM
1790755365.3512876,pc,-52.0,45.5,46.0,0.0,5000.0,10.146503910830292,,DNS_PROBLEM
1790755366.3290014,esp32-1,-34.0,46.7678,6.072,0.0,53.0,-1.0,,DNS_PROBLEM
1790755368.8092659,pc,-51.0,108.5,61.333333333333336,0.0,5000.0,10.146503910830292,,DNS_PROBLEM
1790755372.340391,esp32-1,-35.0,22.66725,18.074,20.0,265.0,-1.0,,DNS_PROBLEM
1790755373.8496664,pc,-51.0,116.75,144.66666666666666,0.0,5000.0,10.146503910830292,,DNS_PROBLEM
1790755376.4222383,esp32-1,-35.0,39.6756,6.513,0.0,252.0,-1.0,,DNS_PROBLEM
1790755378.8081412,pc,-51.0,143.0,88.66666666666667,0.0,5000.0,10.146503910830292,,DNS_PROBLEM
1790755381.5080364,esp32-1,-33.0,46.51521,6.032,0.0,235.0,-1.0,,DNS_PROBLEM
1790755387.3625462,esp32-1,-34.0,22.38525,17.87833,20.0,216.0,-1.0,,DNS_PROBLEM
1790755391.382042,esp32-1,-34.0,39.8044,6.3425,0.0,202.0,-1.0,,DNS_PROBLEM
1790755395.8314397,pc,-51.0,98.5,188.33333333333334,0.0,5000.0,10.146503910830292,,DNS_PROBLEM
1790755396.4415507,esp32-1,-34.0,68.9394,78.89075,0.0,44.0,-1.0,,DNS_PROBLEM
1790755399.2702305,pc,-51.0,64.25,45.333333333333336,0.0,5000.0,10.146503910830292,,DNS_PROBLEM
1790755402.785329,esp32-1,-34.0,21.5785,16.78133,20.0,638.0,-1.0,,DNS_PROBLEM
1790755406.9314504,esp32-1,-34.0,80.1544,57.75025,0.0,258.0,-1.0,,DNS_PROBLEM
1790755412.2862928,esp32-1,-35.0,79.39825,149.0887,20.0,3.0,-1.0,,DNS_PROBLEM
1790755416.3266215,pc,-50.0,50.25,57.333333333333336,0.0,5000.0,10.146503910830292,,DNS_PROBLEM
1790755417.3633566,esp32-1,-35.0,22.07125,17.41,20.0,221.0,-1.0,,DNS_PROBLEM
1790755419.7767534,pc,-50.0,105.25,73.66666666666667,0.0,5000.0,10.146503910830292,,DNS_PROBLEM
1790755421.3193345,esp32-1,-35.0,39.3404,6.148251,0.0,52.0,-1.0,,DNS_PROBLEM
1790755424.7584364,pc,-51.0,68.75,53.333333333333336,0.0,5000.0,10.146503910830292,,DNS_PROBLEM
1790755426.4000623,esp32-1,-35.0,46.1228,6.181501,0.0,191.0,-1.0,,DNS_PROBLEM
1790755429.7391775,pc,-51.0,79.75,70.0,0.0,5000.0,10.146503910830292,,DNS_PROBLEM
1790755432.115669,esp32-1,-34.0,22.41125,18.01167,20.0,49.0,-1.0,,DNS_PROBLEM
1790755436.4286013,esp32-1,-36.0,80.8792,58.26225,0.0,52.0,-1.0,,NORMAL
1790755439.389892,pc,-51.0,27.25,0.3333333333333333,0.0,3.753185272216797,18.22353872105301,,NORMAL
1790755441.4640827,esp32-1,-32.0,46.4892,5.95275,0.0,242.0,-1.0,,NORMAL
1790755442.8659453,pc,-51.0,112.5,174.66666666666666,0.0,11.471986770629883,-1.0,,NORMAL
1790755447.2274854,esp32-1,-34.0,22.2665,17.63867,20.0,52.0,-1.0,,NORMAL
1790755447.8684144,pc,-51.0,27.25,0.3333333333333333,0.0,10.614871978759766,-1.0,,NORMAL
1790755451.3838716,esp32-1,-34.0,39.4414,6.38625,0.0,210.0,-1.0,,NORMAL
1790755452.8459444,pc,-51.0,59.75,85.0,0.0,8.527040481567383,-1.0,,NORMAL
1790755456.5462403,esp32-1,-36.0,46.4088,6.359002,0.0,193.0,-1.0,,NORMAL
1790755457.8236508,pc,-51.0,129.75,270.3333333333333,0.0,4.425525665283203,-1.0,,NORMAL
1790755462.3369296,esp32-1,-34.0,22.15225,17.98533,20.0,277.0,-1.0,,NORMAL
1790755462.932863,pc,-52.0,38.0,14.333333333333334,0.0,14.378070831298828,-1.0,,NORMAL
1790755466.450942,esp32-1,-36.0,39.3598,6.46975,0.0,263.0,-1.0,,NORMAL
1790755467.988885,pc,-51.0,67.0,106.0,0.0,150.00486373901367,-1.0,,NORMAL
1790755472.3115008,esp32-1,-34.0,81.5835,154.6793,20.0,3.0,-1.0,,NORMAL
1790755472.8932054,pc,-51.0,28.75,2.0,0.0,7.283926010131836,-1.0,,NORMAL
1790755477.2900755,esp32-1,-36.0,21.775,17.01733,20.0,228.0,-1.0,,NORMAL
1790755477.8489847,pc,-51.0,28.0,1.0,0.0,0.7169246673583984,-1.0,,NORMAL
1790755481.7028358,esp32-1,-33.0,71.7936,46.63825,0.0,366.0,-1.0,,NORMAL
1790755482.865872,pc,-51.0,30.0,5.333333333333333,0.0,10.041952133178711,-1.0,,NORMAL
1790755487.7818112,esp32-1,-34.0,26.40675,28.728,20.0,620.0,-1.0,,NORMAL
1790755487.852842,pc,-50.0,27.25,0.3333333333333333,0.0,1.2786388397216797,-1.0,,NORMAL
1790755492.183749,esp32-1,-36.0,22.63975,17.22267,20.0,51.0,-1.0,,NORMAL
1790755492.8914657,pc,-50.0,61.25,46.0,0.0,12.571573257446289,-1.0,,NORMAL
1790755496.7923856,esp32-1,-35.0,39.5658,6.02825,0.0,266.0,-1.0,,NORMAL
1790755497.8276045,pc,-52.0,28.0,1.0,0.0,9.285926818847656,-1.0,,NORMAL
1790755501.8103018,esp32-1,-35.0,85.7834,55.42575,0.0,296.0,-1.0,,NORMAL
1790755502.8349576,pc,-52.0,27.5,0.3333333333333333,0.0,0.7505416870117188,-1.0,,NORMAL
1790755507.2360413,esp32-1,-34.0,22.14975,17.63433,20.0,51.0,-1.0,,NORMAL
1790755507.8865829,pc,-52.0,28.75,1.3333333333333333,0.0,0.7398128509521484,-1.0,,NORMAL
1790755512.1949708,esp32-1,-34.0,30.1165,1.414667,20.0,4.0,-1.0,,NORMAL
1790755512.8586938,pc,-51.0,45.0,40.0,0.0,9.324312210083008,-1.0,,NORMAL
1790755517.0792708,esp32-1,-36.0,23.33475,20.802,20.0,12.0,-1.0,,NORMAL
1790755518.0119472,pc,-50.0,41.0,33.666666666666664,0.0,3.308534622192383,-1.0,,NORMAL
1790755522.8012238,esp32-1,-34.0,21.857,17.508,20.0,53.0,-1.0,,NORMAL
1790755522.9322999,pc,-50.0,47.75,26.333333333333332,0.0,3.864765167236328,-1.0,,NORMAL
1790755526.6927798,esp32-1,-34.0,80.282,118.9865,0.0,270.0,-1.0,,NORMAL
1790755527.8688087,pc,-51.0,27.5,1.3333333333333333,0.0,14.206171035766602,-1.0,,NORMAL
1790755531.7057314,esp32-1,-33.0,65.6898,30.582,0.0,396.0,-1.0,,NORMAL
1790755532.8343189,pc,-51.0,27.25,0.6666666666666666,0.0,3.556966781616211,-1.0,,NORMAL
1790755537.4458804,esp32-1,-35.0,22.61825,18.38233,20.0,49.0,-1.0,,NORMAL
1790755537.980381,pc,-51.0,60.25,43.0,0.0,4.624605178833008,-1.0,,NORMAL
1790755541.7844155,esp32-1,-33.0,73.04179,49.22,0.0,360.0,-1.0,,NORMAL
1790755542.8507528,pc,-51.0,28.75,1.6666666666666667,0.0,4.849433898925781,-1.0,,NORMAL
1790755546.559001,esp32-1,-34.0,45.7282,6.3855,0.0,206.0,-1.0,,NORMAL
1790755547.8805842,pc,-50.0,93.0,168.33333333333334,0.0,5.071878433227539,-1.0,,NORMAL
1790755552.2965798,esp32-1,-33.0,21.52375,16.8,20.0,186.0,-1.0,,NORMAL
1790755552.876891,pc,-50.0,102.25,100.0,0.0,4.833221435546875,-1.0,,NORMAL
1790755556.4934242,esp32-1,-35.0,38.8726,6.73175,0.0,275.0,-1.0,,NORMAL
1790755557.8647025,pc,-50.0,81.0,144.0,0.0,3.4971237182617188,-1.0,,NORMAL
1790755561.5125573,esp32-1,-34.0,87.0654,57.6595,0.0,53.0,-1.0,,NORMAL
1790755562.8835971,pc,-51.0,80.5,139.66666666666666,0.0,14.24407958984375,-1.0,,NORMAL
1790755567.1103299,esp32-1,-33.0,22.011,17.87667,20.0,51.0,-1.0,,NORMAL
1790755567.9052126,pc,-50.0,29.5,1.6666666666666667,0.0,4.010438919067383,-1.0,,NORMAL
1790755572.7742515,esp32-1,-34.0,78.88075,68.49633,20.0,4.0,-1.0,,NORMAL
1790755572.8818274,pc,-51.0,32.75,7.0,0.0,2.8858184814453125,-1.0,,NORMAL
1790755577.4883978,esp32-1,-33.0,45.6514,6.27875,0.0,55.0,-1.0,,NORMAL
1790755578.057472,pc,-51.0,70.5,57.333333333333336,0.0,10.491609573364258,-1.0,,NORMAL
1790755582.1139357,esp32-1,-33.0,23.1825,16.889,20.0,45.0,-1.0,,NORMAL
1790755582.9318655,pc,-51.0,42.75,21.666666666666668,0.0,0.8256435394287109,-1.0,,NORMAL
1790755586.395879,esp32-1,-34.0,38.7524,6.0815,0.0,177.0,-1.0,,NORMAL
1790755587.9831326,pc,-50.0,72.5,31.666666666666668,0.0,1.3871192932128906,-1.0,,NORMAL
1790755591.5166488,esp32-1,-34.0,87.62959,58.60699,0.0,46.0,-1.0,,NORMAL
1790755593.0243578,pc,-51.0,119.75,108.66666666666667,0.0,10.795831680297852,-1.0,,NORMAL
1790755597.1618407,esp32-1,-33.0,21.64775,17.09267,20.0,51.0,-1.0,,NORMAL
1790755597.9938426,pc,-51.0,65.75,51.333333333333336,0.0,0.8077621459960938,-1.0,,NORMAL
1790755602.3115375,esp32-1,-33.0,79.60125,67.47433,20.0,4.0,-1.0,,NORMAL
1790755603.0129547,pc,-51.0,72.25,60.0,0.0,0.7486343383789062,-1.0,,NORMAL
1790755606.509933,esp32-1,-34.0,45.2544,6.336499,0.0,214.0,-1.0,,NORMAL
1790755608.0878851,pc,-50.0,132.25,74.0,0.0,10.560035705566406,-1.0,,NORMAL
1790755612.2012699,esp32-1,-34.0,25.8575,15.369,20.0,32.0,-1.0,,NORMAL
1790755613.1562412,pc,-52.0,79.0,69.66666666666667,0.0,20.92266082763672,-1.0,,NORMAL
1790755616.2982366,esp32-1,-35.0,38.4066,6.2545,0.0,53.0,-1.0,,NORMAL
1790755618.1040013,pc,-53.0,90.25,84.33333333333333,0.0,0.7615089416503906,-1.0,,NORMAL
1790755621.7239616,esp32-1,-34.0,86.36201,116.384,0.0,267.0,-1.0,,NORMAL
1790755622.8490088,pc,-51.0,30.75,2.6666666666666665,0.0,0.7569789886474609,-1.0,,NORMAL
1790755627.1605284,esp32-1,-34.0,21.60075,16.89533,20.0,49.0,-1.0,,NORMAL
1790755627.8997967,pc,-50.0,27.5,1.0,0.0,0.7445812225341797,-1.0,,NORMAL
1790755631.7912152,esp32-1,-32.0,74.8074,52.09225,0.0,350.0,-1.0,,NORMAL
1790755632.8833506,pc,-51.0,28.5,2.3333333333333335,0.0,0.8900165557861328,-1.0,,NORMAL
1790755636.7285106,esp32-1,-34.0,78.48421,53.29,0.0,332.0,-1.0,,NORMAL
1790755637.8738003,pc,-50.0,43.75,36.333333333333336,0.0,0.8890628814697266,-1.0,,NORMAL
1790755645.6877403,esp32-1,-34.0,22.618,17.719,20.0,44.0,-1.0,,NORMAL
1790755645.785666,pc,-50.0,356.0,0.0,75.0,12.73036003112793,-1.0,,NORMAL
1790755647.655645,esp32-1,-35.0,24.3635,20.554,20.0,53.0,-1.0,,NORMAL
1790755649.2402048,pc,-51.0,84.0,45.333333333333336,0.0,0.9531974792480469,-1.0,,NORMAL
1790755652.1906974,esp32-1,-35.0,84.7372,61.29549,0.0,40.0,-1.0,,NORMAL
1790755654.2548974,pc,-52.0,46.0,47.0,0.0,1.4214515686035156,-1.0,,NORMAL
1790755657.0063777,esp32-1,-34.0,47.9952,7.336999,0.0,255.0,-1.0,,NORMAL
1790755659.232128,pc,-52.0,27.5,0.6666666666666666,0.0,1.2428760528564453,-1.0,,NORMAL
1790755663.865522,esp32-1,-35.0,24.1295,20.00033,20.0,94.0,-1.0,,NORMAL
1790755664.4269814,pc,-52.0,75.5,64.66666666666667,0.0,10.22028923034668,-1.0,,NORMAL
1790755667.70809,esp32-1,-33.0,75.0322,48.52725,0.0,817.0,-1.0,,NORMAL
1790755669.229909,pc,-52.0,40.25,31.666666666666668,0.0,1.399993896484375,-1.0,,NORMAL
1790755673.0281174,esp32-1,-34.0,47.8342,7.58325,0.0,53.0,-1.0,,NORMAL
1790755674.2142816,pc,-51.0,112.25,111.33333333333333,0.0,0.8471012115478516,-1.0,,NORMAL
1790755677.665445,esp32-1,-35.0,23.84425,19.84133,20.0,53.0,-1.0,,NORMAL
1790755679.269549,pc,-51.0,30.0,4.0,0.0,10.251522064208984,-1.0,,NORMAL
1790755681.994907,esp32-1,-35.0,40.9464,6.668749,0.0,276.0,-1.0,,NORMAL
1790755684.2296238,pc,-52.0,27.75,1.3333333333333333,0.0,1.31988525390625,-1.0,,NORMAL
1790755687.3653507,esp32-1,-33.0,47.7108,6.1445,0.0,259.0,-1.0,,NORMAL
1790755689.2028706,pc,-52.0,85.25,155.0,0.0,0.7572174072265625,-1.0,,NORMAL
1790755694.045682,esp32-1,-35.0,23.8285,17.255,20.0,96.0,-1.0,,NORMAL
1790755694.209769,pc,-51.0,31.75,6.666666666666667,0.0,15.682697296142578,-1.0,,NORMAL
1790755697.0236003,esp32-1,-36.0,40.8526,5.58175,0.0,227.0,-1.0,,NORMAL
1790755699.221115,pc,-50.0,96.25,94.33333333333333,0.0,0.8232593536376953,-1.0,,NORMAL
1790755702.83992,esp32-1,-74.0,67.599,139.3837,20.0,48.0,-1.0,,NORMAL
1790755704.8718755,pc,-50.0,85.66666666666667,88.0,25.0,0.6864070892333984,-1.0,,NORMAL
1790755711.8740993,pc,-52.0,28.0,0.0,75.0,0.6821155548095703,-1.0,,NORMAL
1790755713.5825362,esp32-1,-35.0,83.84261,61.9745,0.0,35.0,-1.0,,NORMAL
1790755714.2973878,esp32-1,-36.0,23.7605,19.67833,20.0,96.0,-1.0,,NORMAL
1790755716.7741396,pc,-50.0,403.3333333333333,564.5,25.0,1.0464191436767578,-1.0,,NORMAL
1790755719.1155028,esp32-1,-34.0,45.7492,6.103,0.0,260.0,-1.0,,NORMAL
1790755720.3471808,pc,-51.0,182.75,336.3333333333333,0.0,0.9796619415283203,-1.0,,NORMAL
1790755724.231289,esp32-1,-34.0,22.16775,18.82467,20.0,50.0,-1.0,,NORMAL
1790755725.3320348,pc,-54.0,28.0,1.3333333333333333,0.0,0.8065700531005859,-1.0,,NORMAL
1790755729.60954,esp32-1,-33.0,79.2635,66.66601,20.0,4.0,-1.0,,NORMAL
1790755730.4176414,pc,-53.0,33.25,15.666666666666666,0.0,11.653900146484375,-1.0,,NORMAL
1790755734.3116243,esp32-1,-34.0,45.8196,6.266,0.0,54.0,-1.0,,NORMAL
1790755735.289376,pc,-53.0,72.75,62.0,0.0,6.8187713623046875,-1.0,,NORMAL
1790755739.1862302,esp32-1,-34.0,21.4595,17.06533,20.0,51.0,-1.0,,NORMAL
1790755744.6098232,esp32-1,-51.0,63.75025,36.65633,20.0,7.0,-1.0,,NORMAL
1790755745.2017376,pc,-50.0,31.0,6.666666666666667,0.0,0.6823539733886719,17.1598077934727,,NORMAL
1790755748.7222118,pc,-51.0,191.0,216.33333333333334,0.0,0.8149147033691406,-1.0,,NORMAL
1790755748.723293,esp32-1,-33.0,131.361,243.5547,0.0,52.0,-1.0,,NORMAL
1790755753.726168,pc,-50.0,28.75,4.0,0.0,0.8366107940673828,-1.0,,NORMAL
1790755754.287248,esp32-1,-32.0,25.65875,22.17133,20.0,228.0,-1.0,,NORMAL
1790755758.2315364,esp32-1,-34.0,42.2178,7.049499,0.0,53.0,-1.0,,NORMAL
1790755758.8157392,pc,-51.0,51.25,31.666666666666668,0.0,0.7424354553222656,-1.0,,NORMAL
1790755763.7621622,pc,-51.0,41.0,18.666666666666668,0.0,10.420799255371094,-1.0,,NORMAL
1790755764.117606,esp32-1,-34.0,22.13325,17.68133,20.0,33.0,-1.0,,NORMAL
1790755768.7214127,pc,-52.0,75.5,129.0,0.0,4.460334777832031,-1.0,,NORMAL
1790755769.2435787,esp32-1,-34.0,25.37475,22.013,20.0,179.0,-1.0,,NORMAL
1790755773.4886158,esp32-1,-33.0,42.3812,6.33775,0.0,267.0,-1.0,,NORMAL
1790755774.0323648,pc,-51.0,28.75,2.6666666666666665,0.0,298.41041564941406,-1.0,,NORMAL
1790755778.8197393,pc,-52.0,49.75,29.333333333333332,0.0,14.149665832519531,-1.0,,NORMAL
1790755779.3760674,esp32-1,-34.0,22.197,15.56333,20.0,32.0,-1.0,,NORMAL
1790755783.6895535,pc,-51.0,36.5,23.0,0.0,0.6232261657714844,-1.0,,NORMAL
1790755784.033965,esp32-1,-34.0,71.57719,52.13775,0.0,390.0,-1.0,,NORMAL
1790755788.477917,esp32-1,-34.0,41.868,6.201751,0.0,218.0,-1.0,,NORMAL
1790755788.7054248,pc,-50.0,28.0,0.0,0.0,0.7328987121582031,-1.0,,NORMAL
1790755793.2573154,esp32-1,-32.0,48.818,9.250249,0.0,52.0,-1.0,,NORMAL
1790755793.8657584,pc,-50.0,61.5,49.333333333333336,0.0,16.66712760925293,-1.0,,NORMAL
1790755798.7153125,pc,-50.0,28.25,1.6666666666666667,0.0,0.8711814880371094,-1.0,,NORMAL
1790755799.117632,esp32-1,-34.0,24.92975,20.40133,20.0,52.0,-1.0,,NORMAL
1790755803.4916606,esp32-1,-33.0,41.8282,6.59175,0.0,272.0,-1.0,,NORMAL
1790755804.0439563,pc,-50.0,28.0,1.0,0.0,305.01842498779297,-1.0,,NORMAL
1790755808.731616,pc,-52.0,34.0,5.0,0.0,10.937929153442383,-1.0,,NORMAL
1790755810.0460017,esp32-1,-34.0,130.8912,241.816,0.0,91.0,-1.0,,NORMAL
1790755813.7188985,pc,-51.0,52.25,68.0,0.0,0.9262561798095703,-1.0,,NORMAL
1790755814.3001668,esp32-1,-33.0,24.6155,20.705,20.0,237.0,-1.0,,NORMAL
1790755818.3991451,esp32-1,-34.0,41.607,6.835749,0.0,224.0,-1.0,,NORMAL
1790755818.9692307,pc,-52.0,90.5,83.66666666666667,0.0,4.7283172607421875,-1.0,,NORMAL
